ID_Edificio;ID_Pannello;Num_Pannelli;Potenza_Picco;O_an2023;O_ms1;O_ms2;O_ms3;O_ms4;O_ms5;O_ms6;O_ms7;O_ms8;O_ms9;O_ms10;O_ms11;O_ms12;O_or0_ms1;O_or1_ms1;O_or2_ms1;O_or3_ms1;O_or4_ms1;O_or5_ms1;O_or6_ms1;O_or7_ms1;O_or8_ms1;O_or9_ms1;O_or10_ms1;O_or11_ms1;O_or12_ms1;O_or13_ms1;O_or14_ms1;O_or15_ms1;O_or16_ms1;O_or17_ms1;O_or18_ms1;O_or19_ms1;O_or20_ms1;O_or21_ms1;O_or22_ms1;O_or23_ms1;O_or0_ms2;O_or1_ms2;O_or2_ms2;O_or3_ms2;O_or4_ms2;O_or5_ms2;O_or6_ms2;O_or7_ms2;O_or8_ms2;O_or9_ms2;O_or10_ms2;O_or11_ms2;O_or12_ms2;O_or13_ms2;O_or14_ms2;O_or15_ms2;O_or16_ms2;O_or17_ms2;O_or18_ms2;O_or19_ms2;O_or20_ms2;O_or21_ms2;O_or22_ms2;O_or23_ms2;O_or0_ms3;O_or1_ms3;O_or2_ms3;O_or3_ms3;O_or4_ms3;O_or5_ms3;O_or6_ms3;O_or7_ms3;O_or8_ms3;O_or9_ms3;O_or10_ms3;O_or11_ms3;O_or12_ms3;O_or13_ms3;O_or14_ms3;O_or15_ms3;O_or16_ms3;O_or17_ms3;O_or18_ms3;O_or19_ms3;O_or20_ms3;O_or21_ms3;O_or22_ms3;O_or23_ms3;O_or0_ms4;O_or1_ms4;O_or2_ms4;O_or3_ms4;O_or4_ms4;O_or5_ms4;O_or6_ms4;O_or7_ms4;O_or8_ms4;O_or9_ms4;O_or10_ms4;O_or11_ms4;O_or12_ms4;O_or13_ms4;O_or14_ms4;O_or15_ms4;O_or16_ms4;O_or17_ms4;O_or18_ms4;O_or19_ms4;O_or20_ms4;O_or21_ms4;O_or22_ms4;O_or23_ms4;O_or0_ms5;O_or1_ms5;O_or2_ms5;O_or3_ms5;O_or4_ms5;O_or5_ms5;O_or6_ms5;O_or7_ms5;O_or8_ms5;O_or9_ms5;O_or10_ms5;O_or11_ms5;O_or12_ms5;O_or13_ms5;O_or14_ms5;O_or15_ms5;O_or16_ms5;O_or17_ms5;O_or18_ms5;O_or19_ms5;O_or20_ms5;O_or21_ms5;O_or22_ms5;O_or23_ms5;O_or0_ms6;O_or1_ms6;O_or2_ms6;O_or3_ms6;O_or4_ms6;O_or5_ms6;O_or6_ms6;O_or7_ms6;O_or8_ms6;O_or9_ms6;O_or10_ms6;O_or11_ms6;O_or12_ms6;O_or13_ms6;O_or14_ms6;O_or15_ms6;O_or16_ms6;O_or17_ms6;O_or18_ms6;O_or19_ms6;O_or20_ms6;O_or21_ms6;O_or22_ms6;O_or23_ms6;O_or0_ms7;O_or1_ms7;O_or2_ms7;O_or3_ms7;O_or4_ms7;O_or5_ms7;O_or6_ms7;O_or7_ms7;O_or8_ms7;O_or9_ms7;O_or10_ms7;O_or11_ms7;O_or12_ms7;O_or13_ms7;O_or14_ms7;O_or15_ms7;O_or16_ms7;O_or17_ms7;O_or18_ms7;O_or19_ms7;O_or20_ms7;O_or21_ms7;O_or22_ms7;O_or23_ms7;O_or0_ms8;O_or1_ms8;O_or2_ms8;O_or3_ms8;O_or4_ms8;O_or5_ms8;O_or6_ms8;O_or7_ms8;O_or8_ms8;O_or9_ms8;O_or10_ms8;O_or11_ms8;O_or12_ms8;O_or13_ms8;O_or14_ms8;O_or15_ms8;O_or16_ms8;O_or17_ms8;O_or18_ms8;O_or19_ms8;O_or20_ms8;O_or21_ms8;O_or22_ms8;O_or23_ms8;O_or0_ms9;O_or1_ms9;O_or2_ms9;O_or3_ms9;O_or4_ms9;O_or5_ms9;O_or6_ms9;O_or7_ms9;O_or8_ms9;O_or9_ms9;O_or10_ms9;O_or11_ms9;O_or12_ms9;O_or13_ms9;O_or14_ms9;O_or15_ms9;O_or16_ms9;O_or17_ms9;O_or18_ms9;O_or19_ms9;O_or20_ms9;O_or21_ms9;O_or22_ms9;O_or23_ms9;O_or0_ms10;O_or1_ms10;O_or2_ms10;O_or3_ms10;O_or4_ms10;O_or5_ms10;O_or6_ms10;O_or7_ms10;O_or8_ms10;O_or9_ms10;O_or10_ms10;O_or11_ms10;O_or12_ms10;O_or13_ms10;O_or14_ms10;O_or15_ms10;O_or16_ms10;O_or17_ms10;O_or18_ms10;O_or19_ms10;O_or20_ms10;O_or21_ms10;O_or22_ms10;O_or23_ms10;O_or0_ms11;O_or1_ms11;O_or2_ms11;O_or3_ms11;O_or4_ms11;O_or5_ms11;O_or6_ms11;O_or7_ms11;O_or8_ms11;O_or9_ms11;O_or10_ms11;O_or11_ms11;O_or12_ms11;O_or13_ms11;O_or14_ms11;O_or15_ms11;O_or16_ms11;O_or17_ms11;O_or18_ms11;O_or19_ms11;O_or20_ms11;O_or21_ms11;O_or22_ms11;O_or23_ms11;O_or0_ms12;O_or1_ms12;O_or2_ms12;O_or3_ms12;O_or4_ms12;O_or5_ms12;O_or6_ms12;O_or7_ms12;O_or8_ms12;O_or9_ms12;O_or10_ms12;O_or11_ms12;O_or12_ms12;O_or13_ms12;O_or14_ms12;O_or15_ms12;O_or16_ms12;O_or17_ms12;O_or18_ms12;O_or19_ms12;O_or20_ms12;O_or21_ms12;O_or22_ms12;O_or23_ms12
0;1;104;46,28;51754,0141;2391,6027;3314,3651;4550,1835;4700,3556;4445,0694;5831,3132;7198,3219;6245,5824;4766,6708;4057,7931;2033,2435;2219,5129;0,0;0,0;0,0;0,0;0,0;0,0;0,0;3,128;7,7066;10,6077;13,1309;12,9166;11,5026;9,725;6,4987;1,9323;0,0;0,0;0,0;0,0;0,0;0,0;0,0;0,0;0,0;0,0;0,0;0,0;0,0;0,0;0,1644;5,6192;11,1768;16,3115;17,7831;18,7861;17,576;14,5464;10,875;5,334;0,1978;0,0;0,0;0,0;0,0;0,0;0,0;0,0;0,0;0,0;0,0;0,0;0,0;0,0366;3,1146;9,356;15,2143;18,9115;21,7315;21,2039;19,4722;15,5783;12,091;7,456;2,6143;0,0;0,0;0,0;0,0;0,0;0,0;0,0;0,0;0,0;0,0;0,0;0,0;1,728;7,3147;13,4462;18,5393;20,2768;20,54;19,3237;17,9583;15,3745;11,2778;7,4577;3,1802;0,2613;0,0;0,0;0,0;0,0;0,0;0,0;0,0;0,0;0,0;0,0;0,271;3,1286;8,174;13,0463;16,9842;18,5243;18,4274;15,7924;13,4821;12,1706;9,4467;7,8827;4,6925;1,3665;0,0;0,0;0,0;0,0;0,0;0,0;0,0;0,0;0,0;0,0;0,6756;4,7578;11,0744;16,0274;21,5656;21,5496;24,1317;22,1031;19,7;17,2489;14,3336;11,4009;7,4501;2,3171;0,0414;0,0;0,0;0,0;0,0;0,0;0,0;0,0;0,0;0,0;0,3264;4,0812;10,7558;16,2788;22,1913;26,0169;28,1;28,3792;25,8598;23,9761;19,7194;14,7634;8,9508;2,7605;0,0445;0,0;0,0;0,0;0,0;0,0;0,0;0,0;0,0;0,0;0,0001;2,5025;9,1507;15,8569;21,1269;24,7229;25,7313;26,3323;23,1927;19,3145;14,8452;11,4638;6,1041;1,1265;0,0;0,0;0,0;0,0;0,0;0,0;0,0;0,0;0,0;0,0;0,0;0,5087;6,3876;13,0215;18,5637;22,5016;22,0985;20,9418;18,344;15,5601;11,4609;7,1921;2,291;0,0174;0,0;0,0;0,0;0,0;0,0;0,0;0,0;0,0;0,0;0,0;0,0;0,0097;3,8071;10,6217;15,4532;17,6373;20,387;19,7927;17,0221;14,0862;8,4496;3,5316;0,0983;0,0;0,0;0,0;0,0;0,0;0,0;0,0;0,0;0,0;0,0;0,0;0,0;0,0;0,3608;4,456;7,9533;10,8669;11,7146;11,1487;9,6204;6,5426;4,6529;0,4584;0,0;0,0;0,0;0,0;0,0;0,0;0,0;0,0;0,0;0,0;0,0;0,0;0,0;0,0;0,0;2,9303;6,9662;10,6203;11,9988;13,2177;12,1742;8,841;4,6818;0,1669;0,0;0,0;0,0;0,0;0,0;0,0;0,0;0,0
4;1;219;97,455;108977,2032;5026,8551;6979,2992;9581,6463;9899,3133;9360,2891;12279,4224;15158,0241;13151,664;10039,9708;8544,793;4282,1269;4673,799;0,0;0,0;0,0;0,0;0,0;0,0;0,0;6,5872;16,2285;22,3376;27,6507;27,1994;24,2218;20,4785;13,6849;3,768;0,0;0,0;0,0;0,0;0,0;0,0;0,0;0,0;0,0;0,0;0,0;0,0;0,0;0,0;0,3462;11,8327;23,5358;34,3483;37,4473;39,5592;37,011;30,6315;22,9002;11,2321;0,4164;0,0;0,0;0,0;0,0;0,0;0,0;0,0;0,0;0,0;0,0;0,0;0,0;0,077;6,5585;19,7014;32,0379;39,8233;45,7616;44,6506;41,0039;32,8042;25,4609;15,7008;5,5053;0,0;0,0;0,0;0,0;0,0;0,0;0,0;0,0;0,0;0,0;0,0;0,0;3,6871;15,403;28,3144;39,0394;42,6982;43,2524;40,6914;37,816;32,3752;23,7485;15,7043;6,6969;0,5503;0,0;0,0;0,0;0,0;0,0;0,0;0,0;0,0;0,0;0,0;0,5707;6,588;17,2123;27,4723;35,7648;39,0079;38,8038;33,2553;28,3903;25,6286;19,8926;16,5991;9,8813;2,8778;0,0;0,0;0,0;0,0;0,0;0,0;0,0;0,0;0,0;0,0;1,4226;10,0186;23,3199;33,7499;45,4121;45,3785;50,8159;46,5441;41,4837;36,3223;30,1832;24,0078;15,6887;4,8798;0,0871;0,0;0,0;0,0;0,0;0,0;0,0;0,0;0,0;0,0;0,6874;8,5937;22,6489;34,2792;46,7297;54,7855;59,172;59,7601;54,4549;50,4882;41,5245;31,0886;18,8487;5,8135;0,0937;0,0;0,0;0,0;0,0;0,0;0,0;0,0;0,0;0,0;0,0002;5,2694;19,2687;33,3907;44,4884;52,0607;54,1842;55,4497;48,8387;40,6718;31,2607;24,1402;12,854;2,3698;0,0;0,0;0,0;0,0;0,0;0,0;0,0;0,0;0,0;0,0;0,0;1,1533;13,4506;27,4201;39,0908;47,3832;46,5343;44,0986;38,6283;32,7661;24,1341;15,1451;4,8245;0,0367;0,0;0,0;0,0;0,0;0,0;0,0;0,0;0,0;0,0;0,0;0,0;0,0203;8,0169;22,3668;32,541;37,1401;42,9305;41,679;35,8446;29,6623;17,793;7,4369;0,207;0,0;0,0;0,0;0,0;0,0;0,0;0,0;0,0;0,0;0,0;0,0;0,0;0,0;0,8118;9,3834;16,748;22,8833;24,6684;23,4767;20,2585;13,7773;9,798;0,9322;0,0;0,0;0,0;0,0;0,0;0,0;0,0;0,0;0,0;0,0;0,0;0,0;0,0;0,0;0,0;6,1707;14,6695;22,3642;25,2667;27,8334;25,636;18,6171;9,8586;0,3515;0,0;0,0;0,0;0,0;0,0;0,0;0,0;0,0
5;1;88;39,16;43789,9576;2019,9288;2804,4693;3850,1628;3977,8067;3761,2134;4934,2;6090,8995;5284,6869;4034,3283;3433,5282;1720,6725;1878,0612;0,0;0,0;0,0;0,0;0,0;0,0;0,0;2,647;6,5211;8,9759;11,1108;10,9295;9,733;8,2288;5,4989;1,5141;0,0;0,0;0,0;0,0;0,0;0,0;0,0;0,0;0,0;0,0;0,0;0,0;0,0;0,0;0,1391;4,7547;9,4573;13,8021;15,0473;15,8959;14,872;12,3085;9,2019;4,5134;0,1673;0,0;0,0;0,0;0,0;0,0;0,0;0,0;0,0;0,0;0,0;0,0;0,0;0,031;2,6354;7,9165;12,8737;16,0021;18,3882;17,9418;16,4765;13,1816;10,2309;6,309;2,2122;0,0;0,0;0,0;0,0;0,0;0,0;0,0;0,0;0,0;0,0;0,0;0,0;1,4815;6,1893;11,3775;15,6871;17,1573;17,38;16,3509;15,1955;13,0092;9,5428;6,3104;2,691;0,2211;0,0;0,0;0,0;0,0;0,0;0,0;0,0;0,0;0,0;0,0;0,2293;2,6472;6,9164;11,0391;14,3713;15,6744;15,5924;13,3628;11,408;10,2983;7,9934;6,67;3,9706;1,1564;0,0;0,0;0,0;0,0;0,0;0,0;0,0;0,0;0,0;0,0;0,5716;4,0257;9,3705;13,5616;18,2478;18,2343;20,4192;18,7026;16,6693;14,5953;12,1284;9,647;6,3041;1,9608;0,035;0,0;0,0;0,0;0,0;0,0;0,0;0,0;0,0;0,0;0,2762;3,4531;9,1009;13,7743;18,7772;22,0143;23,7769;24,0133;21,8814;20,2875;16,6857;12,4922;7,5739;2,336;0,0376;0,0;0,0;0,0;0,0;0,0;0,0;0,0;0,0;0,0;0,0001;2,1174;7,7427;13,4173;17,8766;20,9194;21,7726;22,2812;19,6247;16,343;12,5614;9,7002;5,1651;0,9523;0,0;0,0;0,0;0,0;0,0;0,0;0,0;0,0;0,0;0,0;0,0;0,4634;5,4048;11,0181;15,7077;19,0399;18,6987;17,72;15,5219;13,1663;9,6977;6,0857;1,9386;0,0148;0,0;0,0;0,0;0,0;0,0;0,0;0,0;0,0;0,0;0,0;0,0;0,0082;3,2214;8,9876;13,0758;14,9239;17,2506;16,7478;14,4033;11,9191;7,1497;2,9883;0,0832;0,0;0,0;0,0;0,0;0,0;0,0;0,0;0,0;0,0;0,0;0,0;0,0;0,0;0,3262;3,7705;6,7298;9,1951;9,9124;9,4336;8,1404;5,5361;3,9371;0,3746;0,0;0,0;0,0;0,0;0,0;0,0;0,0;0,0;0,0;0,0;0,0;0,0;0,0;0,0;0,0;2,4795;5,8946;8,9866;10,1529;11,1842;10,3012;7,4809;3,9615;0,1412;0,0;0,0;0,0;0,0;0,0;0,0;0,0;0,0
9;1;111;49,395;55236,6178;2552,6972;3537,4608;4856,4575;5015,9729;4744,2712;6223,8249;7682,8413;6665,6308;5087,514;4330,9288;2170,1027;2368,9157;0,0;0,0;0,0;0,0;0,0;0,0;0,0;3,3385;8,2253;11,3218;14,0148;13,786;12,2769;10,3797;6,9364;2,0657;0,0;0,0;0,0;0,0;0,0;0,0;0,0;0,0;0,0;0,0;0,0;0,0;0,0;0,0;0,1755;5,9974;11,9291;17,4094;18,9802;20,0506;18,759;15,5256;11,607;5,693;0,2111;0,0;0,0;0,0;0,0;0,0;0,0;0,0;0,0;0,0;0,0;0,0;0,0;0,039;3,3244;9,9858;16,2384;20,1844;23,1943;22,6312;20,7828;16,6268;12,9048;7,9579;2,7902;0,0;0,0;0,0;0,0;0,0;0,0;0,0;0,0;0,0;0,0;0,0;0,0;1,8189;7,8072;14,3513;19,7872;21,6416;21,9225;20,6244;19,167;16,4094;12,0369;7,9596;3,3942;0,2789;0,0;0,0;0,0;0,0;0,0;0,0;0,0;0,0;0,0;0,0;0,2893;3,3394;8,7243;13,9245;18,1274;19,7712;19,6677;16,8554;14,3896;12,9898;10,0825;8,4132;5,0082;1,4584;0,0;0,0;0,0;0,0;0,0;0,0;0,0;0,0;0,0;0,0;0,721;5,0783;11,8201;17,1063;23,0172;23,0001;25,756;23,5908;21,026;18,4099;15,2983;12,1682;7,9515;2,473;0,0442;0,0;0,0;0,0;0,0;0,0;0,0;0,0;0,0;0,0;0,3484;4,3563;11,48;17,3746;23,6851;27,768;29,9914;30,2894;27,6004;25,5898;21,0466;15,757;9,553;2,9461;0,0475;0,0;0,0;0,0;0,0;0,0;0,0;0,0;0,0;0,0;0,0001;2,6623;9,7667;16,9243;22,549;26,387;27,4633;28,1047;24,7539;20,6145;15,8444;12,2353;6,5148;1,2002;0,0;0,0;0,0;0,0;0,0;0,0;0,0;0,0;0,0;0,0;0,0;0,543;6,8177;13,898;19,8132;24,0163;23,5859;22,3513;19,5787;16,6075;12,2323;7,6762;2,4451;0,0186;0,0;0,0;0,0;0,0;0,0;0,0;0,0;0,0;0,0;0,0;0,0;0,0103;4,0634;11,3366;16,4934;18,8245;21,7594;21,1251;18,1679;15,0343;9,0184;3,7693;0,1049;0,0;0,0;0,0;0,0;0,0;0,0;0,0;0,0;0,0;0,0;0,0;0,0;0,0;0,3849;4,7559;8,4887;11,5984;12,5032;11,8992;10,268;6,9831;4,9661;0,4892;0,0;0,0;0,0;0,0;0,0;0,0;0,0;0,0;0,0;0,0;0,0;0,0;0,0;0,0;0,0;3,1275;7,4351;11,3353;12,8064;14,1073;12,9936;9,4362;4,9969;0,1782;0,0;0,0;0,0;0,0;0,0;0,0;0,0;0,0
10;1;12;5,34;5971,5552;275,255;382,4279;525,1513;542,4403;512,8923;672,8456;830,5786;720,6466;550,137;468,209;234,872;256,0996;0,0;0,0;0,0;0,0;0,0;0,0;0,0;0,361;0,8893;1,224;1,5151;1,4904;1,3272;1,1221;0,7499;0,2003;0,0;0,0;0,0;0,0;0,0;0,0;0,0;0,0;0,0;0,0;0,0;0,0;0,0;0,0;0,019;0,6484;1,2896;1,8821;2,0519;2,1676;2,028;1,6784;1,2548;0,6155;0,0228;0,0;0,0;0,0;0,0;0,0;0,0;0,0;0,0;0,0;0,0;0,0;0,0;0,0042;0,3635;1,0795;1,7555;2,1821;2,5075;2,4466;2,2468;1,7975;1,3951;0,8603;0,3017;0,0;0,0;0,0;0,0;0,0;0,0;0,0;0,0;0,0;0,0;0,0;0,0;0,202;0,844;1,5515;2,1392;2,3396;2,37;2,2297;2,0721;1,774;1,3013;0,8605;0,367;0,0305;0,0;0,0;0,0;0,0;0,0;0,0;0,0;0,0;0,0;0,0;0,0313;0,361;0,9431;1,5053;1,9597;2,1374;2,1262;1,8222;1,5556;1,4043;1,09;0,9095;0,5414;0,1577;0,0;0,0;0,0;0,0;0,0;0,0;0,0;0,0;0,0;0,0;0,078;0,5489;1,2778;1,8493;2,4883;2,4865;2,7844;2,5504;2,2731;1,9903;1,6539;1,3155;0,8597;0,2674;0,0048;0,0;0,0;0,0;0,0;0,0;0,0;0,0;0,0;0,0;0,0377;0,4709;1,241;1,8783;2,5605;3,0019;3,2423;3,2745;2,9838;2,7665;2,2753;1,7035;1,0328;0,3186;0,0051;0,0;0,0;0,0;0,0;0,0;0,0;0,0;0,0;0,0;0,0;0,2887;1,0558;1,8296;2,4377;2,8526;2,969;3,0384;2,6761;2,2286;1,7129;1,3228;0,7044;0,13;0,0;0,0;0,0;0,0;0,0;0,0;0,0;0,0;0,0;0,0;0,0;0,0632;0,737;1,5025;2,142;2,5964;2,5498;2,4164;2,1166;1,7954;1,3224;0,8299;0,2644;0,002;0,0;0,0;0,0;0,0;0,0;0,0;0,0;0,0;0,0;0,0;0,0;0,0011;0,4393;1,2256;1,7831;2,0351;2,3524;2,2838;1,9641;1,6253;0,975;0,4075;0,0113;0,0;0,0;0,0;0,0;0,0;0,0;0,0;0,0;0,0;0,0;0,0;0,0;0,0;0,0523;0,5142;0,9177;1,2539;1,3517;1,2864;1,1101;0,7549;0,5369;0,0511;0,0;0,0;0,0;0,0;0,0;0,0;0,0;0,0;0,0;0,0;0,0;0,0;0,0;0,0;0,0;0,3381;0,8038;1,2255;1,3845;1,5251;1,4047;1,0201;0,5402;0,0193;0,0;0,0;0,0;0,0;0,0;0,0;0,0;0,0
11;1;46;20,47;22890,5488;1058,6674;1466,3001;2012,54;2078,43;1966,0984;2579,2436;3183,8853;2762,0645;2108,3405;1794,8023;898,4605;981,7162;0,0;0,0;0,0;0,0;0,0;0,0;0,0;1,3835;3,4087;4,6919;5,8079;5,7132;5,0877;4,3015;2,8745;0,8816;0,0;0,0;0,0;0,0;0,0;0,0;0,0;0,0;0,0;0,0;0,0;0,0;0,0;0,0;0,0727;2,4854;4,9436;7,2147;7,8657;8,3093;7,774;6,4341;4,8101;2,3593;0,099;0,0;0,0;0,0;0,0;0,0;0,0;0,0;0,0;0,0;0,0;0,0;0,0;0,0162;1,3761;4,1383;6,7294;8,3647;9,6121;9,3787;8,6127;6,8904;5,3479;3,2979;1,1563;0,0;0,0;0,0;0,0;0,0;0,0;0,0;0,0;0,0;0,0;0,0;0,0;0,745;3,2355;5,9474;8,2001;8,9686;9,085;8,547;7,9431;6,8003;4,9882;3,2986;1,4066;0,1156;0,0;0,0;0,0;0,0;0,0;0,0;0,0;0,0;0,0;0,0;0,1199;1,384;3,6155;5,7706;7,5123;8,1935;8,1506;6,9851;5,9632;5,3832;4,1783;3,4865;2,0755;0,6044;0,0;0,0;0,0;0,0;0,0;0,0;0,0;0,0;0,0;0,0;0,2988;2,1046;4,8984;7,0891;9,5387;9,5316;10,6737;9,7764;8,7135;7,6293;6,3398;5,0427;3,2951;1,0248;0,0183;0,0;0,0;0,0;0,0;0,0;0,0;0,0;0,0;0,0;0,1444;1,8054;4,7576;7,2003;9,8155;11,5075;12,4289;12,5524;11,438;10,6048;8,722;6,5299;3,9589;1,2208;0,0197;0,0;0,0;0,0;0,0;0,0;0,0;0,0;0,0;0,0;0,0;1,0943;4,0476;7,0137;9,3447;10,9351;11,3812;11,647;10,2583;8,5429;6,5662;5,0704;2,6998;0,4976;0,0;0,0;0,0;0,0;0,0;0,0;0,0;0,0;0,0;0,0;0,0;0,225;2,8254;5,7596;8,2109;9,9527;9,7744;9,2627;8,1137;6,8824;5,0692;3,1811;1,0133;0,0077;0,0;0,0;0,0;0,0;0,0;0,0;0,0;0,0;0,0;0,0;0,0;0,0043;1,6839;4,6981;6,8351;7,8011;9,0174;8,7546;7,529;6,2304;3,7373;1,562;0,0435;0,0;0,0;0,0;0,0;0,0;0,0;0,0;0,0;0,0;0,0;0,0;0,0;0,0;0,1307;1,9709;3,5178;4,8065;5,1815;4,9312;4,2552;2,8939;2,0581;0,2028;0,0;0,0;0,0;0,0;0,0;0,0;0,0;0,0;0,0;0,0;0,0;0,0;0,0;0,0;0,0;1,296;3,0812;4,6975;5,3072;5,8463;5,3848;3,9105;2,0708;0,0738;0,0;0,0;0,0;0,0;0,0;0,0;0,0;0,0
12;1;88;39,16;43787,9761;2019,9407;2804,4791;3851,1158;3976,6224;3761,221;4934,2024;6090,9091;5284,4826;4033,3493;3433,5361;1720,0488;1878,0688;0,0;0,0;0,0;0,0;0,0;0,0;0,0;2,6469;6,5211;8,9759;11,1109;10,9295;9,7331;8,2289;5,4991;1,5141;0,0;0,0;0,0;0,0;0,0;0,0;0,0;0,0;0,0;0,0;0,0;0,0;0,0;0,0;0,1391;4,7547;9,4573;13,8021;15,0474;15,896;14,8721;12,3086;9,2019;4,5134;0,1673;0,0;0,0;0,0;0,0;0,0;0,0;0,0;0,0;0,0;0,0;0,0;0,0;0,031;2,666;7,9166;12,8737;16,0021;18,3883;17,9418;16,4765;13,1816;10,2309;6,309;2,2121;0,0;0,0;0,0;0,0;0,0;0,0;0,0;0,0;0,0;0,0;0,0;0,0;1,4419;6,1894;11,3776;15,6871;17,1573;17,38;16,3509;15,1955;13,0092;9,5428;6,3104;2,691;0,2211;0,0;0,0;0,0;0,0;0,0;0,0;0,0;0,0;0,0;0,0;0,2293;2,6473;6,9165;11,0392;14,3713;15,6745;15,5924;13,3628;11,408;10,2983;7,9934;6,6699;3,9706;1,1563;0,0;0,0;0,0;0,0;0,0;0,0;0,0;0,0;0,0;0,0;0,5716;4,0259;9,3706;13,5617;18,2478;18,2343;20,4192;18,7026;16,6693;14,5953;12,1284;9,6469;6,304;1,9607;0,035;0,0;0,0;0,0;0,0;0,0;0,0;0,0;0,0;0,0;0,2762;3,4534;9,1011;13,7743;18,7773;22,0143;23,777;24,0133;21,8814;20,2875;16,6857;12,4921;7,5738;2,3359;0,0376;0,0;0,0;0,0;0,0;0,0;0,0;0,0;0,0;0,0;0,0001;2,1105;7,7429;13,4174;17,8766;20,9194;21,7727;22,2812;19,6247;16,343;12,5614;9,7001;5,165;0,9522;0,0;0,0;0,0;0,0;0,0;0,0;0,0;0,0;0,0;0,0;0,0;0,4304;5,4049;11,0182;15,7078;19,0399;18,6988;17,72;15,5219;13,1663;9,6977;6,0857;1,9386;0,0148;0,0;0,0;0,0;0,0;0,0;0,0;0,0;0,0;0,0;0,0;0,0;0,0082;3,2214;8,9876;13,0759;14,9239;17,2507;16,7479;14,4033;11,9191;7,1497;2,9883;0,0832;0,0;0,0;0,0;0,0;0,0;0,0;0,0;0,0;0,0;0,0;0,0;0,0;0,0;0,3052;3,7705;6,7298;9,1952;9,9125;9,4336;8,1404;5,5361;3,9371;0,3746;0,0;0,0;0,0;0,0;0,0;0,0;0,0;0,0;0,0;0,0;0,0;0,0;0,0;0,0;0,0;2,4795;5,8946;8,9866;10,1529;11,1842;10,3013;7,4809;3,9615;0,1412;0,0;0,0;0,0;0,0;0,0;0,0;0,0;0,0
14;1;39;17,355;19407,4117;895,1997;1242,8938;1706,7434;1762,9179;1666,9046;2186,7499;2699,3807;2342,0964;1787,9443;1521,6807;762,5739;832,3264;0,0;0,0;0,0;0,0;0,0;0,0;0,0;1,1731;2,8901;3,9779;4,9241;4,8438;4,3135;3,6469;2,437;0,671;0,0;0,0;0,0;0,0;0,0;0,0;0,0;0,0;0,0;0,0;0,0;0,0;0,0;0,0;0,0617;2,1072;4,1913;6,1169;6,6687;7,0448;6,591;5,4549;4,0781;2,0002;0,0742;0,0;0,0;0,0;0,0;0,0;0,0;0,0;0,0;0,0;0,0;0,0;0,0;0,0137;1,1815;3,5085;5,7054;7,0918;8,1494;7,9515;7,3021;5,8419;4,5341;2,7961;0,9804;0,0;0,0;0,0;0,0;0,0;0,0;0,0;0,0;0,0;0,0;0,0;0,0;0,6566;2,743;5,0423;6,9522;7,6038;7,7025;7,2464;6,7344;5,7655;4,2292;2,7967;1,1926;0,0988;0,0;0,0;0,0;0,0;0,0;0,0;0,0;0,0;0,0;0,0;0,1016;1,1732;3,0652;4,8923;6,3691;6,9466;6,9103;5,9222;5,0558;4,564;3,5425;2,956;1,7597;0,5125;0,0;0,0;0,0;0,0;0,0;0,0;0,0;0,0;0,0;0,0;0,2533;1,7841;4,1528;6,0103;8,0871;8,0811;9,0494;8,2887;7,3875;6,4684;5,3751;4,2754;2,7939;0,8691;0,0155;0,0;0,0;0,0;0,0;0,0;0,0;0,0;0,0;0,0;0,1224;1,5303;4,0333;6,1045;8,3217;9,7563;10,5375;10,6423;9,6975;8,9911;7,3948;5,5364;3,3567;1,0354;0,0167;0,0;0,0;0,0;0,0;0,0;0,0;0,0;0,0;0,0;0,0;0,9384;3,4314;5,9463;7,9226;9,2711;9,6493;9,8746;8,6973;7,2429;5,567;4,299;2,2891;0,4225;0,0;0,0;0,0;0,0;0,0;0,0;0,0;0,0;0,0;0,0;0,0;0,2054;2,3953;4,883;6,9614;8,4381;8,2869;7,8532;6,879;5,8351;4,2979;2,6971;0,8592;0,0065;0,0;0,0;0,0;0,0;0,0;0,0;0,0;0,0;0,0;0,0;0,0;0,0036;1,4277;3,9832;5,795;6,614;7,6452;7,4223;6,3833;5,2823;3,1686;1,3244;0,0369;0,0;0,0;0,0;0,0;0,0;0,0;0,0;0,0;0,0;0,0;0,0;0,0;0,0;0,1446;1,671;2,9826;4,0751;4,393;4,1808;3,6077;2,4535;1,7448;0,166;0,0;0,0;0,0;0,0;0,0;0,0;0,0;0,0;0,0;0,0;0,0;0,0;0,0;0,0;0,0;1,0989;2,6124;3,9827;4,4996;4,9566;4,5653;3,3154;1,7557;0,0626;0,0;0,0;0,0;0,0;0,0;0,0;0,0;0,0
16;1;47;20,915;23387,3931;1081,6829;1497,8458;2056,259;2123,4107;2008,8392;2635,3148;3253,1015;2821,8935;2154,1755;1833,8199;917,9932;1003,0571;0,0;0,0;0,0;0,0;0,0;0,0;0,0;1,4136;3,4828;4,7939;5,9342;5,8374;5,1983;4,395;2,937;0,9008;0,0;0,0;0,0;0,0;0,0;0,0;0,0;0,0;0,0;0,0;0,0;0,0;0,0;0,0;0,0743;2,5394;5,0511;7,3716;8,0367;8,4899;7,943;6,5739;4,9147;2,4105;0,0894;0,0;0,0;0,0;0,0;0,0;0,0;0,0;0,0;0,0;0,0;0,0;0,0;0,0165;1,405;4,2282;6,8757;8,5466;9,821;9,5826;8,7999;7,0402;5,4642;3,3695;1,1814;0,0;0,0;0,0;0,0;0,0;0,0;0,0;0,0;0,0;0,0;0,0;0,0;0,7555;3,3058;6,0767;8,3784;9,1635;9,2825;8,7329;8,1158;6,9481;5,0967;3,3703;1,4372;0,117;0,0;0,0;0,0;0,0;0,0;0,0;0,0;0,0;0,0;0,0;0,1225;1,4141;3,6941;5,896;7,6756;8,3716;8,3278;7,137;6,0929;5,5002;4,2692;3,5623;2,1206;0,6175;0,0;0,0;0,0;0,0;0,0;0,0;0,0;0,0;0,0;0,0;0,3053;2,1504;5,0049;7,2432;9,746;9,7388;10,9057;9,9889;8,9029;7,7952;6,4777;5,1523;3,3667;1,0471;0,0187;0,0;0,0;0,0;0,0;0,0;0,0;0,0;0,0;0,0;0,1475;1,8446;4,861;7,3569;10,0289;11,7577;12,6991;12,8253;11,6867;10,8353;8,9116;6,6718;4,0449;1,2474;0,0201;0,0;0,0;0,0;0,0;0,0;0,0;0,0;0,0;0,0;0,0;1,1114;4,1355;7,1662;9,5478;11,1729;11,6286;11,9002;10,4814;8,7287;6,7089;5,1807;2,7584;0,5082;0,0;0,0;0,0;0,0;0,0;0,0;0,0;0,0;0,0;0,0;0,0;0,2299;2,8868;5,8848;8,3894;10,169;9,9868;9,4641;8,2901;7,032;5,1794;3,2502;1,0353;0,0079;0,0;0,0;0,0;0,0;0,0;0,0;0,0;0,0;0,0;0,0;0,0;0,0044;1,7206;4,8002;6,9837;7,9707;9,2134;8,9449;7,6927;6,3659;3,8186;1,596;0,0444;0,0;0,0;0,0;0,0;0,0;0,0;0,0;0,0;0,0;0,0;0,0;0,0;0,0;0,1336;2,0138;3,5943;4,911;5,2941;5,0384;4,3477;2,9568;2,1028;0,2072;0,0;0,0;0,0;0,0;0,0;0,0;0,0;0,0;0,0;0,0;0,0;0,0;0,0;0,0;0,0;1,3242;3,1482;4,7996;5,4226;5,9734;5,5019;3,9956;2,1159;0,0754;0,0;0,0;0,0;0,0;0,0;0,0;0,0;0,0
18;1;64;28,48;31846,8716;1469,0492;2039,6215;2800,8129;2892,5306;2735,4332;3588,5136;4429,7549;3843,4165;2933,3432;2497,1193;1251,404;1365,8727;0,0;0,0;0,0;0,0;0,0;0,0;0,0;1,9251;4,7427;6,5279;8,0806;7,9488;7,0786;5,9846;3,9993;1,1012;0,0;0,0;0,0;0,0;0,0;0,0;0,0;0,0;0,0;0,0;0,0;0,0;0,0;0,0;0,1012;3,458;6,8781;10,0379;10,9435;11,5607;10,816;8,9517;6,6923;3,2824;0,1217;0,0;0,0;0,0;0,0;0,0;0,0;0,0;0,0;0,0;0,0;0,0;0,0;0,0225;1,9389;5,7575;9,3627;11,6379;13,3733;13,0486;11,9829;9,5866;7,4407;4,5884;1,6089;0,0;0,0;0,0;0,0;0,0;0,0;0,0;0,0;0,0;0,0;0,0;0,0;1,0633;4,5013;8,2745;11,4088;12,478;12,64;11,8915;11,0513;9,4613;6,9402;4,5894;1,9571;0,1608;0,0;0,0;0,0;0,0;0,0;0,0;0,0;0,0;0,0;0,0;0,1668;1,9252;5,0301;8,0284;10,4518;11,3996;11,3399;9,7184;8,2967;7,4897;5,8134;4,8509;2,8878;0,841;0,0;0,0;0,0;0,0;0,0;0,0;0,0;0,0;0,0;0,0;0,4157;2,9278;6,815;9,863;13,2711;13,2613;14,8503;13,6019;12,1231;10,6147;8,8207;7,016;4,5849;1,4261;0,0255;0,0;0,0;0,0;0,0;0,0;0,0;0,0;0,0;0,0;0,2009;2,5113;6,6188;10,0177;13,6562;16,0104;17,2923;17,4642;15,9138;14,7546;12,1351;9,0853;5,5084;1,699;0,0274;0,0;0,0;0,0;0,0;0,0;0,0;0,0;0,0;0,0;0,0001;1,5399;5,631;9,758;13,0012;15,2141;15,8347;16,2045;14,2725;11,8859;9,1355;7,0547;3,7565;0,6926;0,0;0,0;0,0;0,0;0,0;0,0;0,0;0,0;0,0;0,0;0,0;0,313;3,9308;8,0132;11,4238;13,8472;13,5991;12,8873;11,2887;9,5755;7,0529;4,426;1,4099;0,0107;0,0;0,0;0,0;0,0;0,0;0,0;0,0;0,0;0,0;0,0;0,0;0,0059;2,3428;6,5365;9,5097;10,8538;12,5459;12,1803;10,4752;8,6685;5,1998;2,1733;0,0605;0,0;0,0;0,0;0,0;0,0;0,0;0,0;0,0;0,0;0,0;0,0;0,0;0,0;0,2372;2,7422;4,8944;6,6874;7,2091;6,8608;5,9203;4,0263;2,8633;0,2724;0,0;0,0;0,0;0,0;0,0;0,0;0,0;0,0;0,0;0,0;0,0;0,0;0,0;0,0;0,0;1,8034;4,287;6,5357;7,384;8,134;7,4918;5,4407;2,8811;0,1027;0,0;0,0;0,0;0,0;0,0;0,0;0,0;0,0
20;1;646;287,47;321454,2779;14828,2053;20587,428;28270,6908;29196,4798;27610,772;36221,5578;44712,8274;38794,485;29608,4283;25205,2895;12631,351;13786,763;0,0;0,0;0,0;0,0;0,0;0,0;0,0;19,4313;47,8712;65,891;81,5639;80,2327;71,4495;60,4073;40,3676;11,1148;0,0;0,0;0,0;0,0;0,0;0,0;0,0;0,0;0,0;0,0;0,0;0,0;0,0;0,0;1,0213;34,9039;69,4256;101,3203;110,4615;116,6909;109,1744;90,3562;67,5505;33,1322;1,2283;0,0;0,0;0,0;0,0;0,0;0,0;0,0;0,0;0,0;0,0;0,0;0,0;0,2272;19,5704;58,1147;94,5046;117,4698;134,9867;131,7094;120,9523;96,7651;75,104;46,3141;16,2395;0,0;0,0;0,0;0,0;0,0;0,0;0,0;0,0;0,0;0,0;0,0;0,0;10,7332;45,4352;83,5212;115,1575;125,9499;127,585;120,0303;111,5489;95,4998;70,0529;46,3242;19,7546;1,6232;0,0;0,0;0,0;0,0;0,0;0,0;0,0;0,0;0,0;0,0;1,6836;19,433;50,7725;81,0373;105,4981;115,0647;114,4625;98,0954;83,7449;75,5987;58,6787;48,9637;29,1478;8,4892;0,0;0,0;0,0;0,0;0,0;0,0;0,0;0,0;0,0;0,0;4,1964;29,5524;68,7884;99,5546;133,9556;133,8565;149,8952;137,2944;122,3679;107,1426;89,0335;70,8181;46,2782;14,3945;0,257;0,0;0,0;0,0;0,0;0,0;0,0;0,0;0,0;0,0;2,0276;25,3492;66,809;101,1158;137,8422;161,605;174,5445;176,2795;160,6295;148,9289;122,4883;91,7046;55,5999;17,1491;0,2763;0,0;0,0;0,0;0,0;0,0;0,0;0,0;0,0;0,0;0,0006;15,5434;56,8384;98,4951;131,2307;153,5674;159,8314;163,5645;144,0632;119,9728;92,2119;71,2083;37,9169;6,9904;0,0;0,0;0,0;0,0;0,0;0,0;0,0;0,0;0,0;0,0;0,0;3,1599;39,6762;80,8833;115,3092;139,7703;137,2659;130,0809;113,9449;96,6527;71,1903;44,6745;14,2312;0,1084;0,0;0,0;0,0;0,0;0,0;0,0;0,0;0,0;0,0;0,0;0,0;0,06;23,648;65,9774;95,9887;109,5554;126,6356;122,9446;105,7336;87,4972;52,4855;21,9371;0,6106;0,0;0,0;0,0;0,0;0,0;0,0;0,0;0,0;0,0;0,0;0,0;0,0;0,0;2,3945;27,679;49,4032;67,5008;72,7665;69,2514;59,7578;40,6401;28,9018;2,7497;0,0;0,0;0,0;0,0;0,0;0,0;0,0;0,0;0,0;0,0;0,0;0,0;0,0;0,0;0,0;18,2026;43,2722;65,9701;74,5316;82,1025;75,6206;54,9166;29,081;1,0369;0,0;0,0;0,0;0,0;0,0;0,0;0,0;0,0
22;1;133;59,185;66185,5222;3058,5368;4239,5297;5819,0086;6010,1383;5684,5807;7457,3855;9205,5832;7986,6711;6095,8595;5189,5483;2600,2236;2838,4569;0,0;0,0;0,0;0,0;0,0;0,0;0,0;4,0004;9,8558;13,5658;16,7925;16,5185;14,7102;12,4369;8,3111;2,4712;0,0;0,0;0,0;0,0;0,0;0,0;0,0;0,0;0,0;0,0;0,0;0,0;0,0;0,0;0,2103;7,1861;14,2935;20,86;22,7421;24,0246;22,4772;18,6029;13,9075;6,8214;0,2863;0,0;0,0;0,0;0,0;0,0;0,0;0,0;0,0;0,0;0,0;0,0;0,0;0,0468;3,9832;11,9649;19,4568;24,185;27,7914;27,1167;24,902;19,9222;15,4626;9,5351;3,3433;0,0;0,0;0,0;0,0;0,0;0,0;0,0;0,0;0,0;0,0;0,0;0,0;2,1793;9,3546;17,1957;23,709;25,9309;26,2676;24,7121;22,966;19,6617;14,4226;9,5372;4,067;0,3342;0,0;0,0;0,0;0,0;0,0;0,0;0,0;0,0;0,0;0,0;0,3466;4,0012;10,4534;16,6844;21,7203;23,6899;23,5658;20,1961;17,2416;15,5644;12,0809;10,0807;6,0009;1,7475;0,0;0,0;0,0;0,0;0,0;0,0;0,0;0,0;0,0;0,0;0,864;6,0848;14,1627;20,4967;27,5791;27,5587;30,8608;28,2665;25,1934;22,0587;18,3304;14,58;9,5275;2,9632;0,0529;0,0;0,0;0,0;0,0;0,0;0,0;0,0;0,0;0,0;0,4175;5,2195;13,7552;20,8181;28,3794;33,2717;35,9357;36,2929;33,0708;30,6618;25,218;18,88;11,4466;3,5302;0,0569;0,0;0,0;0,0;0,0;0,0;0,0;0,0;0,0;0,0;0,0001;3,187;11,7024;20,2786;27,0182;31,6168;32,9065;33,6751;29,6601;24,7003;18,9848;14,6604;7,8061;1,4382;0,0;0,0;0,0;0,0;0,0;0,0;0,0;0,0;0,0;0,0;0,0;0,6506;8,1689;16,6526;23,7402;28,7762;28,2607;26,7813;23,4593;19,8991;14,6568;9,1976;2,9298;0,0223;0,0;0,0;0,0;0,0;0,0;0,0;0,0;0,0;0,0;0,0;0,0;0,0124;4,8688;13,5836;19,7624;22,5555;26,0721;25,3122;21,7687;18,0141;10,8058;4,5164;0,1328;0,0;0,0;0,0;0,0;0,0;0,0;0,0;0,0;0,0;0,0;0,0;0,0;0,0;0,4612;5,6986;10,1712;13,8972;14,9813;14,2576;12,3031;8,3672;5,9504;0,5862;0,0;0,0;0,0;0,0;0,0;0,0;0,0;0,0;0,0;0,0;0,0;0,0;0,0;0,0;0,0;3,7474;8,9089;13,582;15,3448;16,9036;15,5691;11,3065;5,9874;0,2135;0,0;0,0;0,0;0,0;0,0;0,0;0,0;0,0
25;1;141;62,745;70158,7304;3236,5071;4493,548;6169,0223;6371,6446;6026,5087;7905,9441;9759,3038;8467,0702;6462,5321;5501,4697;2755,9891;3009,1907;0,0;0,0;0,0;0,0;0,0;0,0;0,0;4,2411;10,4486;14,3818;17,8026;17,5121;15,595;13,185;8,8111;2,4261;0,0;0,0;0,0;0,0;0,0;0,0;0,0;0,0;0,0;0,0;0,0;0,0;0,0;0,0;0,2229;7,6183;15,1533;22,1148;24,11;25,4697;23,8292;19,7218;14,744;7,2317;0,2681;0,0;0,0;0,0;0,0;0,0;0,0;0,0;0,0;0,0;0,0;0,0;0,0;0,0496;4,2227;12,6846;20,6272;25,6397;29,4631;28,7478;26,3998;21,1205;16,3927;10,1087;3,5444;0,0;0,0;0,0;0,0;0,0;0,0;0,0;0,0;0,0;0,0;0,0;0,0;2,3104;9,9171;18,23;25,1351;27,4906;27,8476;26,1986;24,3474;20,8443;15,2901;10,1109;4,3117;0,3543;0,0;0,0;0,0;0,0;0,0;0,0;0,0;0,0;0,0;0,0;0,3675;4,2418;11,0821;17,6878;23,0267;25,1148;24,9833;21,4109;18,2787;16,5006;12,8076;10,6871;6,3619;1,8527;0,0;0,0;0,0;0,0;0,0;0,0;0,0;0,0;0,0;0,0;0,9159;6,4507;15,0144;21,7295;29,238;29,2164;32,7171;29,9668;26,7088;23,3856;19,433;15,457;10,1006;3,1416;0,0561;0,0;0,0;0,0;0,0;0,0;0,0;0,0;0,0;0,0;0,4426;5,5332;14,5825;22,0703;30,0864;35,2729;38,0972;38,4759;35,06;32,5061;26,735;20,0158;12,1353;3,7427;0,0603;0,0;0,0;0,0;0,0;0,0;0,0;0,0;0,0;0,0;0,0001;3,3786;12,4063;21,4983;28,6433;33,5186;34,8858;35,7007;31,4441;26,186;20,1267;15,5423;8,2757;1,5248;0,0;0,0;0,0;0,0;0,0;0,0;0,0;0,0;0,0;0,0;0,0;0,6897;8,6602;17,6542;25,1681;30,5071;29,9605;28,3923;24,8704;21,096;15,5384;9,7509;3,1061;0,0237;0,0;0,0;0,0;0,0;0,0;0,0;0,0;0,0;0,0;0,0;0,0;0,0131;5,1616;14,4007;20,9511;23,9123;27,6403;26,8347;23,0781;19,0977;11,4558;4,7881;0,1333;0,0;0,0;0,0;0,0;0,0;0,0;0,0;0,0;0,0;0,0;0,0;0,0;0,0;0,489;6,0414;10,783;14,7332;15,8825;15,1152;13,0432;8,8704;6,3083;0,6002;0,0;0,0;0,0;0,0;0,0;0,0;0,0;0,0;0,0;0,0;0,0;0,0;0,0;0,0;0,0;3,9729;9,4448;14,399;16,2678;17,9204;16,5055;11,9865;6,3475;0,2263;0,0;0,0;0,0;0,0;0,0;0,0;0,0;0,0
28;1;149;66,305;74145,592;3429,1736;4749,546;6518,8826;6732,314;6368,4511;8354,5192;10313,0321;8946,7017;6829,2003;5813,6093;2910,2413;3179,9208;0,0;0,0;0,0;0,0;0,0;0,0;0,0;4,4814;11,0413;15,1977;18,8127;18,5057;16,4799;13,9331;9,311;2,8557;0,0;0,0;0,0;0,0;0,0;0,0;0,0;0,0;0,0;0,0;0,0;0,0;0,0;0,0;0,2356;8,0506;16,013;23,3694;25,478;26,9148;25,1812;20,8408;15,5806;7,642;0,3207;0,0;0,0;0,0;0,0;0,0;0,0;0,0;0,0;0,0;0,0;0,0;0,0;0,0524;4,4575;13,4044;21,7975;27,0944;31,1347;30,3789;27,8977;22,3189;17,3227;10,6822;3,7453;0,0;0,0;0,0;0,0;0,0;0,0;0,0;0,0;0,0;0,0;0,0;0,0;2,4133;10,4801;19,2645;26,5613;29,0504;29,4276;27,685;25,7288;22,027;16,1576;10,6845;4,5562;0,3743;0,0;0,0;0,0;0,0;0,0;0,0;0,0;0,0;0,0;0,0;0,3883;4,4829;11,7111;18,6915;24,3333;26,5398;26,4008;22,6257;19,3158;17,4368;13,5342;11,2933;6,7227;1,9576;0,0;0,0;0,0;0,0;0,0;0,0;0,0;0,0;0,0;0,0;0,9679;6,8171;15,8667;22,9626;30,897;30,8741;34,5734;31,667;28,2241;24,7124;20,5356;16,3339;10,6734;3,3194;0,0593;0,0;0,0;0,0;0,0;0,0;0,0;0,0;0,0;0,0;0,4677;5,8479;15,4104;23,3228;31,7937;37,2744;40,2587;40,6589;37,0492;34,3503;28,2517;21,1511;12,8233;3,9544;0,0637;0,0;0,0;0,0;0,0;0,0;0,0;0,0;0,0;0,0;0,0001;3,5446;13,1106;22,7183;30,2686;35,4205;36,8652;37,7262;33,2282;27,6717;21,2687;16,4239;8,7449;1,612;0,0;0,0;0,0;0,0;0,0;0,0;0,0;0,0;0,0;0,0;0,0;0,7288;9,1518;18,6561;26,5961;32,238;31,6604;30,0032;26,2814;22,293;16,4199;10,304;3,2821;0,025;0,0;0,0;0,0;0,0;0,0;0,0;0,0;0,0;0,0;0,0;0,0;0,0138;5,4545;15,2177;22,1398;25,269;29,2086;28,3573;24,3875;20,1813;12,1058;5,0597;0,1408;0,0;0,0;0,0;0,0;0,0;0,0;0,0;0,0;0,0;0,0;0,0;0,0;0,0;0,4235;6,3841;11,3947;15,569;16,7836;15,9728;13,7833;9,3737;6,6664;0,6569;0,0;0,0;0,0;0,0;0,0;0,0;0,0;0,0;0,0;0,0;0,0;0,0;0,0;0,0;0,0;4,1981;9,9805;15,2159;17,1907;18,9371;17,4421;12,6668;6,7078;0,2392;0,0;0,0;0,0;0,0;0,0;0,0;0,0;0,0
29;1;120;53,4;59714,6359;2761,7572;3825,1432;5250,1099;5422,0005;5128,9591;6728,4749;8305,8036;7205,4063;5500,0321;4682,1076;2343,8224;2561,0191;0,0;0,0;0,0;0,0;0,0;0,0;0,0;3,6092;8,8923;12,2398;15,1512;14,904;13,2724;11,2214;7,4988;2,2999;0,0;0,0;0,0;0,0;0,0;0,0;0,0;0,0;0,0;0,0;0,0;0,0;0,0;0,0;0,1897;6,4837;12,8964;18,8211;20,5192;21,6764;20,2802;16,7845;12,5481;6,1546;0,2583;0,0;0,0;0,0;0,0;0,0;0,0;0,0;0,0;0,0;0,0;0,0;0,0;0,0422;3,5899;10,7955;17,5551;21,821;25,0749;24,4662;22,468;17,975;13,9512;8,6031;3,0163;0,0;0,0;0,0;0,0;0,0;0,0;0,0;0,0;0,0;0,0;0,0;0,0;1,9436;8,4404;15,515;21,3917;23,3963;23,7001;22,2967;20,7212;17,7398;13,0129;8,605;3,6694;0,3014;0,0;0,0;0,0;0,0;0,0;0,0;0,0;0,0;0,0;0,0;0,3127;3,6104;9,4318;15,0536;19,5974;21,3744;21,2624;18,2221;15,5563;14,0431;10,9;9,0953;5,4143;1,5766;0,0;0,0;0,0;0,0;0,0;0,0;0,0;0,0;0,0;0,0;0,7795;5,4903;12,7785;18,4934;24,8835;24,8651;27,8443;25,5036;22,7309;19,9026;16,5387;13,1548;8,596;2,6734;0,0477;0,0;0,0;0,0;0,0;0,0;0,0;0,0;0,0;0,0;0,3766;4,7097;12,4111;18,7835;25,6056;30,0197;32,4232;32,7454;29,8383;27,6647;22,7531;17,0345;10,3275;3,1848;0,0513;0,0;0,0;0,0;0,0;0,0;0,0;0,0;0,0;0,0;0,0001;2,8547;10,5588;18,2966;24,3775;28,5266;29,6901;30,3836;26,761;22,286;17,1291;13,2273;7,0429;1,2983;0,0;0,0;0,0;0,0;0,0;0,0;0,0;0,0;0,0;0,0;0,0;0,587;7,3706;15,025;21,4197;25,9635;25,4984;24,1637;21,1663;17,9541;13,2242;8,2986;2,6433;0,0201;0,0;0,0;0,0;0,0;0,0;0,0;0,0;0,0;0,0;0,0;0,0;0,0111;4,3929;12,2559;17,8308;20,3509;23,5237;22,8381;19,641;16,2534;9,7496;4,0749;0,1134;0,0;0,0;0,0;0,0;0,0;0,0;0,0;0,0;0,0;0,0;0,0;0,0;0,0;0,3411;5,1416;9,177;12,5389;13,517;12,864;11,1006;7,5493;5,3689;0,529;0,0;0,0;0,0;0,0;0,0;0,0;0,0;0,0;0,0;0,0;0,0;0,0;0,0;0,0;0,0;3,381;8,038;12,2544;13,8449;15,2514;14,0474;10,2015;5,4023;0,1926;0,0;0,0;0,0;0,0;0,0;0,0;0,0;0,0
31;1;46;20,47;22889,0425;1058,6738;1466,341;2012,544;2078,2326;1966,1024;2579,2485;3183,892;2761,8623;2108,3459;1793,6101;898,4645;981,7254;0,0;0,0;0,0;0,0;0,0;0,0;0,0;1,3835;3,4087;4,6919;5,808;5,7132;5,0877;4,3015;2,8745;0,8816;0,0;0,0;0,0;0,0;0,0;0,0;0,0;0,0;0,0;0,0;0,0;0,0;0,0;0,0;0,0727;2,4854;4,9436;7,2147;7,8657;8,3093;7,7741;6,4341;4,8101;2,3593;0,1003;0,0;0,0;0,0;0,0;0,0;0,0;0,0;0,0;0,0;0,0;0,0;0,0;0,0162;1,3761;4,1383;6,7295;8,3647;9,6121;9,3787;8,6127;6,8904;5,3479;3,2979;1,1563;0,0;0,0;0,0;0,0;0,0;0,0;0,0;0,0;0,0;0,0;0,0;0,0;0,7394;3,2355;5,9474;8,2001;8,9686;9,085;8,547;7,9431;6,8003;4,9883;3,2986;1,4066;0,1145;0,0;0,0;0,0;0,0;0,0;0,0;0,0;0,0;0,0;0,0;0,1199;1,384;3,6155;5,7706;7,5123;8,1935;8,1506;6,9851;5,9633;5,3832;4,1783;3,4865;2,0755;0,6044;0,0;0,0;0,0;0,0;0,0;0,0;0,0;0,0;0,0;0,0;0,2988;2,1046;4,8984;7,0891;9,5387;9,5316;10,6737;9,7764;8,7135;7,6293;6,3398;5,0427;3,2951;1,0248;0,0183;0,0;0,0;0,0;0,0;0,0;0,0;0,0;0,0;0,0;0,1444;1,8054;4,7576;7,2004;9,8155;11,5075;12,4289;12,5524;11,438;10,6048;8,722;6,5299;3,9589;1,2208;0,0197;0,0;0,0;0,0;0,0;0,0;0,0;0,0;0,0;0,0;0,0;1,0878;4,0476;7,0137;9,3447;10,9352;11,3812;11,6471;10,2584;8,5429;6,5662;5,0705;2,6998;0,4974;0,0;0,0;0,0;0,0;0,0;0,0;0,0;0,0;0,0;0,0;0,0;0,225;2,8254;5,7596;8,2109;9,9527;9,7744;9,2627;8,1137;6,8824;5,0693;3,1811;1,0133;0,0077;0,0;0,0;0,0;0,0;0,0;0,0;0,0;0,0;0,0;0,0;0,0;0,0043;1,6428;4,6981;6,8351;7,8012;9,0174;8,7546;7,5291;6,2305;3,7374;1,562;0,0459;0,0;0,0;0,0;0,0;0,0;0,0;0,0;0,0;0,0;0,0;0,0;0,0;0,0;0,1307;1,9709;3,5178;4,8066;5,1815;4,9312;4,2552;2,8939;2,0581;0,2028;0,0;0,0;0,0;0,0;0,0;0,0;0,0;0,0;0,0;0,0;0,0;0,0;0,0;0,0;0,0;1,2961;3,0813;4,6975;5,3072;5,8464;5,3848;3,9106;2,0709;0,0738;0,0;0,0;0,0;0,0;0,0;0,0;0,0;0,0
34;1;88;39,16;43789,5074;2019,9482;2804,4862;3851,1205;3977,233;3761,2247;4934,2098;6090,9212;5284,7026;4033,3512;3433,5457;1720,6848;1878,0795;0,0;0,0;0,0;0,0;0,0;0,0;0,0;2,647;6,5212;8,9759;11,1109;10,9296;9,7331;8,2289;5,499;1,5141;0,0;0,0;0,0;0,0;0,0;0,0;0,0;0,0;0,0;0,0;0,0;0,0;0,0;0,0;0,1391;4,7547;9,4574;13,8022;15,0474;15,896;14,8721;12,3086;9,2019;4,5134;0,1673;0,0;0,0;0,0;0,0;0,0;0,0;0,0;0,0;0,0;0,0;0,0;0,0;0,031;2,6659;7,9166;12,8737;16,0021;18,3883;17,9419;16,4765;13,1816;10,2309;6,3091;2,2122;0,0;0,0;0,0;0,0;0,0;0,0;0,0;0,0;0,0;0,0;0,0;0,0;1,4621;6,1893;11,3775;15,6871;17,1573;17,3801;16,3509;15,1955;13,0093;9,5428;6,3104;2,691;0,2211;0,0;0,0;0,0;0,0;0,0;0,0;0,0;0,0;0,0;0,0;0,2293;2,6472;6,9164;11,0391;14,3713;15,6745;15,5924;13,3628;11,408;10,2983;7,9934;6,67;3,9707;1,1564;0,0;0,0;0,0;0,0;0,0;0,0;0,0;0,0;0,0;0,0;0,5716;4,0257;9,3706;13,5616;18,2478;18,2343;20,4192;18,7027;16,6693;14,5953;12,1284;9,647;6,3042;1,9609;0,035;0,0;0,0;0,0;0,0;0,0;0,0;0,0;0,0;0,0;0,2762;3,4531;9,1009;13,7743;18,7773;22,0143;23,777;24,0133;21,8815;20,2876;16,6858;12,4923;7,574;2,3361;0,0376;0,0;0,0;0,0;0,0;0,0;0,0;0,0;0,0;0,0;0,0001;2,1174;7,7427;13,4173;17,8766;20,9194;21,7727;22,2813;19,6247;16,3431;12,5614;9,7002;5,1652;0,9523;0,0;0,0;0,0;0,0;0,0;0,0;0,0;0,0;0,0;0,0;0,0;0,4304;5,4048;11,0182;15,7078;19,0399;18,6988;17,72;15,5219;13,1663;9,6978;6,0857;1,9386;0,0148;0,0;0,0;0,0;0,0;0,0;0,0;0,0;0,0;0,0;0,0;0,0;0,0082;3,2214;8,9876;13,0759;14,924;17,2507;16,7479;14,4034;11,9191;7,1498;2,9883;0,0832;0,0;0,0;0,0;0,0;0,0;0,0;0,0;0,0;0,0;0,0;0,0;0,0;0,0;0,3262;3,7706;6,7299;9,1952;9,9125;9,4336;8,1404;5,5361;3,9371;0,3746;0,0;0,0;0,0;0,0;0,0;0,0;0,0;0,0;0,0;0,0;0,0;0,0;0,0;0,0;0,0;2,4796;5,8947;8,9866;10,1529;11,1844;10,3013;7,4809;3,9615;0,1412;0,0;0,0;0,0;0,0;0,0;0,0;0,0;0,0
35;1;97;43,165;48267,0709;2226,5345;3091,31;4244,986;4383,3278;4145,896;5438,8443;6713,8524;5824,9433;4445,854;3784,7029;1896,6615;2070,1582;0,0;0,0;0,0;0,0;0,0;0,0;0,0;2,9177;7,1881;9,8939;12,2472;12,0474;10,7285;9,0705;6,0615;1,669;0,0;0,0;0,0;0,0;0,0;0,0;0,0;0,0;0,0;0,0;0,0;0,0;0,0;0,0;0,1534;5,241;10,4246;15,2138;16,5863;17,5218;16,3931;13,5675;10,143;4,975;0,1844;0,0;0,0;0,0;0,0;0,0;0,0;0,0;0,0;0,0;0,0;0,0;0,0;0,0341;2,9386;8,7262;14,1903;17,6387;20,2689;19,7769;18,1616;14,5298;11,2772;6,9543;2,4384;0,0;0,0;0,0;0,0;0,0;0,0;0,0;0,0;0,0;0,0;0,0;0,0;1,5893;6,8223;12,5412;17,2915;18,912;19,1576;18,0231;16,7496;14,3398;10,5188;6,9558;2,9662;0,2437;0,0;0,0;0,0;0,0;0,0;0,0;0,0;0,0;0,0;0,0;0,2528;2,918;7,6238;12,1682;15,8411;17,2776;17,1871;14,7295;12,5747;11,3515;8,8109;7,3521;4,3767;1,2747;0,0;0,0;0,0;0,0;0,0;0,0;0,0;0,0;0,0;0,0;0,6301;4,4375;10,3289;14,9486;20,1141;20,0992;22,5075;20,6154;18,3741;16,088;13,3688;10,6336;6,9489;2,1614;0,0386;0,0;0,0;0,0;0,0;0,0;0,0;0,0;0,0;0,0;0,3045;3,8064;10,0317;15,1831;20,6977;24,2658;26,2087;26,4692;24,1193;22,3624;18,3922;13,7699;8,3485;2,5749;0,0415;0,0;0,0;0,0;0,0;0,0;0,0;0,0;0,0;0,0;0,0001;2,3262;8,5346;14,7896;19,7049;23,0589;23,9995;24,56;21,6318;18,0145;13,8461;10,6922;5,6933;1,0497;0,0;0,0;0,0;0,0;0,0;0,0;0,0;0,0;0,0;0,0;0,0;0,4745;5,9576;12,1451;17,3143;20,9872;20,6112;19,5323;17,1094;14,5129;10,6896;6,7081;2,1369;0,0163;0,0;0,0;0,0;0,0;0,0;0,0;0,0;0,0;0,0;0,0;0,0;0,009;3,5509;9,9068;14,4132;16,4503;19,015;18,4608;15,8765;13,1382;7,881;3,294;0,0917;0,0;0,0;0,0;0,0;0,0;0,0;0,0;0,0;0,0;0,0;0,0;0,0;0,0;0,3595;4,1562;7,4181;10,1356;10,9262;10,3984;8,9729;6,1023;4,3398;0,4129;0,0;0,0;0,0;0,0;0,0;0,0;0,0;0,0;0,0;0,0;0,0;0,0;0,0;0,0;0,0;2,7332;6,4975;9,9057;11,1913;12,3282;11,3548;8,2461;4,3667;0,1557;0,0;0,0;0,0;0,0;0,0;0,0;0,0;0,0
36;1;57;25,365;28364,4591;1309,6114;1816,9476;2494,4791;2575,7783;2436,2549;3196,0285;3945,259;3422,8658;2612,5161;2224,1002;1114,1284;1216,4898;0,0;0,0;0,0;0,0;0,0;0,0;0,0;1,7145;4,2239;5,8139;7,1968;7,0794;6,3044;5,3302;3,5619;1,0205;0,0;0,0;0,0;0,0;0,0;0,0;0,0;0,0;0,0;0,0;0,0;0,0;0,0;0,0;0,0901;3,0798;6,1258;8,9401;9,7466;10,2963;9,6331;7,9727;5,9604;2,9235;0,1227;0,0;0,0;0,0;0,0;0,0;0,0;0,0;0,0;0,0;0,0;0,0;0,0;0,02;1,7269;5,1278;8,3387;10,365;11,9106;11,6215;10,6723;8,5381;6,6268;4,0865;1,4328;0,0;0,0;0,0;0,0;0,0;0,0;0,0;0,0;0,0;0,0;0,0;0,0;0,934;4,0091;7,3696;10,161;11,1132;11,2576;10,591;9,8426;8,4265;6,1812;4,0874;1,743;0,1432;0,0;0,0;0,0;0,0;0,0;0,0;0,0;0,0;0,0;0,0;0,1485;1,7148;4,48;7,1504;9,3087;10,1528;10,0997;8,6555;7,3893;6,6705;5,1775;4,3203;2,5718;0,749;0,0;0,0;0,0;0,0;0,0;0,0;0,0;0,0;0,0;0,0;0,3703;2,6078;6,0697;8,7843;11,8196;11,8109;13,2261;12,1142;10,7972;9,4538;7,8559;6,2486;4,0832;1,27;0,0227;0,0;0,0;0,0;0,0;0,0;0,0;0,0;0,0;0,0;0,1789;2,237;5,8951;8,9221;12,1626;14,2593;15,401;15,5541;14,1732;13,1408;10,8078;8,0915;4,9057;1,513;0,0244;0,0;0,0;0,0;0,0;0,0;0,0;0,0;0,0;0,0;0,0;1,3658;5,0153;8,6908;11,5792;13,5501;14,1028;14,4322;12,7115;10,5858;8,1363;6,2831;3,3455;0,6164;0,0;0,0;0,0;0,0;0,0;0,0;0,0;0,0;0,0;0,0;0,0;0,2788;3,5009;7,1368;10,1744;12,3327;12,1117;11,4777;10,054;8,5282;6,2815;3,9418;1,2556;0,0096;0,0;0,0;0,0;0,0;0,0;0,0;0,0;0,0;0,0;0,0;0,0;0,0053;2,0866;5,8216;8,4697;9,6667;11,1738;10,8481;9,3295;7,7204;4,6311;1,9356;0,0569;0,0;0,0;0,0;0,0;0,0;0,0;0,0;0,0;0,0;0,0;0,0;0,0;0,0;0,1977;2,4423;4,3591;5,956;6,4206;6,1104;5,2728;3,5859;2,5502;0,2426;0,0;0,0;0,0;0,0;0,0;0,0;0,0;0,0;0,0;0,0;0,0;0,0;0,0;0,0;0,0;1,6061;3,8181;5,8209;6,5764;7,2444;6,6725;4,8457;2,566;0,0915;0,0;0,0;0,0;0,0;0,0;0,0;0,0;0,0
40;1;139;61,855;69167,1212;3199,0333;4429,813;6081,2823;6279,8834;5941,041;7793,8179;9620,8872;8345,6221;6370,8698;5423,4365;2714,9234;2966,5113;0,0;0,0;0,0;0,0;0,0;0,0;0,0;4,1806;10,3002;14,1778;17,5501;17,2637;15,3738;12,9981;8,6861;2,6641;0,0;0,0;0,0;0,0;0,0;0,0;0,0;0,0;0,0;0,0;0,0;0,0;0,0;0,0;0,2198;7,5103;14,9383;21,8011;23,768;25,1085;23,4912;19,4421;14,5349;7,1291;0,2643;0,0;0,0;0,0;0,0;0,0;0,0;0,0;0,0;0,0;0,0;0,0;0,0;0,0489;4,1553;12,5048;20,3346;25,276;29,0451;28,34;26,0254;20,821;16,1601;9,9652;3,4939;0,0;0,0;0,0;0,0;0,0;0,0;0,0;0,0;0,0;0,0;0,0;0,0;2,2343;9,7768;17,9717;24,7787;27,1007;27,4526;25,827;24,002;20,5486;15,0732;9,9674;4,2503;0,3461;0,0;0,0;0,0;0,0;0,0;0,0;0,0;0,0;0,0;0,0;0,3622;4,1821;10,9252;17,4371;22,7003;24,7587;24,629;21,1072;18,0194;16,2666;12,6258;10,5354;6,2714;1,8261;0,0;0,0;0,0;0,0;0,0;0,0;0,0;0,0;0,0;0,0;0,9029;6,3598;14,8019;21,4215;28,8235;28,8021;32,253;29,5417;26,3299;23,0538;19,1573;15,2376;9,957;3,0966;0,0553;0,0;0,0;0,0;0,0;0,0;0,0;0,0;0,0;0,0;0,4363;5,4556;14,3763;21,7577;29,6599;34,7728;37,5568;37,9301;34,5627;32,045;26,3556;19,7316;11,9626;3,6889;0,0595;0,0;0,0;0,0;0,0;0,0;0,0;0,0;0,0;0,0;0,0001;3,287;12,2308;21,1937;28,2372;33,0433;34,391;35,1943;30,9981;25,8145;19,8412;15,3215;8,1579;1,5028;0,0;0,0;0,0;0,0;0,0;0,0;0,0;0,0;0,0;0,0;0,0;0,6799;8,5377;17,4041;24,8112;30,0744;29,5356;27,9896;24,5176;20,7968;15,318;9,6124;3,0618;0,0233;0,0;0,0;0,0;0,0;0,0;0,0;0,0;0,0;0,0;0,0;0,0;0,0129;5,0884;14,1964;20,6539;23,5731;27,2483;26,4541;22,7508;18,8269;11,2933;4,7201;0,1314;0,0;0,0;0,0;0,0;0,0;0,0;0,0;0,0;0,0;0,0;0,0;0,0;0,0;0,3951;5,9556;10,63;14,5242;15,6572;14,9008;12,8582;8,7446;6,219;0,6127;0,0;0,0;0,0;0,0;0,0;0,0;0,0;0,0;0,0;0,0;0,0;0,0;0,0;0,0;0,0;3,9163;9,3107;14,1947;16,037;17,6662;16,2715;11,8167;6,2577;0,2231;0,0;0,0;0,0;0,0;0,0;0,0;0,0;0,0
41;1;4;1,78;1989,9773;92,1186;127,5045;175,0014;180,6801;170,967;224,2829;276,861;240,0397;183,3347;155,6929;78,1276;85,3669;0,0;0,0;0,0;0,0;0,0;0,0;0,0;0,1203;0,2964;0,408;0,505;0,4968;0,4424;0,374;0,25;0,0786;0,0;0,0;0,0;0,0;0,0;0,0;0,0;0,0;0,0;0,0;0,0;0,0;0,0;0,0;0,0063;0,2161;0,4299;0,6274;0,684;0,7226;0,676;0,5595;0,4183;0,2052;0,0086;0,0;0,0;0,0;0,0;0,0;0,0;0,0;0,0;0,0;0,0;0,0;0,0;0,0014;0,1196;0,3599;0,5852;0,7274;0,8358;0,8156;0,7489;0,5992;0,465;0,2868;0,1005;0,0;0,0;0,0;0,0;0,0;0,0;0,0;0,0;0,0;0,0;0,0;0,0;0,0631;0,2814;0,5172;0,7131;0,7799;0,79;0,7432;0,6907;0,5913;0,4338;0,2868;0,1223;0,0099;0,0;0,0;0,0;0,0;0,0;0,0;0,0;0,0;0,0;0,0;0,0104;0,1204;0,3144;0,5018;0,6532;0,7125;0,7088;0,6074;0,5185;0,4681;0,3633;0,3032;0,1805;0,0525;0,0;0,0;0,0;0,0;0,0;0,0;0,0;0,0;0,0;0,0;0,026;0,183;0,426;0,6165;0,8295;0,8288;0,9281;0,8501;0,7577;0,6634;0,5513;0,4385;0,2865;0,0891;0,0016;0,0;0,0;0,0;0,0;0,0;0,0;0,0;0,0;0,0;0,0125;0,157;0,4137;0,6261;0,8535;1,0006;1,0808;1,0915;0,9946;0,9222;0,7584;0,5678;0,3442;0,1061;0,0017;0,0;0,0;0,0;0,0;0,0;0,0;0,0;0,0;0,0;0,0;0,0907;0,352;0,6099;0,8126;0,9509;0,9897;1,0128;0,892;0,7429;0,571;0,4409;0,2347;0,0431;0,0;0,0;0,0;0,0;0,0;0,0;0,0;0,0;0,0;0,0;0,0;0,0196;0,2457;0,5008;0,714;0,8655;0,85;0,8054;0,7055;0,5985;0,4408;0,2766;0,0881;0,0007;0,0;0,0;0,0;0,0;0,0;0,0;0,0;0,0;0,0;0,0;0,0;0,0004;0,134;0,4085;0,5944;0,6784;0,7841;0,7613;0,6547;0,5418;0,325;0,1358;0,004;0,0;0,0;0,0;0,0;0,0;0,0;0,0;0,0;0,0;0,0;0,0;0,0;0,0;0,0114;0,1714;0,3059;0,418;0,4506;0,4288;0,37;0,2516;0,179;0,0176;0,0;0,0;0,0;0,0;0,0;0,0;0,0;0,0;0,0;0,0;0,0;0,0;0,0;0,0;0,0;0,1127;0,2679;0,4085;0,4615;0,5084;0,4683;0,3401;0,1801;0,0064;0,0;0,0;0,0;0,0;0,0;0,0;0,0;0,0
43;1;171;76,095;85093,4449;3928,8371;5450,8475;7483,4422;7727,332;7308,7654;9588,0789;11835,785;10268,6343;7837,556;6672,3021;3342,3931;3649,4713;0,0;0,0;0,0;0,0;0,0;0,0;0,0;5,1435;12,6718;17,4418;21,5906;21,2383;18,9132;15,9904;10,6858;3,0615;0,0;0,0;0,0;0,0;0,0;0,0;0,0;0,0;0,0;0,0;0,0;0,0;0,0;0,0;0,2704;9,2393;18,3774;26,8202;29,2398;30,889;28,8994;23,918;17,881;8,7704;0,3681;0,0;0,0;0,0;0,0;0,0;0,0;0,0;0,0;0,0;0,0;0,0;0,0;0,0601;5,1805;15,3835;25,016;31,0951;35,7319;34,8644;32,017;25,6144;19,8805;12,2595;4,2985;0,0;0,0;0,0;0,0;0,0;0,0;0,0;0,0;0,0;0,0;0,0;0,0;2,802;12,0273;22,1088;30,4831;33,3397;33,7727;31,7729;29,5277;25,2794;18,5434;12,2622;5,229;0,4296;0,0;0,0;0,0;0,0;0,0;0,0;0,0;0,0;0,0;0,0;0,4456;5,1444;13,44;21,4513;27,9262;30,4585;30,299;25,9665;22,1678;20,0114;15,5326;12,9609;7,7155;2,2468;0,0;0,0;0,0;0,0;0,0;0,0;0,0;0,0;0,0;0,0;1,1108;7,8233;18,2091;26,3529;35,4589;35,4327;39,6782;36,3427;32,3915;28,3613;23,5677;18,7457;12,2497;3,8099;0,068;0,0;0,0;0,0;0,0;0,0;0,0;0,0;0,0;0,0;0,5367;6,7108;17,6852;26,7662;36,4879;42,778;46,203;46,6623;42,5197;39,4224;32,4233;24,2745;14,7172;4,539;0,0731;0,0;0,0;0,0;0,0;0,0;0,0;0,0;0,0;0,0;0,0001;4,0975;15,0459;26,0725;34,7377;40,6504;42,3084;43,2967;38,1345;31,7575;24,409;18,8491;10,0365;1,8502;0,0;0,0;0,0;0,0;0,0;0,0;0,0;0,0;0,0;0,0;0,0;0,8364;10,5028;21,4105;30,5232;36,9981;36,3352;34,4333;30,162;25,5846;18,8445;11,8256;3,7669;0,0287;0,0;0,0;0,0;0,0;0,0;0,0;0,0;0,0;0,0;0,0;0,0;0,0159;6,2598;17,4646;25,409;29,0001;33,5214;32,5443;27,9884;23,1612;13,8933;5,8068;0,1707;0,0;0,0;0,0;0,0;0,0;0,0;0,0;0,0;0,0;0,0;0,0;0,0;0,0;0,593;7,3269;13,0774;17,868;19,2618;18,3313;15,8184;10,7578;7,6507;0,7279;0,0;0,0;0,0;0,0;0,0;0,0;0,0;0,0;0,0;0,0;0,0;0,0;0,0;0,0;0,0;4,8182;11,4544;17,4627;19,7291;21,7333;20,0175;14,537;7,6981;0,2745;0,0;0,0;0,0;0,0;0,0;0,0;0,0;0,0
44;1;43;19,135;21392,2529;990,2754;1370,6794;1881,2639;1942,3113;1837,8838;2411,0457;2976,2499;2580,4174;1970,8487;1673,705;839,8713;917,7011;0,0;0,0;0,0;0,0;0,0;0,0;0,0;1,2932;3,1864;4,3859;5,4292;5,3406;4,756;4,021;2,6872;0,8448;0,0;0,0;0,0;0,0;0,0;0,0;0,0;0,0;0,0;0,0;0,0;0,0;0,0;0,0;0,068;2,3233;4,6212;6,7442;7,3527;7,7674;7,2671;6,0145;4,4965;2,2054;0,0926;0,0;0,0;0,0;0,0;0,0;0,0;0,0;0,0;0,0;0,0;0,0;0,0;0,0151;1,2855;3,8685;6,2906;7,8192;8,9852;8,7671;8,051;6,441;4,9992;3,0827;1,0807;0,0;0,0;0,0;0,0;0,0;0,0;0,0;0,0;0,0;0,0;0,0;0,0;0,6786;3,0246;5,5596;7,6654;8,3837;8,4926;7,9897;7,4251;6,3568;4,6629;3,0834;1,3148;0,1066;0,0;0,0;0,0;0,0;0,0;0,0;0,0;0,0;0,0;0,0;0,1121;1,2939;3,3799;5,3943;7,0224;7,6592;7,6191;6,5296;5,5744;5,0321;3,9058;3,2591;1,94;0,5648;0,0;0,0;0,0;0,0;0,0;0,0;0,0;0,0;0,0;0,0;0,2793;1,9677;4,5792;6,627;8,9167;8,91;9,9776;9,1388;8,1452;7,1318;5,9263;4,7137;3,08;0,9578;0,0171;0,0;0,0;0,0;0,0;0,0;0,0;0,0;0,0;0,0;0,135;1,6881;4,4476;6,7309;9,1754;10,7571;11,6183;11,7338;10,6921;9,9132;8,1531;6,1039;3,7004;1,1409;0,0184;0,0;0,0;0,0;0,0;0,0;0,0;0,0;0,0;0,0;0,0;0,9751;3,7839;6,5564;8,7353;10,2221;10,639;10,8875;9,5894;7,9858;6,1379;4,7397;2,5235;0,4638;0,0;0,0;0,0;0,0;0,0;0,0;0,0;0,0;0,0;0,0;0,0;0,2103;2,6413;5,384;7,6754;9,3036;9,1369;8,6587;7,5846;6,4335;4,7386;2,9736;0,9471;0,0072;0,0;0,0;0,0;0,0;0,0;0,0;0,0;0,0;0,0;0,0;0,0;0,004;1,441;4,3917;6,3894;7,2924;8,4294;8,1837;7,0381;5,8242;3,4936;1,4602;0,0429;0,0;0,0;0,0;0,0;0,0;0,0;0,0;0,0;0,0;0,0;0,0;0,0;0,0;0,1222;1,8424;3,2884;4,4931;4,8436;4,6096;3,9778;2,7052;1,9239;0,1896;0,0;0,0;0,0;0,0;0,0;0,0;0,0;0,0;0,0;0,0;0,0;0,0;0,0;0,0;0,0;1,2114;2,8803;4,3912;4,9611;5,4651;5,0337;3,6556;1,9359;0,069;0,0;0,0;0,0;0,0;0,0;0,0;0,0;0,0
45;1;66;29,37;32842,1394;1514,9612;2103,3659;2888,3406;2982,925;2820,9197;3700,6592;4568,1904;3963,5273;3025,0141;2575,1593;1290,5154;1408,5613;0,0;0,0;0,0;0,0;0,0;0,0;0,0;1,9853;4,8909;6,7319;8,3332;8,1972;7,2998;6,1717;4,1243;1,1356;0,0;0,0;0,0;0,0;0,0;0,0;0,0;0,0;0,0;0,0;0,0;0,0;0,0;0,0;0,1043;3,566;7,093;10,3517;11,2855;11,922;11,1541;9,2315;6,9015;3,385;0,1255;0,0;0,0;0,0;0,0;0,0;0,0;0,0;0,0;0,0;0,0;0,0;0,0;0,0232;1,9995;5,9374;9,6553;12,0016;13,7912;13,4564;12,3574;9,8862;7,6732;4,7318;1,6591;0,0;0,0;0,0;0,0;0,0;0,0;0,0;0,0;0,0;0,0;0,0;0,0;1,0966;4,642;8,5331;11,7653;12,868;13,0351;12,2632;11,3967;9,757;7,1571;4,7328;2,0183;0,1658;0,0;0,0;0,0;0,0;0,0;0,0;0,0;0,0;0,0;0,0;0,172;1,9854;5,1873;8,2794;10,7785;11,7559;11,6943;10,0221;8,556;7,7237;5,995;5,0025;2,978;0,8673;0,0;0,0;0,0;0,0;0,0;0,0;0,0;0,0;0,0;0,0;0,4287;3,0193;7,0279;10,1712;13,6859;13,6757;15,3144;14,027;12,502;10,9465;9,0963;7,2353;4,7281;1,4707;0,0262;0,0;0,0;0,0;0,0;0,0;0,0;0,0;0,0;0,0;0,2072;2,5898;6,8257;10,3307;14,083;16,5107;17,8327;18,01;16,4111;15,2157;12,5143;9,3692;5,6805;1,7521;0,0282;0,0;0,0;0,0;0,0;0,0;0,0;0,0;0,0;0,0;0,0001;1,588;5,807;10,063;13,4075;15,6895;16,3295;16,711;14,7186;12,2573;9,421;7,2752;3,8739;0,7142;0,0;0,0;0,0;0,0;0,0;0,0;0,0;0,0;0,0;0,0;0,0;0,3228;4,0536;8,2636;11,7808;14,2799;14,0241;13,29;11,6415;9,8748;7,2733;4,5643;1,454;0,0111;0,0;0,0;0,0;0,0;0,0;0,0;0,0;0,0;0,0;0,0;0,0;0,0061;2,4161;6,7407;9,8069;11,193;12,938;12,5609;10,8025;8,9394;5,3623;2,2413;0,0624;0,0;0,0;0,0;0,0;0,0;0,0;0,0;0,0;0,0;0,0;0,0;0,0;0,0;0,2446;2,8279;5,0474;6,8964;7,4344;7,0752;6,1053;4,1521;2,9528;0,2809;0,0;0,0;0,0;0,0;0,0;0,0;0,0;0,0;0,0;0,0;0,0;0,0;0,0;0,0;0,0;1,8597;4,421;6,74;7,6147;8,3883;7,726;5,6107;2,9711;0,1059;0,0;0,0;0,0;0,0;0,0;0,0;0,0;0,0
46;1;92;40,94;45767,2202;2118,7181;2932,6113;4024,7799;4155,6351;3932,2136;5158,51;6367,7858;5520,8892;4216,6966;3579,0028;1796,9313;1963,4465;0,0;0,0;0,0;0,0;0,0;0,0;0,0;2,7668;6,8173;9,3838;11,6159;11,4264;10,1756;8,6031;5,7493;1,8076;0,0;0,0;0,0;0,0;0,0;0,0;0,0;0,0;0,0;0,0;0,0;0,0;0,0;0,0;0,1455;4,9708;9,8872;14,4294;15,7314;16,6186;15,5482;12,8682;9,6203;4,7186;0,198;0,0;0,0;0,0;0,0;0,0;0,0;0,0;0,0;0,0;0,0;0,0;0,0;0,0324;2,7426;8,2767;13,459;16,7295;19,2241;18,7575;17,2254;13,7808;10,6959;6,5955;2,3122;0,0;0,0;0,0;0,0;0,0;0,0;0,0;0,0;0,0;0,0;0,0;0,0;1,452;6,4713;11,895;16,4003;17,9372;18,1701;17,0941;15,8862;13,6005;9,9764;6,597;2,8129;0,228;0,0;0,0;0,0;0,0;0,0;0,0;0,0;0,0;0,0;0,0;0,2398;2,7685;7,2314;11,5413;15,0247;16,387;16,3012;13,9703;11,9265;10,7663;8,3567;6,973;4,1507;1,2083;0,0;0,0;0,0;0,0;0,0;0,0;0,0;0,0;0,0;0,0;0,5976;4,2099;9,7974;14,1786;19,0776;19,0633;21,3474;19,5528;17,4269;15,2586;12,6795;10,0851;6,5898;2,0491;0,0366;0,0;0,0;0,0;0,0;0,0;0,0;0,0;0,0;0,0;0,2888;3,6117;9,5158;14,4011;19,6312;23,0151;24,8578;25,1049;22,876;21,2095;17,4439;13,0594;7,917;2,4409;0,0393;0,0;0,0;0,0;0,0;0,0;0,0;0,0;0,0;0,0;0,0001;2,0864;8,0958;14,0277;18,6895;21,8705;22,7625;23,2941;20,5167;17,0859;13,1322;10,1406;5,399;0,9922;0,0;0,0;0,0;0,0;0,0;0,0;0,0;0,0;0,0;0,0;0,0;0,45;5,6512;11,5193;16,4219;19,9054;19,5488;18,5255;16,2275;13,7648;10,1385;6,362;2,0263;0,0154;0,0;0,0;0,0;0,0;0,0;0,0;0,0;0,0;0,0;0,0;0,0;0,0085;3,0206;9,3962;13,6703;15,6023;18,0348;17,5092;15,0581;12,461;7,4747;3,1241;0,0918;0,0;0,0;0,0;0,0;0,0;0,0;0,0;0,0;0,0;0,0;0,0;0,0;0,0;0,2615;3,9417;7,0356;9,6131;10,363;9,8625;8,5106;5,7879;4,1162;0,4056;0,0;0,0;0,0;0,0;0,0;0,0;0,0;0,0;0,0;0,0;0,0;0,0;0,0;0,0;0,0;2,5918;6,1624;9,3949;10,6144;11,6928;10,7697;7,8213;4,142;0,1477;0,0;0,0;0,0;0,0;0,0;0,0;0,0;0,0
47;1;140;62,3;69663,8983;3219,658;4462,7878;6125,1433;6325,0671;5983,7912;7849,8992;9690,1164;8405,6756;6416,7147;5462,7025;2734,4699;2987,8726;0,0;0,0;0,0;0,0;0,0;0,0;0,0;4,2108;10,3745;14,2798;17,6765;17,388;15,4845;13,0916;8,7487;2,6055;0,0;0,0;0,0;0,0;0,0;0,0;0,0;0,0;0,0;0,0;0,0;0,0;0,0;0,0;0,2213;7,5644;15,0458;21,958;23,939;25,2892;23,6603;19,582;14,6395;7,1804;0,3052;0,0;0,0;0,0;0,0;0,0;0,0;0,0;0,0;0,0;0,0;0,0;0,0;0,0492;4,1882;12,5947;20,481;25,458;29,2542;28,544;26,2127;20,9708;16,2764;10,0369;3,5191;0,0;0,0;0,0;0,0;0,0;0,0;0,0;0,0;0,0;0,0;0,0;0,0;2,2504;9,847;18,1009;24,9569;27,2957;27,6501;26,0129;24,1748;20,6966;15,1817;10,0391;4,2809;0,3486;0,0;0,0;0,0;0,0;0,0;0,0;0,0;0,0;0,0;0,0;0,3649;4,2121;11,0037;17,5625;22,8636;24,9368;24,8062;21,2591;18,1491;16,3836;12,7167;10,6112;6,3167;1,8394;0,0;0,0;0,0;0,0;0,0;0,0;0,0;0,0;0,0;0,0;0,9094;6,4054;14,9083;21,5757;29,0308;29,0093;32,4851;29,7542;26,5194;23,2197;19,2952;15,3473;10,0287;3,119;0,0557;0,0;0,0;0,0;0,0;0,0;0,0;0,0;0,0;0,0;0,4394;5,4947;14,4796;21,9141;29,8733;35,023;37,8271;38,203;34,8114;32,2756;26,5453;19,8736;12,0488;3,7157;0,0599;0,0;0,0;0,0;0,0;0,0;0,0;0,0;0,0;0,0;0,0001;3,3105;12,3186;21,3461;28,4404;33,2811;34,6385;35,4476;31,2212;26,0003;19,984;15,432;8,2167;1,5137;0,0;0,0;0,0;0,0;0,0;0,0;0,0;0,0;0,0;0,0;0,0;0,6848;8,599;17,5292;24,9897;30,2908;29,7482;28,191;24,694;20,9465;15,4282;9,6817;3,0839;0,0235;0,0;0,0;0,0;0,0;0,0;0,0;0,0;0,0;0,0;0,0;0,0;0,013;5,1251;14,2986;20,8027;23,7427;27,4444;26,6444;22,9145;18,9624;11,3746;4,754;0,1398;0,0;0,0;0,0;0,0;0,0;0,0;0,0;0,0;0,0;0,0;0,0;0,0;0,0;0,3979;5,9985;10,7066;14,6287;15,7699;15,0081;12,9507;8,8076;6,2637;0,6172;0,0;0,0;0,0;0,0;0,0;0,0;0,0;0,0;0,0;0,0;0,0;0,0;0,0;0,0;0,0;3,9446;9,3778;14,2969;16,1525;17,7933;16,3887;11,9017;6,3027;0,2247;0,0;0,0;0,0;0,0;0,0;0,0;0,0;0,0
48;1;141;62,745;70161,877;3242,5299;4494,6667;6168,8956;6370,2455;6026,5319;7905,9733;9759,3296;8465,7177;6462,548;5501,7258;2754,4964;3009,2166;0,0;0,0;0,0;0,0;0,0;0,0;0,0;4,241;10,4486;14,3818;17,8027;17,5123;15,5951;13,1851;8,8111;2,6199;0,0;0,0;0,0;0,0;0,0;0,0;0,0;0,0;0,0;0,0;0,0;0,0;0,0;0,0;0,2229;7,6184;15,1533;22,1149;24,11;25,4699;23,8293;19,7219;14,744;7,2317;0,3074;0,0;0,0;0,0;0,0;0,0;0,0;0,0;0,0;0,0;0,0;0,0;0,0;0,0496;4,2181;12,6847;20,6273;25,6398;29,4631;28,7479;26,4;21,1206;16,3927;10,1086;3,5443;0,0;0,0;0,0;0,0;0,0;0,0;0,0;0,0;0,0;0,0;0,0;0,0;2,2663;9,9174;18,2301;25,1352;27,4907;27,8476;26,1987;24,3474;20,8444;15,2901;10,1109;4,3115;0,3511;0,0;0,0;0,0;0,0;0,0;0,0;0,0;0,0;0,0;0,0;0,3675;4,2421;11,0823;17,688;23,0269;25,1149;24,9834;21,411;18,2787;16,5006;12,8075;10,687;6,3618;1,8525;0,0;0,0;0,0;0,0;0,0;0,0;0,0;0,0;0,0;0,0;0,9159;6,4511;15,0147;21,7298;29,2382;29,2165;32,7172;29,9668;26,7088;23,3856;19,433;15,457;10,1005;3,1414;0,0561;0,0;0,0;0,0;0,0;0,0;0,0;0,0;0,0;0,0;0,4426;5,5338;14,5828;22,0706;30,0866;35,2731;38,0972;38,4759;35,0601;32,5062;26,7349;20,0156;12,1349;3,7424;0,0603;0,0;0,0;0,0;0,0;0,0;0,0;0,0;0,0;0,0;0,0001;3,3341;12,4065;21,4985;28,6435;33,5188;34,886;35,7008;31,4442;26,186;20,1267;15,5422;8,2755;1,5246;0,0;0,0;0,0;0,0;0,0;0,0;0,0;0,0;0,0;0,0;0,0;0,6897;8,6604;17,6544;25,1682;30,5072;29,9606;28,3924;24,8704;21,0961;15,5384;9,7508;3,1059;0,0237;0,0;0,0;0,0;0,0;0,0;0,0;0,0;0,0;0,0;0,0;0,0;0,0131;5,1617;14,4007;20,9513;23,9123;27,6405;26,8348;23,0782;19,0978;11,4559;4,788;0,1408;0,0;0,0;0,0;0,0;0,0;0,0;0,0;0,0;0,0;0,0;0,0;0,0;0,0;0,4171;6,0414;10,783;14,7333;15,8825;15,1153;13,0433;8,8705;6,3085;0,6216;0,0;0,0;0,0;0,0;0,0;0,0;0,0;0,0;0,0;0,0;0,0;0,0;0,0;0,0;0,0;3,9728;9,4448;14,3991;16,2678;17,9205;16,5057;11,9868;6,3477;0,2263;0,0;0,0;0,0;0,0;0,0;0,0;0,0;0,0
50;1;7;3,115;3481,9212;161,3598;223,1426;306,2341;316,0083;299,1909;392,4967;484,5058;419,9058;320,8375;272,0316;136,8156;149,3925;0,0;0,0;0,0;0,0;0,0;0,0;0,0;0,2105;0,5187;0,714;0,8838;0,8694;0,7742;0,6546;0,4374;0,1424;0,0;0,0;0,0;0,0;0,0;0,0;0,0;0,0;0,0;0,0;0,0;0,0;0,0;0,0;0,0111;0,3782;0,7523;1,0979;1,1969;1,2645;1,183;0,9791;0,732;0,359;0,0154;0,0;0,0;0,0;0,0;0,0;0,0;0,0;0,0;0,0;0,0;0,0;0,0;0,0025;0,2087;0,6298;1,0241;1,2729;1,4627;1,4272;1,3106;1,0485;0,8138;0,5018;0,1759;0,0;0,0;0,0;0,0;0,0;0,0;0,0;0,0;0,0;0,0;0,0;0,0;0,1044;0,4924;0,9051;1,2479;1,3648;1,3825;1,3006;1,2087;1,0348;0,7591;0,502;0,214;0,0173;0,0;0,0;0,0;0,0;0,0;0,0;0,0;0,0;0,0;0,0;0,0182;0,2107;0,5502;0,8781;1,1432;1,2468;1,2403;1,063;0,9075;0,8192;0,6358;0,5305;0,3158;0,0919;0,0;0,0;0,0;0,0;0,0;0,0;0,0;0,0;0,0;0,0;0,0455;0,3203;0,7455;1,0788;1,4516;1,4505;1,6243;1,4877;1,326;1,161;0,9647;0,7673;0,5014;0,1559;0,0028;0,0;0,0;0,0;0,0;0,0;0,0;0,0;0,0;0,0;0,022;0,2748;0,724;1,0957;1,4937;1,7512;1,8914;1,9101;1,7406;1,6138;1,3272;0,9936;0,6024;0,1857;0,003;0,0;0,0;0,0;0,0;0,0;0,0;0,0;0,0;0,0;0,0;0,1535;0,616;1,0673;1,422;1,6641;1,7319;1,7724;1,5611;1,3;0,9992;0,7716;0,4108;0,0755;0,0;0,0;0,0;0,0;0,0;0,0;0,0;0,0;0,0;0,0;0,0;0,0342;0,43;0,8765;1,2495;1,5146;1,4874;1,4096;1,2347;1,0473;0,7714;0,4841;0,1542;0,0012;0,0;0,0;0,0;0,0;0,0;0,0;0,0;0,0;0,0;0,0;0,0;0,0007;0,2206;0,7149;1,0401;1,1871;1,3722;1,3322;1,1457;0,9481;0,5687;0,2377;0,007;0,0;0,0;0,0;0,0;0,0;0,0;0,0;0,0;0,0;0,0;0,0;0,0;0,0;0,0199;0,2999;0,5353;0,7314;0,7885;0,7504;0,6475;0,4404;0,3132;0,0339;0,0;0,0;0,0;0,0;0,0;0,0;0,0;0,0;0,0;0,0;0,0;0,0;0,0;0,0;0,0;0,1972;0,4689;0,7148;0,8076;0,8897;0,8194;0,5951;0,3151;0,0112;0,0;0,0;0,0;0,0;0,0;0,0;0,0;0,0
51;1;80;35,6;39789,2172;1844,108;2550,1663;3499,8127;3610,6021;3419,322;4485,6693;5537,2126;4797,4252;3666,703;3107,2339;1563,6099;1707,3522;0,0;0,0;0,0;0,0;0,0;0,0;0,0;2,4058;5,9281;8,1598;10,1008;9,936;8,8484;7,4811;4,9994;1,6279;0,0;0,0;0,0;0,0;0,0;0,0;0,0;0,0;0,0;0,0;0,0;0,0;0,0;0,0;0,1265;4,3224;8,5975;12,5474;13,6794;14,451;13,5202;11,1898;8,3655;4,1032;0,1744;0,0;0,0;0,0;0,0;0,0;0,0;0,0;0,0;0,0;0,0;0,0;0,0;0,0281;2,3848;7,1972;11,7035;14,5474;16,7167;16,3109;14,9787;11,9833;9,3008;5,7352;2,0106;0,0;0,0;0,0;0,0;0,0;0,0;0,0;0,0;0,0;0,0;0,0;0,0;1,1625;5,6274;10,3436;14,2612;15,5976;15,8001;14,8645;13,8141;11,8266;8,6752;5,7364;2,4459;0,1983;0,0;0,0;0,0;0,0;0,0;0,0;0,0;0,0;0,0;0,0;0,2085;2,4075;6,2883;10,036;13,065;14,2496;14,175;12,1481;10,3709;9,362;7,2666;6,0634;3,6092;1,0506;0,0;0,0;0,0;0,0;0,0;0,0;0,0;0,0;0,0;0,0;0,5197;3,6611;8,5197;12,3293;16,5893;16,5768;18,563;17,0024;15,1539;13,2684;11,0256;8,7696;5,7301;1,7817;0,0318;0,0;0,0;0,0;0,0;0,0;0,0;0,0;0,0;0,0;0,2511;3,1409;8,2748;12,5228;17,0707;20,0133;21,6156;21,8303;19,8922;18,443;15,1685;11,3559;6,8841;2,1223;0,0342;0,0;0,0;0,0;0,0;0,0;0,0;0,0;0,0;0,0;0,0001;1,7061;7,04;12,1982;16,2518;19,0179;19,7935;20,2558;17,8407;14,8573;11,4193;8,8179;4,6946;0,8627;0,0;0,0;0,0;0,0;0,0;0,0;0,0;0,0;0,0;0,0;0,0;0,3913;4,9142;10,0169;14,2799;17,3091;16,999;16,1092;14,1109;11,9694;8,816;5,5322;1,7619;0,0134;0,0;0,0;0,0;0,0;0,0;0,0;0,0;0,0;0,0;0,0;0,0;0,0074;2,4668;8,1707;11,8872;13,5673;15,6825;15,2254;13,0941;10,8357;6,4998;2,7166;0,0799;0,0;0,0;0,0;0,0;0,0;0,0;0,0;0,0;0,0;0,0;0,0;0,0;0,0;0,2274;3,4276;6,118;8,3592;9,0114;8,5761;7,4005;5,033;3,5794;0,3879;0,0;0,0;0,0;0,0;0,0;0,0;0,0;0,0;0,0;0,0;0,0;0,0;0,0;0,0;0,0;2,2538;5,3586;8,1695;9,2299;10,1677;9,3651;6,8012;3,6018;0,1284;0,0;0,0;0,0;0,0;0,0;0,0;0,0;0,0
52;1;64;28,48;31834,6021;1475,2883;2040,167;2799,8542;2889,2117;2735,4574;3588,538;4429,773;3839,634;2933,3635;2487,1425;1250,2882;1365,8843;0,0;0,0;0,0;0,0;0,0;0,0;0,0;1,9247;4,7425;6,5279;8,0806;7,9488;7,0787;5,9849;3,9995;1,3023;0,0;0,0;0,0;0,0;0,0;0,0;0,0;0,0;0,0;0,0;0,0;0,0;0,0;0,0;0,1012;3,458;6,878;10,0379;10,9436;11,5608;10,8162;8,9518;6,6924;3,2825;0,1407;0,0;0,0;0,0;0,0;0,0;0,0;0,0;0,0;0,0;0,0;0,0;0,0;0,0225;1,9079;5,7577;9,3628;11,6379;13,3734;13,0487;11,983;9,5867;7,4406;4,5882;1,6085;0,0;0,0;0,0;0,0;0,0;0,0;0,0;0,0;0,0;0,0;0,0;0,0;0,9543;4,5019;8,2749;11,409;12,4781;12,6401;11,8916;11,0513;9,4613;6,9401;4,5892;1,9568;0,1586;0,0;0,0;0,0;0,0;0,0;0,0;0,0;0,0;0,0;0,0;0,1668;1,926;5,0306;8,0288;10,452;11,3997;11,34;9,7185;8,2967;7,4896;5,8133;4,8508;2,8874;0,8405;0,0;0,0;0,0;0,0;0,0;0,0;0,0;0,0;0,0;0,0;0,4157;2,9287;6,8157;9,8634;13,2714;13,2615;14,8504;13,602;12,1231;10,6147;8,8205;7,0157;4,5842;1,4254;0,0255;0,0;0,0;0,0;0,0;0,0;0,0;0,0;0,0;0,0;0,2009;2,5126;6,6198;10,0182;13,6565;16,0106;17,2924;17,4643;15,9138;14,7545;12,1348;9,0848;5,5074;1,6979;0,0274;0,0;0,0;0,0;0,0;0,0;0,0;0,0;0,0;0,0;0,0001;1,4195;5,6319;9,7585;13,0014;15,2143;15,8348;16,2046;14,2725;11,8858;9,1354;7,0543;3,7558;0,6902;0,0;0,0;0,0;0,0;0,0;0,0;0,0;0,0;0,0;0,0;0,0;0,313;3,9313;8,0135;11,424;13,8473;13,5992;12,8874;11,2887;9,5755;7,0528;4,4258;1,4096;0,0107;0,0;0,0;0,0;0,0;0,0;0,0;0,0;0,0;0,0;0,0;0,0;0,0059;2,0171;6,5365;9,5098;10,8538;12,546;12,1803;10,4753;8,6686;5,1998;2,1732;0,0639;0,0;0,0;0,0;0,0;0,0;0,0;0,0;0,0;0,0;0,0;0,0;0,0;0,0;0,1819;2,7421;4,8944;6,6874;7,2091;6,8609;5,9204;4,0264;2,8635;0,2903;0,0;0,0;0,0;0,0;0,0;0,0;0,0;0,0;0,0;0,0;0,0;0,0;0,0;0,0;0,0;1,803;4,2869;6,5357;7,384;8,1341;7,492;5,4409;2,8814;0,1027;0,0;0,0;0,0;0,0;0,0;0,0;0,0;0,0
53;1;21;9,345;10446,9054;483,6235;669,404;918,7014;948,5723;897,571;1177,4897;1453,5199;1260,2123;962,5085;816,9505;410,171;448,1813;0,0;0,0;0,0;0,0;0,0;0,0;0,0;0,6316;1,5561;2,142;2,6515;2,6082;2,3227;1,9638;1,3123;0,4126;0,0;0,0;0,0;0,0;0,0;0,0;0,0;0,0;0,0;0,0;0,0;0,0;0,0;0,0;0,0332;1,1346;2,2569;3,2937;3,5909;3,7934;3,549;2,9373;2,196;1,0771;0,0452;0,0;0,0;0,0;0,0;0,0;0,0;0,0;0,0;0,0;0,0;0,0;0,0;0,0074;0,626;1,8893;3,0722;3,8187;4,3881;4,2816;3,9319;3,1456;2,4414;1,5055;0,5278;0,0;0,0;0,0;0,0;0,0;0,0;0,0;0,0;0,0;0,0;0,0;0,0;0,3314;1,4772;2,7152;3,7436;4,0944;4,1475;3,9019;3,6262;3,1045;2,2772;1,5058;0,6421;0,0521;0,0;0,0;0,0;0,0;0,0;0,0;0,0;0,0;0,0;0,0;0,0547;0,6319;1,6507;2,6344;3,4296;3,7405;3,7209;3,1889;2,7224;2,4575;1,9075;1,5916;0,9474;0,2758;0,0;0,0;0,0;0,0;0,0;0,0;0,0;0,0;0,0;0,0;0,1364;0,961;2,2364;3,2364;4,3547;4,3514;4,8728;4,4632;3,9779;3,483;2,8942;2,302;1,5042;0,4677;0,0084;0,0;0,0;0,0;0,0;0,0;0,0;0,0;0,0;0,0;0,0659;0,8244;2,1721;3,2872;4,481;5,2535;5,6741;5,7305;5,2217;4,8413;3,9818;2,981;1,8072;0,5572;0,009;0,0;0,0;0,0;0,0;0,0;0,0;0,0;0,0;0,0;0,0;0,4762;1,848;3,202;4,2661;4,9922;5,1958;5,3171;4,6832;3,9;2,9976;2,3147;1,2324;0,2267;0,0;0,0;0,0;0,0;0,0;0,0;0,0;0,0;0,0;0,0;0,0;0,1027;1,2899;2,6294;3,7485;4,5436;4,4622;4,2287;3,7041;3,142;2,3142;1,4522;0,4625;0,0035;0,0;0,0;0,0;0,0;0,0;0,0;0,0;0,0;0,0;0,0;0,0;0,002;0,6895;2,1448;3,1204;3,5614;4,1167;3,9967;3,4372;2,8444;1,7062;0,7131;0,021;0,0;0,0;0,0;0,0;0,0;0,0;0,0;0,0;0,0;0,0;0,0;0,0;0,0;0,0597;0,8997;1,606;2,1943;2,3655;2,2512;1,9426;1,3212;0,9396;0,0926;0,0;0,0;0,0;0,0;0,0;0,0;0,0;0,0;0,0;0,0;0,0;0,0;0,0;0,0;0,0;0,5916;1,4066;2,1445;2,4229;2,669;2,4583;1,7853;0,9455;0,0337;0,0;0,0;0,0;0,0;0,0;0,0;0,0;0,0
54;1;81;36,045;40290,6741;1867,163;2582,0866;3543,5662;3656,6595;3462,0636;4541,7432;5606,4328;4859,5375;3712,5374;3147,7904;1582,3964;1728,6975;0,0;0,0;0,0;0,0;0,0;0,0;0,0;2,436;6,0022;8,2618;10,2271;10,0602;8,959;7,5746;5,0619;1,6482;0,0;0,0;0,0;0,0;0,0;0,0;0,0;0,0;0,0;0,0;0,0;0,0;0,0;0,0;0,1281;4,3765;8,705;12,7043;13,8504;14,6317;13,6892;11,3297;8,4701;4,1544;0,178;0,0;0,0;0,0;0,0;0,0;0,0;0,0;0,0;0,0;0,0;0,0;0,0;0,0285;2,4147;7,2872;11,8498;14,7293;16,9257;16,5147;15,1659;12,1331;9,417;5,8069;2,0357;0,0;0,0;0,0;0,0;0,0;0,0;0,0;0,0;0,0;0,0;0,0;0,0;1,2078;5,6977;10,4729;14,4395;15,7926;15,9976;15,0503;13,9868;11,9744;8,7836;5,8082;2,4765;0,2008;0,0;0,0;0,0;0,0;0,0;0,0;0,0;0,0;0,0;0,0;0,2111;2,4376;6,3668;10,1614;13,2283;14,4277;14,3522;12,2999;10,5005;9,4791;7,3575;6,1392;3,6544;1,0638;0,0;0,0;0,0;0,0;0,0;0,0;0,0;0,0;0,0;0,0;0,5262;3,7067;8,6261;12,4834;16,7966;16,784;18,795;17,215;15,3433;13,4342;11,1635;8,8793;5,8018;1,804;0,0322;0,0;0,0;0,0;0,0;0,0;0,0;0,0;0,0;0,0;0,2542;3,18;8,3782;12,6793;17,284;20,2635;21,8857;22,1032;20,1409;18,6736;15,3581;11,4979;6,9703;2,1489;0,0347;0,0;0,0;0,0;0,0;0,0;0,0;0,0;0,0;0,0;0,0001;1,7965;7,1279;12,3506;16,4549;19,2556;20,0409;20,509;18,0637;15,043;11,562;8,9281;4,7534;0,8735;0,0;0,0;0,0;0,0;0,0;0,0;0,0;0,0;0,0;0,0;0,0;0,3962;4,9756;10,1421;14,4584;17,5255;17,2114;16,3106;14,2873;12,119;8,9263;5,6013;1,784;0,0136;0,0;0,0;0,0;0,0;0,0;0,0;0,0;0,0;0,0;0,0;0,0;0,0075;2,553;8,2728;12,0358;13,7369;15,8786;15,4157;13,2578;10,9711;6,581;2,7505;0,0809;0,0;0,0;0,0;0,0;0,0;0,0;0,0;0,0;0,0;0,0;0,0;0,0;0,0;0,2302;3,4705;6,1944;8,4637;9,124;8,6833;7,493;5,0959;3,6241;0,3674;0,0;0,0;0,0;0,0;0,0;0,0;0,0;0,0;0,0;0,0;0,0;0,0;0,0;0,0;0,0;2,2819;5,4256;8,2717;9,3453;10,2947;9,4821;6,8862;3,6468;0,13;0,0;0,0;0,0;0,0;0,0;0,0;0,0;0,0
55;1;135;60,075;67158,6491;3109,0079;4303,3067;5905,9402;6097,9668;5770,1001;7569,5682;9344,0532;8101,3606;6187,5578;5251,8151;2636,8125;2881,16;0,0;0,0;0,0;0,0;0,0;0,0;0,0;4,0601;10,0037;13,7697;17,0451;16,7671;14,9316;12,6243;8,4364;2,6525;0,0;0,0;0,0;0,0;0,0;0,0;0,0;0,0;0,0;0,0;0,0;0,0;0,0;0,0;0,2134;7,2942;14,5084;21,1738;23,0841;24,3861;22,8153;18,8828;14,1168;6,9241;0,2905;0,0;0,0;0,0;0,0;0,0;0,0;0,0;0,0;0,0;0,0;0,0;0,0;0,0475;4,0244;12,1452;19,7496;24,5488;28,2094;27,5246;25,2766;20,2219;15,6951;9,6783;3,393;0,0;0,0;0,0;0,0;0,0;0,0;0,0;0,0;0,0;0,0;0,0;0,0;2,1306;9,4959;17,4547;24,0657;26,321;26,6627;25,0839;23,3113;19,9573;14,6394;9,6804;4,1276;0,3351;0,0;0,0;0,0;0,0;0,0;0,0;0,0;0,0;0,0;0,0;0,3518;4,0625;10,6113;16,9356;22,0471;24,0462;23,9203;20,4999;17,5009;15,7984;12,2625;10,2321;6,0906;1,7731;0,0;0,0;0,0;0,0;0,0;0,0;0,0;0,0;0,0;0,0;0,877;6,1776;14,3767;20,8056;27,9943;27,9734;31,325;28,6917;25,5722;22,3904;18,6058;14,7988;9,6698;3,0068;0,0537;0,0;0,0;0,0;0,0;0,0;0,0;0,0;0,0;0,0;0,4237;5,2998;13,9635;21,132;28,8066;33,7723;36,4762;36,8387;33,5681;31,1228;25,597;19,1633;11,6174;3,5819;0,0577;0,0;0,0;0,0;0,0;0,0;0,0;0,0;0,0;0,0;0,0001;3,0616;11,8797;20,5842;27,4249;32,0927;33,4015;34,1816;30,1061;25,0717;19,2701;14,8803;7,9224;1,4574;0,0;0,0;0,0;0,0;0,0;0,0;0,0;0,0;0,0;0,0;0,0;0,6604;8,2925;16,9034;24,0974;29,2091;28,6857;27,1843;23,8121;20,1983;14,8771;9,3356;2,9734;0,0226;0,0;0,0;0,0;0,0;0,0;0,0;0,0;0,0;0,0;0,0;0,0;0,0125;4,4324;13,788;20,0597;22,8948;26,4643;25,6929;22,0963;18,2852;10,9684;4,5842;0,1347;0,0;0,0;0,0;0,0;0,0;0,0;0,0;0,0;0,0;0,0;0,0;0,0;0,0;0,3837;5,7841;10,324;14,1062;15,2067;14,4721;12,4883;8,4931;6,0401;0,5952;0,0;0,0;0,0;0,0;0,0;0,0;0,0;0,0;0,0;0,0;0,0;0,0;0,0;0,0;0,0;3,8033;9,0427;13,7862;15,5756;17,1579;15,8035;11,4769;6,0779;0,2167;0,0;0,0;0,0;0,0;0,0;0,0;0,0;0,0
56;1;203;90,335;100965,135;4679,4245;6471,0454;8880,7742;9161,9006;8676,5291;11382,3853;14050,6804;12173,4704;9304,2584;7884,6043;3967,6609;4332,4015;0,0;0,0;0,0;0,0;0,0;0,0;0,0;6,1048;15,0425;20,7055;25,6308;25,2127;22,4528;18,9832;12,6861;4,1308;0,0;0,0;0,0;0,0;0,0;0,0;0,0;0,0;0,0;0,0;0,0;0,0;0,0;0,0;0,3209;10,9682;21,8162;31,8389;34,7116;36,6695;34,3075;28,3941;21,2275;10,4118;0,4424;0,0;0,0;0,0;0,0;0,0;0,0;0,0;0,0;0,0;0,0;0,0;0,0;0,0714;6,0515;18,2629;29,6976;36,9141;42,4185;41,3888;38,0084;30,4077;23,6007;14,5531;5,1018;0,0;0,0;0,0;0,0;0,0;0,0;0,0;0,0;0,0;0,0;0,0;0,0;2,9498;14,2795;26,247;36,1878;39,579;40,0927;37,7187;35,0533;30,0099;22,0132;14,5561;6,2064;0,5031;0,0;0,0;0,0;0,0;0,0;0,0;0,0;0,0;0,0;0,0;0,529;6,1092;15,9566;25,4663;33,1525;36,1584;35,969;30,8257;26,3161;23,7562;18,4391;15,3859;9,1582;2,6658;0,0;0,0;0,0;0,0;0,0;0,0;0,0;0,0;0,0;0,0;1,3187;9,29;21,6188;31,2857;42,0952;42,0637;47,1036;43,1437;38,453;33,6685;27,9776;22,2528;14,54;4,5209;0,0808;0,0;0,0;0,0;0,0;0,0;0,0;0,0;0,0;0,0;0,6372;7,9702;20,9975;31,7766;43,3169;50,7837;54,8495;55,3945;50,4765;46,7992;38,49;28,8156;17,4684;5,3852;0,0868;0,0;0,0;0,0;0,0;0,0;0,0;0,0;0,0;0,0;0,0002;4,3292;17,8641;30,9529;41,239;48,2579;50,2259;51,399;45,2707;37,7003;28,9764;22,3754;11,9126;2,189;0,0;0,0;0,0;0,0;0,0;0,0;0,0;0,0;0,0;0,0;0,0;0,993;12,4699;25,4179;36,2354;43,9218;43,1348;40,8771;35,8063;30,3723;22,3707;14,0378;4,4708;0,0341;0,0;0,0;0,0;0,0;0,0;0,0;0,0;0,0;0,0;0,0;0,0;0,0188;6,2595;20,7331;30,1638;34,4269;39,7944;38,6345;33,2263;27,4956;16,4932;6,8933;0,2026;0,0;0,0;0,0;0,0;0,0;0,0;0,0;0,0;0,0;0,0;0,0;0,0;0,0;0,577;8,6975;15,5243;21,2115;22,8663;21,7618;18,7788;12,7712;9,0827;0,9842;0,0;0,0;0,0;0,0;0,0;0,0;0,0;0,0;0,0;0,0;0,0;0,0;0,0;0,0;0,0;5,7189;13,5973;20,7302;23,421;25,8004;23,7638;17,258;9,1395;0,3258;0,0;0,0;0,0;0,0;0,0;0,0;0,0;0,0
62;1;73;32,485;36311,394;1682,7558;2327,0685;3193,5871;3295,5102;3120,1329;4093,1825;5052,7173;4379,5879;3345,8705;2836,901;1426,1135;1557,9668;0,0;0,0;0,0;0,0;0,0;0,0;0,0;2,1954;5,4094;7,4459;9,217;9,0667;8,0741;6,8265;4,562;1,4854;0,0;0,0;0,0;0,0;0,0;0,0;0,0;0,0;0,0;0,0;0,0;0,0;0,0;0,0;0,1154;3,9442;7,8453;11,4495;12,4825;13,1866;12,3372;10,2107;7,6336;3,7441;0,1604;0,0;0,0;0,0;0,0;0,0;0,0;0,0;0,0;0,0;0,0;0,0;0,0;0,0257;2,1762;6,5674;10,6794;13,2746;15,254;14,8837;13,6681;10,9348;8,487;5,2334;1,8347;0,0;0,0;0,0;0,0;0,0;0,0;0,0;0,0;0,0;0,0;0,0;0,0;1,0885;5,1349;9,4385;13,0133;14,2329;14,4176;13,5639;12,6054;10,7917;7,9161;5,2345;2,232;0,1809;0,0;0,0;0,0;0,0;0,0;0,0;0,0;0,0;0,0;0,0;0,1903;2,1968;5,738;9,1578;11,9218;13,0028;12,9347;11,0851;9,4634;8,5429;6,6308;5,5329;3,2934;0,9587;0,0;0,0;0,0;0,0;0,0;0,0;0,0;0,0;0,0;0,0;0,4742;3,3406;7,7742;11,2505;15,1377;15,1264;16,9388;15,5148;13,828;12,1074;10,0609;8,0023;5,2289;1,6259;0,029;0,0;0,0;0,0;0,0;0,0;0,0;0,0;0,0;0,0;0,2291;2,8659;7,5507;11,427;15,577;18,2621;19,7242;19,9202;18,1516;16,8293;13,8413;10,3623;6,2819;1,9367;0,0312;0,0;0,0;0,0;0,0;0,0;0,0;0,0;0,0;0,0;0,0001;1,6191;6,4239;11,1308;14,8298;17,3538;18,0616;18,4834;16,2796;13,5573;10,4201;8,0463;4,284;0,7873;0,0;0,0;0,0;0,0;0,0;0,0;0,0;0,0;0,0;0,0;0,0;0,3571;4,4842;9,1404;13,0305;15,7946;15,5116;14,6997;12,8762;10,9221;8,0447;5,0481;1,6078;0,0122;0,0;0,0;0,0;0,0;0,0;0,0;0,0;0,0;0,0;0,0;0,0;0,0068;2,3008;7,4557;10,8471;12,3802;14,3103;13,8932;11,9484;9,8876;5,9311;2,4789;0,0729;0,0;0,0;0,0;0,0;0,0;0,0;0,0;0,0;0,0;0,0;0,0;0,0;0,0;0,2075;3,1277;5,5826;7,6278;8,2229;7,8257;6,753;4,5926;3,2662;0,3311;0,0;0,0;0,0;0,0;0,0;0,0;0,0;0,0;0,0;0,0;0,0;0,0;0,0;0,0;0,0;2,0566;4,8897;7,4548;8,4224;9,278;8,5457;6,2061;3,2866;0,1172;0,0;0,0;0,0;0,0;0,0;0,0;0,0;0,0
63;1;58;25,81;28850,2655;1336,9878;1848,908;2537,3742;2618,3546;2479,0134;3252,1174;4014,4899;3479,2169;2658,3642;2253,9782;1133,6218;1237,8391;0,0;0,0;0,0;0,0;0,0;0,0;0,0;1,7443;4,2979;5,9159;7,3231;7,2037;6,4151;5,4238;3,6246;1,1802;0,0;0,0;0,0;0,0;0,0;0,0;0,0;0,0;0,0;0,0;0,0;0,0;0,0;0,0;0,0917;3,1338;6,2333;9,0969;9,9176;10,477;9,8022;8,1126;6,065;2,9748;0,1275;0,0;0,0;0,0;0,0;0,0;0,0;0,0;0,0;0,0;0,0;0,0;0,0;0,0204;1,7291;5,218;8,4851;10,547;12,1196;11,8254;10,8596;8,6879;6,7431;4,158;1,4577;0,0;0,0;0,0;0,0;0,0;0,0;0,0;0,0;0,0;0,0;0,0;0,0;0,8649;4,0798;7,4991;10,3394;11,3083;11,4551;10,7768;10,0153;8,5743;6,2895;4,159;1,7733;0,1438;0,0;0,0;0,0;0,0;0,0;0,0;0,0;0,0;0,0;0,0;0,1512;1,7455;4,559;7,2761;9,4721;10,331;10,2769;8,8074;7,5189;6,7875;5,2683;4,396;2,6167;0,7617;0,0;0,0;0,0;0,0;0,0;0,0;0,0;0,0;0,0;0,0;0,3768;2,6542;6,1768;8,9387;12,0272;12,0182;13,4582;12,3268;10,9866;9,6196;7,9936;6,358;4,1544;1,2917;0,0231;0,0;0,0;0,0;0,0;0,0;0,0;0,0;0,0;0,0;0,182;2,2771;5,9992;9,079;12,3763;14,5097;15,6713;15,827;14,4219;13,3713;10,9972;8,2331;4,9911;1,5387;0,0248;0,0;0,0;0,0;0,0;0,0;0,0;0,0;0,0;0,0;0,0001;1,2717;5,104;8,8437;11,7826;13,788;14,3503;14,6854;12,9345;10,7715;8,279;6,393;3,4036;0,6255;0,0;0,0;0,0;0,0;0,0;0,0;0,0;0,0;0,0;0,0;0,0;0,2837;3,5628;7,2623;10,353;12,5491;12,3243;11,6792;10,2304;8,6778;6,3916;4,0108;1,2774;0,0097;0,0;0,0;0,0;0,0;0,0;0,0;0,0;0,0;0,0;0,0;0,0;0,0054;1,828;5,9237;8,6182;9,8363;11,3699;11,0385;9,4932;7,8559;4,7124;1,9695;0,0579;0,0;0,0;0,0;0,0;0,0;0,0;0,0;0,0;0,0;0,0;0,0;0,0;0,0;0,1649;2,485;4,4355;6,0604;6,5332;6,2177;5,3654;3,6489;2,5951;0,2812;0,0;0,0;0,0;0,0;0,0;0,0;0,0;0,0;0,0;0,0;0,0;0,0;0,0;0,0;0,0;1,634;3,885;5,923;6,6917;7,3716;6,7897;4,9309;2,6113;0,0931;0,0;0,0;0,0;0,0;0,0;0,0;0,0;0,0
69;1;57;25,365;28352,7854;1313,9365;1817,031;2493,6267;2573,2092;2436,2695;3196,0467;3945,2776;3419,6975;2612,5307;2215,1188;1113,5433;1216,4979;0,0;0,0;0,0;0,0;0,0;0,0;0,0;1,7142;4,2238;5,8139;7,1969;7,0795;6,3045;5,3303;3,5621;1,1599;0,0;0,0;0,0;0,0;0,0;0,0;0,0;0,0;0,0;0,0;0,0;0,0;0,0;0,0;0,0901;3,0798;6,1258;8,9401;9,7466;10,2964;9,6332;7,9728;5,9605;2,9235;0,1253;0,0;0,0;0,0;0,0;0,0;0,0;0,0;0,0;0,0;0,0;0,0;0,0;0,02;1,6993;5,128;8,3388;10,3651;11,9107;11,6215;10,6723;8,5381;6,6268;4,0864;1,4326;0,0;0,0;0,0;0,0;0,0;0,0;0,0;0,0;0,0;0,0;0,0;0,0;0,8499;4,0095;7,3698;10,1611;11,1134;11,2576;10,591;9,8426;8,4264;6,1811;4,0872;1,7427;0,1413;0,0;0,0;0,0;0,0;0,0;0,0;0,0;0,0;0,0;0,0;0,1485;1,7153;4,4804;7,1506;9,3088;10,1529;10,0997;8,6555;7,3893;6,6705;5,1775;4,3202;2,5716;0,7486;0,0;0,0;0,0;0,0;0,0;0,0;0,0;0,0;0,0;0,0;0,3703;2,6084;6,0703;8,7846;11,8198;11,811;13,2261;12,1143;10,7972;9,4537;7,8558;6,2484;4,0828;1,2695;0,0227;0,0;0,0;0,0;0,0;0,0;0,0;0,0;0,0;0,0;0,1789;2,2378;5,8958;8,9225;12,1629;14,2595;15,4011;15,5541;14,1732;13,1407;10,8076;8,0911;4,905;1,5122;0,0244;0,0;0,0;0,0;0,0;0,0;0,0;0,0;0,0;0,0;0,0;1,2642;5,0159;8,6912;11,5794;13,5502;14,1029;14,4322;12,7115;10,5858;8,1363;6,2827;3,345;0,6153;0,0;0,0;0,0;0,0;0,0;0,0;0,0;0,0;0,0;0,0;0,0;0,2788;3,5013;7,1371;10,1745;12,3328;12,1118;11,4778;10,054;8,5282;6,2814;3,9417;1,2554;0,0096;0,0;0,0;0,0;0,0;0,0;0,0;0,0;0,0;0,0;0,0;0,0;0,0053;1,7965;5,8216;8,4697;9,6667;11,1739;10,8481;9,3296;7,7205;4,6311;1,9356;0,0569;0,0;0,0;0,0;0,0;0,0;0,0;0,0;0,0;0,0;0,0;0,0;0,0;0,0;0,162;2,4422;4,3591;5,956;6,4206;6,1105;5,2729;3,586;2,5503;0,2585;0,0;0,0;0,0;0,0;0,0;0,0;0,0;0,0;0,0;0,0;0,0;0,0;0,0;0,0;0,0;1,6058;3,818;5,8209;6,5764;7,2445;6,6727;4,8458;2,5663;0,0915;0,0;0,0;0,0;0,0;0,0;0,0;0,0;0,0
71;1;47;20,915;23378,2931;1083,4269;1498,2599;2056,1519;2121,7736;2008,8565;2635,3415;3253,1252;2819,3853;2154,1962;1826,505;918,1874;1003,0837;0,0;0,0;0,0;0,0;0,0;0,0;0,0;1,4135;3,4828;4,7939;5,9343;5,8375;5,1985;4,3951;2,9372;0,9564;0,0;0,0;0,0;0,0;0,0;0,0;0,0;0,0;0,0;0,0;0,0;0,0;0,0;0,0;0,0743;2,5395;5,0512;7,3716;8,0367;8,49;7,9432;6,5741;4,9148;2,4106;0,1033;0,0;0,0;0,0;0,0;0,0;0,0;0,0;0,0;0,0;0,0;0,0;0,0;0,0165;1,4011;4,2284;6,8758;8,5467;9,8211;9,5826;8,8;7,0402;5,4642;3,3694;1,1812;0,0;0,0;0,0;0,0;0,0;0,0;0,0;0,0;0,0;0,0;0,0;0,0;0,7008;3,3061;6,0769;8,3785;9,1637;9,2826;8,7329;8,1158;6,9481;5,0967;3,3702;1,437;0,1165;0,0;0,0;0,0;0,0;0,0;0,0;0,0;0,0;0,0;0,0;0,1225;1,4144;3,6944;5,8961;7,6757;8,3717;8,3278;7,137;6,0929;5,5002;4,2692;3,5623;2,1204;0,6172;0,0;0,0;0,0;0,0;0,0;0,0;0,0;0,0;0,0;0,0;0,3053;2,1509;5,0053;7,2435;9,7462;9,7389;10,9058;9,989;8,9029;7,7952;6,4776;5,1522;3,3665;1,0468;0,0187;0,0;0,0;0,0;0,0;0,0;0,0;0,0;0,0;0,0;0,1475;1,8453;4,8615;7,3571;10,0291;11,7578;12,6992;12,8253;11,6867;10,8353;8,9116;6,6716;4,0445;1,2469;0,0201;0,0;0,0;0,0;0,0;0,0;0,0;0,0;0,0;0,0;0,0;1,0305;4,136;7,1664;9,548;11,173;11,6287;11,9003;10,4814;8,7287;6,7089;5,1805;2,7581;0,5073;0,0;0,0;0,0;0,0;0,0;0,0;0,0;0,0;0,0;0,0;0,0;0,2299;2,8871;5,885;8,3895;10,1692;9,9869;9,4642;8,2902;7,032;5,1794;3,2502;1,0351;0,0079;0,0;0,0;0,0;0,0;0,0;0,0;0,0;0,0;0,0;0,0;0,0;0,0044;1,4813;4,8003;6,9838;7,9708;9,2135;8,945;7,6928;6,366;3,8186;1,596;0,0469;0,0;0,0;0,0;0,0;0,0;0,0;0,0;0,0;0,0;0,0;0,0;0,0;0,0;0,1336;2,0137;3,5943;4,9111;5,2942;5,0385;4,3478;2,9569;2,1029;0,2132;0,0;0,0;0,0;0,0;0,0;0,0;0,0;0,0;0,0;0,0;0,0;0,0;0,0;0,0;0,0;1,3241;3,1482;4,7997;5,4227;5,9736;5,502;3,9957;2,1161;0,0754;0,0;0,0;0,0;0,0;0,0;0,0;0,0;0,0
73;1;5;2,225;2487,4094;115,1502;159,3894;218,754;225,8509;213,7084;280,3557;346,0763;300,05;229,1701;194,5128;97,6802;106,7114;0,0;0,0;0,0;0,0;0,0;0,0;0,0;0,1504;0,3705;0,51;0,6313;0,621;0,553;0,4676;0,3125;0,0982;0,0;0,0;0,0;0,0;0,0;0,0;0,0;0,0;0,0;0,0;0,0;0,0;0,0;0,0;0,0079;0,2702;0,5374;0,7842;0,855;0,9032;0,845;0,6994;0,5228;0,2564;0,011;0,0;0,0;0,0;0,0;0,0;0,0;0,0;0,0;0,0;0,0;0,0;0,0;0,0018;0,1495;0,4498;0,7315;0,9092;1,0448;1,0194;0,9362;0,749;0,5813;0,3585;0,1257;0,0;0,0;0,0;0,0;0,0;0,0;0,0;0,0;0,0;0,0;0,0;0,0;0,0789;0,3517;0,6465;0,8913;0,9749;0,9875;0,929;0,8634;0,7392;0,5422;0,3585;0,1529;0,0124;0,0;0,0;0,0;0,0;0,0;0,0;0,0;0,0;0,0;0,0;0,013;0,1505;0,393;0,6272;0,8166;0,8906;0,8859;0,7593;0,6482;0,5851;0,4542;0,379;0,2256;0,0657;0,0;0,0;0,0;0,0;0,0;0,0;0,0;0,0;0,0;0,0;0,0325;0,2288;0,5325;0,7706;1,0368;1,0361;1,1602;1,0627;0,9471;0,8293;0,6891;0,5481;0,3581;0,1114;0,002;0,0;0,0;0,0;0,0;0,0;0,0;0,0;0,0;0,0;0,0157;0,1963;0,5172;0,7827;1,0669;1,2508;1,351;1,3644;1,2433;1,1527;0,948;0,7098;0,4303;0,1327;0,0021;0,0;0,0;0,0;0,0;0,0;0,0;0,0;0,0;0,0;0,0;0,1134;0,44;0,7624;1,0157;1,1886;1,2371;1,266;1,115;0,9286;0,7137;0,5511;0,2934;0,0539;0,0;0,0;0,0;0,0;0,0;0,0;0,0;0,0;0,0;0,0;0,0;0,0245;0,3071;0,626;0,8925;1,0818;1,0624;1,0068;0,8819;0,7481;0,551;0,3458;0,1101;0,0008;0,0;0,0;0,0;0,0;0,0;0,0;0,0;0,0;0,0;0,0;0,0;0,0005;0,1642;0,5107;0,743;0,848;0,9802;0,9516;0,8184;0,6772;0,4062;0,1698;0,005;0,0;0,0;0,0;0,0;0,0;0,0;0,0;0,0;0,0;0,0;0,0;0,0;0,0;0,0142;0,2142;0,3824;0,5225;0,5632;0,536;0,4625;0,3146;0,2237;0,0227;0,0;0,0;0,0;0,0;0,0;0,0;0,0;0,0;0,0;0,0;0,0;0,0;0,0;0,0;0,0;0,1409;0,3349;0,5106;0,5769;0,6355;0,5853;0,4251;0,2251;0,008;0,0;0,0;0,0;0,0;0,0;0,0;0,0;0,0
74;1;29;12,905;14426,0926;668,4991;924,4613;1268,6897;1309,1799;1239,5074;1626,061;2007,25;1739,6133;1329,1857;1128,1761;566,5425;618,9266;0,0;0,0;0,0;0,0;0,0;0,0;0,0;0,8722;2,149;2,958;3,6616;3,6019;3,2076;2,7119;1,8123;0,5901;0,0;0,0;0,0;0,0;0,0;0,0;0,0;0,0;0,0;0,0;0,0;0,0;0,0;0,0;0,0459;1,5669;3,1167;4,5485;4,9589;5,2385;4,9011;4,0564;3,0325;1,4874;0,0637;0,0;0,0;0,0;0,0;0,0;0,0;0,0;0,0;0,0;0,0;0,0;0,0;0,0102;0,8645;2,609;4,2425;5,2735;6,0598;5,9127;5,4298;4,344;3,3715;2,079;0,7288;0,0;0,0;0,0;0,0;0,0;0,0;0,0;0,0;0,0;0,0;0,0;0,0;0,4324;2,0399;3,7496;5,1697;5,6542;5,7276;5,3884;5,0076;4,2871;3,1448;2,0795;0,8867;0,0719;0,0;0,0;0,0;0,0;0,0;0,0;0,0;0,0;0,0;0,0;0,0756;0,8727;2,2795;3,638;4,7361;5,1655;5,1384;4,4037;3,7595;3,3937;2,6342;2,198;1,3083;0,3809;0,0;0,0;0,0;0,0;0,0;0,0;0,0;0,0;0,0;0,0;0,1884;1,3271;3,0884;4,4694;6,0136;6,0091;6,7291;6,1634;5,4933;4,8098;3,9968;3,179;2,0772;0,6459;0,0115;0,0;0,0;0,0;0,0;0,0;0,0;0,0;0,0;0,0;0,091;1,1385;2,9996;4,5395;6,1881;7,2548;7,8357;7,9135;7,211;6,6856;5,4986;4,1166;2,4956;0,7694;0,0124;0,0;0,0;0,0;0,0;0,0;0,0;0,0;0,0;0,0;0,0;0,6359;2,552;4,4218;5,8913;6,894;7,1752;7,3427;6,4673;5,3858;4,1395;3,1965;1,7018;0,3127;0,0;0,0;0,0;0,0;0,0;0,0;0,0;0,0;0,0;0,0;0,0;0,1419;1,7814;3,6311;5,1765;6,2746;6,1621;5,8396;5,1152;4,3389;3,1958;2,0054;0,6387;0,0049;0,0;0,0;0,0;0,0;0,0;0,0;0,0;0,0;0,0;0,0;0,0;0,0027;0,9521;2,9619;4,3092;4,9182;5,685;5,5193;4,7466;3,928;2,3562;0,9848;0,0289;0,0;0,0;0,0;0,0;0,0;0,0;0,0;0,0;0,0;0,0;0,0;0,0;0,0;0,0824;1,2425;2,2178;3,0303;3,2667;3,1089;2,6827;1,8245;1,2975;0,1315;0,0;0,0;0,0;0,0;0,0;0,0;0,0;0,0;0,0;0,0;0,0;0,0;0,0;0,0;0,0;0,817;1,9425;2,9615;3,3459;3,6858;3,3949;2,4655;1,3057;0,0466;0,0;0,0;0,0;0,0;0,0;0,0;0,0;0,0
75;1;131;58,295;65172,0854;3016,9431;4176,0213;5731,3335;5917,416;5599,1517;7345,3156;9067,2427;7863,1069;6004,2514;5096,2466;2559,212;2795,8446;0,0;0,0;0,0;0,0;0,0;0,0;0,0;3,94;9,7076;13,362;16,5403;16,2705;14,4894;12,2503;8,1866;2,5739;0,0;0,0;0,0;0,0;0,0;0,0;0,0;0,0;0,0;0,0;0,0;0,0;0,0;0,0;0,2071;7,0782;14,0788;20,5467;22,4005;23,6637;22,1396;18,3235;13,6986;6,719;0,2879;0,0;0,0;0,0;0,0;0,0;0,0;0,0;0,0;0,0;0,0;0,0;0,0;0,0461;3,9164;11,7854;19,1646;23,8216;27,3737;26,7092;24,5277;19,6229;15,2301;9,3916;3,2925;0,0;0,0;0,0;0,0;0,0;0,0;0,0;0,0;0,0;0,0;0,0;0,0;2,0709;9,2145;16,9376;23,3528;25,5412;25,8727;24,3407;22,6208;19,3661;14,2057;9,3936;4,0054;0,3252;0,0;0,0;0,0;0,0;0,0;0,0;0,0;0,0;0,0;0,0;0,3414;3,942;10,2969;16,4338;21,3939;23,3338;23,2116;19,8925;16,9824;15,3304;11,8992;9,929;5,9103;1,7207;0,0;0,0;0,0;0,0;0,0;0,0;0,0;0,0;0,0;0,0;0,851;5,9945;13,9507;20,1891;27,1649;27,1447;30,397;27,8416;24,8146;21,727;18,0547;14,3605;9,3835;2,918;0,0521;0,0;0,0;0,0;0,0;0,0;0,0;0,0;0,0;0,0;0,4112;5,1426;13,5496;20,5059;27,9532;32,7718;35,3956;35,7472;32,5737;30,2008;24,8387;18,5957;11,2735;3,476;0,056;0,0;0,0;0,0;0,0;0,0;0,0;0,0;0,0;0,0;0,0001;3,0272;11,5275;19,9743;26,6123;31,1418;32,412;33,1689;29,2142;24,3289;18,6993;14,4396;7,6879;1,4144;0,0;0,0;0,0;0,0;0,0;0,0;0,0;0,0;0,0;0,0;0,0;0,6408;8,0467;16,4026;23,3835;28,3438;27,8359;26,3789;23,1067;19,6;14,4364;9,0591;2,8853;0,022;0,0;0,0;0,0;0,0;0,0;0,0;0,0;0,0;0,0;0,0;0,0;0,0122;4,301;13,3795;19,4655;22,2166;25,6804;24,9319;21,4417;17,7435;10,6435;4,4484;0,1308;0,0;0,0;0,0;0,0;0,0;0,0;0,0;0,0;0,0;0,0;0,0;0,0;0,0;0,3724;5,6129;10,0184;13,6884;14,7563;14,0434;12,1184;8,2416;5,8613;0,5941;0,0;0,0;0,0;0,0;0,0;0,0;0,0;0,0;0,0;0,0;0,0;0,0;0,0;0,0;0,0;3,6909;8,775;13,378;15,1143;16,6498;15,3355;11,137;5,8979;0,2103;0,0;0,0;0,0;0,0;0,0;0,0;0,0;0,0
76;1;76;33,82;37806,3358;1751,9321;2422,7285;3324,845;3430,9538;3248,3649;4261,4024;5260,3818;4558,9888;3483,3854;2956,6028;1484,7336;1622,0167;0,0;0,0;0,0;0,0;0,0;0,0;0,0;2,2857;5,6318;7,7519;9,5959;9,4394;8,4061;7,1071;4,7495;1,5465;0,0;0,0;0,0;0,0;0,0;0,0;0,0;0,0;0,0;0,0;0,0;0,0;0,0;0,0;0,1202;4,1064;8,1678;11,9202;12,9957;13,7286;12,8443;10,6304;7,9473;3,898;0,167;0,0;0,0;0,0;0,0;0,0;0,0;0,0;0,0;0,0;0,0;0,0;0,0;0,0267;2,2656;6,8374;11,1184;13,8202;15,8809;15,4954;14,2298;11,3843;8,8358;5,4485;1,9101;0,0;0,0;0,0;0,0;0,0;0,0;0,0;0,0;0,0;0,0;0,0;0,0;1,1332;5,346;9,8265;13,5482;14,8178;15,0101;14,1213;13,1235;11,2353;8,2414;5,4497;2,3237;0,1884;0,0;0,0;0,0;0,0;0,0;0,0;0,0;0,0;0,0;0,0;0,1981;2,2871;5,9738;9,5342;12,4118;13,5372;13,4663;11,5407;9,8524;8,8939;6,9033;5,7603;3,4288;0,9981;0,0;0,0;0,0;0,0;0,0;0,0;0,0;0,0;0,0;0,0;0,4937;3,4779;8,0937;11,7128;15,7598;15,7481;17,6349;16,1524;14,3962;12,605;10,4744;8,3312;5,4438;1,6927;0,0302;0,0;0,0;0,0;0,0;0,0;0,0;0,0;0,0;0,0;0,2385;2,9838;7,8611;11,8966;16,2172;19,0127;20,5349;20,7389;18,8977;17,521;14,4102;10,7882;6,5401;2,0164;0,0325;0,0;0,0;0,0;0,0;0,0;0,0;0,0;0,0;0,0;0,0001;1,6664;6,6879;11,5883;15,4393;18,0671;18,8039;19,243;16,9487;14,1145;10,8484;8,377;4,46;0,8196;0,0;0,0;0,0;0,0;0,0;0,0;0,0;0,0;0,0;0,0;0,0;0,3717;4,6685;9,5161;13,566;16,4438;16,1491;15,3038;13,4054;11,371;8,3753;5,2556;1,6739;0,0128;0,0;0,0;0,0;0,0;0,0;0,0;0,0;0,0;0,0;0,0;0,0;0,0071;2,4953;7,7622;11,2929;12,889;14,8986;14,4643;12,4395;10,294;6,1749;2,5808;0,0759;0,0;0,0;0,0;0,0;0,0;0,0;0,0;0,0;0,0;0,0;0,0;0,0;0,0;0,216;3,2563;5,8122;7,9414;8,5609;8,1473;7,0306;4,7814;3,4004;0,3447;0,0;0,0;0,0;0,0;0,0;0,0;0,0;0,0;0,0;0,0;0,0;0,0;0,0;0,0;0,0;2,1412;5,0908;7,7612;8,7686;9,6595;8,8969;6,4612;3,4217;0,122;0,0;0,0;0,0;0,0;0,0;0,0;0,0;0,0
77;1;28;12,46;13929,5109;644,843;892,5847;1225,0172;1264,7688;1196,7673;1569,9912;1938,0359;1680,2813;1283,3537;1089,2744;547,0075;597,5859;0,0;0,0;0,0;0,0;0,0;0,0;0,0;0,8421;2,0749;2,856;3,5353;3,4777;3,097;2,6184;1,7498;0,5502;0,0;0,0;0,0;0,0;0,0;0,0;0,0;0,0;0,0;0,0;0,0;0,0;0,0;0,0;0,0443;1,5129;3,0092;4,3916;4,7879;5,0579;4,7321;3,9165;2,928;1,4361;0,0615;0,0;0,0;0,0;0,0;0,0;0,0;0,0;0,0;0,0;0,0;0,0;0,0;0,0098;0,8371;2,519;4,0962;5,0916;5,8509;5,7088;5,2426;4,1942;3,2553;2,0074;0,7037;0,0;0,0;0,0;0,0;0,0;0,0;0,0;0,0;0,0;0,0;0,0;0,0;0,4419;1,9696;3,6203;4,9915;5,4592;5,53;5,2026;4,835;4,1393;3,0363;2,0078;0,8561;0,0694;0,0;0,0;0,0;0,0;0,0;0,0;0,0;0,0;0,0;0,0;0,073;0,8426;2,2009;3,5126;4,5728;4,9874;4,9613;4,2518;3,6298;3,2767;2,5433;2,1222;1,2632;0,3677;0,0;0,0;0,0;0,0;0,0;0,0;0,0;0,0;0,0;0,0;0,1819;1,2813;2,9819;4,3153;5,8062;5,8019;6,4971;5,9509;5,3039;4,6439;3,859;3,0694;2,0056;0,6236;0,0111;0,0;0,0;0,0;0,0;0,0;0,0;0,0;0,0;0,0;0,0879;1,0993;2,8962;4,383;5,9748;7,0047;7,5655;7,6406;6,9623;6,4551;5,309;3,9746;2,4095;0,7429;0,012;0,0;0,0;0,0;0,0;0,0;0,0;0,0;0,0;0,0;0,0;0,635;2,464;4,2694;5,6881;6,6563;6,9278;7,0895;6,2443;5,2001;3,9968;3,0863;1,6432;0,302;0,0;0,0;0,0;0,0;0,0;0,0;0,0;0,0;0,0;0,0;0,0;0,137;1,72;3,5059;4,998;6,0582;5,9497;5,6382;4,9388;4,1893;3,0856;1,9363;0,6167;0,0047;0,0;0,0;0,0;0,0;0,0;0,0;0,0;0,0;0,0;0,0;0,0;0,0026;0,9193;2,8598;4,1606;4,7486;5,489;5,329;4,583;3,7925;2,2749;0,9508;0,0279;0,0;0,0;0,0;0,0;0,0;0,0;0,0;0,0;0,0;0,0;0,0;0,0;0,0;0,0796;1,1997;2,1413;2,9258;3,154;3,0017;2,5902;1,7616;1,2528;0,127;0,0;0,0;0,0;0,0;0,0;0,0;0,0;0,0;0,0;0,0;0,0;0,0;0,0;0,0;0,0;0,7889;1,8756;2,8594;3,2305;3,5587;3,2778;2,3805;1,2606;0,0449;0,0;0,0;0,0;0,0;0,0;0,0;0,0;0,0
78;1;91;40,495;45268,1675;2097,7156;2900,9033;3981,071;4108,119;3889,4936;5102,4746;6298,6218;5458,7907;4170,9005;3540,1472;1777,7743;1942,1559;0,0;0,0;0,0;0,0;0,0;0,0;0,0;2,7368;6,7434;9,282;11,4899;11,3024;10,0652;8,5098;5,687;1,8518;0,0;0,0;0,0;0,0;0,0;0,0;0,0;0,0;0,0;0,0;0,0;0,0;0,0;0,0;0,1439;4,9169;9,7799;14,2729;15,5606;16,4382;15,3794;12,7286;9,5159;4,6674;0,2;0,0;0,0;0,0;0,0;0,0;0,0;0,0;0,0;0,0;0,0;0,0;0,0;0,032;2,7128;8,1869;13,3128;16,5478;19,0154;18,5537;17,0384;13,6312;10,5797;6,5239;2,2871;0,0;0,0;0,0;0,0;0,0;0,0;0,0;0,0;0,0;0,0;0,0;0,0;1,3569;6,4011;11,7659;16,2222;17,7424;17,9727;16,9084;15,7137;13,4528;9,8681;6,5253;2,7823;0,2255;0,0;0,0;0,0;0,0;0,0;0,0;0,0;0,0;0,0;0,0;0,2372;2,7386;7,1529;11,4159;14,8615;16,209;16,1241;13,8185;11,7969;10,6493;8,2658;6,8972;4,1055;1,1951;0,0;0,0;0,0;0,0;0,0;0,0;0,0;0,0;0,0;0,0;0,5911;4,1644;9,6912;14,0246;18,8703;18,8562;21,1155;19,3404;17,2376;15,0928;12,5417;9,9755;6,5182;2,0268;0,0362;0,0;0,0;0,0;0,0;0,0;0,0;0,0;0,0;0,0;0,2856;3,5727;9,4126;14,2447;19,418;22,7652;24,5878;24,8321;22,6275;20,9791;17,2543;12,9175;7,8309;2,4144;0,0389;0,0;0,0;0,0;0,0;0,0;0,0;0,0;0,0;0,0;0,0001;1,9953;8,0079;13,8754;18,4865;21,6329;22,5152;23,041;20,2939;16,9002;12,9895;10,0304;5,3403;0,9814;0,0;0,0;0,0;0,0;0,0;0,0;0,0;0,0;0,0;0,0;0,0;0,4451;5,5899;11,3943;16,2435;19,6893;19,3365;18,3243;16,0512;13,6153;10,0283;6,2929;2,0042;0,0153;0,0;0,0;0,0;0,0;0,0;0,0;0,0;0,0;0,0;0,0;0,0;0,0085;2,9878;9,2942;13,5219;15,4329;17,8391;17,3191;14,8946;12,3257;7,3936;3,0901;0,0908;0,0;0,0;0,0;0,0;0,0;0,0;0,0;0,0;0,0;0,0;0,0;0,0;0,0;0,2587;3,899;6,9593;9,5087;10,2505;9,7554;8,4182;5,7251;4,0716;0,4127;0,0;0,0;0,0;0,0;0,0;0,0;0,0;0,0;0,0;0,0;0,0;0,0;0,0;0,0;0,0;2,5638;6,0955;9,2931;10,4992;11,5659;10,6529;7,7365;4,0971;0,1461;0,0;0,0;0,0;0,0;0,0;0,0;0,0;0,0
80;1;113;50,285;56217,2006;2602,4078;3602,2198;4943,8275;5104,341;4829,8073;6336,041;7821,3619;6782,6865;5179,2441;4396,0065;2207,5687;2411,6885;0,0;0,0;0,0;0,0;0,0;0,0;0,0;3,3986;8,3738;11,526;14,2676;14,0349;12,4985;10,5671;7,0618;2,2203;0,0;0,0;0,0;0,0;0,0;0,0;0,0;0,0;0,0;0,0;0,0;0,0;0,0;0,0;0,1787;6,1056;12,1443;17,7235;19,3226;20,4123;19,0975;15,8058;11,8165;5,7957;0,2484;0,0;0,0;0,0;0,0;0,0;0,0;0,0;0,0;0,0;0,0;0,0;0,0;0,0397;3,3783;10,166;16,5313;20,5484;23,6125;23,0392;21,1576;16,9266;13,1374;8,1011;2,8401;0,0;0,0;0,0;0,0;0,0;0,0;0,0;0,0;0,0;0,0;0,0;0,0;1,7864;7,9484;14,6103;20,144;22,0318;22,3177;20,9962;19,5126;16,7051;12,2538;8,1029;3,455;0,2805;0,0;0,0;0,0;0,0;0,0;0,0;0,0;0,0;0,0;0,0;0,2945;3,4004;8,8821;14,1758;18,4544;20,1276;20,0222;17,1592;14,6489;13,2239;10,2642;8,5647;5,0982;1,4842;0,0;0,0;0,0;0,0;0,0;0,0;0,0;0,0;0,0;0,0;0,734;5,1708;12,0338;17,4151;23,4323;23,4149;26,2203;24,0161;21,4049;18,7417;15,5739;12,3873;8,0942;2,517;0,045;0,0;0,0;0,0;0,0;0,0;0,0;0,0;0,0;0,0;0,3547;4,4361;11,6879;17,6883;24,1123;28,2688;30,5321;30,8354;28,0979;26,0511;21,4258;16,0405;9,7244;2,9983;0,0483;0,0;0,0;0,0;0,0;0,0;0,0;0,0;0,0;0,0;0,0001;2,6113;9,9437;17,2298;22,9557;26,8628;27,9584;28,6114;25,2001;20,986;16,1299;12,4555;6,6315;1,22;0,0;0,0;0,0;0,0;0,0;0,0;0,0;0,0;0,0;0,0;0,0;0,5527;6,9411;14,1488;20,1706;24,4493;24,0112;22,7544;19,9317;16,9069;12,4528;7,8143;2,4888;0,019;0,0;0,0;0,0;0,0;0,0;0,0;0,0;0,0;0,0;0,0;0,0;0,0105;3,7101;11,5412;16,7909;19,1639;22,1518;21,5062;18,4955;15,3056;9,181;3,8372;0,1128;0,0;0,0;0,0;0,0;0,0;0,0;0,0;0,0;0,0;0,0;0,0;0,0;0,0;0,3212;4,8417;8,6418;11,8076;12,7287;12,1138;10,4533;7,1092;5,0559;0,5125;0,0;0,0;0,0;0,0;0,0;0,0;0,0;0,0;0,0;0,0;0,0;0,0;0,0;0,0;0,0;3,1837;7,5693;11,5398;13,0375;14,3621;13,2283;9,6068;5,0875;0,1814;0,0;0,0;0,0;0,0;0,0;0,0;0,0;0,0
82;1;41;18,245;20395,5436;945,1248;1307,0004;1793,6676;1850,9104;1752,4082;2298,9172;2837,8409;2459,4553;1879,1961;1595,0101;800,9759;875,0367;0,0;0,0;0,0;0,0;0,0;0,0;0,0;1,2331;3,0382;4,182;5,1768;5,0923;4,5349;3,8341;2,5622;0,8343;0,0;0,0;0,0;0,0;0,0;0,0;0,0;0,0;0,0;0,0;0,0;0,0;0,0;0,0;0,0648;2,2153;4,4063;6,4306;7,0108;7,4062;6,9292;5,7349;4,2874;2,1029;0,0901;0,0;0,0;0,0;0,0;0,0;0,0;0,0;0,0;0,0;0,0;0,0;0,0;0,0144;1,2222;3,6886;5,9981;7,4556;8,5674;8,3594;7,6766;6,1415;4,7667;2,9393;1,0305;0,0;0,0;0,0;0,0;0,0;0,0;0,0;0,0;0,0;0,0;0,0;0,0;0,6113;2,884;5,3011;7,3089;7,9938;8,0976;7,6181;7,0798;6,0611;4,446;2,94;1,2536;0,1016;0,0;0,0;0,0;0,0;0,0;0,0;0,0;0,0;0,0;0,0;0,1068;1,2338;3,2227;5,1434;6,6959;7,303;7,2647;6,2259;5,3151;4,798;3,7242;3,1075;1,8497;0,5385;0,0;0,0;0,0;0,0;0,0;0,0;0,0;0,0;0,0;0,0;0,2663;1,8762;4,3663;6,3188;8,502;8,4957;9,5136;8,7138;7,7664;6,8;5,6507;4,4945;2,9368;0,9132;0,0163;0,0;0,0;0,0;0,0;0,0;0,0;0,0;0,0;0,0;0,1287;1,6097;4,2408;6,4179;8,7488;10,2568;11,078;11,1881;10,1948;9,4521;7,7739;5,82;3,5282;1,0878;0,0175;0,0;0,0;0,0;0,0;0,0;0,0;0,0;0,0;0,0;0,0;0,899;3,608;6,2516;8,3291;9,7467;10,1442;10,3811;9,1434;7,6144;5,8524;4,5192;2,4061;0,4422;0,0;0,0;0,0;0,0;0,0;0,0;0,0;0,0;0,0;0,0;0,0;0,2005;2,5185;5,1337;7,3185;8,871;8,712;8,256;7,2319;6,1343;4,5182;2,8353;0,903;0,0069;0,0;0,0;0,0;0,0;0,0;0,0;0,0;0,0;0,0;0,0;0,0;0,0038;1,3461;4,1875;6,0923;6,9533;8,0374;7,8031;6,7108;5,5533;3,3312;1,3923;0,0409;0,0;0,0;0,0;0,0;0,0;0,0;0,0;0,0;0,0;0,0;0,0;0,0;0,0;0,1165;1,7567;3,1355;4,2842;4,6184;4,3953;3,7928;2,5794;1,8344;0,186;0,0;0,0;0,0;0,0;0,0;0,0;0,0;0,0;0,0;0,0;0,0;0,0;0,0;0,0;0,0;1,1551;2,7463;4,187;4,7304;5,211;4,7997;3,4857;1,8459;0,0658;0,0;0,0;0,0;0,0;0,0;0,0;0,0;0,0
84;1;118;52,51;58722,7289;2713,7878;3761,4676;5165,8734;5332,3344;5043,5009;6616,388;8167,4484;7086,1388;5408,4147;4604,1461;2304,8094;2518,4194;0,0;0,0;0,0;0,0;0,0;0,0;0,0;3,5496;8,7446;12,0362;14,8991;14,6559;13,0515;11,0346;7,374;2,196;0,0;0,0;0,0;0,0;0,0;0,0;0,0;0,0;0,0;0,0;0,0;0,0;0,0;0,0;0,1866;6,3758;12,6817;18,5078;20,1776;21,3155;19,9425;16,5051;12,3393;6,0522;0,254;0,0;0,0;0,0;0,0;0,0;0,0;0,0;0,0;0,0;0,0;0,0;0,0;0,0415;3,6332;10,6155;17,2627;21,4577;24,6573;24,0587;22,0937;17,6756;13,7189;8,4599;2,9663;0,0;0,0;0,0;0,0;0,0;0,0;0,0;0,0;0,0;0,0;0,0;0,0;1,9334;8,2993;15,2564;21,0352;23,0066;23,3052;21,9252;20,376;17,4443;12,7961;8,4617;3,6085;0,2965;0,0;0,0;0,0;0,0;0,0;0,0;0,0;0,0;0,0;0,0;0,3075;3,5498;9,2743;14,8027;19,2707;21,0182;20,9081;17,9185;15,2971;13,8091;10,7185;8,9439;5,3243;1,5507;0,0;0,0;0,0;0,0;0,0;0,0;0,0;0,0;0,0;0,0;0,7665;5,3983;12,5652;18,1851;24,4689;24,4508;27,3805;25,0787;22,3521;19,5711;16,2633;12,9359;8,4534;2,6295;0,047;0,0;0,0;0,0;0,0;0,0;0,0;0,0;0,0;0,0;0,3704;4,6306;12,2037;18,4703;25,1789;29,5194;31,883;32,1999;29,3413;27,204;22,3742;16,7511;10,1562;3,1326;0,0505;0,0;0,0;0,0;0,0;0,0;0,0;0,0;0,0;0,0;0,0001;2,8298;10,3824;17,9916;23,9712;28,0514;29,1955;29,8775;26,3152;21,9148;16,8439;13,0072;6,9261;1,2784;0,0;0,0;0,0;0,0;0,0;0,0;0,0;0,0;0,0;0,0;0,0;0,5772;7,2474;14,7745;21,0629;25,5311;25,0737;23,7612;20,8137;17,655;13,004;8,1604;2,5995;0,0198;0,0;0,0;0,0;0,0;0,0;0,0;0,0;0,0;0,0;0,0;0,0;0,011;4,3197;12,0517;17,5339;20,012;23,132;22,4578;19,3139;15,9828;9,5873;4,0072;0,1115;0,0;0,0;0,0;0,0;0,0;0,0;0,0;0,0;0,0;0,0;0,0;0,0;0,0;0,3354;5,0562;9,0244;12,3302;13,292;12,6498;10,9158;7,4236;5,2795;0,5202;0,0;0,0;0,0;0,0;0,0;0,0;0,0;0,0;0,0;0,0;0,0;0,0;0,0;0,0;0,0;3,3252;7,9045;12,0506;13,6145;14,9976;13,8136;10,0316;5,3123;0,1894;0,0;0,0;0,0;0,0;0,0;0,0;0,0;0,0
86;1;47;20,915;23389,0359;1080,9165;1498,2123;2057,595;2123,6295;2008,8525;2635,3419;3253,1369;2822,175;2154,2004;1833,8563;918,0192;1003,1004;0,0;0,0;0,0;0,0;0,0;0,0;0,0;1,4138;3,483;4,7941;5,9344;5,8375;5,1985;4,3951;2,9371;0,8747;0,0;0,0;0,0;0,0;0,0;0,0;0,0;0,0;0,0;0,0;0,0;0,0;0,0;0,0;0,0743;2,5395;5,0512;7,3718;8,0368;8,4901;7,9432;6,5741;4,9148;2,4106;0,1012;0,0;0,0;0,0;0,0;0,0;0,0;0,0;0,0;0,0;0,0;0,0;0,0;0,0165;1,4471;4,2282;6,8758;8,5467;9,8211;9,5827;8,8001;7,0403;5,4643;3,3696;1,1815;0,0;0,0;0,0;0,0;0,0;0,0;0,0;0,0;0,0;0,0;0,0;0,0;0,7611;3,3057;6,0767;8,3784;9,1637;9,2826;8,7329;8,1159;6,9482;5,0968;3,3703;1,4373;0,1181;0,0;0,0;0,0;0,0;0,0;0,0;0,0;0,0;0,0;0,0;0,1225;1,4139;3,6941;5,896;7,6756;8,3717;8,3278;7,137;6,0929;5,5002;4,2692;3,5624;2,1207;0,6176;0,0;0,0;0,0;0,0;0,0;0,0;0,0;0,0;0,0;0,0;0,3053;2,1502;5,0048;7,2432;9,7461;9,7389;10,9058;9,989;8,903;7,7953;6,4777;5,1524;3,367;1,0473;0,0187;0,0;0,0;0,0;0,0;0,0;0,0;0,0;0,0;0,0;0,1475;1,8444;4,8608;7,3568;10,0289;11,7578;12,6992;12,8254;11,6868;10,8355;8,9118;6,672;4,0452;1,2477;0,0201;0,0;0,0;0,0;0,0;0,0;0,0;0,0;0,0;0,0;0,0;1,1185;4,1354;7,1661;9,5479;11,173;11,6287;11,9003;10,4815;8,7288;6,709;5,1808;2,7587;0,5092;0,0;0,0;0,0;0,0;0,0;0,0;0,0;0,0;0,0;0,0;0,0;0,2299;2,8867;5,8848;8,3895;10,1692;9,987;9,4642;8,2902;7,0321;5,1795;3,2503;1,0354;0,0079;0,0;0,0;0,0;0,0;0,0;0,0;0,0;0,0;0,0;0,0;0,0;0,0044;1,7206;4,8003;6,9838;7,9709;9,2136;8,9451;7,6928;6,366;3,8187;1,5961;0,0444;0,0;0,0;0,0;0,0;0,0;0,0;0,0;0,0;0,0;0,0;0,0;0,0;0,0;0,1336;2,0139;3,5945;4,9112;5,2943;5,0385;4,3478;2,9569;2,1028;0,2072;0,0;0,0;0,0;0,0;0,0;0,0;0,0;0,0;0,0;0,0;0,0;0,0;0,0;0,0;0,0;1,3244;3,1484;4,7998;5,4228;5,9736;5,502;3,9957;2,1159;0,0754;0,0;0,0;0,0;0,0;0,0;0,0;0,0;0,0
87;1;18;8,01;8955,4848;414,9346;573,8064;787,5128;813,0678;769,3513;1009,2824;1245,8832;1080,1887;825,0134;700,6308;351,6485;384,1649;0,0;0,0;0,0;0,0;0,0;0,0;0,0;0,5414;1,3339;1,836;2,2727;2,2356;1,9909;1,6833;1,1249;0,3663;0,0;0,0;0,0;0,0;0,0;0,0;0,0;0,0;0,0;0,0;0,0;0,0;0,0;0,0;0,0285;0,9726;1,9345;2,8232;3,0779;3,2515;3,0421;2,5178;1,8823;0,9232;0,0396;0,0;0,0;0,0;0,0;0,0;0,0;0,0;0,0;0,0;0,0;0,0;0,0;0,0063;0,5381;1,6194;2,6333;3,2732;3,7613;3,67;3,3702;2,6963;2,0927;1,2905;0,4524;0,0;0,0;0,0;0,0;0,0;0,0;0,0;0,0;0,0;0,0;0,0;0,0;0,2841;1,2661;2,3273;3,2088;3,5095;3,555;3,3445;3,1082;2,661;1,9519;1,2907;0,5504;0,0447;0,0;0,0;0,0;0,0;0,0;0,0;0,0;0,0;0,0;0,0;0,0469;0,5417;1,4148;2,2581;2,9396;3,2062;3,1894;2,7333;2,3335;2,1065;1,635;1,3643;0,8121;0,2364;0,0;0,0;0,0;0,0;0,0;0,0;0,0;0,0;0,0;0,0;0,1169;0,8237;1,9169;2,7741;3,7326;3,7298;4,1767;3,8256;3,4096;2,9854;2,4808;1,9732;1,2893;0,4009;0,0072;0,0;0,0;0,0;0,0;0,0;0,0;0,0;0,0;0,0;0,0565;0,7066;1,8618;2,8176;3,8409;4,503;4,8635;4,9118;4,4758;4,1497;3,413;2,5551;1,549;0,4776;0,0077;0,0;0,0;0,0;0,0;0,0;0,0;0,0;0,0;0,0;0,0;0,4082;1,5839;2,7446;3,6567;4,279;4,4536;4,5576;4,0142;3,3429;2,5694;1,9841;1,0563;0,1943;0,0;0,0;0,0;0,0;0,0;0,0;0,0;0,0;0,0;0,0;0,0;0,088;1,1057;2,2538;3,213;3,8946;3,8248;3,6246;3,175;2,6931;1,9836;1,2448;0,3964;0,003;0,0;0,0;0,0;0,0;0,0;0,0;0,0;0,0;0,0;0,0;0,0;0,0017;0,6032;1,8384;2,6747;3,0527;3,5286;3,4258;2,9462;2,4381;1,4625;0,6112;0,018;0,0;0,0;0,0;0,0;0,0;0,0;0,0;0,0;0,0;0,0;0,0;0,0;0,0;0,0512;0,7712;1,3766;1,8809;2,0276;1,9296;1,6651;1,1324;0,8054;0,0816;0,0;0,0;0,0;0,0;0,0;0,0;0,0;0,0;0,0;0,0;0,0;0,0;0,0;0,0;0,0;0,5071;1,2057;1,8382;2,0768;2,2878;2,1072;1,5303;0,8104;0,0289;0,0;0,0;0,0;0,0;0,0;0,0;0,0;0,0
88;1;58;25,81;28863,7345;1333,8989;1848,8587;2539,1595;2620,9797;2479,009;3252,125;4014,5101;3483,0193;2658,3748;2263,0566;1132,8737;1237,8692;0,0;0,0;0,0;0,0;0,0;0,0;0,0;1,7447;4,2982;5,9161;7,3233;7,2038;6,4151;5,4238;3,6245;1,0794;0,0;0,0;0,0;0,0;0,0;0,0;0,0;0,0;0,0;0,0;0,0;0,0;0,0;0,0;0,0917;3,1339;6,2334;9,0971;9,9178;10,4772;9,8023;8,1127;6,0651;2,9748;0,1248;0,0;0,0;0,0;0,0;0,0;0,0;0,0;0,0;0,0;0,0;0,0;0,0;0,0204;1,7858;5,2178;8,4851;10,547;12,1197;11,8255;10,8596;8,688;6,7432;4,1583;1,458;0,0;0,0;0,0;0,0;0,0;0,0;0,0;0,0;0,0;0,0;0,0;0,0;0,9503;4,0793;7,4989;10,3393;11,3083;11,4551;10,7768;10,0153;8,5743;6,2896;4,1592;1,7736;0,1457;0,0;0,0;0,0;0,0;0,0;0,0;0,0;0,0;0,0;0,0;0,1512;1,7448;4,5586;7,2759;9,4721;10,331;10,2769;8,8074;7,5189;6,7875;5,2684;4,3962;2,617;0,7622;0,0;0,0;0,0;0,0;0,0;0,0;0,0;0,0;0,0;0,0;0,3768;2,6534;6,1761;8,9384;12,0271;12,0182;13,4582;12,3268;10,9866;9,6197;7,9938;6,3583;4,155;1,2925;0,0231;0,0;0,0;0,0;0,0;0,0;0,0;0,0;0,0;0,0;0,182;2,2761;5,9985;9,0786;12,3761;14,5095;15,6713;15,8271;14,422;13,3714;10,9975;8,2336;4,992;1,5398;0,0248;0,0;0,0;0,0;0,0;0,0;0,0;0,0;0,0;0,0;0,0001;1,3909;5,1032;8,8433;11,7825;13,788;14,3503;14,6855;12,9346;10,7717;8,2792;6,3934;3,4044;0,6284;0,0;0,0;0,0;0,0;0,0;0,0;0,0;0,0;0,0;0,0;0,0;0,2837;3,5623;7,2621;10,353;12,5492;12,3244;11,6792;10,2305;8,6779;6,3918;4,0111;1,2777;0,0097;0,0;0,0;0,0;0,0;0,0;0,0;0,0;0,0;0,0;0,0;0,0;0,0054;2,1232;5,9238;8,6184;9,8364;11,37;11,0386;9,4933;7,8559;4,7124;1,9696;0,0548;0,0;0,0;0,0;0,0;0,0;0,0;0,0;0,0;0,0;0,0;0,0;0,0;0,0;0,1649;2,4852;4,4357;6,0606;6,5333;6,2177;5,3654;3,6489;2,595;0,2557;0,0;0,0;0,0;0,0;0,0;0,0;0,0;0,0;0,0;0,0;0,0;0,0;0,0;0,0;0,0;1,6344;3,8853;5,9232;6,6919;7,3717;6,7897;4,9308;2,6111;0,0931;0,0;0,0;0,0;0,0;0,0;0,0;0,0;0,0
90;1;76;33,82;37820,5891;1747,8687;2422,6459;3327,1736;3433,9533;3248,3575;4261,406;5260,3941;4563,5196;3483,3897;2965,3866;1484,4571;1622,037;0,0;0,0;0,0;0,0;0,0;0,0;0,0;2,2862;5,6321;7,7522;9,596;9,4394;8,4061;7,107;4,7494;1,4144;0,0;0,0;0,0;0,0;0,0;0,0;0,0;0,0;0,0;0,0;0,0;0,0;0,0;0,0;0,1202;4,1065;8,1679;11,9203;12,9957;13,7287;12,8444;10,6304;7,9473;3,898;0,1636;0,0;0,0;0,0;0,0;0,0;0,0;0,0;0,0;0,0;0,0;0,0;0,0;0,0267;2,34;6,8371;11,1184;13,8202;15,881;15,4955;14,2299;11,3843;8,8359;5,4487;1,9105;0,0;0,0;0,0;0,0;0,0;0,0;0,0;0,0;0,0;0,0;0,0;0,0;1,2308;5,3454;9,8262;13,5481;14,8178;15,0101;14,1214;13,1235;11,2353;8,2416;5,4499;2,3241;0,191;0,0;0,0;0,0;0,0;0,0;0,0;0,0;0,0;0,0;0,0;0,1981;2,2864;5,9733;9,5339;12,4117;13,5371;13,4663;11,5407;9,8524;8,894;6,9034;5,7605;3,4292;0,9988;0,0;0,0;0,0;0,0;0,0;0,0;0,0;0,0;0,0;0,0;0,4937;3,477;8,0929;11,7124;15,7596;15,748;17,6349;16,1524;14,3963;12,6052;10,4747;8,3316;5,4445;1,6935;0,0302;0,0;0,0;0,0;0,0;0,0;0,0;0,0;0,0;0,0;0,2385;2,9825;7,8601;11,8961;16,2169;19,0125;20,5348;20,7389;18,8978;17,5212;14,4105;10,7888;6,5412;2,0176;0,0325;0,0;0,0;0,0;0,0;0,0;0,0;0,0;0,0;0,0;0,0001;1,8086;6,687;11,5878;15,4391;18,067;18,8039;19,2431;16,9488;14,1146;10,8486;8,3775;4,4608;0,8233;0,0;0,0;0,0;0,0;0,0;0,0;0,0;0,0;0,0;0,0;0,0;0,3717;4,6679;9,5158;13,566;16,4438;16,1492;15,3038;13,4054;11,371;8,3754;5,2558;1,6742;0,0128;0,0;0,0;0,0;0,0;0,0;0,0;0,0;0,0;0,0;0,0;0,0;0,0071;2,7822;7,7622;11,293;12,8891;14,8986;14,4644;12,4395;10,294;6,1749;2,5809;0,0718;0,0;0,0;0,0;0,0;0,0;0,0;0,0;0,0;0,0;0,0;0,0;0,0;0,0;0,216;3,2565;5,8123;7,9415;8,5609;8,1473;7,0305;4,7813;3,4003;0,3351;0,0;0,0;0,0;0,0;0,0;0,0;0,0;0,0;0,0;0,0;0,0;0,0;0,0;0,0;0,0;2,1416;5,091;7,7614;8,7688;9,6595;8,8969;6,461;3,4215;0,122;0,0;0,0;0,0;0,0;0,0;0,0;0,0;0,0
91;1;125;55,625;62204,9248;2874,7836;3984,615;5472,3262;5647,9502;5342,6944;7008,8942;8651,9646;7505,7888;5729,2596;4877,2806;2441,5404;2667,8272;0,0;0,0;0,0;0,0;0,0;0,0;0,0;3,7602;9,2634;12,7503;15,783;15,5254;13,8258;11,6892;7,8115;2,3263;0,0;0,0;0,0;0,0;0,0;0,0;0,0;0,0;0,0;0,0;0,0;0,0;0,0;0,0;0,1976;6,7541;13,4341;19,6058;21,3746;22,5801;21,1256;17,4842;13,0713;6,4112;0,2691;0,0;0,0;0,0;0,0;0,0;0,0;0,0;0,0;0,0;0,0;0,0;0,0;0,044;3,8487;11,2453;18,2868;22,7306;26,1201;25,4859;23,4044;18,7241;14,5327;8,9618;3,1423;0,0;0,0;0,0;0,0;0,0;0,0;0,0;0,0;0,0;0,0;0,0;0,0;2,0243;8,7917;16,1614;22,283;24,3714;24,6877;23,2259;21,5848;18,4792;13,5552;8,9637;3,8225;0,3141;0,0;0,0;0,0;0,0;0,0;0,0;0,0;0,0;0,0;0,0;0,3258;3,7605;9,8246;15,6808;20,4139;22,265;22,1485;18,9815;16,2046;14,6283;11,3543;9,4745;5,6401;1,6427;0,0;0,0;0,0;0,0;0,0;0,0;0,0;0,0;0,0;0,0;0,812;5,7187;13,3107;19,2639;25,9204;25,9013;29,0048;26,5665;23,6781;20,7322;17,2281;13,7033;8,9548;2,7854;0,0497;0,0;0,0;0,0;0,0;0,0;0,0;0,0;0,0;0,0;0,3923;4,9054;12,9277;19,566;26,6726;31,2706;33,7744;34,1101;31,0819;28,8178;23,7015;17,7448;10,7586;3,3184;0,0535;0,0;0,0;0,0;0,0;0,0;0,0;0,0;0,0;0,0;0,0001;2,9746;10,9984;19,0589;25,3933;29,7154;30,9275;31,6499;27,8763;23,2148;17,8431;13,7788;7,3369;1,3542;0,0;0,0;0,0;0,0;0,0;0,0;0,0;0,0;0,0;0,0;0,0;0,6114;7,6774;15,651;22,3125;27,0457;26,5611;25,1708;22,0484;18,7024;13,7754;8,6445;2,7537;0,021;0,0;0,0;0,0;0,0;0,0;0,0;0,0;0,0;0,0;0,0;0,0;0,0116;4,5759;12,7667;18,5741;21,1992;24,5043;23,7901;20,4597;16,9309;10,156;4,2449;0,1182;0,0;0,0;0,0;0,0;0,0;0,0;0,0;0,0;0,0;0,0;0,0;0,0;0,0;0,3553;5,3561;9,5598;13,0617;14,0805;13,4002;11,5634;7,864;5,5927;0,5511;0,0;0,0;0,0;0,0;0,0;0,0;0,0;0,0;0,0;0,0;0,0;0,0;0,0;0,0;0,0;3,5225;8,3734;12,7655;14,4223;15,8873;14,6331;10,6267;5,6275;0,2007;0,0;0,0;0,0;0,0;0,0;0,0;0,0;0,0
92;1;32;14,24;15920,7948;737,6643;1020,1015;1399,9396;1445,4558;1367,7344;1794,2805;2214,905;1920,3378;1466,6939;1245,5655;625,1551;682,9614;0,0;0,0;0,0;0,0;0,0;0,0;0,0;0,9625;2,3713;3,264;4,0404;3,9745;3,5394;2,9925;1,9998;0,6512;0,0;0,0;0,0;0,0;0,0;0,0;0,0;0,0;0,0;0,0;0,0;0,0;0,0;0,0;0,0506;1,729;3,4391;5,019;5,4719;5,7805;5,4082;4,476;3,3463;1,6413;0,0703;0,0;0,0;0,0;0,0;0,0;0,0;0,0;0,0;0,0;0,0;0,0;0,0;0,0113;0,954;2,8789;4,6814;5,819;6,6867;6,5244;5,9915;4,7934;3,7203;2,2941;0,8043;0,0;0,0;0,0;0,0;0,0;0,0;0,0;0,0;0,0;0,0;0,0;0,0;0,505;2,2509;4,1375;5,7045;6,2391;6,3201;5,9458;5,5257;4,7307;3,4701;2,2946;0,9784;0,0794;0,0;0,0;0,0;0,0;0,0;0,0;0,0;0,0;0,0;0,0;0,0834;0,963;2,5153;4,0144;5,226;5,6999;5,67;4,8593;4,1484;3,7448;2,9067;2,4254;1,4437;0,4203;0,0;0,0;0,0;0,0;0,0;0,0;0,0;0,0;0,0;0,0;0,2079;1,4644;3,4079;4,9317;6,6357;6,6308;7,4252;6,801;6,0616;5,3074;4,4103;3,5079;2,2921;0,7128;0,0127;0,0;0,0;0,0;0,0;0,0;0,0;0,0;0,0;0,0;0,1004;1,2563;3,3099;5,0091;6,8283;8,0054;8,6463;8,7322;7,957;7,3773;6,0675;4,5424;2,7538;0,8491;0,0137;0,0;0,0;0,0;0,0;0,0;0,0;0,0;0,0;0,0;0,0;0,7257;2,8159;4,8793;6,5008;7,6072;7,9175;8,1024;7,1363;5,943;4,5678;3,5272;1,8779;0,3455;0,0;0,0;0,0;0,0;0,0;0,0;0,0;0,0;0,0;0,0;0,0;0,1565;1,9657;4,0068;5,712;6,9237;6,7997;6,4437;5,6444;4,7878;3,5265;2,2129;0,7048;0,0054;0,0;0,0;0,0;0,0;0,0;0,0;0,0;0,0;0,0;0,0;0,0;0,003;1,0724;3,2683;4,755;5,427;6,2731;6,0903;5,2377;4,3343;2,5999;1,0866;0,0319;0,0;0,0;0,0;0,0;0,0;0,0;0,0;0,0;0,0;0,0;0,0;0,0;0,0;0,091;1,3711;2,4472;3,3438;3,6046;3,4305;2,9602;2,0132;1,4318;0,1451;0,0;0,0;0,0;0,0;0,0;0,0;0,0;0,0;0,0;0,0;0,0;0,0;0,0;0,0;0,0;0,9016;2,1435;3,2679;3,6921;4,0672;3,7461;2,7205;1,4407;0,0514;0,0;0,0;0,0;0,0;0,0;0,0;0,0;0,0
94;1;11;4,895;5472,7756;253,5711;350,6609;481,2294;496,8763;470,159;616,7839;761,3735;660,1156;504,1761;428,1633;214,898;234,7685;0,0;0,0;0,0;0,0;0,0;0,0;0,0;0,3308;0,8151;1,122;1,3889;1,3662;1,2167;1,0287;0,6874;0,2238;0,0;0,0;0,0;0,0;0,0;0,0;0,0;0,0;0,0;0,0;0,0;0,0;0,0;0,0;0,0174;0,5944;1,1822;1,7253;1,881;1,9871;1,8591;1,5386;1,1503;0,5642;0,0242;0,0;0,0;0,0;0,0;0,0;0,0;0,0;0,0;0,0;0,0;0,0;0,0;0,0039;0,3279;0,9896;1,6092;2,0003;2,2986;2,2428;2,0596;1,6477;1,2789;0,7886;0,2765;0,0;0,0;0,0;0,0;0,0;0,0;0,0;0,0;0,0;0,0;0,0;0,0;0,1736;0,7738;1,4222;1,9609;2,1447;2,1725;2,0439;1,8995;1,6262;1,1928;0,7888;0,3363;0,0273;0,0;0,0;0,0;0,0;0,0;0,0;0,0;0,0;0,0;0,0;0,0287;0,331;0,8646;1,3799;1,7965;1,9593;1,9491;1,6704;1,426;1,2873;0,9992;0,8337;0,4963;0,1445;0,0;0,0;0,0;0,0;0,0;0,0;0,0;0,0;0,0;0,0;0,0715;0,5034;1,1715;1,6953;2,281;2,2793;2,5524;2,3379;2,0837;1,8244;1,516;1,2058;0,7879;0,245;0,0044;0,0;0,0;0,0;0,0;0,0;0,0;0,0;0,0;0,0;0,0345;0,4318;1,1378;1,7219;2,3472;2,7518;2,9722;3,0017;2,7352;2,5359;2,0857;1,5615;0,9466;0,2919;0,0047;0,0;0,0;0,0;0,0;0,0;0,0;0,0;0,0;0,0;0,0;0,2495;0,968;1,6772;2,2346;2,615;2,7216;2,7852;2,4531;2,0429;1,5702;1,2125;0,6455;0,1188;0,0;0,0;0,0;0,0;0,0;0,0;0,0;0,0;0,0;0,0;0,0;0,0538;0,6757;1,3773;1,9635;2,38;2,3374;2,215;1,9403;1,6458;1,2122;0,7607;0,2423;0,0018;0,0;0,0;0,0;0,0;0,0;0,0;0,0;0,0;0,0;0,0;0,0;0,001;0,3686;1,1235;1,6345;1,8655;2,1564;2,0935;1,8005;1,4899;0,8937;0,3735;0,011;0,0;0,0;0,0;0,0;0,0;0,0;0,0;0,0;0,0;0,0;0,0;0,0;0,0;0,0313;0,4713;0,8412;1,1494;1,2391;1,1792;1,0176;0,6921;0,4922;0,0499;0,0;0,0;0,0;0,0;0,0;0,0;0,0;0,0;0,0;0,0;0,0;0,0;0,0;0,0;0,0;0,3099;0,7368;1,1234;1,2691;1,3981;1,2877;0,9352;0,4953;0,0177;0,0;0,0;0,0;0,0;0,0;0,0;0,0;0,0
97;1;55;24,475;27363,8814;1267,8605;1753,3011;2406,1458;2484,378;2350,7957;3083,9202;3806,8713;3300,5806;2520,8808;2140,8181;1074,4872;1173,8421;0,0;0,0;0,0;0,0;0,0;0,0;0,0;1,6542;4,0757;5,61;6,9445;6,8312;6,0834;5,1433;3,4372;1,1192;0,0;0,0;0,0;0,0;0,0;0,0;0,0;0,0;0,0;0,0;0,0;0,0;0,0;0,0;0,087;2,9718;5,911;8,6265;9,4048;9,9353;9,2953;7,6931;5,7514;2,821;0,1209;0,0;0,0;0,0;0,0;0,0;0,0;0,0;0,0;0,0;0,0;0,0;0,0;0,0193;1,6396;4,9481;8,0462;10,0015;11,4928;11,2138;10,298;8,2386;6,3943;3,943;1,3823;0,0;0,0;0,0;0,0;0,0;0,0;0,0;0,0;0,0;0,0;0,0;0,0;0,868;3,8688;7,1113;9,8047;10,7234;10,8626;10,2194;9,4973;8,1308;5,9642;3,9439;1,6817;0,1365;0,0;0,0;0,0;0,0;0,0;0,0;0,0;0,0;0,0;0,0;0,1433;1,6551;4,3232;6,8997;8,9822;9,7967;9,7453;8,3518;7,13;6,4364;4,9958;4,1686;2,4814;0,7224;0,0;0,0;0,0;0,0;0,0;0,0;0,0;0,0;0,0;0,0;0,3573;2,5169;5,8572;8,4764;11,4051;11,3967;12,7621;11,6892;10,4184;9,1221;7,5802;6,0292;3,9396;1,2251;0,0219;0,0;0,0;0,0;0,0;0,0;0,0;0,0;0,0;0,0;0,1726;2,1592;5,6889;8,6094;11,7362;13,7592;14,8608;15,0084;13,676;12,6797;10,4285;7,8073;4,7331;1,4593;0,0235;0,0;0,0;0,0;0,0;0,0;0,0;0,0;0,0;0,0;0,0;1,2474;4,8399;8,3862;11,1732;13,0749;13,6081;13,9259;12,2655;10,2145;7,8508;6,0624;3,2277;0,5938;0,0;0,0;0,0;0,0;0,0;0,0;0,0;0,0;0,0;0,0;0,0;0,269;3,3785;6,8867;9,8176;11,9002;11,6869;11,0752;9,7013;8,229;6,0611;3,8034;1,2114;0,0092;0,0;0,0;0,0;0,0;0,0;0,0;0,0;0,0;0,0;0,0;0,0;0,0051;1,8432;5,6174;8,1726;9,3276;10,7819;10,4677;9,0023;7,4496;4,4687;1,8677;0,0549;0,0;0,0;0,0;0,0;0,0;0,0;0,0;0,0;0,0;0,0;0,0;0,0;0,0;0,1563;2,3566;4,2062;5,7471;6,1954;5,8962;5,0879;3,4602;2,4609;0,2494;0,0;0,0;0,0;0,0;0,0;0,0;0,0;0,0;0,0;0,0;0,0;0,0;0,0;0,0;0,0;1,5496;3,6842;5,6168;6,3457;6,9904;6,4387;4,6759;2,4763;0,0883;0,0;0,0;0,0;0,0;0,0;0,0;0,0;0,0
101;1;50;22,25;24875,5004;1152,602;1593,9108;2187,4089;2258,525;2137,0879;2803,5665;3460,7927;2999,7557;2291,7116;1946,1991;976,8081;1067,1321;0,0;0,0;0,0;0,0;0,0;0,0;0,0;1,5038;3,7052;5,1;6,3132;6,2102;5,5303;4,6758;3,1247;1,0174;0,0;0,0;0,0;0,0;0,0;0,0;0,0;0,0;0,0;0,0;0,0;0,0;0,0;0,0;0,079;2,7016;5,3736;7,8423;8,5498;9,0321;8,4503;6,9937;5,2285;2,5645;0,1099;0,0;0,0;0,0;0,0;0,0;0,0;0,0;0,0;0,0;0,0;0,0;0,0;0,0176;1,4905;4,4983;7,3147;9,0922;10,448;10,1944;9,3618;7,4897;5,813;3,5846;1,2567;0,0;0,0;0,0;0,0;0,0;0,0;0,0;0,0;0,0;0,0;0,0;0,0;0,7891;3,517;6,4648;8,9133;9,7486;9,8751;9,2904;8,6339;7,3916;5,422;3,5854;1,5288;0,1241;0,0;0,0;0,0;0,0;0,0;0,0;0,0;0,0;0,0;0,0;0,1303;1,5046;3,9301;6,2725;8,1657;8,9061;8,8594;7,5926;6,4818;5,8513;4,5417;3,7897;2,2558;0,6567;0,0;0,0;0,0;0,0;0,0;0,0;0,0;0,0;0,0;0,0;0,3248;2,288;5,3248;7,7058;10,3683;10,3606;11,6019;10,6266;9,4712;8,2928;6,8911;5,4811;3,5815;1,1137;0,0199;0,0;0,0;0,0;0,0;0,0;0,0;0,0;0,0;0,0;0,1569;1,9629;5,1717;7,8267;10,6692;12,5084;13,5098;13,6441;12,4328;11,527;9,4805;7,0976;4,3028;1,3267;0,0214;0,0;0,0;0,0;0,0;0,0;0,0;0,0;0,0;0,0;0,0;1,1089;4,3999;7,6238;10,1574;11,8862;12,371;12,66;11,1505;9,2859;7,1371;5,5113;2,9343;0,5398;0,0;0,0;0,0;0,0;0,0;0,0;0,0;0,0;0,0;0,0;0,0;0,2446;3,0713;6,2606;8,9251;10,8183;10,6245;10,0683;8,8194;7,4809;5,5101;3,4577;1,1012;0,0084;0,0;0,0;0,0;0,0;0,0;0,0;0,0;0,0;0,0;0,0;0,0;0,0046;1,6756;5,1067;7,4296;8,4797;9,8017;9,516;8,1839;6,7724;4,0624;1,6979;0,0499;0,0;0,0;0,0;0,0;0,0;0,0;0,0;0,0;0,0;0,0;0,0;0,0;0,0;0,1421;2,1424;3,8238;5,2246;5,6322;5,3602;4,6254;3,1457;2,2371;0,2268;0,0;0,0;0,0;0,0;0,0;0,0;0,0;0,0;0,0;0,0;0,0;0,0;0,0;0,0;0,0;1,4088;3,3493;5,1062;5,7689;6,355;5,8533;4,2508;2,2512;0,0803;0,0;0,0;0,0;0,0;0,0;0,0;0,0;0,0
102;1;108;48,06;53752,695;2483,7287;3442,7989;4729,8194;4881,9129;4616,0918;6055,6897;7475,3085;6485,958;4950,6823;4214,1615;2111,5274;2305,0159;0,0;0,0;0,0;0,0;0,0;0,0;0,0;3,249;8,0036;11,0163;13,6366;13,4139;11,9455;10,0995;6,7491;2,0068;0,0;0,0;0,0;0,0;0,0;0,0;0,0;0,0;0,0;0,0;0,0;0,0;0,0;0,0;0,1707;5,8355;11,6071;16,9395;18,4677;19,5093;18,2526;15,1064;11,2936;5,5393;0,2354;0,0;0,0;0,0;0,0;0,0;0,0;0,0;0,0;0,0;0,0;0,0;0,0;0,038;3,3808;9,7159;15,7998;19,6392;22,5678;22,0199;20,2215;16,1777;12,5563;7,743;2,7151;0,0;0,0;0,0;0,0;0,0;0,0;0,0;0,0;0,0;0,0;0,0;0,0;1,8182;7,5959;13,9635;19,2525;21,0569;21,3302;20,0672;18,6492;15,9661;11,7117;7,7448;3,3027;0,2714;0,0;0,0;0,0;0,0;0,0;0,0;0,0;0,0;0,0;0,0;0,2815;3,2488;8,4883;13,5481;17,6376;19,237;19,1363;16,4;14,0008;12,6389;9,8102;8,186;4,8732;1,4195;0,0;0,0;0,0;0,0;0,0;0,0;0,0;0,0;0,0;0,0;0,7016;4,9407;11,5002;16,6439;22,3952;22,3787;25,0602;22,9535;20,458;17,9126;14,8851;11,8397;7,7372;2,4068;0,043;0,0;0,0;0,0;0,0;0,0;0,0;0,0;0,0;0,0;0,339;4,2379;11,1693;16,9049;23,0451;27,0178;29,1811;29,4712;26,8548;24,8986;20,4782;15,3317;9,2957;2,8675;0,0462;0,0;0,0;0,0;0,0;0,0;0,0;0,0;0,0;0,0;0,0001;2,5986;9,5023;16,4668;21,9398;25,6742;26,7214;27,3455;24,0852;20,0577;15,4165;11,905;6,3393;1,1722;0,0;0,0;0,0;0,0;0,0;0,0;0,0;0,0;0,0;0,0;0,0;0,5482;6,6331;13,5224;19,278;23,3675;22,9488;21,7476;19,0499;16,1589;11,9019;7,469;2,3793;0,0181;0,0;0,0;0,0;0,0;0,0;0,0;0,0;0,0;0,0;0,0;0,0;0,01;3,9536;11,0305;16,0481;18,3162;21,1718;20,5546;17,6772;14,6283;8,7748;3,6676;0,1079;0,0;0,0;0,0;0,0;0,0;0,0;0,0;0,0;0,0;0,0;0,0;0,0;0,0;0,3745;4,6277;8,2597;11,2854;12,1656;11,5779;9,9908;6,7945;4,8321;0,4761;0,0;0,0;0,0;0,0;0,0;0,0;0,0;0,0;0,0;0,0;0,0;0,0;0,0;0,0;0,0;3,0436;7,2348;11,0295;12,4609;13,7266;12,643;9,1815;4,8621;0,1734;0,0;0,0;0,0;0,0;0,0;0,0;0,0;0,0
103;1;90;40,05;44776,8064;2074,6846;2869,0398;3937,5747;4065,3437;3846,7605;5046,4194;6229,4339;5400,2156;4125,08;3503,1598;1758,2547;1920,8397;0,0;0,0;0,0;0,0;0,0;0,0;0,0;2,7069;6,6694;9,1801;11,3637;11,1783;9,9546;8,4164;5,6245;1,8314;0,0;0,0;0,0;0,0;0,0;0,0;0,0;0,0;0,0;0,0;0,0;0,0;0,0;0,0;0,1423;4,8629;9,6725;14,1161;15,3897;16,2577;15,2105;12,5887;9,4113;4,6161;0,1978;0,0;0,0;0,0;0,0;0,0;0,0;0,0;0,0;0,0;0,0;0,0;0,0;0,0317;2,6907;8,0968;13,1666;16,366;18,8065;18,3499;16,8513;13,4814;10,4635;6,4522;2,2621;0,0;0,0;0,0;0,0;0,0;0,0;0,0;0,0;0,0;0,0;0,0;0,0;1,4204;6,3306;11,6365;16,044;17,5475;17,7753;16,7227;15,541;13,305;9,7597;6,4536;2,7518;0,2234;0,0;0,0;0,0;0,0;0,0;0,0;0,0;0,0;0,0;0,0;0,2345;2,7083;7,0742;11,2905;14,6982;16,0309;15,9469;13,6667;11,6673;10,5323;8,175;6,8215;4,0605;1,1822;0,0;0,0;0,0;0,0;0,0;0,0;0,0;0,0;0,0;0,0;0,5846;4,1184;9,5845;13,8704;18,663;18,6491;20,8835;19,1279;17,0482;14,927;12,404;9,866;6,4468;2,0048;0,0358;0,0;0,0;0,0;0,0;0,0;0,0;0,0;0,0;0,0;0,2825;3,5332;9,309;14,0881;19,2046;22,5151;24,3177;24,5593;22,379;20,7487;17,0648;12,7758;7,7452;2,3882;0,0385;0,0;0,0;0,0;0,0;0,0;0,0;0,0;0,0;0,0;0,0001;2,0172;7,9198;13,7229;18,2833;21,3952;22,2678;22,7879;20,0709;16,7146;12,8469;9,9203;5,2818;0,9717;0,0;0,0;0,0;0,0;0,0;0,0;0,0;0,0;0,0;0,0;0,0;0,4402;5,5283;11,269;16,0651;19,473;19,124;18,123;15,8749;13,4657;9,9182;6,2238;1,9823;0,0151;0,0;0,0;0,0;0,0;0,0;0,0;0,0;0,0;0,0;0,0;0,0;0,0084;3,0161;9,1921;13,3733;15,2634;17,6432;17,1289;14,7311;12,1903;7,3124;3,0562;0,0898;0,0;0,0;0,0;0,0;0,0;0,0;0,0;0,0;0,0;0,0;0,0;0,0;0,0;0,2558;3,8563;6,8829;9,4044;10,138;9,6483;8,3257;5,6622;4,0268;0,4082;0,0;0,0;0,0;0,0;0,0;0,0;0,0;0,0;0,0;0,0;0,0;0,0;0,0;0,0;0,0;2,5358;6,0287;9,1911;10,384;11,4389;10,536;7,6515;4,0521;0,1445;0,0;0,0;0,0;0,0;0,0;0,0;0,0;0,0
104;1;88;39,16;43797,2646;2023,8626;2805,2457;3853,9307;3977,2734;3761,2614;4934,267;6090,9985;5284,5859;4033,4069;3433,762;1720,5066;1878,1639;0,0;0,0;0,0;0,0;0,0;0,0;0,0;2,6473;6,5215;8,9763;11,1113;10,9299;9,7334;8,2292;5,4993;1,6377;0,0;0,0;0,0;0,0;0,0;0,0;0,0;0,0;0,0;0,0;0,0;0,0;0,0;0,0;0,1391;4,7549;9,4576;13,8026;15,0478;15,8965;14,8725;12,3089;9,2022;4,5135;0,1918;0,0;0,0;0,0;0,0;0,0;0,0;0,0;0,0;0,0;0,0;0,0;0,0;0,031;2,7547;7,9167;12,8739;16,0024;18,3886;17,9421;16,4768;13,1818;10,2311;6,3091;2,2123;0,0;0,0;0,0;0,0;0,0;0,0;0,0;0,0;0,0;0,0;0,0;0,0;1,4621;6,1893;11,3776;15,6873;17,1575;17,3802;16,3511;15,1957;13,0094;9,5429;6,3105;2,6911;0,2211;0,0;0,0;0,0;0,0;0,0;0,0;0,0;0,0;0,0;0,0;0,2293;2,6472;6,9164;11,0392;14,3714;15,6746;15,5925;13,363;11,408;10,2983;7,9935;6,6701;3,9708;1,1566;0,0;0,0;0,0;0,0;0,0;0,0;0,0;0,0;0,0;0,0;0,5716;4,0257;9,3706;13,5617;18,248;18,2345;20,4194;18,7028;16,6695;14,5955;12,1286;9,6472;6,3044;1,9611;0,035;0,0;0,0;0,0;0,0;0,0;0,0;0,0;0,0;0,0;0,2762;3,4531;9,1009;13,7744;18,7775;22,0145;23,7773;24,0136;21,8817;20,2878;16,686;12,4925;7,5743;2,3364;0,0376;0,0;0,0;0,0;0,0;0,0;0,0;0,0;0,0;0,0;0,0001;2,1103;7,7427;13,4174;17,8769;20,9197;21,773;22,2815;19,625;16,3433;12,5616;9,7004;5,1654;0,9535;0,0;0,0;0,0;0,0;0,0;0,0;0,0;0,0;0,0;0,0;0,0;0,4304;5,4048;11,0183;15,708;19,0402;18,6991;17,7203;15,5221;13,1665;9,6979;6,0858;1,9387;0,0148;0,0;0,0;0,0;0,0;0,0;0,0;0,0;0,0;0,0;0,0;0,0;0,0082;3,2215;8,9878;13,0762;14,9243;17,2511;16,7482;14,4037;11,9194;7,1499;2,9884;0,0879;0,0;0,0;0,0;0,0;0,0;0,0;0,0;0,0;0,0;0,0;0,0;0,0;0,0;0,3052;3,7708;6,7301;9,1955;9,9127;9,4339;8,1406;5,5363;3,9372;0,3879;0,0;0,0;0,0;0,0;0,0;0,0;0,0;0,0;0,0;0,0;0,0;0,0;0,0;0,0;0,0;2,48;5,895;8,987;10,1533;11,1847;10,3017;7,4812;3,9617;0,1412;0,0;0,0;0,0;0,0;0,0;0,0;0,0;0,0
105;1;43;19,135;21392,9537;991,2404;1370,7651;1881,1725;1942,3341;1837,8968;2411,0694;2976,2851;2579,7912;1970,8732;1673,7338;840,0563;917,7358;0,0;0,0;0,0;0,0;0,0;0,0;0,0;1,2933;3,1865;4,386;5,4293;5,3407;4,7561;4,0212;2,6873;0,875;0,0;0,0;0,0;0,0;0,0;0,0;0,0;0,0;0,0;0,0;0,0;0,0;0,0;0,0;0,068;2,3234;4,6213;6,7444;7,3529;7,7676;7,2672;6,0146;4,4966;2,2055;0,0945;0,0;0,0;0,0;0,0;0,0;0,0;0,0;0,0;0,0;0,0;0,0;0,0;0,0151;1,2819;3,8685;6,2907;7,8193;8,9853;8,7672;8,0512;6,4411;4,9992;3,0827;1,0807;0,0;0,0;0,0;0,0;0,0;0,0;0,0;0,0;0,0;0,0;0,0;0,0;0,6787;3,0247;5,5597;7,6655;8,3838;8,4926;7,9897;7,4252;6,3568;4,6629;3,0834;1,3148;0,1067;0,0;0,0;0,0;0,0;0,0;0,0;0,0;0,0;0,0;0,0;0,1121;1,294;3,3799;5,3943;7,0225;7,6592;7,6191;6,5296;5,5744;5,0321;3,9058;3,2591;1,94;0,5648;0,0;0,0;0,0;0,0;0,0;0,0;0,0;0,0;0,0;0,0;0,2793;1,9677;4,5793;6,627;8,9168;8,9101;9,9777;9,1389;8,1453;7,1318;5,9264;4,7137;3,0801;0,9578;0,0171;0,0;0,0;0,0;0,0;0,0;0,0;0,0;0,0;0,0;0,135;1,6881;4,4477;6,731;9,1755;10,7572;11,6185;11,7339;10,6922;9,9133;8,1532;6,1039;3,7004;1,1409;0,0184;0,0;0,0;0,0;0,0;0,0;0,0;0,0;0,0;0,0;0,0;0,9537;3,7839;6,5565;8,7354;10,2222;10,6391;10,8876;9,5894;7,9859;6,1379;4,7397;2,5235;0,4642;0,0;0,0;0,0;0,0;0,0;0,0;0,0;0,0;0,0;0,0;0,0;0,2103;2,6413;5,3841;7,6755;9,3038;9,137;8,6588;7,5847;6,4336;4,7387;2,9736;0,9471;0,0072;0,0;0,0;0,0;0,0;0,0;0,0;0,0;0,0;0,0;0,0;0,0;0,004;1,4411;4,3918;6,3895;7,2925;8,4295;8,1838;7,0382;5,8243;3,4937;1,4602;0,0429;0,0;0,0;0,0;0,0;0,0;0,0;0,0;0,0;0,0;0,0;0,0;0,0;0,0;0,1222;1,8424;3,2885;4,4932;4,8437;4,6097;3,9778;2,7053;1,9239;0,195;0,0;0,0;0,0;0,0;0,0;0,0;0,0;0,0;0,0;0,0;0,0;0,0;0,0;0,0;0,0;1,2115;2,8804;4,3913;4,9613;5,4653;5,0339;3,6557;1,936;0,069;0,0;0,0;0,0;0,0;0,0;0,0;0,0;0,0
107;1;156;69,42;77611,6448;3596,128;4973,0084;6824,7216;7046,6013;6667,7165;8747,1319;10797,6903;9359,2438;7150,1423;6072,1508;3047,6472;3329,4627;0,0;0,0;0,0;0,0;0,0;0,0;0,0;4,692;11,5603;15,9121;19,6971;19,3758;17,2547;14,5884;9,7492;3,1744;0,0;0,0;0,0;0,0;0,0;0,0;0,0;0,0;0,0;0,0;0,0;0,0;0,0;0,0;0,2466;8,429;16,7656;24,4679;26,6755;28,1801;26,3649;21,8205;16,3131;8,0013;0,3429;0,0;0,0;0,0;0,0;0,0;0,0;0,0;0,0;0,0;0,0;0,0;0,0;0,0549;4,6505;14,0346;22,8221;28,3678;32,5979;31,8065;29,2088;23,3678;18,1367;11,1839;3,9209;0,0;0,0;0,0;0,0;0,0;0,0;0,0;0,0;0,0;0,0;0,0;0,0;2,4621;10,9731;20,1701;27,8096;30,4156;30,8105;28,986;26,9378;23,062;16,9167;11,1863;4,7698;0,3872;0,0;0,0;0,0;0,0;0,0;0,0;0,0;0,0;0,0;0,0;0,4066;4,6944;12,262;19,5701;25,4769;27,787;27,6413;23,6889;20,2233;18,256;14,17;11,8238;7,0382;2,049;0,0;0,0;0,0;0,0;0,0;0,0;0,0;0,0;0,0;0,0;1,0134;7,1387;16,6132;24,0421;32,3492;32,3251;36,198;33,155;29,5503;25,8735;21,5004;17,101;11,1743;3,4748;0,0621;0,0;0,0;0,0;0,0;0,0;0,0;0,0;0,0;0,0;0,4896;6,1243;16,1357;24,4194;33,288;39,0262;42,1507;42,5695;38,7902;35,9644;29,579;22,1446;13,4249;4,1393;0,0667;0,0;0,0;0,0;0,0;0,0;0,0;0,0;0,0;0,0;0,0001;3,4598;13,7277;23,7864;31,6913;37,0851;38,5976;39,4991;34,7896;28,9719;22,2679;17,1953;9,155;1,6843;0,0;0,0;0,0;0,0;0,0;0,0;0,0;0,0;0,0;0,0;0,0;0,7631;9,5825;19,533;27,8462;33,7532;33,1484;31,4132;27,5165;23,3405;17,1915;10,7879;3,4359;0,0262;0,0;0,0;0,0;0,0;0,0;0,0;0,0;0,0;0,0;0,0;0,0;0,0145;5,228;15,933;23,1804;26,4566;30,5815;29,6901;25,5339;21,1299;12,6748;5,2974;0,1557;0,0;0,0;0,0;0,0;0,0;0,0;0,0;0,0;0,0;0,0;0,0;0,0;0,0;0,4434;6,6842;11,9304;16,3009;17,5725;16,7237;14,4312;9,8145;6,9799;0,7075;0,0;0,0;0,0;0,0;0,0;0,0;0,0;0,0;0,0;0,0;0,0;0,0;0,0;0,0;0,0;4,3954;10,4497;15,9312;17,999;19,8276;18,2624;13,2626;7,0237;0,2504;0,0;0,0;0,0;0,0;0,0;0,0;0,0;0,0
109;1;21;9,345;10447,7281;484,0949;669,444;918,7123;948,5807;897,5771;1177,4996;1453,5356;1259,8994;962,5191;817,4067;410,2609;448,1978;0,0;0,0;0,0;0,0;0,0;0,0;0,0;0,6316;1,5562;2,142;2,6515;2,6083;2,3228;1,9638;1,3124;0,4273;0,0;0,0;0,0;0,0;0,0;0,0;0,0;0,0;0,0;0,0;0,0;0,0;0,0;0,0;0,0332;1,1347;2,2569;3,2938;3,5909;3,7935;3,5491;2,9374;2,196;1,0771;0,0462;0,0;0,0;0,0;0,0;0,0;0,0;0,0;0,0;0,0;0,0;0,0;0,0;0,0074;0,626;1,8893;3,0722;3,8188;4,3882;4,2816;3,932;3,1457;2,4415;1,5055;0,5278;0,0;0,0;0,0;0,0;0,0;0,0;0,0;0,0;0,0;0,0;0,0;0,0;0,3314;1,4772;2,7152;3,7436;4,0944;4,1476;3,902;3,6262;3,1045;2,2772;1,5058;0,6421;0,0521;0,0;0,0;0,0;0,0;0,0;0,0;0,0;0,0;0,0;0,0;0,0547;0,6319;1,6507;2,6344;3,4296;3,7406;3,721;3,1889;2,7224;2,4575;1,9075;1,5917;0,9474;0,2758;0,0;0,0;0,0;0,0;0,0;0,0;0,0;0,0;0,0;0,0;0,1364;0,961;2,2364;3,2364;4,3547;4,3514;4,8728;4,4632;3,9779;3,483;2,8943;2,3021;1,5042;0,4678;0,0084;0,0;0,0;0,0;0,0;0,0;0,0;0,0;0,0;0,0;0,0659;0,8244;2,1721;3,2872;4,4811;5,2535;5,6741;5,7305;5,2218;4,8414;3,9818;2,981;1,8072;0,5572;0,009;0,0;0,0;0,0;0,0;0,0;0,0;0,0;0,0;0,0;0,0;0,4657;1,848;3,202;4,2661;4,9922;5,1958;5,3172;4,6832;3,9001;2,9976;2,3147;1,2324;0,2267;0,0;0,0;0,0;0,0;0,0;0,0;0,0;0,0;0,0;0,0;0,0;0,1027;1,29;2,6295;3,7485;4,5437;4,4623;4,2287;3,7041;3,142;2,3143;1,4522;0,4625;0,0035;0,0;0,0;0,0;0,0;0,0;0,0;0,0;0,0;0,0;0,0;0,0;0,002;0,7038;2,1448;3,1205;3,5615;4,1168;3,9967;3,4373;2,8444;1,7062;0,7131;0,021;0,0;0,0;0,0;0,0;0,0;0,0;0,0;0,0;0,0;0,0;0,0;0,0;0,0;0,0597;0,8998;1,606;2,1944;2,3655;2,2513;1,9427;1,3212;0,9396;0,0952;0,0;0,0;0,0;0,0;0,0;0,0;0,0;0,0;0,0;0,0;0,0;0,0;0,0;0,0;0,0;0,5917;1,4067;2,1446;2,4229;2,6691;2,4584;1,7854;0,9455;0,0337;0,0;0,0;0,0;0,0;0,0;0,0;0,0;0,0
110;1;42;18,69;20856,6671;968,1905;1338,8899;1836,4196;1891,7266;1790,2986;2355,0007;2888,5304;2510,8372;1925,0412;1634,8133;820,5228;896,3963;0,0;0,0;0,0;0,0;0,0;0,0;0,0;1,2632;3,1124;4,284;5,3031;5,2166;4,6455;3,9277;2,6248;0,8547;0,0;0,0;0,0;0,0;0,0;0,0;0,0;0,0;0,0;0,0;0,0;0,0;0,0;0,0;0,0664;2,2694;4,5138;6,5876;7,1819;7,5869;7,0983;5,8748;4,392;2,1542;0,0923;0,0;0,0;0,0;0,0;0,0;0,0;0,0;0,0;0,0;0,0;0,0;0,0;0,0148;1,2195;3,7785;6,1444;7,6375;8,7764;8,5633;7,8639;6,2913;4,883;3,011;1,0556;0,0;0,0;0,0;0,0;0,0;0,0;0,0;0,0;0,0;0,0;0,0;0,0;0,4818;2,9543;5,4304;7,4872;8,1888;8,2951;7,8039;7,2525;6,209;4,5545;3,0117;1,2842;0,1041;0,0;0,0;0,0;0,0;0,0;0,0;0,0;0,0;0,0;0,0;0,1095;1,1072;3,3013;5,2689;6,8592;7,4811;7,4419;6,3778;5,4447;4,9151;3,815;3,1833;1,8949;0,5517;0,0;0,0;0,0;0,0;0,0;0,0;0,0;0,0;0,0;0,0;0,2728;1,922;4,4728;6,4729;8,7094;8,7029;9,7456;8,9264;7,9558;6,966;5,7886;4,6041;3,0084;0,9355;0,0167;0,0;0,0;0,0;0,0;0,0;0,0;0,0;0,0;0,0;0,1318;1,0508;4,3443;6,5745;8,9622;10,5071;11,3483;11,461;10,4435;9,6827;7,9636;5,962;3,6144;1,1144;0,018;0,0;0,0;0,0;0,0;0,0;0,0;0,0;0,0;0,0;0,0;0,6424;3,6959;6,404;8,5323;9,9845;10,3917;10,6344;9,3664;7,8001;5,9952;4,6295;2,4648;0,4534;0,0;0,0;0,0;0,0;0,0;0,0;0,0;0,0;0,0;0,0;0,0;0,2054;2,5799;5,2589;7,497;9,0874;8,9246;8,4574;7,4083;6,284;4,6285;2,9044;0,925;0,007;0,0;0,0;0,0;0,0;0,0;0,0;0,0;0,0;0,0;0,0;0,0;0,0039;1,4075;4,2897;6,2409;7,123;8,2335;7,9935;6,8745;5,6888;3,4124;1,4262;0,0419;0,0;0,0;0,0;0,0;0,0;0,0;0,0;0,0;0,0;0,0;0,0;0,0;0,0;0,1194;1,7996;3,212;4,3887;4,7311;4,5026;3,8853;2,6424;1,8792;0,1905;0,0;0,0;0,0;0,0;0,0;0,0;0,0;0,0;0,0;0,0;0,0;0,0;0,0;0,0;0,0;1,1834;2,8134;4,2892;4,8459;5,3382;4,9168;3,5707;1,891;0,0674;0,0;0,0;0,0;0,0;0,0;0,0;0,0;0,0
115;1;17;7,565;8460,5309;390,9596;541,9242;744,5101;768,3383;726,608;953,2124;1176,6738;1020,8974;779,1822;663,3428;332,0532;362,8289;0,0;0,0;0,0;0,0;0,0;0,0;0,0;0,5114;1,2598;1,7341;2,1465;2,1115;1,8803;1,5897;1,0624;0,3159;0,0;0,0;0,0;0,0;0,0;0,0;0,0;0,0;0,0;0,0;0,0;0,0;0,0;0,0;0,0269;0,9186;1,8271;2,6664;2,907;3,0709;2,8731;2,3779;1,7777;0,8719;0,037;0,0;0,0;0,0;0,0;0,0;0,0;0,0;0,0;0,0;0,0;0,0;0,0;0,006;0,5322;1,5294;2,487;3,0914;3,5523;3,4661;3,183;2,5465;1,9765;1,2188;0,4274;0,0;0,0;0,0;0,0;0,0;0,0;0,0;0,0;0,0;0,0;0,0;0,0;0,2824;1,1957;2,198;3,0305;3,3145;3,3576;3,1587;2,9355;2,5132;1,8435;1,2191;0,5199;0,0427;0,0;0,0;0,0;0,0;0,0;0,0;0,0;0,0;0,0;0,0;0,0443;0,5114;1,3361;2,1326;2,7763;3,028;3,0122;2,5815;2,2038;1,9895;1,5442;1,2885;0,7671;0,2234;0,0;0,0;0,0;0,0;0,0;0,0;0,0;0,0;0,0;0,0;0,1104;0,7777;1,8102;2,6199;3,5252;3,5226;3,9447;3,6131;3,2202;2,8196;2,343;1,8637;1,2179;0,3789;0,0068;0,0;0,0;0,0;0,0;0,0;0,0;0,0;0,0;0,0;0,0534;0,6671;1,7581;2,661;3,6275;4,2528;4,5933;4,639;4,2272;3,9192;3,2234;2,4133;1,4632;0,4514;0,0073;0,0;0,0;0,0;0,0;0,0;0,0;0,0;0,0;0,0;0,0;0,4077;1,4957;2,592;3,4535;4,0413;4,2062;4,3044;3,7912;3,1572;2,4267;1,8739;0,9979;0,1845;0,0;0,0;0,0;0,0;0,0;0,0;0,0;0,0;0,0;0,0;0,0;0,0832;1,0441;2,1285;3,0345;3,6782;3,6123;3,4232;2,9986;2,5435;1,8735;1,1757;0,3745;0,0029;0,0;0,0;0,0;0,0;0,0;0,0;0,0;0,0;0,0;0,0;0,0;0,0016;0,6223;1,7363;2,5261;2,8831;3,3326;3,2355;2,7825;2,3026;1,3812;0,5773;0,017;0,0;0,0;0,0;0,0;0,0;0,0;0,0;0,0;0,0;0,0;0,0;0,0;0,0;0,0483;0,7284;1,3002;1,7764;1,915;1,8225;1,5726;1,0695;0,7606;0,0749;0,0;0,0;0,0;0,0;0,0;0,0;0,0;0,0;0,0;0,0;0,0;0,0;0,0;0,0;0,0;0,4791;1,1388;1,7361;1,9614;2,1607;1,9901;1,4453;0,7653;0,0273;0,0;0,0;0,0;0,0;0,0;0,0;0,0;0,0
116;1;91;40,495;45189,4532;2097,7494;2900,9271;3978,9104;4098,7431;3878,9797;5102,5004;6258,4836;5440,1479;4170,9227;3542,0942;1777,7987;1942,196;0,0;0,0;0,0;0,0;0,0;0,0;0,0;2,737;6,7436;9,2821;11,49;11,3025;10,0653;8,51;5,6871;1,8518;0,0;0,0;0,0;0,0;0,0;0,0;0,0;0,0;0,0;0,0;0,0;0,0;0,0;0,0;0,1439;4,9169;9,7799;14,2731;15,5607;16,4384;15,3796;12,7286;9,516;4,6674;0,2;0,0;0,0;0,0;0,0;0,0;0,0;0,0;0,0;0,0;0,0;0,0;0,0;0,032;2,6424;8,1869;13,3129;16,548;19,0155;18,5538;17,0385;13,6312;10,5798;6,5239;2,2871;0,0;0,0;0,0;0,0;0,0;0,0;0,0;0,0;0,0;0,0;0,0;0,0;1,0439;6,401;11,7659;16,2223;17,7425;17,9728;16,9085;15,7137;13,4528;9,8681;6,5253;2,7824;0,2255;0,0;0,0;0,0;0,0;0,0;0,0;0,0;0,0;0,0;0,0;0,2372;2,3989;7,1528;11,4159;14,8615;16,2091;16,1241;13,8185;11,7969;10,6494;8,2658;6,8972;4,1056;1,1953;0,0;0,0;0,0;0,0;0,0;0,0;0,0;0,0;0,0;0,0;0,5911;4,1643;9,6911;14,0246;18,8704;18,8563;21,1156;19,3405;17,2377;15,0929;12,5419;9,9756;6,5183;2,027;0,0362;0,0;0,0;0,0;0,0;0,0;0,0;0,0;0,0;0,0;0,2856;2,2767;9,4125;14,2447;19,418;22,7653;24,5879;24,8322;22,6276;20,9792;17,2544;12,9176;7,8311;2,4146;0,0389;0,0;0,0;0,0;0,0;0,0;0,0;0,0;0,0;0,0;0,0001;1,392;8,0078;13,8754;18,4866;21,633;22,5153;23,0412;20,294;16,9003;12,9896;10,0306;5,3404;0,9824;0,0;0,0;0,0;0,0;0,0;0,0;0,0;0,0;0,0;0,0;0,0;0,4451;5,5898;11,3944;16,2436;19,6894;19,3366;18,3244;16,0513;13,6153;10,0284;6,2929;2,0043;0,0153;0,0;0,0;0,0;0,0;0,0;0,0;0,0;0,0;0,0;0,0;0,0;0,0085;3,0496;9,2943;13,5219;15,4331;17,8392;17,3192;14,8948;12,3259;7,3936;3,0901;0,0909;0,0;0,0;0,0;0,0;0,0;0,0;0,0;0,0;0,0;0,0;0,0;0,0;0,0;0,2587;3,8991;6,9594;9,5089;10,2506;9,7555;8,4182;5,7251;4,0717;0,4127;0,0;0,0;0,0;0,0;0,0;0,0;0,0;0,0;0,0;0,0;0,0;0,0;0,0;0,0;0,0;2,564;6,0957;9,2932;10,4994;11,5661;10,6531;7,7366;4,0972;0,1461;0,0;0,0;0,0;0,0;0,0;0,0;0,0;0,0
119;1;46;20,47;22843,0377;1060,4022;1466,4038;2011,3197;2071,8916;1960,8043;2579,287;3163,6317;2749,9667;2108,3793;1790,5118;898,6677;981,7719;0,0;0,0;0,0;0,0;0,0;0,0;0,0;1,3835;3,4088;4,6921;5,8082;5,7134;5,088;4,3017;2,8748;0,9361;0,0;0,0;0,0;0,0;0,0;0,0;0,0;0,0;0,0;0,0;0,0;0,0;0,0;0,0;0,0727;2,4855;4,9437;7,2149;7,8659;8,3095;7,7743;6,4343;4,8103;2,3594;0,1011;0,0;0,0;0,0;0,0;0,0;0,0;0,0;0,0;0,0;0,0;0,0;0,0;0,0162;1,3357;4,1384;6,7296;8,3649;9,6122;9,3789;8,6129;6,8905;5,348;3,2978;1,1561;0,0;0,0;0,0;0,0;0,0;0,0;0,0;0,0;0,0;0,0;0,0;0,0;0,5277;3,2357;5,9476;8,2003;8,9687;9,0851;8,5472;7,9432;6,8003;4,9883;3,2985;1,4065;0,114;0,0;0,0;0,0;0,0;0,0;0,0;0,0;0,0;0,0;0,0;0,1199;1,2126;3,6157;5,7707;7,5124;8,1936;8,1507;6,9852;5,9633;5,3832;4,1783;3,4865;2,0754;0,6042;0,0;0,0;0,0;0,0;0,0;0,0;0,0;0,0;0,0;0,0;0,2988;2,105;4,8988;7,0894;9,5389;9,5318;10,6738;9,7765;8,7135;7,6294;6,3398;5,0426;3,295;1,0246;0,0183;0,0;0,0;0,0;0,0;0,0;0,0;0,0;0,0;0,0;0,1444;1,1509;4,758;7,2006;9,8157;11,5077;12,4291;12,5526;11,4381;10,6049;8,722;6,5298;3,9586;1,2206;0,0197;0,0;0,0;0,0;0,0;0,0;0,0;0,0;0,0;0,0;0,0;0,7036;4,0479;7,0139;9,3449;10,9354;11,3814;11,6472;10,2585;8,543;6,5662;5,0704;2,6995;0,4966;0,0;0,0;0,0;0,0;0,0;0,0;0,0;0,0;0,0;0,0;0,0;0,225;2,8256;5,7598;8,2111;9,9529;9,7745;9,2629;8,1139;6,8825;5,0693;3,1811;1,0131;0,0077;0,0;0,0;0,0;0,0;0,0;0,0;0,0;0,0;0,0;0,0;0,0;0,0043;1,5416;4,6982;6,8353;7,8014;9,0176;8,7548;7,5292;6,2306;3,7374;1,562;0,0459;0,0;0,0;0,0;0,0;0,0;0,0;0,0;0,0;0,0;0,0;0,0;0,0;0,0;0,1307;1,971;3,5179;4,8067;5,1817;4,9314;4,2554;2,894;2,0582;0,2086;0,0;0,0;0,0;0,0;0,0;0,0;0,0;0,0;0,0;0,0;0,0;0,0;0,0;0,0;0,0;1,2961;3,0814;4,6977;5,3074;5,8466;5,3851;3,9108;2,0711;0,0738;0,0;0,0;0,0;0,0;0,0;0,0;0,0;0,0
124;1;87;38,715;43240,3943;2005,5571;2773,4242;3806,1065;3918,5864;3712,9456;4878,2219;6012,4985;5201,0314;3987,5944;3387,9312;1699,6608;1856,8363;0,0;0,0;0,0;0,0;0,0;0,0;0,0;2,6168;6,4472;8,8742;10,985;10,8058;9,6229;8,1359;5,4371;1,7704;0,0;0,0;0,0;0,0;0,0;0,0;0,0;0,0;0,0;0,0;0,0;0,0;0,0;0,0;0,1375;4,7008;9,3501;13,6457;14,8768;15,7158;14,7036;12,1692;9,0978;4,4622;0,1912;0,0;0,0;0,0;0,0;0,0;0,0;0,0;0,0;0,0;0,0;0,0;0,0;0,0306;2,5935;7,827;12,7277;15,8206;18,1797;17,7383;16,2896;13,0321;10,1147;6,2372;2,1866;0,0;0,0;0,0;0,0;0,0;0,0;0,0;0,0;0,0;0,0;0,0;0,0;0,998;6,1196;11,2487;15,5093;16,9626;17,1828;16,1653;15,023;12,8615;9,4344;6,2385;2,6601;0,2157;0,0;0,0;0,0;0,0;0,0;0,0;0,0;0,0;0,0;0,0;0,2267;2,4376;6,8384;10,9141;14,2083;15,4966;15,4154;13,2111;11,2784;10,1813;7,9025;6,5941;3,9251;1,1428;0,0;0,0;0,0;0,0;0,0;0,0;0,0;0,0;0,0;0,0;0,5651;3,9812;9,2651;13,4081;18,0409;18,0275;20,1874;18,4903;16,48;14,4295;11,9906;9,5371;6,2319;1,9379;0,0346;0,0;0,0;0,0;0,0;0,0;0,0;0,0;0,0;0,0;0,2731;3,1153;8,9988;13,6185;18,5645;21,7646;23,5071;23,7408;21,633;20,0571;16,496;12,3499;7,487;2,3085;0,0372;0,0;0,0;0,0;0,0;0,0;0,0;0,0;0,0;0,0;0,0001;1,3308;7,6558;13,2655;17,674;20,6822;21,5256;22,0284;19,402;16,1575;12,4186;9,5897;5,1057;0,9393;0,0;0,0;0,0;0,0;0,0;0,0;0,0;0,0;0,0;0,0;0,0;0,4256;5,3441;10,8935;15,5296;18,824;18,4866;17,519;15,3458;13,0169;9,5876;6,0164;1,9162;0,0146;0,0;0,0;0,0;0,0;0,0;0,0;0,0;0,0;0,0;0,0;0,0;0,0081;2,9648;8,8858;12,9276;14,7547;17,0551;16,558;14,2401;11,784;7,0686;2,9543;0,0869;0,0;0,0;0,0;0,0;0,0;0,0;0,0;0,0;0,0;0,0;0,0;0,0;0,0;0,2473;3,7277;6,6536;9,0909;9,8001;9,3267;8,0482;5,4735;3,8927;0,3946;0,0;0,0;0,0;0,0;0,0;0,0;0,0;0,0;0,0;0,0;0,0;0,0;0,0;0,0;0,0;2,4513;5,8278;8,8848;10,038;11,0577;10,1849;7,3966;3,9171;0,1396;0,0;0,0;0,0;0,0;0,0;0,0;0,0;0,0
126;1;70;31,15;34773,8611;1613,6683;2231,493;3049,7492;3152,8867;2986,4652;3925,0094;4835,193;4184,7409;3208,4089;2724,6957;1367,5442;1494,0066;0,0;0,0;0,0;0,0;0,0;0,0;0,0;2,1055;5,1874;7,1402;8,8385;8,6943;7,7426;6,5461;4,3747;1,4244;0,0;0,0;0,0;0,0;0,0;0,0;0,0;0,0;0,0;0,0;0,0;0,0;0,0;0,0;0,1107;3,7823;7,5231;10,9793;11,9699;12,645;11,8305;9,7913;7,3201;3,5903;0,1539;0,0;0,0;0,0;0,0;0,0;0,0;0,0;0,0;0,0;0,0;0,0;0,0;0,0246;1,6791;6,2976;10,2407;12,7292;14,6273;14,2722;13,1066;10,4856;8,1383;5,0184;1,7594;0,0;0,0;0,0;0,0;0,0;0,0;0,0;0,0;0,0;0,0;0,0;0,0;0,803;4,9238;9,0507;12,4787;13,6481;13,8253;13,0066;12,0875;10,3483;7,5909;5,0195;2,1403;0,1735;0,0;0,0;0,0;0,0;0,0;0,0;0,0;0,0;0,0;0,0;0,1824;1,9302;5,5022;8,7815;11,432;12,4685;12,4032;10,6296;9,0746;8,1918;6,3583;5,3056;3,1582;0,9195;0,0;0,0;0,0;0,0;0,0;0,0;0,0;0,0;0,0;0,0;0,4547;3,2033;7,4547;10,7882;14,5157;14,5049;16,2428;14,8773;13,2598;11,61;9,6476;7,6736;5,0141;1,5592;0,0278;0,0;0,0;0,0;0,0;0,0;0,0;0,0;0,0;0,0;0,2197;2,4275;7,2404;10,9574;14,937;17,5118;18,9138;19,1018;17,4059;16,1379;13,2727;9,9367;6,024;1,8574;0,0299;0,0;0,0;0,0;0,0;0,0;0,0;0,0;0,0;0,0;0,0001;1,0707;6,1599;10,6734;14,2205;16,6408;17,3195;17,724;15,6108;13,0003;9,992;7,7158;4,108;0,7558;0,0;0,0;0,0;0,0;0,0;0,0;0,0;0,0;0,0;0,0;0,0;0,3424;4,2998;8,7649;12,4951;15,1457;14,8743;14,0957;12,3472;10,4734;7,7142;4,8408;1,5417;0,0117;0,0;0,0;0,0;0,0;0,0;0,0;0,0;0,0;0,0;0,0;0,0;0,0065;2,3459;7,1495;10,4016;11,8716;13,7225;13,3225;11,4576;9,4814;5,6874;2,377;0,0699;0,0;0,0;0,0;0,0;0,0;0,0;0,0;0,0;0,0;0,0;0,0;0,0;0,0;0,199;2,9993;5,3535;7,3146;7,8852;7,5043;6,4756;4,4039;3,1321;0,3175;0,0;0,0;0,0;0,0;0,0;0,0;0,0;0,0;0,0;0,0;0,0;0,0;0,0;0,0;0,0;1,9723;4,6891;7,1487;8,0765;8,897;8,1948;5,9513;3,1517;0,1124;0,0;0,0;0,0;0,0;0,0;0,0;0,0;0,0
129;1;4;1,78;1990,3151;91,9908;127,5148;175,0547;180,7332;170,968;224,2858;276,8635;240,1852;183,3367;155,8803;78,1298;85,3723;0,0;0,0;0,0;0,0;0,0;0,0;0,0;0,1203;0,2964;0,408;0,5051;0,4968;0,4424;0,3741;0,25;0,0743;0,0;0,0;0,0;0,0;0,0;0,0;0,0;0,0;0,0;0,0;0,0;0,0;0,0;0,0;0,0063;0,2161;0,4299;0,6274;0,684;0,7226;0,676;0,5595;0,4183;0,2052;0,0088;0,0;0,0;0,0;0,0;0,0;0,0;0,0;0,0;0,0;0,0;0,0;0,0;0,0014;0,1212;0,3598;0,5852;0,7274;0,8358;0,8156;0,749;0,5992;0,465;0,2868;0,1005;0,0;0,0;0,0;0,0;0,0;0,0;0,0;0,0;0,0;0,0;0,0;0,0;0,0648;0,2813;0,5172;0,7131;0,7799;0,79;0,7432;0,6907;0,5913;0,4338;0,2868;0,1223;0,01;0,0;0,0;0,0;0,0;0,0;0,0;0,0;0,0;0,0;0,0;0,0104;0,1203;0,3144;0,5018;0,6532;0,7125;0,7088;0,6074;0,5185;0,4681;0,3633;0,3032;0,1805;0,0526;0,0;0,0;0,0;0,0;0,0;0,0;0,0;0,0;0,0;0,0;0,026;0,183;0,426;0,6164;0,8295;0,8288;0,9281;0,8501;0,7577;0,6634;0,5513;0,4385;0,2865;0,0891;0,0016;0,0;0,0;0,0;0,0;0,0;0,0;0,0;0,0;0,0;0,0125;0,157;0,4137;0,6261;0,8535;1,0007;1,0808;1,0915;0,9946;0,9222;0,7584;0,5678;0,3443;0,1062;0,0017;0,0;0,0;0,0;0,0;0,0;0,0;0,0;0,0;0,0;0,0;0,0952;0,352;0,6099;0,8126;0,9509;0,9897;1,0128;0,8921;0,7429;0,571;0,4409;0,2348;0,0433;0,0;0,0;0,0;0,0;0,0;0,0;0,0;0,0;0,0;0,0;0,0;0,0196;0,2457;0,5008;0,714;0,8655;0,85;0,8055;0,7056;0,5985;0,4408;0,2766;0,0881;0,0007;0,0;0,0;0,0;0,0;0,0;0,0;0,0;0,0;0,0;0,0;0,0;0,0004;0,14;0,4085;0,5944;0,6784;0,7841;0,7613;0,6547;0,5418;0,325;0,1358;0,004;0,0;0,0;0,0;0,0;0,0;0,0;0,0;0,0;0,0;0,0;0,0;0,0;0,0;0,0114;0,1714;0,3059;0,418;0,4506;0,4288;0,37;0,2516;0,179;0,0176;0,0;0,0;0,0;0,0;0,0;0,0;0,0;0,0;0,0;0,0;0,0;0,0;0,0;0,0;0,0;0,1127;0,268;0,4085;0,4615;0,5084;0,4683;0,3401;0,1801;0,0064;0,0;0,0;0,0;0,0;0,0;0,0;0,0;0,0
130;1;65;28,925;32315,3389;1496,9994;2072,1034;2842,0881;2927,6825;2778,2234;3644,6527;4499,0565;3886,9136;2979,2423;2531,218;1269,8644;1387,2946;0,0;0,0;0,0;0,0;0,0;0,0;0,0;1,9551;4,8169;6,6302;8,2072;8,0733;7,1896;6,0785;4,0622;1,2772;0,0;0,0;0,0;0,0;0,0;0,0;0,0;0,0;0,0;0,0;0,0;0,0;0,0;0,0;0,1028;3,5121;6,9857;10,1951;11,1149;11,7417;10,9855;9,092;6,7972;3,3339;0,1429;0,0;0,0;0,0;0,0;0,0;0,0;0,0;0,0;0,0;0,0;0,0;0,0;0,0229;1,8874;5,8477;9,5092;11,82;13,5825;13,2528;12,1704;9,7366;7,557;4,66;1,6337;0,0;0,0;0,0;0,0;0,0;0,0;0,0;0,0;0,0;0,0;0,0;0,0;0,7457;4,5721;8,4042;11,5874;12,6732;12,8378;12,0776;11,2241;9,6092;7,0487;4,661;1,9874;0,1611;0,0;0,0;0,0;0,0;0,0;0,0;0,0;0,0;0,0;0,0;0,1694;1,956;5,1092;8,1542;10,6154;11,5779;11,5172;9,8704;8,4264;7,6067;5,9042;4,9266;2,9326;0,8538;0,0;0,0;0,0;0,0;0,0;0,0;0,0;0,0;0,0;0,0;0,4222;2,9744;6,9222;10,0176;13,4788;13,4688;15,0826;13,8146;12,3127;10,7807;8,9585;7,1255;4,656;1,4479;0,0259;0,0;0,0;0,0;0,0;0,0;0,0;0,0;0,0;0,0;0,204;2,5518;6,7232;10,1747;13,87;16,2609;17,5628;17,7374;16,1626;14,9852;12,3246;9,227;5,5938;1,7249;0,0278;0,0;0,0;0,0;0,0;0,0;0,0;0,0;0,0;0,0;0,0001;1,0291;5,7198;9,911;13,2047;15,4522;16,0824;16,458;14,4957;12,0717;9,2783;7,1647;3,8147;0,7018;0,0;0,0;0,0;0,0;0,0;0,0;0,0;0,0;0,0;0,0;0,0;0,318;3,9927;8,1388;11,6026;14,0639;13,8119;13,0889;11,4653;9,7253;7,1632;4,495;1,4317;0,0109;0,0;0,0;0,0;0,0;0,0;0,0;0,0;0,0;0,0;0,0;0,0;0,006;2,2151;6,6388;9,6586;11,0236;12,7424;12,3709;10,6392;8,8042;5,2812;2,2072;0,0649;0,0;0,0;0,0;0,0;0,0;0,0;0,0;0,0;0,0;0,0;0,0;0,0;0,0;0,1848;2,7851;4,9711;6,7921;7,3219;6,9683;6,0131;4,0894;2,9083;0,2948;0,0;0,0;0,0;0,0;0,0;0,0;0,0;0,0;0,0;0,0;0,0;0,0;0,0;0,0;0,0;1,8315;4,3541;6,6381;7,4996;8,2616;7,6094;5,5262;2,9266;0,1043;0,0;0,0;0,0;0,0;0,0;0,0;0,0;0,0
132;1;88;39,16;43788,1719;2023,8061;2805,3157;3851,1973;3975,7844;3761,2765;4934,2928;6091,0301;5283,6395;4033,426;3431,347;1718,8678;1878,1887;0,0;0,0;0,0;0,0;0,0;0,0;0,0;2,6472;6,5215;8,9763;11,1114;10,93;9,7335;8,2294;5,4995;1,6353;0,0;0,0;0,0;0,0;0,0;0,0;0,0;0,0;0,0;0,0;0,0;0,0;0,0;0,0;0,1391;4,7549;9,4578;13,8026;15,0479;15,8965;14,8726;12,309;9,2023;4,5136;0,1934;0,0;0,0;0,0;0,0;0,0;0,0;0,0;0,0;0,0;0,0;0,0;0,0;0,031;2,6661;7,9168;12,874;16,0024;18,3887;17,9422;16,4769;13,1819;10,2311;6,3091;2,2121;0,0;0,0;0,0;0,0;0,0;0,0;0,0;0,0;0,0;0,0;0,0;0,0;1,4144;6,1896;11,3778;15,6874;17,1575;17,3803;16,3512;15,1957;13,0094;9,5429;6,3104;2,691;0,2185;0,0;0,0;0,0;0,0;0,0;0,0;0,0;0,0;0,0;0,0;0,2293;2,6476;6,9166;11,0394;14,3715;15,6747;15,5926;13,363;11,4081;10,2983;7,9935;6,67;3,9706;1,1564;0,0;0,0;0,0;0,0;0,0;0,0;0,0;0,0;0,0;0,0;0,5716;4,0262;9,371;13,5619;18,2481;18,2346;20,4195;18,7029;16,6695;14,5955;12,1286;9,647;6,3041;1,9608;0,035;0,0;0,0;0,0;0,0;0,0;0,0;0,0;0,0;0,0;0,2762;3,4538;9,1015;13,7747;18,7777;22,0147;23,7773;24,0137;21,8818;20,2878;16,6859;12,4923;7,5739;2,336;0,0376;0,0;0,0;0,0;0,0;0,0;0,0;0,0;0,0;0,0;0,0001;2,0809;7,7431;13,4176;17,877;20,9198;21,7731;22,2816;19,625;16,3433;12,5616;9,7002;5,165;0,9517;0,0;0,0;0,0;0,0;0,0;0,0;0,0;0,0;0,0;0,0;0,0;0,4304;5,405;11,0184;15,7081;19,0403;18,6992;17,7204;15,5222;13,1666;9,6979;6,0857;1,9385;0,0148;0,0;0,0;0,0;0,0;0,0;0,0;0,0;0,0;0,0;0,0;0,0;0,0082;3,1428;8,9879;13,0763;14,9244;17,2512;16,7483;14,4038;11,9195;7,1499;2,9884;0,0879;0,0;0,0;0,0;0,0;0,0;0,0;0,0;0,0;0,0;0,0;0,0;0,0;0,0;0,2501;3,7707;6,7301;9,1955;9,9128;9,4339;8,1407;5,5364;3,9373;0,388;0,0;0,0;0,0;0,0;0,0;0,0;0,0;0,0;0,0;0,0;0,0;0,0;0,0;0,0;0,0;2,4799;5,895;8,987;10,1534;11,1849;10,3019;7,4814;3,9619;0,1412;0,0;0,0;0,0;0,0;0,0;0,0;0,0;0,0
133;1;71;31,595;35321,4847;1635,1845;2263,3776;3106,3261;3205,2615;3034,6735;3981,083;4914,3526;4259,6724;3254,2456;2764,8691;1387,0834;1515,3554;0,0;0,0;0,0;0,0;0,0;0,0;0,0;2,1356;5,2616;7,2422;8,9648;8,8186;7,8532;6,6396;4,4371;1,3951;0,0;0,0;0,0;0,0;0,0;0,0;0,0;0,0;0,0;0,0;0,0;0,0;0,0;0,0;0,1123;3,8363;7,6306;11,1362;12,1409;12,8256;11,9995;9,9312;7,4246;3,6416;0,1561;0,0;0,0;0,0;0,0;0,0;0,0;0,0;0,0;0,0;0,0;0,0;0,0;0,025;2,1226;6,3875;10,387;12,9111;14,8363;14,4761;13,2938;10,6354;8,2546;5,0902;1,7845;0,0;0,0;0,0;0,0;0,0;0,0;0,0;0,0;0,0;0,0;0,0;0,0;1,0586;4,9941;9,1799;12,657;13,8431;14,0228;13,1924;12,2602;10,4962;7,6993;5,0913;2,171;0,1763;0,0;0,0;0,0;0,0;0,0;0,0;0,0;0,0;0,0;0,0;0,185;2,1365;5,5808;8,9069;11,5953;12,6467;12,5804;10,7815;9,2042;8,3089;6,4492;5,3814;3,2033;0,9327;0,0;0,0;0,0;0,0;0,0;0,0;0,0;0,0;0,0;0,0;0,4612;3,2489;7,5611;10,9422;14,723;14,7121;16,4748;15,0898;13,4492;11,7758;9,7854;7,7833;5,0859;1,5817;0,0282;0,0;0,0;0,0;0,0;0,0;0,0;0,0;0,0;0,0;0,2229;2,7872;7,3437;11,1139;15,1503;17,7619;19,184;19,3747;17,6546;16,3685;13,4624;10,0788;6,1103;1,8842;0,0304;0,0;0,0;0,0;0,0;0,0;0,0;0,0;0,0;0,0;0,0001;1,5746;6,2477;10,8258;14,4236;16,8786;17,5669;17,9772;15,8338;13,186;10,1348;7,8261;4,1669;0,7667;0,0;0,0;0,0;0,0;0,0;0,0;0,0;0,0;0,0;0,0;0,0;0,3473;4,3612;8,89;12,6736;15,3621;15,0868;14,2971;12,5236;10,623;7,8244;4,9099;1,5639;0,0119;0,0;0,0;0,0;0,0;0,0;0,0;0,0;0,0;0,0;0,0;0,0;0,0066;2,4195;7,2516;10,5502;12,0412;13,9186;13,5129;11,6213;9,6169;5,7687;2,411;0,0709;0,0;0,0;0,0;0,0;0,0;0,0;0,0;0,0;0,0;0,0;0,0;0,0;0,0;0,2018;3,0422;5,4299;7,4191;7,9978;7,6115;6,5681;4,4668;3,1768;0,322;0,0;0,0;0,0;0,0;0,0;0,0;0,0;0,0;0,0;0,0;0,0;0,0;0,0;0,0;0,0;2,0006;4,7561;7,2509;8,1919;9,0242;8,3118;6,0363;3,1967;0,114;0,0;0,0;0,0;0,0;0,0;0,0;0,0;0,0
134;1;166;73,87;82598,173;3817,6364;5291,8491;7264,7582;7500,427;7095,1354;9307,8741;11489,8975;9967,6903;7608,5103;6469,0337;3242,4112;3542,9498;0,0;0,0;0,0;0,0;0,0;0,0;0,0;4,9936;12,302;16,9326;20,9601;20,618;18,3609;15,5236;10,374;3,0847;0,0;0,0;0,0;0,0;0,0;0,0;0,0;0,0;0,0;0,0;0,0;0,0;0,0;0,0;0,2624;8,9695;17,8408;26,0368;28,3858;29,9867;28,0552;23,2193;17,3589;8,5142;0,3649;0,0;0,0;0,0;0,0;0,0;0,0;0,0;0,0;0,0;0,0;0,0;0,0;0,0584;5,0292;14,9339;24,2851;30,1865;34,6878;33,8455;31,0813;24,8659;19,2995;11,9012;4,1728;0,0;0,0;0,0;0,0;0,0;0,0;0,0;0,0;0,0;0,0;0,0;0,0;2,6885;11,6757;21,4627;29,5922;32,3653;32,7856;30,8443;28,6647;24,5405;18,0013;11,9037;5,0762;0,4134;0,0;0,0;0,0;0,0;0,0;0,0;0,0;0,0;0,0;0,0;0,4326;4,9943;13,0473;20,8242;27,1099;29,5682;29,4133;25,2075;21,5198;19,4264;15,0786;12,582;7,49;2,1813;0,0;0,0;0,0;0,0;0,0;0,0;0,0;0,0;0,0;0,0;1,0783;7,5949;17,677;25,5827;34,4226;34,3972;38,5185;35,2805;31,4448;27,5324;22,8789;18,1978;11,8919;3,6988;0,066;0,0;0,0;0,0;0,0;0,0;0,0;0,0;0,0;0,0;0,521;6,515;17,1687;25,9841;35,4215;41,5277;44,8527;45,2985;41,2769;38,2701;31,4757;23,565;14,2872;4,4065;0,071;0,0;0,0;0,0;0,0;0,0;0,0;0,0;0,0;0,0;0,0001;3,9508;14,6063;25,3105;33,7225;39,4624;41,072;42,0313;37,0199;30,8294;23,6957;18,2981;9,7431;1,7962;0,0;0,0;0,0;0,0;0,0;0,0;0,0;0,0;0,0;0,0;0,0;0,812;10,1958;20,7848;29,6312;35,917;35,2734;33,4272;29,2805;24,8369;18,2937;11,4798;3,6568;0,0278;0,0;0,0;0,0;0,0;0,0;0,0;0,0;0,0;0,0;0,0;0,0;0,0154;5,808;16,9545;24,6666;28,1528;32,5421;31,5935;27,1708;22,4845;13,4874;5,6372;0,1658;0,0;0,0;0,0;0,0;0,0;0,0;0,0;0,0;0,0;0,0;0,0;0,0;0,0;0,4718;7,113;12,6955;17,3461;18,6991;17,7958;15,3563;10,4436;7,4273;0,7318;0,0;0,0;0,0;0,0;0,0;0,0;0,0;0,0;0,0;0,0;0,0;0,0;0,0;0,0;0,0;4,678;11,1201;16,9529;19,1531;21,0987;19,4332;14,1127;7,4736;0,2665;0,0;0,0;0,0;0,0;0,0;0,0;0,0;0,0
137;1;54;24,03;26846,6048;1243,6618;1721,4417;2361,1199;2432,2287;2308,063;3027,869;3737,6775;3229,1321;2475,063;2102,86;1054,9657;1152,5224;0,0;0,0;0,0;0,0;0,0;0,0;0,0;1,6242;4,0018;5,5082;6,8183;6,7071;5,9729;5,0499;3,3748;1,0611;0,0;0,0;0,0;0,0;0,0;0,0;0,0;0,0;0,0;0,0;0,0;0,0;0,0;0,0;0,0854;2,9178;5,8035;8,4697;9,2339;9,7547;9,1264;7,5533;5,6469;2,7697;0,1187;0,0;0,0;0,0;0,0;0,0;0,0;0,0;0,0;0,0;0,0;0,0;0,0;0,019;1,568;4,8581;7,9;9,8197;11,284;11,01;10,1108;8,0889;6,2781;3,8714;1,3572;0,0;0,0;0,0;0,0;0,0;0,0;0,0;0,0;0,0;0,0;0,0;0,0;0,6195;3,7984;6,982;9,6264;10,5285;10,6652;10,0337;9,3246;7,983;5,8558;3,8722;1,6511;0,1339;0,0;0,0;0,0;0,0;0,0;0,0;0,0;0,0;0,0;0,0;0,1407;1,625;4,2446;6,7743;8,819;9,6186;9,5682;8,2;7,0004;6,3194;4,905;4,0929;2,4363;0,7093;0,0;0,0;0,0;0,0;0,0;0,0;0,0;0,0;0,0;0,0;0,3508;2,4711;5,7507;8,3223;11,1978;11,1895;12,5302;11,4768;10,229;8,9563;7,4424;5,9196;3,8681;1,2029;0,0215;0,0;0,0;0,0;0,0;0,0;0,0;0,0;0,0;0,0;0,1695;2,12;5,5854;8,4529;11,5228;13,5091;14,5907;14,7357;13,4274;12,4492;10,2389;7,6655;4,6471;1,4329;0,0231;0,0;0,0;0,0;0,0;0,0;0,0;0,0;0,0;0,0;0,0;0,855;4,7519;8,2338;10,9701;12,8372;13,3608;13,6728;12,0426;10,0288;7,7081;5,9522;3,1691;0,5831;0,0;0,0;0,0;0,0;0,0;0,0;0,0;0,0;0,0;0,0;0,0;0,2641;3,317;6,7615;9,6391;11,6838;11,4745;10,8739;9,525;8,0795;5,951;3,7343;1,1894;0,0091;0,0;0,0;0,0;0,0;0,0;0,0;0,0;0,0;0,0;0,0;0,0;0,005;1,8402;5,5153;8,0241;9,1581;10,586;10,2774;8,8387;7,3142;4,3874;1,8337;0,0539;0,0;0,0;0,0;0,0;0,0;0,0;0,0;0,0;0,0;0,0;0,0;0,0;0,0;0,1535;2,3138;4,1298;5,6427;6,0828;5,789;4,9955;3,3973;2,4162;0,2449;0,0;0,0;0,0;0,0;0,0;0,0;0,0;0,0;0,0;0,0;0,0;0,0;0,0;0,0;0,0;1,5215;3,6173;5,5147;6,2305;6,8635;6,3217;4,591;2,4313;0,0867;0,0;0,0;0,0;0,0;0,0;0,0;0,0;0,0
138;1;45;20,025;22386,8785;1036,3872;1434,5371;1968,8;2031,5039;1923,3859;2523,2249;3114,7339;2699,795;2062,551;1752,3832;879,1382;960,4382;0,0;0,0;0,0;0,0;0,0;0,0;0,0;1,3536;3,3348;4,5901;5,682;5,5892;4,9774;4,2082;2,8123;0,8842;0,0;0,0;0,0;0,0;0,0;0,0;0,0;0,0;0,0;0,0;0,0;0,0;0,0;0,0;0,0711;2,4315;4,8363;7,0581;7,6949;8,1289;7,6053;6,2944;4,7058;2,3081;0,0989;0,0;0,0;0,0;0,0;0,0;0,0;0,0;0,0;0,0;0,0;0,0;0,0;0,0158;1,3453;4,0484;6,5833;8,1831;9,4033;9,175;8,4257;6,7407;5,2318;3,2262;1,131;0,0;0,0;0,0;0,0;0,0;0,0;0,0;0,0;0,0;0,0;0,0;0,0;0,6709;3,1653;5,8183;8,022;8,7738;8,8877;8,3614;7,7705;6,6525;4,8799;3,2269;1,376;0,1117;0,0;0,0;0,0;0,0;0,0;0,0;0,0;0,0;0,0;0,0;0,1173;1,3541;3,5371;5,6452;7,3491;8,0155;7,9735;6,8333;5,8337;5,2662;4,0875;3,4107;2,0303;0,5911;0,0;0,0;0,0;0,0;0,0;0,0;0,0;0,0;0,0;0,0;0,2923;2,0592;4,7922;6,9352;9,3315;9,3246;10,4418;9,564;8,5242;7,4636;6,202;4,9331;3,2235;1,0025;0,0179;0,0;0,0;0,0;0,0;0,0;0,0;0,0;0,0;0,0;0,1412;1,7665;4,6545;7,044;9,6023;11,2576;12,1589;12,2797;11,1895;10,3744;8,5325;6,3879;3,8727;1,1942;0,0193;0,0;0,0;0,0;0,0;0,0;0,0;0,0;0,0;0,0;0,0;0,998;3,9598;6,8614;9,1417;10,6977;11,134;11,394;10,0355;8,3573;6,4235;4,9602;2,641;0,4859;0,0;0,0;0,0;0,0;0,0;0,0;0,0;0,0;0,0;0,0;0,0;0,2201;2,7641;5,6345;8,0326;9,7366;9,5621;9,0616;7,9375;6,7329;4,9591;3,1119;0,9912;0,0076;0,0;0,0;0,0;0,0;0,0;0,0;0,0;0,0;0,0;0,0;0,0;0,0042;1,5335;4,5961;6,6867;7,6318;8,8217;8,5645;7,3656;6,0952;3,6562;1,5281;0,0449;0,0;0,0;0,0;0,0;0,0;0,0;0,0;0,0;0,0;0,0;0,0;0,0;0,0;0,1279;1,9282;3,4415;4,7022;5,069;4,8242;4,1629;2,8311;2,0135;0,2041;0,0;0,0;0,0;0,0;0,0;0,0;0,0;0,0;0,0;0,0;0,0;0,0;0,0;0,0;0,0;1,268;3,0144;4,5956;5,1921;5,7195;5,2681;3,8258;2,0261;0,0722;0,0;0,0;0,0;0,0;0,0;0,0;0,0;0,0
139;1;70;31,15;34073,0931;1509,064;2189,2157;2999,6309;3024,8016;2824,2738;3891,2325;4846,353;4152,8042;3145,79;2674,8625;1310,086;1504,9789;0,0;0,0;0,0;0,0;0,0;0,0;0,0;1,9744;4,989;7,0728;8,2838;8,1101;7,3408;5,9083;3,9847;1,0156;0,0;0,0;0,0;0,0;0,0;0,0;0,0;0,0;0,0;0,0;0,0;0,0;0,0;0,0;0,1199;3,843;7,9052;10,7193;11,9143;12,3678;11,3116;9,2292;7,0898;3,5212;0,165;0,0;0,0;0,0;0,0;0,0;0,0;0,0;0,0;0,0;0,0;0,0;0,0;0,0222;2,0787;6,0945;10,1539;12,3311;14,2167;13,6421;12,932;10,1221;8,0773;5,3291;1,7625;0,0;0,0;0,0;0,0;0,0;0,0;0,0;0,0;0,0;0,0;0,0;0,0;1,0691;4,7487;8,677;12,3317;13,4151;13,6806;12,3621;11,13;9,2111;6,8457;5,0866;2,1118;0,1574;0,0;0,0;0,0;0,0;0,0;0,0;0,0;0,0;0,0;0,0;0,1789;2,0371;5,4672;8,5083;11,2702;12,2978;11,6406;9,3758;8,3036;6,8851;6,0348;5,2354;2,9318;0,939;0,0;0,0;0,0;0,0;0,0;0,0;0,0;0,0;0,0;0,0;0,4543;3,2765;7,3753;10,9142;14,4712;14,5834;15,945;15,3756;13,3734;11,2666;8,8767;7,3709;4,7902;1,604;0,0304;0,0;0,0;0,0;0,0;0,0;0,0;0,0;0,0;0,0;0,2293;2,7445;7,2643;11,0126;14,857;17,6314;19,1911;19,1073;17,7785;15,8418;12,9874;9,8921;5,9002;1,8647;0,0318;0,0;0,0;0,0;0,0;0,0;0,0;0,0;0,0;0,0;0,0001;1,5782;6,0943;10,4614;14,0954;16,6582;17,0983;16,8522;14,7826;13,1505;10,33;8,0729;4,0061;0,7811;0,0;0,0;0,0;0,0;0,0;0,0;0,0;0,0;0,0;0,0;0,0;0,3526;4,4145;8,7177;12,4086;15,395;14,7785;13,4399;11,5892;10,0893;7,2895;4,8229;1,5497;0,0122;0,0;0,0;0,0;0,0;0,0;0,0;0,0;0,0;0,0;0,0;0,0;0,0057;2,507;7,0572;10,1229;11,6711;13,142;13,2186;11,3627;9,131;5,5784;2,4156;0,0738;0,0;0,0;0,0;0,0;0,0;0,0;0,0;0,0;0,0;0,0;0,0;0,0;0,0;0,1803;2,6819;5,0196;7,192;8,1081;7,3559;5,8898;4,2464;2,7063;0,2891;0,0;0,0;0,0;0,0;0,0;0,0;0,0;0,0;0,0;0,0;0,0;0,0;0,0;0,0;0,0;1,9471;4,4151;6,9354;8,2726;9,0054;8,461;6,1983;3,2002;0,1127;0,0;0,0;0,0;0,0;0,0;0,0;0,0;0,0
140;1;197;87,665;98023,1927;4530,5734;6280,0907;8621,4335;8901,1091;8420,1332;11046,0956;13635,6115;11829,1328;9029,3815;7677,1099;3847,9264;4204,5951;0,0;0,0;0,0;0,0;0,0;0,0;0,0;5,9262;14,5993;20,0947;24,8743;24,4684;21,7898;18,4226;12,3113;3,6608;0,0;0,0;0,0;0,0;0,0;0,0;0,0;0,0;0,0;0,0;0,0;0,0;0,0;0,0;0,3115;10,6445;21,1725;30,8991;33,6868;35,5866;33,2944;27,5555;20,6006;10,1042;0,4331;0,0;0,0;0,0;0,0;0,0;0,0;0,0;0,0;0,0;0,0;0,0;0,0;0,0693;5,9684;17,7228;28,8202;35,8237;41,1656;40,1661;36,8857;29,5095;22,9037;14,1237;4,9521;0,0;0,0;0,0;0,0;0,0;0,0;0,0;0,0;0,0;0,0;0,0;0,0;3,1906;13,8562;25,4707;35,1185;38,4095;38,9082;36,6043;34,0177;29,1233;21,363;14,1267;6,0241;0,4907;0,0;0,0;0,0;0,0;0,0;0,0;0,0;0,0;0,0;0,0;0,5134;5,927;15,4838;24,7131;32,1726;35,09;34,9061;29,9149;25,5385;23,0543;17,8944;14,9317;8,8887;2,5887;0,0;0,0;0,0;0,0;0,0;0,0;0,0;0,0;0,0;0,0;1,2797;9,0133;20,9781;30,3602;40,851;40,8207;45,7118;41,8691;37,317;32,674;27,1515;21,5963;14,1127;4,3896;0,0784;0,0;0,0;0,0;0,0;0,0;0,0;0,0;0,0;0,0;0,6183;7,7317;20,3749;30,8365;42,0364;49,283;53,2288;53,7579;48,9854;45,417;37,3537;27,9658;16,9553;5,2295;0,0843;0,0;0,0;0,0;0,0;0,0;0,0;0,0;0,0;0,0;0,0002;4,6886;17,334;30,0372;40,0201;46,8319;48,742;49,8805;43,9333;36,5867;28,1208;21,7153;11,5626;2,1317;0,0;0,0;0,0;0,0;0,0;0,0;0,0;0,0;0,0;0,0;0,0;0,9636;12,0999;24,6663;35,1648;42,6244;41,8607;39,6696;34,7486;29,4752;21,71;13,6236;4,3397;0,033;0,0;0,0;0,0;0,0;0,0;0,0;0,0;0,0;0,0;0,0;0,0;0,0183;6,8926;20,1207;29,2731;33,4102;38,6193;37,4935;32,2449;26,6834;16,0061;6,6899;0,1967;0,0;0,0;0,0;0,0;0,0;0,0;0,0;0,0;0,0;0,0;0,0;0,0;0,0;0,56;8,4414;15,0663;20,5855;22,1911;21,1192;18,2241;12,3939;8,8143;0,8685;0,0;0,0;0,0;0,0;0,0;0,0;0,0;0,0;0,0;0,0;0,0;0,0;0,0;0,0;0,0;5,5516;13,1967;20,1188;22,7299;25,0389;23,0623;16,7483;8,8693;0,3162;0,0;0,0;0,0;0,0;0,0;0,0;0,0;0,0
142;1;75;33,375;37311,4762;1727,3124;2390,8986;3281,3342;3385,8403;3205,643;4205,3731;5191,2252;4499,6592;3437,5872;2920,6411;1465,2307;1600,7312;0,0;0,0;0,0;0,0;0,0;0,0;0,0;2,256;5,558;7,6502;9,4699;9,3154;8,2956;7,0137;4,6872;1,4737;0,0;0,0;0,0;0,0;0,0;0,0;0,0;0,0;0,0;0,0;0,0;0,0;0,0;0,0;0,1186;4,0525;8,0606;11,7636;12,8249;13,5482;12,6756;10,4907;7,8429;3,8468;0,1648;0,0;0,0;0,0;0,0;0,0;0,0;0,0;0,0;0,0;0,0;0,0;0,0;0,0264;2,2422;6,7474;10,9722;13,6385;15,6722;15,2917;14,0428;11,2346;8,7196;5,377;1,8851;0,0;0,0;0,0;0,0;0,0;0,0;0,0;0,0;0,0;0,0;0,0;0,0;1,1182;5,2755;9,6971;13,37;14,623;14,8128;13,9357;12,9509;11,0875;8,1331;5,3781;2,2933;0,1862;0,0;0,0;0,0;0,0;0,0;0,0;0,0;0,0;0,0;0,0;0,1955;2,2568;5,8952;9,4087;12,2485;13,3591;13,2892;11,3889;9,7228;8,777;6,8125;5,6846;3,3838;0,9852;0,0;0,0;0,0;0,0;0,0;0,0;0,0;0,0;0,0;0,0;0,4872;3,4319;7,9871;11,5587;15,5525;15,541;17,403;15,94;14,207;12,4393;10,3367;8,2218;5,3724;1,6708;0,0298;0,0;0,0;0,0;0,0;0,0;0,0;0,0;0,0;0,0;0,2354;2,9443;7,7574;11,7401;16,0039;18,7626;20,2648;20,4662;18,6492;17,2907;14,2208;10,6466;6,4545;1,9903;0,0321;0,0;0,0;0,0;0,0;0,0;0,0;0,0;0,0;0,0;0,0001;1,6633;6,5997;11,4358;15,2362;17,8295;18,5566;18,99;16,7259;13,9289;10,7058;8,267;4,4016;0,8099;0,0;0,0;0,0;0,0;0,0;0,0;0,0;0,0;0,0;0,0;0,0;0,3668;4,6069;9,3909;13,3876;16,2276;15,9368;15,1026;13,2292;11,2215;8,2652;5,1866;1,652;0,0126;0,0;0,0;0,0;0,0;0,0;0,0;0,0;0,0;0,0;0,0;0,0;0,007;2,5559;7,6601;11,1446;12,7196;14,7028;14,2742;12,276;10,1587;6,0937;2,5468;0,0749;0,0;0,0;0,0;0,0;0,0;0,0;0,0;0,0;0,0;0,0;0,0;0,0;0,0;0,2132;3,2136;5,7358;7,837;8,4484;8,0403;6,9382;4,7185;3,3558;0,3402;0,0;0,0;0,0;0,0;0,0;0,0;0,0;0,0;0,0;0,0;0,0;0,0;0,0;0,0;0,0;2,1133;5,024;7,6594;8,6535;9,5326;8,7801;6,3764;3,3768;0,1204;0,0;0,0;0,0;0,0;0,0;0,0;0,0;0,0
143;1;49;21,805;23852,7915;1054,8289;1532,4537;2099,9218;2117,8;1976,9907;2723,8592;3392,4505;2907,8969;2202,0513;1874,213;916,8386;1053,4869;0,0;0,0;0,0;0,0;0,0;0,0;0,0;1,3822;3,4923;4,9511;5,7987;5,6771;5,1385;4,1358;2,7892;0,6618;0,0;0,0;0,0;0,0;0,0;0,0;0,0;0,0;0,0;0,0;0,0;0,0;0,0;0,0;0,0839;2,6901;5,5337;7,5035;8,34;8,6575;7,9181;6,4604;4,9629;2,4649;0,1155;0,0;0,0;0,0;0,0;0,0;0,0;0,0;0,0;0,0;0,0;0,0;0,0;0,0156;1,4608;4,2661;7,1077;8,6317;9,9517;9,5495;9,0524;7,0855;5,6541;3,7304;1,2339;0,0;0,0;0,0;0,0;0,0;0,0;0,0;0,0;0,0;0,0;0,0;0,0;0,7631;3,324;6,0738;8,6322;9,3905;9,5764;8,6534;7,791;6,4478;4,792;3,5607;1,4783;0,1102;0,0;0,0;0,0;0,0;0,0;0,0;0,0;0,0;0,0;0,0;0,1252;1,4258;3,8269;5,9557;7,8891;8,6084;8,1484;6,563;5,8126;4,8196;4,2244;3,6648;2,0524;0,6574;0,0;0,0;0,0;0,0;0,0;0,0;0,0;0,0;0,0;0,0;0,318;2,2933;5,1625;7,6399;10,1298;10,2084;11,1614;10,7629;9,3614;7,8867;6,2137;5,1597;3,3533;1,123;0,0213;0,0;0,0;0,0;0,0;0,0;0,0;0,0;0,0;0,0;0,1605;1,9209;5,0848;7,7087;10,3998;12,342;13,4338;13,3751;12,445;11,0893;9,0913;6,9246;4,1304;1,3056;0,0223;0,0;0,0;0,0;0,0;0,0;0,0;0,0;0,0;0,0;0,0;1,134;4,2658;7,3229;9,8667;11,6607;11,9688;11,7966;10,3478;9,2054;7,231;5,6512;2,8045;0,5476;0,0;0,0;0,0;0,0;0,0;0,0;0,0;0,0;0,0;0,0;0,0;0,2468;3,09;6,1023;8,686;10,7765;10,345;9,408;8,1125;7,0625;5,1027;3,3761;1,0849;0,0085;0,0;0,0;0,0;0,0;0,0;0,0;0,0;0,0;0,0;0,0;0,0;0,004;1,8134;4,94;7,086;8,1697;9,1994;9,253;7,9539;6,3917;3,9049;1,691;0,0515;0,0;0,0;0,0;0,0;0,0;0,0;0,0;0,0;0,0;0,0;0,0;0,0;0,0;0,1262;1,8774;3,5137;5,0344;5,6757;5,1492;4,1229;2,9725;1,8944;0,1949;0,0;0,0;0,0;0,0;0,0;0,0;0,0;0,0;0,0;0,0;0,0;0,0;0,0;0,0;0,0;1,363;3,0906;4,8548;5,7908;6,3038;5,9227;4,3388;2,2401;0,0789;0,0;0,0;0,0;0,0;0,0;0,0;0,0;0,0
146;1;44;19,58;21407,5298;948,5548;1376,0807;1882,1485;1899,7489;1775,2593;2445,9197;3046,2816;2606,199;1977,3546;1680,5109;823,4829;945,9889;0,0;0,0;0,0;0,0;0,0;0,0;0,0;1,241;3,1359;4,4458;5,207;5,0978;4,6142;3,7138;2,5047;0,6384;0,0;0,0;0,0;0,0;0,0;0,0;0,0;0,0;0,0;0,0;0,0;0,0;0,0;0,0;0,0753;2,4156;4,969;6,7379;7,489;7,774;7,1101;5,8012;4,4565;2,2133;0,1037;0,0;0,0;0,0;0,0;0,0;0,0;0,0;0,0;0,0;0,0;0,0;0,0;0,014;1,1991;3,8308;6,3825;7,751;8,9362;8,5751;8,1287;6,3625;5,0771;3,3497;1,1079;0,0;0,0;0,0;0,0;0,0;0,0;0,0;0,0;0,0;0,0;0,0;0,0;0,6202;2,985;5,4541;7,7514;8,4324;8,5992;7,7704;6,996;5,7898;4,303;3,1973;1,3274;0,0989;0,0;0,0;0,0;0,0;0,0;0,0;0,0;0,0;0,0;0,0;0,1124;1,2806;3,4366;5,3481;7,0841;7,73;7,317;5,8933;5,2194;4,3278;3,7933;3,2908;1,8428;0,5902;0,0;0,0;0,0;0,0;0,0;0,0;0,0;0,0;0,0;0,0;0,2856;2,0596;4,6359;6,8604;9,0962;9,1667;10,0225;9,6647;8,4061;7,0819;5,5796;4,6331;3,011;1,0082;0,0191;0,0;0,0;0,0;0,0;0,0;0,0;0,0;0,0;0,0;0,1441;1,7252;4,5662;6,9222;9,3387;11,0826;12,063;12,0103;11,1751;9,9577;8,1635;6,2179;3,7086;1,172;0,02;0,0;0,0;0,0;0,0;0,0;0,0;0,0;0,0;0,0;0,0;0,859;3,8308;6,5758;8,86;10,4709;10,7476;10,5928;9,2919;8,266;6,4931;5,0744;2,5181;0,4906;0,0;0,0;0,0;0,0;0,0;0,0;0,0;0,0;0,0;0,0;0,0;0,2216;2,7749;5,4797;7,7997;9,6768;9,2894;8,448;7,2847;6,3419;4,582;3,0315;0,9741;0,0077;0,0;0,0;0,0;0,0;0,0;0,0;0,0;0,0;0,0;0,0;0,0;0,0036;1,549;4,4359;6,363;7,3361;8,2607;8,3088;7,1423;5,7395;3,5064;1,5184;0,0464;0,0;0,0;0,0;0,0;0,0;0,0;0,0;0,0;0,0;0,0;0,0;0,0;0,0;0,1134;1,6858;3,1551;4,5207;5,0965;4,6237;3,7022;2,6692;1,7011;0,1817;0,0;0,0;0,0;0,0;0,0;0,0;0,0;0,0;0,0;0,0;0,0;0,0;0,0;0,0;0,0;1,2238;2,7752;4,3594;5,1999;5,6605;5,3184;3,8961;2,0116;0,0709;0,0;0,0;0,0;0,0;0,0;0,0;0,0;0,0
147;1;56;24,92;27261,4769;1205,52;1751,378;2400,5359;2420,5352;2259,415;3112,9809;3877,0873;3323,6284;2516,6313;2141,9581;1047,8169;1203,9899;0,0;0,0;0,0;0,0;0,0;0,0;0,0;1,5797;3,9913;5,6584;6,6271;6,4881;5,8726;4,7266;3,1877;0,7563;0,0;0,0;0,0;0,0;0,0;0,0;0,0;0,0;0,0;0,0;0,0;0,0;0,0;0,0;0,0959;3,0744;6,3242;8,5755;9,5315;9,8942;9,0493;7,3833;5,6718;2,817;0,132;0,0;0,0;0,0;0,0;0,0;0,0;0,0;0,0;0,0;0,0;0,0;0,0;0,0178;1,6896;4,8755;8,1231;9,8649;11,3734;10,9137;10,3456;8,0977;6,4618;4,2634;1,4102;0,0;0,0;0,0;0,0;0,0;0,0;0,0;0,0;0,0;0,0;0,0;0,0;0,878;3,7988;6,9415;9,8653;10,732;10,9445;9,8897;8,904;7,3689;5,4765;4,0694;1,6896;0,1264;0,0;0,0;0,0;0,0;0,0;0,0;0,0;0,0;0,0;0,0;0,1431;1,6294;4,3735;6,8065;9,0161;9,8382;9,3125;7,5006;6,6429;5,5081;4,8278;4,1884;2,3456;0,7514;0,0;0,0;0,0;0,0;0,0;0,0;0,0;0,0;0,0;0,0;0,3634;2,6208;5,8998;8,7312;11,5769;11,6667;12,7559;12,3005;10,6987;9,0133;7,1014;5,8968;3,8325;1,2836;0,0243;0,0;0,0;0,0;0,0;0,0;0,0;0,0;0,0;0,0;0,1834;2,1951;5,811;8,8098;11,8854;14,1051;15,3529;15,2858;14,2229;12,6735;10,39;7,9139;4,7206;1,4922;0,0254;0,0;0,0;0,0;0,0;0,0;0,0;0,0;0,0;0,0;0,0;1,3059;4,8751;8,369;11,2762;13,3265;13,6787;13,4818;11,8261;10,5205;8,2641;6,4585;3,2053;0,6262;0,0;0,0;0,0;0,0;0,0;0,0;0,0;0,0;0,0;0,0;0,0;0,2821;3,5314;6,974;9,9268;12,316;11,8228;10,752;9,2714;8,0715;5,8317;3,8584;1,2399;0,0097;0,0;0,0;0,0;0,0;0,0;0,0;0,0;0,0;0,0;0,0;0,0;0,0046;2,0724;5,6457;8,0983;9,3369;10,5136;10,5749;9,0901;7,3048;4,4628;1,9325;0,0588;0,0;0,0;0,0;0,0;0,0;0,0;0,0;0,0;0,0;0,0;0,0;0,0;0,0;0,1443;2,1456;4,0157;5,7536;6,4865;5,8848;4,7119;3,3971;2,165;0,2228;0,0;0,0;0,0;0,0;0,0;0,0;0,0;0,0;0,0;0,0;0,0;0,0;0,0;0,0;0,0;1,5578;3,5322;5,5484;6,6181;7,2043;6,7688;4,9586;2,56;0,0902;0,0;0,0;0,0;0,0;0,0;0,0;0,0;0,0
149;1;140;62,3;68153,6306;3013,7996;4378,4444;6001,3398;6051,3024;5648,5409;7782,4555;9692,7158;8309,0436;6291,5779;5354,896;2619,5419;3009,9728;0,0;0,0;0,0;0,0;0,0;0,0;0,0;3,9492;9,9781;14,1459;16,5678;16,2202;14,6815;11,8164;7,9692;1,8908;0,0;0,0;0,0;0,0;0,0;0,0;0,0;0,0;0,0;0,0;0,0;0,0;0,0;0,0;0,2397;7,6861;15,8105;21,4387;23,8287;24,7356;22,6232;18,4584;14,1796;7,0425;0,3301;0,0;0,0;0,0;0,0;0,0;0,0;0,0;0,0;0,0;0,0;0,0;0,0;0,0445;4,224;12,1889;20,3077;24,6621;28,4334;27,2843;25,864;20,2443;16,1546;10,6584;3,5255;0,0;0,0;0,0;0,0;0,0;0,0;0,0;0,0;0,0;0,0;0,0;0,0;2,195;9,4969;17,3538;24,6633;26,8301;27,3611;24,7241;22,26;18,4222;13,6914;10,1734;4,224;0,3148;0,0;0,0;0,0;0,0;0,0;0,0;0,0;0,0;0,0;0,0;0,3578;4,0737;10,9339;17,0163;22,5403;24,5955;23,2813;18,7516;16,6073;13,7703;12,0696;10,471;5,864;1,8785;0,0;0,0;0,0;0,0;0,0;0,0;0,0;0,0;0,0;0,0;0,9086;6,552;14,7497;21,8281;28,9422;29,1668;31,8898;30,7512;26,7468;22,5334;17,7536;14,7421;9,5812;3,2088;0,0608;0,0;0,0;0,0;0,0;0,0;0,0;0,0;0,0;0,0;0,4585;5,4878;14,5277;22,0246;29,7136;35,2628;38,3823;38,2146;35,5571;31,6839;25,9751;19,7848;11,8014;3,7305;0,0636;0,0;0,0;0,0;0,0;0,0;0,0;0,0;0,0;0,0;0,0001;3,2648;12,1877;20,9225;28,1905;33,3163;34,1967;33,7045;29,5652;26,3012;20,6602;16,1463;8,013;1,5646;0,0;0,0;0,0;0,0;0,0;0,0;0,0;0,0;0,0;0,0;0,0;0,7052;8,8285;17,4352;24,8171;30,79;29,5571;26,8799;23,1784;20,1787;14,5791;9,646;3,0998;0,0244;0,0;0,0;0,0;0,0;0,0;0,0;0,0;0,0;0,0;0,0;0,0;0,0114;5,1811;14,1143;20,2459;23,3421;26,2841;26,4372;22,7254;18,2619;11,1569;4,8313;0,147;0,0;0,0;0,0;0,0;0,0;0,0;0,0;0,0;0,0;0,0;0,0;0,0;0,0;0,3607;5,3641;10,0393;14,3841;16,2162;14,7119;11,7796;8,4928;5,4126;0,5569;0,0;0,0;0,0;0,0;0,0;0,0;0,0;0,0;0,0;0,0;0,0;0,0;0,0;0,0;0,0;3,8946;8,8304;13,8709;16,5453;18,0108;16,9219;12,3964;6,4002;0,2254;0,0;0,0;0,0;0,0;0,0;0,0;0,0;0,0
150;1;43;19,135;20932,9242;925,6691;1344,8081;1843,2683;1858,6254;1734,9083;2390,3272;2977,0498;2552,0715;1932,412;1644,7181;804,5734;924,493;0,0;0,0;0,0;0,0;0,0;0,0;0,0;1,213;3,0647;4,3448;5,0887;4,9819;4,5093;3,6293;2,4477;0,5808;0,0;0,0;0,0;0,0;0,0;0,0;0,0;0,0;0,0;0,0;0,0;0,0;0,0;0,0;0,0736;2,3607;4,8561;6,5848;7,3188;7,5974;6,9485;5,6694;4,3552;2,1631;0,1014;0,0;0,0;0,0;0,0;0,0;0,0;0,0;0,0;0,0;0,0;0,0;0,0;0,0137;1,2973;3,7437;6,2374;7,5748;8,7331;8,3802;7,9439;6,2179;4,9618;3,2737;1,0828;0,0;0,0;0,0;0,0;0,0;0,0;0,0;0,0;0,0;0,0;0,0;0,0;0,6742;2,9169;5,3301;7,5752;8,2407;8,4038;7,5938;6,837;5,6583;4,2052;3,1247;1,2974;0,0971;0,0;0,0;0,0;0,0;0,0;0,0;0,0;0,0;0,0;0,0;0,1099;1,2512;3,3583;5,2264;6,9231;7,5543;7,1507;5,7594;5,1008;4,2294;3,7071;3,2161;1,8011;0,577;0,0;0,0;0,0;0,0;0,0;0,0;0,0;0,0;0,0;0,0;0,2791;2,0124;4,5302;6,7043;8,8894;8,9584;9,7947;9,445;8,2151;6,921;5,4529;4,5279;2,9428;0,9856;0,0187;0,0;0,0;0,0;0,0;0,0;0,0;0,0;0,0;0,0;0,1408;1,6855;4,462;6,7647;9,1263;10,8307;11,7888;11,7373;10,9211;9,7315;7,9781;6,0768;3,6248;1,1458;0,0195;0,0;0,0;0,0;0,0;0,0;0,0;0,0;0,0;0,0;0,0;1,0027;3,7434;6,4262;8,6585;10,2329;10,5033;10,3521;9,0807;8,0782;6,3456;4,9592;2,4612;0,4808;0,0;0,0;0,0;0,0;0,0;0,0;0,0;0,0;0,0;0,0;0,0;0,2166;2,7116;5,3551;7,6224;9,4569;9,0782;8,256;7,1191;6,1977;4,4779;2,9627;0,9521;0,0075;0,0;0,0;0,0;0,0;0,0;0,0;0,0;0,0;0,0;0,0;0,0;0,0035;1,5913;4,3351;6,2184;7,1694;8,073;8,12;6,9799;5,609;3,4268;1,4839;0,0452;0,0;0,0;0,0;0,0;0,0;0,0;0,0;0,0;0,0;0,0;0,0;0,0;0,0;0,1108;1,6475;3,0835;4,418;4,9807;4,5187;3,618;2,6085;1,6624;0,171;0,0;0,0;0,0;0,0;0,0;0,0;0,0;0,0;0,0;0,0;0,0;0,0;0,0;0,0;0,0;1,1962;2,7122;4,2604;5,0818;5,5319;5,1975;3,8075;1,9657;0,0692;0,0;0,0;0,0;0,0;0,0;0,0;0,0;0,0
152;1;88;39,16;42835,9277;1894,3899;2752,166;3771,2926;3803,4004;3550,5191;4891,8344;6092,5691;5222,3506;3954,7083;3364,1449;1646,5685;1891,9839;0,0;0,0;0,0;0,0;0,0;0,0;0,0;2,4823;6,2719;8,8917;10,4141;10,1956;9,2284;7,4275;5,0093;1,1886;0,0;0,0;0,0;0,0;0,0;0,0;0,0;0,0;0,0;0,0;0,0;0,0;0,0;0,0;0,1507;4,8313;9,938;13,4758;14,978;15,5481;14,2203;11,6024;8,9129;4,4267;0,2075;0,0;0,0;0,0;0,0;0,0;0,0;0,0;0,0;0,0;0,0;0,0;0,0;0,0279;2,6236;7,6616;12,7649;15,5019;17,8724;17,1501;16,2574;12,725;10,1543;6,6995;2,2159;0,0;0,0;0,0;0,0;0,0;0,0;0,0;0,0;0,0;0,0;0,0;0,0;1,3705;5,9696;10,9081;15,5027;16,8647;17,1984;15,5409;13,992;11,5797;8,606;6,3946;2,655;0,1979;0,0;0,0;0,0;0,0;0,0;0,0;0,0;0,0;0,0;0,0;0,2249;2,5607;6,8729;10,696;14,1682;15,46;14,634;11,7867;10,4389;8,6556;7,5866;6,5817;3,6859;1,1807;0,0;0,0;0,0;0,0;0,0;0,0;0,0;0,0;0,0;0,0;0,5711;4,1186;9,2715;13,7206;18,1923;18,3334;20,0451;19,3293;16,8123;14,1638;11,1594;9,2664;6,0223;2,0168;0,0382;0,0;0,0;0,0;0,0;0,0;0,0;0,0;0,0;0,0;0,2882;3,4498;9,1319;13,8442;18,6772;22,1652;24,126;24,0206;22,3502;19,9155;16,3272;12,436;7,4178;2,3446;0,04;0,0;0,0;0,0;0,0;0,0;0,0;0,0;0,0;0,0;0,0001;2,0367;7,6611;13,1514;17,7198;20,9417;21,4951;21,1857;18,5838;16,5322;12,9864;10,149;5,0366;0,9833;0,0;0,0;0,0;0,0;0,0;0,0;0,0;0,0;0,0;0,0;0,0;0,4432;5,5494;10,9593;15,5994;19,3537;18,5787;16,8959;14,5693;12,6837;9,164;6,0631;1,9484;0,0153;0,0;0,0;0,0;0,0;0,0;0,0;0,0;0,0;0,0;0,0;0,0;0,0072;3,1989;8,8719;12,726;14,6722;16,5214;16,6177;14,2845;11,4789;7,0129;3,0368;0,0924;0,0;0,0;0,0;0,0;0,0;0,0;0,0;0,0;0,0;0,0;0,0;0,0;0,0;0,2267;3,3716;6,3104;9,0414;10,193;9,2475;7,4043;5,3384;3,4022;0,35;0,0;0,0;0,0;0,0;0,0;0,0;0,0;0,0;0,0;0,0;0,0;0,0;0,0;0,0;0,0;2,4479;5,5505;8,7188;10,3999;11,3211;10,6367;7,7921;4,023;0,1417;0,0;0,0;0,0;0,0;0,0;0,0;0,0;0,0
153;1;17;7,565;8274,2562;366,489;531,668;728,5274;734,5913;685,8955;945,0162;1176,9748;1008,1653;763,978;649,2893;318,1645;365,4969;0,0;0,0;0,0;0,0;0,0;0,0;0,0;0,4795;1,2116;1,7177;2,0118;1,9696;1,7828;1,4349;0,9677;0,2467;0,0;0,0;0,0;0,0;0,0;0,0;0,0;0,0;0,0;0,0;0,0;0,0;0,0;0,0;0,0291;0,9333;1,9198;2,6033;2,8935;3,0036;2,7471;2,2414;1,7218;0,8552;0,0401;0,0;0,0;0,0;0,0;0,0;0,0;0,0;0,0;0,0;0,0;0,0;0,0;0,0054;0,5063;1,4801;2,466;2,9947;3,4526;3,3131;3,1406;2,4582;1,9616;1,2942;0,428;0,0;0,0;0,0;0,0;0,0;0,0;0,0;0,0;0,0;0,0;0,0;0,0;0,2595;1,1533;2,1073;2,9948;3,258;3,3224;3,0022;2,703;2,237;1,6625;1,2353;0,5129;0,0382;0,0;0,0;0,0;0,0;0,0;0,0;0,0;0,0;0,0;0,0;0,0434;0,4947;1,3277;2,0663;2,7371;2,9866;2,827;2,277;2,0166;1,6721;1,4656;1,2715;0,712;0,228;0,0;0,0;0,0;0,0;0,0;0,0;0,0;0,0;0,0;0,0;0,1103;0,7957;1,7911;2,6506;3,5145;3,5417;3,8723;3,7341;3,2478;2,7362;2,1558;1,7901;1,1633;0,3896;0,0074;0,0;0,0;0,0;0,0;0,0;0,0;0,0;0,0;0,0;0,0557;0,6665;1,7642;2,6745;3,6081;4,2819;4,6607;4,6403;4,3177;3,8473;3,1541;2,4024;1,4329;0,4529;0,0077;0,0;0,0;0,0;0,0;0,0;0,0;0,0;0,0;0,0;0,0;0,3712;1,4801;2,5406;3,4232;4,0456;4,1525;4,0927;3,5901;3,1937;2,5087;1,9606;0,9729;0,1897;0,0;0,0;0,0;0,0;0,0;0,0;0,0;0,0;0,0;0,0;0,0;0,0856;1,0721;2,1171;3,0135;3,7388;3,5891;3,264;2,8145;2,4503;1,7703;1,1713;0,3764;0,003;0,0;0,0;0,0;0,0;0,0;0,0;0,0;0,0;0,0;0,0;0,0;0,0014;0,5985;1,7139;2,4584;2,8344;3,1916;3,2102;2,7595;2,2175;1,3548;0,5867;0,0179;0,0;0,0;0,0;0,0;0,0;0,0;0,0;0,0;0,0;0,0;0,0;0,0;0,0;0,0438;0,6513;1,219;1,7466;1,9691;1,7864;1,4304;1,0313;0,6572;0,0702;0,0;0,0;0,0;0,0;0,0;0,0;0,0;0,0;0,0;0,0;0,0;0,0;0,0;0,0;0,0;0,4729;1,0722;1,6843;2,0091;2,187;2,0548;1,5053;0,7772;0,0274;0,0;0,0;0,0;0,0;0,0;0,0;0,0;0,0
154;1;62;27,59;30177,3586;1334,7381;1939,0254;2656,9838;2679,6162;2501,5035;3446,5222;4292,4912;3678,8585;2786,2737;2367,9941;1160,3655;1332,9864;0,0;0,0;0,0;0,0;0,0;0,0;0,0;1,7488;4,4188;6,2646;7,3371;7,1832;6,5019;5,233;3,5293;0,8392;0,0;0,0;0,0;0,0;0,0;0,0;0,0;0,0;0,0;0,0;0,0;0,0;0,0;0,0;0,1062;3,4038;7,0018;9,4943;10,5527;10,9543;10,0188;8,1745;6,2795;3,1188;0,1462;0,0;0,0;0,0;0,0;0,0;0,0;0,0;0,0;0,0;0,0;0,0;0,0;0,0197;1,8464;5,398;8,9935;10,9218;12,592;12,0831;11,454;8,9653;7,1542;4,7201;1,5612;0,0;0,0;0,0;0,0;0,0;0,0;0,0;0,0;0,0;0,0;0,0;0,0;0,9638;4,2059;7,6853;10,9224;11,8819;12,1171;10,9493;9,858;8,1584;6,0633;4,5053;1,8705;0,1394;0,0;0,0;0,0;0,0;0,0;0,0;0,0;0,0;0,0;0,0;0,1584;1,8043;4,8423;7,5359;9,9822;10,8923;10,3103;8,3043;7,3547;6,0983;5,3451;4,6371;2,5968;0,8317;0,0;0,0;0,0;0,0;0,0;0,0;0,0;0,0;0,0;0,0;0,4024;2,9019;6,5322;9,6669;12,8173;12,9168;14,1227;13,6184;11,845;9,979;7,8623;6,5286;4,2429;1,4208;0,0269;0,0;0,0;0,0;0,0;0,0;0,0;0,0;0,0;0,0;0,2031;2,4307;6,434;9,7539;13,159;15,6164;16,9979;16,9236;15,7467;14,0314;11,5032;8,7617;5,226;1,6517;0,0282;0,0;0,0;0,0;0,0;0,0;0,0;0,0;0,0;0,0;0,0001;1,4189;5,3977;9,2658;12,4845;14,7544;15,1443;14,9263;13,0932;11,6477;9,1495;7,1503;3,5484;0,692;0,0;0,0;0,0;0,0;0,0;0,0;0,0;0,0;0,0;0,0;0,0;0,3123;3,9099;7,7213;10,9905;13,6356;13,0896;11,9039;10,2647;8,9363;6,4565;4,2717;1,3727;0,0108;0,0;0,0;0,0;0,0;0,0;0,0;0,0;0,0;0,0;0,0;0,0;0,0051;2,1826;6,2506;8,966;10,3372;11,6401;11,7079;10,0641;8,0874;4,9409;2,1396;0,0654;0,0;0,0;0,0;0,0;0,0;0,0;0,0;0,0;0,0;0,0;0,0;0,0;0,0;0,1597;2,3755;4,4459;6,3701;7,1814;6,5153;5,2167;3,7611;2,397;0,2561;0,0;0,0;0,0;0,0;0,0;0,0;0,0;0,0;0,0;0,0;0,0;0,0;0,0;0,0;0,0;1,7246;3,9105;6,1428;7,3272;7,9762;7,494;5,4899;2,8344;0,0998;0,0;0,0;0,0;0,0;0,0;0,0;0,0;0,0
155;1;33;14,685;16064,8076;710,3972;1032,0628;1414,6019;1426,3871;1331,4407;1834,4368;2284,7142;1958,5675;1483,0157;1262,2264;617,4619;709,4954;0,0;0,0;0,0;0,0;0,0;0,0;0,0;0,9309;2,352;3,3344;3,9053;3,8233;3,4607;2,7853;1,8785;0,4457;0,0;0,0;0,0;0,0;0,0;0,0;0,0;0,0;0,0;0,0;0,0;0,0;0,0;0,0;0,0565;1,8117;3,7268;5,0534;5,6168;5,8305;5,3326;4,3509;3,3423;1,66;0,0778;0,0;0,0;0,0;0,0;0,0;0,0;0,0;0,0;0,0;0,0;0,0;0,0;0,0105;0,9956;2,8731;4,7868;5,8132;6,7022;6,4313;6,0965;4,7719;3,8079;2,5123;0,831;0,0;0,0;0,0;0,0;0,0;0,0;0,0;0,0;0,0;0,0;0,0;0,0;0,5174;2,2385;4,0905;5,8135;6,3242;6,4494;5,8278;5,247;4,3424;3,2272;2,398;0,9957;0,0745;0,0;0,0;0,0;0,0;0,0;0,0;0,0;0,0;0,0;0,0;0,0843;0,9602;2,5773;4,011;5,3131;5,7975;5,4877;4,42;3,9146;3,2459;2,845;2,4682;1,3822;0,4428;0,0;0,0;0,0;0,0;0,0;0,0;0,0;0,0;0,0;0,0;0,2142;1,5444;3,4767;5,1452;6,8221;6,875;7,5169;7,2485;6,3046;5,3114;4,1848;3,4749;2,2584;0,7564;0,0143;0,0;0,0;0,0;0,0;0,0;0,0;0,0;0,0;0,0;0,1081;1,2935;3,4244;5,1915;7,0039;8,312;9,0473;9,0077;8,3813;7,4683;6,1227;4,6636;2,7818;0,8794;0,015;0,0;0,0;0,0;0,0;0,0;0,0;0,0;0,0;0,0;0,0;0,7695;2,8728;4,9317;6,6449;7,8531;8,0607;7,9446;6,9689;6,1996;4,8699;3,8059;1,8888;0,369;0,0;0,0;0,0;0,0;0,0;0,0;0,0;0,0;0,0;0,0;0,0;0,1662;2,081;4,1097;5,8498;7,2576;6,967;6,336;5,4635;4,7564;3,4365;2,2737;0,7307;0,0057;0,0;0,0;0,0;0,0;0,0;0,0;0,0;0,0;0,0;0,0;0,0;0,0027;1,2213;3,3269;4,7722;5,5021;6,1955;6,2316;5,3567;4,3046;2,6298;1,1388;0,0347;0,0;0,0;0,0;0,0;0,0;0,0;0,0;0,0;0,0;0,0;0,0;0,0;0,0;0,085;1,2644;2,3664;3,3905;3,8224;3,4678;2,7766;2,0019;1,2758;0,1313;0,0;0,0;0,0;0,0;0,0;0,0;0,0;0,0;0,0;0,0;0,0;0,0;0,0;0,0;0,0;0,918;2,0815;3,2696;3,9;4,2454;3,9887;2,922;1,5086;0,0531;0,0;0,0;0,0;0,0;0,0;0,0;0,0;0,0
156;1;60;26,7;29809,2193;1381,853;1912,7211;2613,8068;2702,4758;2564,5188;3364,3037;4152,9826;3587,341;2750,0735;2326,3645;1172,1885;1280,59;0,0;0,0;0,0;0,0;0,0;0,0;0,0;1,8048;4,4464;6,1202;7,5759;7,4523;6,6365;5,611;3,7498;1,179;0,0;0,0;0,0;0,0;0,0;0,0;0,0;0,0;0,0;0,0;0,0;0,0;0,0;0,0;0,0949;3,242;6,4484;9,4109;10,2599;10,8386;10,1405;8,3926;6,2744;3,0774;0,1319;0,0;0,0;0,0;0,0;0,0;0,0;0,0;0,0;0,0;0,0;0,0;0,0;0,0211;1,4304;5,3979;8,7778;10,9108;12,5378;12,2334;11,2342;8,9877;6,9757;4,3016;1,5081;0,0;0,0;0,0;0,0;0,0;0,0;0,0;0,0;0,0;0,0;0,0;0,0;0,6884;4,2204;7,7578;10,696;11,6984;11,8502;11,1485;10,3607;8,87;6,5065;4,3025;1,8346;0,1486;0,0;0,0;0,0;0,0;0,0;0,0;0,0;0,0;0,0;0,0;0,1564;1,8055;4,7162;7,527;9,7989;10,6873;10,6313;9,1111;7,7782;7,0216;5,45;4,5476;2,707;0,7882;0,0;0,0;0,0;0,0;0,0;0,0;0,0;0,0;0,0;0,0;0,3898;2,7456;6,3897;9,247;12,442;12,4328;13,9224;12,752;11,3656;9,9514;8,2694;6,5774;4,2979;1,3366;0,0239;0,0;0,0;0,0;0,0;0,0;0,0;0,0;0,0;0,0;0,1883;2,3555;6,206;9,3921;12,8031;15,0101;16,2119;16,373;14,9194;13,8325;11,3766;8,5172;5,1635;1,5922;0,0257;0,0;0,0;0,0;0,0;0,0;0,0;0,0;0,0;0,0;0,0001;0,9316;5,2798;9,1486;12,189;14,2636;14,8453;15,192;13,3807;11,1431;8,5646;6,6136;3,5213;0,6472;0,0;0,0;0,0;0,0;0,0;0,0;0,0;0,0;0,0;0,0;0,0;0,2935;3,6855;7,5128;10,7101;12,9821;12,7494;12,0821;10,5833;8,9772;6,6122;4,1492;1,3215;0,0101;0,0;0,0;0,0;0,0;0,0;0,0;0,0;0,0;0,0;0,0;0,0;0,0056;1,7172;6,1282;8,9157;10,1757;11,7622;11,4194;9,8208;8,127;4,8749;2,0375;0,0599;0,0;0,0;0,0;0,0;0,0;0,0;0,0;0,0;0,0;0,0;0,0;0,0;0,0;0,1705;2,5709;4,5887;6,2697;6,7587;6,4323;5,5506;3,7748;2,6846;0,2721;0,0;0,0;0,0;0,0;0,0;0,0;0,0;0,0;0,0;0,0;0,0;0,0;0,0;0,0;0,0;1,6907;4,0192;6,1275;6,9228;7,6261;7,0241;5,1011;2,7015;0,0963;0,0;0,0;0,0;0,0;0,0;0,0;0,0;0,0
157;1;118;52,51;58624,8152;2717,6455;3761,6877;5140,4844;5314,8717;5043,5559;6616,4639;8167,5375;7055,1059;5408,4776;4575,1862;2305,3047;2518,4942;0,0;0,0;0,0;0,0;0,0;0,0;0,0;3,5494;8,7446;12,0364;14,8994;14,6562;13,0518;11,035;7,3745;2,3186;0,0;0,0;0,0;0,0;0,0;0,0;0,0;0,0;0,0;0,0;0,0;0,0;0,0;0,0;0,1866;6,3759;12,682;18,5081;20,1779;21,316;19,943;16,5054;12,3396;6,0523;0,2594;0,0;0,0;0,0;0,0;0,0;0,0;0,0;0,0;0,0;0,0;0,0;0,0;0,0415;2,8131;10,6159;17,263;21,4579;24,6576;24,0589;22,094;17,6758;13,7189;8,4597;2,9658;0,0;0,0;0,0;0,0;0,0;0,0;0,0;0,0;0,0;0,0;0,0;0,0;1,3538;8,3001;15,2569;21,0355;23,0068;23,3055;21,9254;20,3761;17,4444;12,7961;8,4615;3,608;0,2923;0,0;0,0;0,0;0,0;0,0;0,0;0,0;0,0;0,0;0,0;0,3075;3,5509;9,2751;14,8031;19,2711;21,0184;20,9083;17,9186;15,2972;13,8091;10,7184;8,9437;5,3239;1,5501;0,0;0,0;0,0;0,0;0,0;0,0;0,0;0,0;0,0;0,0;0,7665;5,3998;12,5664;18,1857;24,4693;24,4511;27,3808;25,0789;22,3523;19,5711;16,2631;12,9355;8,4526;2,6286;0,047;0,0;0,0;0,0;0,0;0,0;0,0;0,0;0,0;0,0;0,3704;4,6325;12,2052;18,4711;25,1795;29,5199;31,8834;32,2002;29,3414;27,204;22,3741;16,7506;10,155;3,1313;0,0505;0,0;0,0;0,0;0,0;0,0;0,0;0,0;0,0;0,0;0,0001;1,8322;10,3837;17,9923;23,9717;28,0518;29,1958;29,8777;26,3154;21,9149;16,8438;13,0068;6,9252;1,2729;0,0;0,0;0,0;0,0;0,0;0,0;0,0;0,0;0,0;0,0;0,0;0,5772;7,2482;14,7751;21,0633;25,5314;25,0739;23,7615;20,8139;17,6551;13,0039;8,1602;2,599;0,0198;0,0;0,0;0,0;0,0;0,0;0,0;0,0;0,0;0,0;0,0;0,0;0,011;3,3771;12,052;17,5342;20,0122;23,1324;22,4581;19,3143;15,9831;9,5874;4,007;0,1178;0,0;0,0;0,0;0,0;0,0;0,0;0,0;0,0;0,0;0,0;0,0;0,0;0,0;0,3354;5,0561;9,0244;12,3303;13,2921;12,6502;10,9161;7,4239;5,2798;0,5352;0,0;0,0;0,0;0,0;0,0;0,0;0,0;0,0;0,0;0,0;0,0;0,0;0,0;0,0;0,0;3,325;7,9045;12,0508;13,6149;14,998;13,8141;10,0322;5,3129;0,1894;0,0;0,0;0,0;0,0;0,0;0,0;0,0;0,0
158;1;81;36,045;39435,7106;1743,7054;2533,2504;3472,5895;3502,3117;3268,0853;4502,7133;5607,9396;4807,7161;3640,1295;3100,1814;1515,597;1741,4914;0,0;0,0;0,0;0,0;0,0;0,0;0,0;2,285;5,7731;8,1844;9,5857;9,3846;8,4944;6,8367;4,6108;1,094;0,0;0,0;0,0;0,0;0,0;0,0;0,0;0,0;0,0;0,0;0,0;0,0;0,0;0,0;0,1387;4,447;9,1475;12,4039;13,7867;14,3114;13,0891;10,6795;8,2039;4,0746;0,191;0,0;0,0;0,0;0,0;0,0;0,0;0,0;0,0;0,0;0,0;0,0;0,0;0,0257;2,4561;7,0521;11,7495;14,2688;16,4508;15,7859;14,9642;11,7128;9,3466;6,1667;2,0398;0,0;0,0;0,0;0,0;0,0;0,0;0,0;0,0;0,0;0,0;0,0;0,0;1,3092;5,4946;10,0403;14,2695;15,5231;15,8304;14,3047;12,8791;10,6586;7,9215;5,8861;2,4439;0,1829;0,0;0,0;0,0;0,0;0,0;0,0;0,0;0,0;0,0;0,0;0,207;2,3568;6,326;9,8451;13,0412;14,2303;13,4699;10,8491;9,6085;7,9671;6,9832;6,0583;3,3928;1,0869;0,0;0,0;0,0;0,0;0,0;0,0;0,0;0,0;0,0;0,0;0,5257;3,7907;8,5337;12,6291;16,7451;16,8751;18,4506;17,7918;15,475;13,0372;10,2718;8,5294;5,5434;1,8567;0,0352;0,0;0,0;0,0;0,0;0,0;0,0;0,0;0,0;0,0;0,2653;3,175;8,4052;12,7428;17,1914;20,4021;22,2069;22,1099;20,5724;18,3314;15,0285;11,447;6,8281;2,1585;0,0368;0,0;0,0;0,0;0,0;0,0;0,0;0,0;0,0;0,0;0,0001;1,8992;7,0514;12,1051;16,3102;19,2759;19,7853;19,5005;17,1056;15,2171;11,9534;9,3418;4,6362;0,9058;0,0;0,0;0,0;0,0;0,0;0,0;0,0;0,0;0,0;0,0;0,0;0,408;5,1078;10,0874;14,3585;17,8142;17,1009;15,552;13,4104;11,6748;8,4351;5,581;1,7935;0,0141;0,0;0,0;0,0;0,0;0,0;0,0;0,0;0,0;0,0;0,0;0,0;0,0066;3,0617;8,1661;11,7137;13,5051;15,2072;15,2958;13,1483;10,5658;6,4551;2,7953;0,0851;0,0;0,0;0,0;0,0;0,0;0,0;0,0;0,0;0,0;0,0;0,0;0,0;0,0;0,2087;3,1035;5,8085;8,3222;9,3823;8,5119;6,8154;4,9137;3,1316;0,3222;0,0;0,0;0,0;0,0;0,0;0,0;0,0;0,0;0,0;0,0;0,0;0,0;0,0;0,0;0,0;2,2534;5,109;8,0254;9,5727;10,4206;9,7906;7,1722;3,7029;0,1304;0,0;0,0;0,0;0,0;0,0;0,0;0,0;0,0
159;1;93;41,385;45277,822;2002,0346;2908,5463;3987,0474;4021,1721;3752,2432;5169,778;6438,7408;5519,7655;4179,4068;3559,4673;1740,1302;1999,4898;0,0;0,0;0,0;0,0;0,0;0,0;0,0;2,6236;6,6284;9,397;11,0058;10,7749;9,7528;7,8495;5,2938;1,256;0,0;0,0;0,0;0,0;0,0;0,0;0,0;0,0;0,0;0,0;0,0;0,0;0,0;0,0;0,1593;5,1058;10,5027;14,2415;15,8291;16,4316;15,0283;12,2617;9,4193;4,6782;0,2193;0,0;0,0;0,0;0,0;0,0;0,0;0,0;0,0;0,0;0,0;0,0;0,0;0,0295;2,82;8,0968;13,4901;16,3827;18,888;18,1246;17,1811;13,448;10,7313;7,0803;2,342;0,0;0,0;0,0;0,0;0,0;0,0;0,0;0,0;0,0;0,0;0,0;0,0;1,5031;6,3086;11,5278;16,3835;17,8229;18,1756;16,4239;14,7871;12,2377;9,095;6,7581;2,806;0,2099;0,0;0,0;0,0;0,0;0,0;0,0;0,0;0,0;0,0;0,0;0,2377;2,7059;7,2631;11,3036;14,9732;16,3384;15,4654;12,4564;11,032;9,1474;8,0177;6,9558;3,8954;1,2479;0,0;0,0;0,0;0,0;0,0;0,0;0,0;0,0;0,0;0,0;0,6036;4,3522;9,7979;14,5;19,2259;19,3751;21,184;20,4276;17,7676;14,9686;11,7935;9,7931;6,3647;2,1317;0,0404;0,0;0,0;0,0;0,0;0,0;0,0;0,0;0,0;0,0;0,3046;3,6452;9,6503;14,6306;19,7383;23,4246;25,4968;25,3854;23,6202;21,0472;17,255;13,1429;7,8397;2,4784;0,0422;0,0;0,0;0,0;0,0;0,0;0,0;0,0;0,0;0,0;0,0001;2,1739;8,096;13,8984;18,7265;22,1315;22,7164;22,3895;19,6398;17,4715;13,7244;10,7259;5,3231;1,04;0,0;0,0;0,0;0,0;0,0;0,0;0,0;0,0;0,0;0,0;0,0;0,4684;5,8645;11,5819;16,4857;20,4534;19,6344;17,8559;15,3971;13,4044;9,6847;6,4078;2,0592;0,0162;0,0;0,0;0,0;0,0;0,0;0,0;0,0;0,0;0,0;0,0;0,0;0,0076;3,5153;9,3759;13,4491;15,5058;17,4602;17,5619;15,0961;12,1311;7,4114;3,2094;0,0977;0,0;0,0;0,0;0,0;0,0;0,0;0,0;0,0;0,0;0,0;0,0;0,0;0,0;0,2396;3,5633;6,669;9,5552;10,7722;9,7729;7,825;5,6417;3,5955;0,3699;0,0;0,0;0,0;0,0;0,0;0,0;0,0;0,0;0,0;0,0;0,0;0,0;0,0;0,0;0,0;2,5872;5,866;9,2143;10,9908;11,9643;11,241;8,2348;4,2515;0,1498;0,0;0,0;0,0;0,0;0,0;0,0;0,0;0,0
160;1;74;32,93;36023,2778;1593,011;2314,3242;3171,3167;3198,5476;2985,6595;4113,5892;5123,2973;4391,9292;3325,5514;2830,4471;1384,6154;1590,9892;0,0;0,0;0,0;0,0;0,0;0,0;0,0;2,0875;5,2741;7,4771;8,7573;8,5736;7,7603;6,2458;4,2123;0,9995;0,0;0,0;0,0;0,0;0,0;0,0;0,0;0,0;0,0;0,0;0,0;0,0;0,0;0,0;0,1267;4,0627;8,357;11,3319;12,5952;13,0745;11,958;9,7566;7,4949;3,7225;0,1745;0,0;0,0;0,0;0,0;0,0;0,0;0,0;0,0;0,0;0,0;0,0;0,0;0,0235;2,2062;6,4427;10,7341;13,0357;15,0291;14,4217;13,6709;10,7006;8,5389;5,6337;1,8635;0,0;0,0;0,0;0,0;0,0;0,0;0,0;0,0;0,0;0,0;0,0;0,0;1,1602;5,0198;9,1727;13,0363;14,1816;14,4623;13,0685;11,766;9,7375;7,2369;5,3774;2,2326;0,1664;0,0;0,0;0,0;0,0;0,0;0,0;0,0;0,0;0,0;0,0;0,1891;2,1533;5,7794;8,9943;11,9142;13,0005;12,3058;9,9115;8,7782;7,2786;6,3796;5,5347;3,0995;0,9929;0,0;0,0;0,0;0,0;0,0;0,0;0,0;0,0;0,0;0,0;0,4803;3,4633;7,7964;11,5377;15,2981;15,4168;16,8561;16,2542;14,1376;11,9105;9,384;7,7922;5,0643;1,696;0,0321;0,0;0,0;0,0;0,0;0,0;0,0;0,0;0,0;0,0;0,2424;2,9008;7,679;11,6416;15,7058;18,6389;20,2878;20,1992;18,7945;16,7472;13,7297;10,4576;6,2378;1,9718;0,0336;0,0;0,0;0,0;0,0;0,0;0,0;0,0;0,0;0,0;0,0001;1,7257;6,4421;11,0591;14,9007;17,6101;18,0754;17,8152;15,6273;13,9021;10,9204;8,5345;4,2354;0,827;0,0;0,0;0,0;0,0;0,0;0,0;0,0;0,0;0,0;0,0;0,0;0,3727;4,6665;9,2157;13,1176;16,2747;15,623;14,208;12,2515;10,6659;7,7061;5,0986;1,6385;0,0129;0,0;0,0;0,0;0,0;0,0;0,0;0,0;0,0;0,0;0,0;0,0;0,006;2,7386;7,4604;10,7014;12,338;13,893;13,974;12,012;9,6527;5,8972;2,5537;0,0777;0,0;0,0;0,0;0,0;0,0;0,0;0,0;0,0;0,0;0,0;0,0;0,0;0,0;0,1907;2,8353;5,3065;7,603;8,5714;7,7763;6,2264;4,4891;2,8609;0,2943;0,0;0,0;0,0;0,0;0,0;0,0;0,0;0,0;0,0;0,0;0,0;0,0;0,0;0,0;0,0;2,0585;4,6675;7,3318;8,7454;9,52;8,9445;6,5524;3,383;0,1192;0,0;0,0;0,0;0,0;0,0;0,0;0,0;0,0
161;1;53;23,585;25798,4599;1140,9873;1657,5555;2271,2928;2290,6396;2138,382;2946,2189;3669,3892;3144,8308;2381,8157;2025,9334;991,9257;1139,489;0,0;0,0;0,0;0,0;0,0;0,0;0,0;1,495;3,7774;5,3552;6,2721;6,1405;5,558;4,4734;3,017;0,7174;0,0;0,0;0,0;0,0;0,0;0,0;0,0;0,0;0,0;0,0;0,0;0,0;0,0;0,0;0,0908;2,9098;5,9854;8,1161;9,0209;9,3642;8,5645;6,9878;5,368;2,6661;0,125;0,0;0,0;0,0;0,0;0,0;0,0;0,0;0,0;0,0;0,0;0,0;0,0;0,0168;1,5784;4,6144;7,688;9,3364;10,7641;10,3291;9,7914;7,6639;6,1157;4,0349;1,3345;0,0;0,0;0,0;0,0;0,0;0,0;0,0;0,0;0,0;0,0;0,0;0,0;0,8238;3,5954;6,5697;9,3369;10,1571;10,3582;9,3599;8,427;6,9741;5,1832;3,8513;1,599;0,1192;0,0;0,0;0,0;0,0;0,0;0,0;0,0;0,0;0,0;0,0;0,1354;1,5423;4,1394;6,4419;8,5332;9,3112;8,8136;7,0988;6,2871;5,2131;4,5692;3,964;2,2199;0,711;0,0;0,0;0,0;0,0;0,0;0,0;0,0;0,0;0,0;0,0;0,344;2,4806;5,584;8,2636;10,9568;11,0417;12,0726;11,6415;10,1256;8,5304;6,721;5,5809;3,627;1,2146;0,023;0,0;0,0;0,0;0,0;0,0;0,0;0,0;0,0;0,0;0,1736;2,0778;5,5;8,338;11,2488;13,3495;14,5305;14,467;13,4609;11,9946;9,8334;7,4898;4,4675;1,412;0,0241;0,0;0,0;0,0;0,0;0,0;0,0;0,0;0,0;0,0;0,0;1,2129;4,6141;7,9208;10,6722;12,6126;12,9459;12,7596;11,1926;9,9569;7,8213;6,1124;3,0333;0,5915;0,0;0,0;0,0;0,0;0,0;0,0;0,0;0,0;0,0;0,0;0,0;0,267;3,3424;6,6005;9,3951;11,6562;11,1895;10,176;8,7747;7,6391;5,5192;3,6516;1,1734;0,0092;0,0;0,0;0,0;0,0;0,0;0,0;0,0;0,0;0,0;0,0;0,0;0,0043;1,9202;5,3433;7,6645;8,8367;9,9504;10,0084;8,6032;6,9135;4,2237;1,829;0,0557;0,0;0,0;0,0;0,0;0,0;0,0;0,0;0,0;0,0;0,0;0,0;0,0;0,0;0,1366;2,0307;3,8006;5,4454;6,139;5,5695;4,4594;3,2151;2,0491;0,2189;0,0;0,0;0,0;0,0;0,0;0,0;0,0;0,0;0,0;0,0;0,0;0,0;0,0;0,0;0,0;1,4743;3,3429;5,2511;6,2636;6,8184;6,4062;4,693;2,423;0,0853;0,0;0,0;0,0;0,0;0,0;0,0;0,0;0,0
162;1;137;60,965;66682,3184;2949,3477;4284,6321;5871,084;5921,0922;5527,5162;7615,7112;9485,0324;8129,101;6156,773;5232,5099;2564,0398;2945,4789;0,0;0,0;0,0;0,0;0,0;0,0;0,0;3,8643;9,7642;13,8428;16,2128;15,8727;14,367;11,5634;7,7987;1,8544;0,0;0,0;0,0;0,0;0,0;0,0;0,0;0,0;0,0;0,0;0,0;0,0;0,0;0,0;0,2346;7,5214;15,4717;20,9793;23,3181;24,2056;22,1385;18,0629;13,8758;6,8916;0,323;0,0;0,0;0,0;0,0;0,0;0,0;0,0;0,0;0,0;0,0;0,0;0,0;0,0435;4,08;11,9278;19,8727;24,1337;27,8242;26,6997;25,3098;19,8105;15,8084;10,4298;3,4496;0,0;0,0;0,0;0,0;0,0;0,0;0,0;0,0;0,0;0,0;0,0;0,0;2,1296;9,2938;16,9821;24,1349;26,2553;26,7748;24,1943;21,783;18,0274;13,398;9,9552;4,1332;0,308;0,0;0,0;0,0;0,0;0,0;0,0;0,0;0,0;0,0;0,0;0,3501;3,9869;10,7;16,6519;22,0574;24,0685;22,7824;18,3497;16,2514;13,4752;11,8109;10,2465;5,7381;1,8378;0,0;0,0;0,0;0,0;0,0;0,0;0,0;0,0;0,0;0,0;0,8891;6,4125;14,4342;21,3607;28,3222;28,5419;31,2066;30,0923;26,1737;22,0504;17,3731;14,426;9,3753;3,1395;0,0595;0,0;0,0;0,0;0,0;0,0;0,0;0,0;0,0;0,0;0,4487;5,3712;14,2171;21,5532;29,0772;34,5073;37,5599;37,3957;34,7952;31,0048;25,4183;19,3604;11,5478;3,6497;0,0622;0,0;0,0;0,0;0,0;0,0;0,0;0,0;0,0;0,0;0,0001;3,1354;11,9273;20,4745;27,5867;32,6025;33,464;32,9823;28,9317;25,7376;20,2174;15,7999;7,8407;1,529;0,0;0,0;0,0;0,0;0,0;0,0;0,0;0,0;0,0;0,0;0,0;0,6901;8,6398;17,0617;24,2855;30,1302;28,9238;26,3039;22,6818;19,7463;14,2667;9,4391;3,0331;0,0238;0,0;0,0;0,0;0,0;0,0;0,0;0,0;0,0;0,0;0,0;0,0;0,0112;4,8228;13,8119;19,8121;22,8419;25,7209;25,8707;22,2384;17,8706;10,9178;4,7278;0,1445;0,0;0,0;0,0;0,0;0,0;0,0;0,0;0,0;0,0;0,0;0,0;0,0;0,0;0,353;5,249;9,8241;14,0758;15,8687;14,3967;11,5272;8,3108;5,2967;0,5658;0,0;0,0;0,0;0,0;0,0;0,0;0,0;0,0;0,0;0,0;0,0;0,0;0,0;0,0;0,0;3,8108;8,641;13,5736;16,1908;17,6249;16,5595;12,131;6,2632;0,2206;0,0;0,0;0,0;0,0;0,0;0,0;0,0;0,0
163;1;50;22,25;24339,6207;1076,3586;1563,7329;2142,7801;2161,0235;2017,3397;2779,4516;3461,6873;2967,2454;2246,9936;1912,4651;935,5503;1074,9926;0,0;0,0;0,0;0,0;0,0;0,0;0,0;1,4104;3,5636;5,0521;5,9171;5,7929;5,2434;4,2202;2,8462;0,6753;0,0;0,0;0,0;0,0;0,0;0,0;0,0;0,0;0,0;0,0;0,0;0,0;0,0;0,0;0,0856;2,7451;5,6466;7,6567;8,5103;8,8342;8,0797;6,5923;5,0641;2,5152;0,1179;0,0;0,0;0,0;0,0;0,0;0,0;0,0;0,0;0,0;0,0;0,0;0,0;0,0159;1,4906;4,3532;7,2528;8,8079;10,1548;9,7444;9,2371;7,2301;5,7695;3,8066;1,2591;0,0;0,0;0,0;0,0;0,0;0,0;0,0;0,0;0,0;0,0;0,0;0,0;0,7786;3,3918;6,1978;8,8083;9,5822;9,7718;8,8301;7,95;6,5794;4,8898;3,6333;1,5085;0,1124;0,0;0,0;0,0;0,0;0,0;0,0;0,0;0,0;0,0;0,0;0,1278;1,4549;3,905;6,0773;8,0501;8,7841;8,3148;6,697;5,9312;4,918;4,3106;3,7396;2,0943;0,6708;0,0;0,0;0,0;0,0;0,0;0,0;0,0;0,0;0,0;0,0;0,3245;2,3401;5,2678;7,7958;10,3365;10,4167;11,3893;10,9826;9,5524;8,0476;6,3405;5,265;3,4218;1,1459;0,0217;0,0;0,0;0,0;0,0;0,0;0,0;0,0;0,0;0,0;0,1638;1,9601;5,1885;7,866;10,612;12,5939;13,708;13,6481;12,699;11,3157;9,2768;7,0659;4,2147;1,3322;0,0227;0,0;0,0;0,0;0,0;0,0;0,0;0,0;0,0;0,0;0,0;1,1572;4,3529;7,4724;10,0681;11,8987;12,2131;12,0373;10,559;9,3933;7,3786;5,7665;2,8617;0,5587;0,0;0,0;0,0;0,0;0,0;0,0;0,0;0,0;0,0;0,0;0,0;0,2519;3,1531;6,2268;8,8633;10,9964;10,5561;9,6;8,278;7,2067;5,2068;3,445;1,1071;0,0087;0,0;0,0;0,0;0,0;0,0;0,0;0,0;0,0;0,0;0,0;0,0;0,0041;1,8504;5,0408;7,2307;8,3365;9,3872;9,4419;8,1162;6,5221;3,9846;1,7255;0,0525;0,0;0,0;0,0;0,0;0,0;0,0;0,0;0,0;0,0;0,0;0,0;0,0;0,0;0,1288;1,9157;3,5855;5,1372;5,7915;5,2542;4,207;3,0332;1,9331;0,1989;0,0;0,0;0,0;0,0;0,0;0,0;0,0;0,0;0,0;0,0;0,0;0,0;0,0;0,0;0,0;1,3909;3,1537;4,9539;5,909;6,4324;6,0436;4,4273;2,2858;0,0805;0,0;0,0;0,0;0,0;0,0;0,0;0,0;0,0
164;1;25;11,125;12170,3183;538,1796;781,8675;1071,6692;1080,5964;1008,6687;1389,7245;1730,8437;1483,7638;1123,4984;956,2325;467,777;537,497;0,0;0,0;0,0;0,0;0,0;0,0;0,0;0,7052;1,7818;2,5261;2,9585;2,8965;2,6217;2,1101;1,4231;0,3377;0,0;0,0;0,0;0,0;0,0;0,0;0,0;0,0;0,0;0,0;0,0;0,0;0,0;0,0;0,0428;1,3725;2,8233;3,8284;4,2551;4,4171;4,0399;3,2962;2,5321;1,2576;0,0589;0,0;0,0;0,0;0,0;0,0;0,0;0,0;0,0;0,0;0,0;0,0;0,0;0,0079;0,7543;2,1766;3,6264;4,404;5,0774;4,8722;4,6186;3,6151;2,8848;1,9033;0,6296;0,0;0,0;0,0;0,0;0,0;0,0;0,0;0,0;0,0;0,0;0,0;0,0;0,392;1,6959;3,0989;4,4042;4,7911;4,8859;4,415;3,975;3,2897;2,4449;1,8167;0,7543;0,0564;0,0;0,0;0,0;0,0;0,0;0,0;0,0;0,0;0,0;0,0;0,0639;0,7274;1,9525;3,0386;4,0251;4,3921;4,1574;3,3485;2,9656;2,459;2,1553;1,8698;1,0472;0,3355;0,0;0,0;0,0;0,0;0,0;0,0;0,0;0,0;0,0;0,0;0,1622;1,17;2,6339;3,8979;5,1683;5,2084;5,6946;5,4913;4,7762;4,0238;3,1703;2,6325;1,7109;0,573;0,0109;0,0;0,0;0,0;0,0;0,0;0,0;0,0;0,0;0,0;0,0819;0,98;2,5942;3,933;5,306;6,2969;6,854;6,824;6,3495;5,6578;4,6384;3,533;2,1074;0,6662;0,0113;0,0;0,0;0,0;0,0;0,0;0,0;0,0;0,0;0,0;0,0;0,583;2,1764;3,7361;5,034;5,9493;6,1066;6,0187;5,2795;4,6966;3,6893;2,8833;1,4309;0,2796;0,0;0,0;0,0;0,0;0,0;0,0;0,0;0,0;0,0;0,0;0,0;0,1259;1,5765;3,1134;4,4316;5,4982;5,2781;4,8;4,139;3,6033;2,6034;1,7225;0,5535;0,0044;0,0;0,0;0,0;0,0;0,0;0,0;0,0;0,0;0,0;0,0;0,0;0,002;0,9252;2,5204;3,6153;4,1682;4,6936;4,7209;4,0581;3,2611;1,9923;0,8627;0,0263;0,0;0,0;0,0;0,0;0,0;0,0;0,0;0,0;0,0;0,0;0,0;0,0;0,0;0,0644;0,9579;1,7927;2,5686;2,8958;2,6271;2,1035;1,5166;0,9665;0,0994;0,0;0,0;0,0;0,0;0,0;0,0;0,0;0,0;0,0;0,0;0,0;0,0;0,0;0,0;0,0;0,6955;1,5769;2,477;2,9545;3,2162;3,0218;2,2137;1,1429;0,0403;0,0;0,0;0,0;0,0;0,0;0,0;0,0;0,0
165;1;436;194,02;212271,3285;9385,8829;13635,7758;18691,9651;18851,9596;17591,1787;24236,8271;30185,9494;25878,5912;19593,7908;16687,4111;8158,0347;9373,9621;0,0;0,0;0,0;0,0;0,0;0,0;0,0;12,2996;31,0751;44,0546;51,5972;50,5145;45,7228;36,7998;24,8184;5,8886;0,0;0,0;0,0;0,0;0,0;0,0;0,0;0,0;0,0;0,0;0,0;0,0;0,0;0,0;0,7466;23,9369;49,2385;66,7666;74,2098;77,034;70,4551;57,4848;44,1593;21,9325;1,0279;0,0;0,0;0,0;0,0;0,0;0,0;0,0;0,0;0,0;0,0;0,0;0,0;0,1384;13,2205;37,9594;63,2443;76,805;88,5501;84,9713;80,5479;63,0467;50,3101;33,1934;10,9795;0,0;0,0;0,0;0,0;0,0;0,0;0,0;0,0;0,0;0,0;0,0;0,0;7,0467;29,5758;54,0443;76,8086;83,5567;85,2105;76,9981;69,3243;57,3724;42,639;31,6831;13,1549;0,9843;0,0;0,0;0,0;0,0;0,0;0,0;0,0;0,0;0,0;0,0;1,1142;12,6861;34,0512;52,9932;70,1969;76,5975;72,5046;58,3977;51,72;42,8847;37,5884;32,6099;18,2624;5,8504;0,0;0,0;0,0;0,0;0,0;0,0;0,0;0,0;0,0;0,0;2,8296;20,4042;45,9344;67,9787;90,1343;90,8338;99,3143;95,7682;83,2975;70,1756;55,29;45,9115;29,8388;9,994;0,1894;0,0;0,0;0,0;0,0;0,0;0,0;0,0;0,0;0,0;1,428;17,09;45,2426;68,5908;92,5366;109,8185;119,5335;119,0112;110,7353;98,6728;80,8943;61,616;36,7536;11,6189;0,198;0,0;0,0;0,0;0,0;0,0;0,0;0,0;0,0;0,0;0,0004;10,2226;37,9558;65,1581;87,7933;103,7566;106,4986;104,9657;92,0748;81,9095;64,3421;50,2847;24,9555;4,8757;0,0;0,0;0,0;0,0;0,0;0,0;0,0;0,0;0,0;0,0;0,0;2,1961;27,4939;54,2979;77,2877;95,8889;92,0494;83,7118;72,1845;62,8423;45,4036;30,0408;9,6538;0,0759;0,0;0,0;0,0;0,0;0,0;0,0;0,0;0,0;0,0;0,0;0,0;0,0356;16,4802;43,9561;63,0517;72,6942;81,8563;82,3331;70,7734;56,873;34,7458;15,0462;0,4579;0,0;0,0;0,0;0,0;0,0;0,0;0,0;0,0;0,0;0,0;0,0;0,0;0,0;1,1233;16,7054;31,2654;44,7962;50,5022;45,8171;36,6852;26,4491;16,8563;1,7342;0,0;0,0;0,0;0,0;0,0;0,0;0,0;0,0;0,0;0,0;0,0;0,0;0,0;0,0;0,0;12,1292;27,5006;43,1982;51,527;56,0909;52,6999;38,606;19,9319;0,7021;0,0;0,0;0,0;0,0;0,0;0,0;0,0;0,0
166;1;87;38,715;42356,7215;1872,8744;2720,9024;3729,8211;3761,7434;3510,1677;4836,2475;6023,3455;5163,6549;3909,7725;3329,8302;1627,8667;1870,4952;0,0;0,0;0,0;0,0;0,0;0,0;0,0;2,4543;6,2008;8,7907;10,2958;10,0797;9,1236;7,3431;4,9523;1,175;0,0;0,0;0,0;0,0;0,0;0,0;0,0;0,0;0,0;0,0;0,0;0,0;0,0;0,0;0,149;4,7764;9,8251;13,3227;14,8079;15,3715;14,0587;11,4706;8,8116;4,3764;0,2051;0,0;0,0;0,0;0,0;0,0;0,0;0,0;0,0;0,0;0,0;0,0;0,0;0,0276;2,638;7,5744;12,6198;15,3258;17,6694;16,9553;16,0726;12,5804;10,039;6,6235;2,1909;0,0;0,0;0,0;0,0;0,0;0,0;0,0;0,0;0,0;0,0;0,0;0,0;1,4061;5,9016;10,7841;15,3265;16,673;17,003;15,3643;13,8331;11,4482;8,5083;6,3221;2,625;0,1964;0,0;0,0;0,0;0,0;0,0;0,0;0,0;0,0;0,0;0,0;0,2223;2,5314;6,7946;10,5743;14,0072;15,2844;14,4676;11,6528;10,3203;8,5573;7,5004;6,5071;3,6441;1,1674;0,0;0,0;0,0;0,0;0,0;0,0;0,0;0,0;0,0;0,0;0,5646;4,0714;9,1658;13,5645;17,9855;18,1251;19,8173;19,1097;16,6213;14,0029;11,0327;9,1612;5,9541;1,9942;0,0378;0,0;0,0;0,0;0,0;0,0;0,0;0,0;0,0;0,0;0,285;3,4101;9,0277;13,6867;18,4649;21,9133;23,8519;23,7476;22,0963;19,6893;16,1418;12,295;7,3339;2,3185;0,0395;0,0;0,0;0,0;0,0;0,0;0,0;0,0;0,0;0,0;0,0001;2,0336;7,5737;13,0017;17,5184;20,7037;21,2509;20,945;18,3727;16,3443;12,8389;10,0339;4,9797;0,973;0,0;0,0;0,0;0,0;0,0;0,0;0,0;0,0;0,0;0,0;0,0;0,4382;5,4861;10,8347;15,4221;19,1338;18,3676;16,704;14,4038;12,5397;9,0599;5,9944;1,9263;0,0151;0,0;0,0;0,0;0,0;0,0;0,0;0,0;0,0;0,0;0,0;0,0;0,0071;3,2885;8,7711;12,5815;14,5055;16,3337;16,4288;14,1222;11,3485;6,9332;3,0024;0,0914;0,0;0,0;0,0;0,0;0,0;0,0;0,0;0,0;0,0;0,0;0,0;0,0;0,0;0,2241;3,3334;6,2387;8,9387;10,0773;9,1424;7,3202;5,2777;3,3635;0,346;0,0;0,0;0,0;0,0;0,0;0,0;0,0;0,0;0,0;0,0;0,0;0,0;0,0;0,0;0,0;2,4203;5,4875;8,6199;10,2818;11,1925;10,5158;7,7035;3,9772;0,1401;0,0;0,0;0,0;0,0;0,0;0,0;0,0;0,0
167;1;83;36,935;40403,7723;1786,7556;2595,7943;3557,0158;3587,2994;3348,7829;4613,891;5746,4032;4925,6266;3730,0099;3174,6915;1553,0148;1784,4873;0,0;0,0;0,0;0,0;0,0;0,0;0,0;2,3413;5,9156;8,3865;9,8223;9,6163;8,7041;7,0055;4,7247;1,121;0,0;0,0;0,0;0,0;0,0;0,0;0,0;0,0;0,0;0,0;0,0;0,0;0,0;0,0;0,1421;4,5568;9,3734;12,7101;14,127;14,6647;13,4123;10,9432;8,4065;4,1752;0,1957;0,0;0,0;0,0;0,0;0,0;0,0;0,0;0,0;0,0;0,0;0,0;0,0;0,0264;2,4745;7,2263;12,0396;14,6211;16,857;16,1757;15,3336;12,002;9,5774;6,3189;2,09;0,0;0,0;0,0;0,0;0,0;0,0;0,0;0,0;0,0;0,0;0,0;0,0;1,2926;5,6304;10,2884;14,6219;15,9065;16,2212;14,6579;13,197;10,9218;8,117;6,0313;2,5041;0,1866;0,0;0,0;0,0;0,0;0,0;0,0;0,0;0,0;0,0;0,0;0,2121;2,4152;6,4823;10,0883;13,3632;14,5816;13,8025;11,117;9,8458;8,1638;7,1555;6,2078;3,4765;1,1136;0,0;0,0;0,0;0,0;0,0;0,0;0,0;0,0;0,0;0,0;0,5387;3,8846;8,7446;12,941;17,1587;17,2918;18,9062;18,2311;15,8571;13,3591;10,5253;8,7399;5,6801;1,9022;0,0361;0,0;0,0;0,0;0,0;0,0;0,0;0,0;0,0;0,0;0,2719;3,2537;8,613;13,0576;17,616;20,9058;22,7552;22,6558;21,0803;18,784;15,3995;11,7294;6,9964;2,2115;0,0377;0,0;0,0;0,0;0,0;0,0;0,0;0,0;0,0;0,0;0,0001;1,9209;7,2258;12,4042;16,713;19,7518;20,2738;19,982;17,528;15,5929;12,2485;9,5724;4,7504;0,9275;0,0;0,0;0,0;0,0;0,0;0,0;0,0;0,0;0,0;0,0;0,0;0,4181;5,2341;10,3366;14,713;18,2541;17,5231;15,936;13,7415;11,9631;8,6433;5,7186;1,8377;0,0144;0,0;0,0;0,0;0,0;0,0;0,0;0,0;0,0;0,0;0,0;0,0;0,0068;3,0717;8,3678;12,0029;13,8386;15,5827;15,6735;13,4729;10,8267;6,6144;2,8643;0,0872;0,0;0,0;0,0;0,0;0,0;0,0;0,0;0,0;0,0;0,0;0,0;0,0;0,0;0,2138;3,1801;5,9518;8,5277;9,6139;8,7221;6,9837;5,035;3,2089;0,3301;0,0;0,0;0,0;0,0;0,0;0,0;0,0;0,0;0,0;0,0;0,0;0,0;0,0;0,0;0,0;2,3089;5,2351;8,2235;9,809;10,6779;10,0323;7,3494;3,7944;0,1337;0,0;0,0;0,0;0,0;0,0;0,0;0,0;0,0
171;1;88;39,16;42839,4688;1894,3916;2752,1708;3772,2747;3803,6773;3550,5131;4891,8356;6092,57;5222,8331;3954,7089;3365,9364;1646,57;1891,9873;0,0;0,0;0,0;0,0;0,0;0,0;0,0;2,4824;6,272;8,8917;10,4141;10,1956;9,2284;7,4275;5,0092;1,1885;0,0;0,0;0,0;0,0;0,0;0,0;0,0;0,0;0,0;0,0;0,0;0,0;0,0;0,0;0,1507;4,8313;9,938;13,4758;14,9781;15,5481;14,2203;11,6024;8,9129;4,4267;0,2075;0,0;0,0;0,0;0,0;0,0;0,0;0,0;0,0;0,0;0,0;0,0;0,0;0,0279;2,6551;7,6616;12,7649;15,5019;17,8725;17,1501;16,2574;12,725;10,1543;6,6996;2,216;0,0;0,0;0,0;0,0;0,0;0,0;0,0;0,0;0,0;0,0;0,0;0,0;1,3797;5,9695;10,9081;15,5026;16,8646;17,1984;15,5409;13,992;11,5797;8,606;6,3947;2,6551;0,1979;0,0;0,0;0,0;0,0;0,0;0,0;0,0;0,0;0,0;0,0;0,2249;2,5606;6,8727;10,6959;14,1682;15,46;14,634;11,7867;10,4389;8,6556;7,5866;6,5818;3,686;1,1807;0,0;0,0;0,0;0,0;0,0;0,0;0,0;0,0;0,0;0,0;0,5711;4,1184;9,2712;13,7205;18,1923;18,3334;20,0451;19,3294;16,8123;14,1638;11,1594;9,2665;6,0224;2,017;0,0382;0,0;0,0;0,0;0,0;0,0;0,0;0,0;0,0;0,0;0,2882;3,4495;9,1317;13,8441;18,6771;22,1652;24,126;24,0206;22,3502;19,9156;16,3272;12,4362;7,418;2,3449;0,04;0,0;0,0;0,0;0,0;0,0;0,0;0,0;0,0;0,0;0,0001;2,0521;7,6609;13,1513;17,7198;20,9417;21,4951;21,1857;18,5839;16,5322;12,9864;10,1491;5,0368;0,9835;0,0;0,0;0,0;0,0;0,0;0,0;0,0;0,0;0,0;0,0;0,0;0,4432;5,5493;10,9592;15,5993;19,3537;18,5788;16,896;14,5693;12,6838;9,164;6,0632;1,9484;0,0153;0,0;0,0;0,0;0,0;0,0;0,0;0,0;0,0;0,0;0,0;0,0;0,0072;3,2567;8,8719;12,726;14,6722;16,5214;16,6177;14,2845;11,4789;7,0129;3,0368;0,0924;0,0;0,0;0,0;0,0;0,0;0,0;0,0;0,0;0,0;0,0;0,0;0,0;0,0;0,2267;3,3717;6,3104;9,0414;10,193;9,2475;7,4043;5,3384;3,4022;0,35;0,0;0,0;0,0;0,0;0,0;0,0;0,0;0,0;0,0;0,0;0,0;0,0;0,0;0,0;0,0;2,448;5,5505;8,7189;10,3999;11,3211;10,6366;7,7921;4,023;0,1417;0,0;0,0;0,0;0,0;0,0;0,0;0,0;0,0
172;1;149;66,305;72541,9417;3207,5689;4659,9397;6387,8561;6442,4922;6011,6664;8282,7715;10315,8513;8843,4761;6696,0479;5702,8172;2787,9582;3203,4962;0,0;0,0;0,0;0,0;0,0;0,0;0,0;4,2034;10,6198;15,0554;17,633;17,2631;15,6255;12,5761;8,4815;2,0124;0,0;0,0;0,0;0,0;0,0;0,0;0,0;0,0;0,0;0,0;0,0;0,0;0,0;0,0;0,2552;8,1803;16,827;22,8171;25,3608;26,3258;24,0776;19,6451;15,0911;7,4953;0,3513;0,0;0,0;0,0;0,0;0,0;0,0;0,0;0,0;0,0;0,0;0,0;0,0;0,0473;4,518;12,9723;21,6133;26,2476;30,2614;29,0383;27,5267;21,5458;17,1932;11,3437;3,7522;0,0;0,0;0,0;0,0;0,0;0,0;0,0;0,0;0,0;0,0;0,0;0,0;2,4082;10,1073;18,4692;26,2488;28,555;29,1201;26,3136;23,6911;19,6066;14,5716;10,8275;4,4956;0,3351;0,0;0,0;0,0;0,0;0,0;0,0;0,0;0,0;0,0;0,0;0,3808;4,3354;11,6367;18,1101;23,9893;26,1767;24,7779;19,957;17,6749;14,6556;12,8456;11,1442;6,2411;1,9994;0,0;0,0;0,0;0,0;0,0;0,0;0,0;0,0;0,0;0,0;0,967;6,973;15,6977;23,2312;30,8028;31,0419;33,94;32,7281;28,4664;23,982;18,895;15,69;10,1973;3,4154;0,0647;0,0;0,0;0,0;0,0;0,0;0,0;0,0;0,0;0,0;0,488;5,8403;15,4613;23,4404;31,6237;37,5298;40,8498;40,6713;37,8432;33,7208;27,6451;21,0569;12,5604;3,9707;0,0677;0,0;0,0;0,0;0,0;0,0;0,0;0,0;0,0;0,0;0,0001;3,4829;12,9711;22,2673;30,0028;35,4581;36,3952;35,8713;31,466;27,992;21,9885;17,1845;8,5284;1,6653;0,0;0,0;0,0;0,0;0,0;0,0;0,0;0,0;0,0;0,0;0,0;0,7505;9,3958;18,5559;26,4126;32,7694;31,4572;28,608;24,6686;21,476;15,5164;10,2662;3,2991;0,0259;0,0;0,0;0,0;0,0;0,0;0,0;0,0;0,0;0,0;0,0;0,0;0,0122;5,632;15,0217;21,5476;24,8428;27,9739;28,1368;24,1863;19,436;11,8741;5,142;0,1565;0,0;0,0;0,0;0,0;0,0;0,0;0,0;0,0;0,0;0,0;0,0;0,0;0,0;0,3839;5,709;10,6847;15,3089;17,2588;15,6577;12,5369;9,0388;5,7605;0,5927;0,0;0,0;0,0;0,0;0,0;0,0;0,0;0,0;0,0;0,0;0,0;0,0;0,0;0,0;0,0;4,1451;9,3982;14,7627;17,609;19,1687;18,0098;13,1934;6,8116;0,2399;0,0;0,0;0,0;0,0;0,0;0,0;0,0;0,0
173;1;142;63,19;69127,3855;3056,8621;4441,0026;6087,0761;6137,7922;5729,2326;7893,6391;9831,1937;8427,7785;6381,4609;5431,3985;2656,9682;3052,981;0,0;0,0;0,0;0,0;0,0;0,0;0,0;4,0057;10,1207;14,348;16,8045;16,4519;14,8913;11,9852;8,0831;1,9179;0,0;0,0;0,0;0,0;0,0;0,0;0,0;0,0;0,0;0,0;0,0;0,0;0,0;0,0;0,2432;7,7959;16,0364;21,7451;24,1692;25,089;22,9464;18,7221;14,3821;7,1431;0,3348;0,0;0,0;0,0;0,0;0,0;0,0;0,0;0,0;0,0;0,0;0,0;0,0;0,0451;4,2842;12,3629;20,5978;25,0145;28,8396;27,6741;26,2335;20,5335;16,3854;10,8107;3,5759;0,0;0,0;0,0;0,0;0,0;0,0;0,0;0,0;0,0;0,0;0,0;0,0;2,2263;9,6325;17,6016;25,0156;27,2134;27,752;25,0774;22,5781;18,6854;13,887;10,3188;4,2844;0,3205;0,0;0,0;0,0;0,0;0,0;0,0;0,0;0,0;0,0;0,0;0,3629;4,1318;11,0901;17,2593;22,8623;24,9469;23,6139;19,0194;16,8446;13,9671;12,242;10,6206;5,9478;1,9054;0,0;0,0;0,0;0,0;0,0;0,0;0,0;0,0;0,0;0,0;0,9216;6,6455;14,9603;22,1399;29,3557;29,5835;32,3455;31,1906;27,129;22,8553;18,0073;14,9528;9,7181;3,2548;0,0617;0,0;0,0;0,0;0,0;0,0;0,0;0,0;0,0;0,0;0,4651;5,5661;14,7351;22,3392;30,1381;35,7666;38,9306;38,7605;36,0651;32,1365;26,3462;20,0675;11,9701;3,784;0,0645;0,0;0,0;0,0;0,0;0,0;0,0;0,0;0,0;0,0;0,0001;3,3113;12,3618;21,2214;28,5932;33,7923;34,6853;34,186;29,9876;26,6769;20,9554;16,377;8,1276;1,5879;0,0;0,0;0,0;0,0;0,0;0,0;0,0;0,0;0,0;0,0;0,0;0,7152;8,9545;17,6842;25,1717;31,2299;29,9794;27,2639;23,5096;20,467;14,7874;9,7839;3,1441;0,0247;0,0;0,0;0,0;0,0;0,0;0,0;0,0;0,0;0,0;0,0;0,0;0,0116;5,2551;14,3159;20,5351;23,6756;26,6596;26,8149;23,05;18,5228;11,3163;4,9004;0,1492;0,0;0,0;0,0;0,0;0,0;0,0;0,0;0,0;0,0;0,0;0,0;0,0;0,0;0,3658;5,4407;10,1827;14,5896;16,4479;14,9221;11,9479;8,6142;5,4899;0,5648;0,0;0,0;0,0;0,0;0,0;0,0;0,0;0,0;0,0;0,0;0,0;0,0;0,0;0,0;0,0;3,9503;8,9566;14,0692;16,7817;18,2681;17,1637;12,5735;6,4916;0,2287;0,0;0,0;0,0;0,0;0,0;0,0;0,0;0,0
174;1;94;41,83;45763,6073;2023,57;2939,8293;4029,925;4063,7;3792,5964;5225,3763;6507,9904;5579,1099;4224,3543;3597,311;1758,8471;2020,9976;0,0;0,0;0,0;0,0;0,0;0,0;0,0;2,6518;6,6997;9,498;11,1242;10,8908;9,8577;7,9339;5,3508;1,2696;0,0;0,0;0,0;0,0;0,0;0,0;0,0;0,0;0,0;0,0;0,0;0,0;0,0;0,0;0,161;5,1607;10,6157;14,3947;15,9994;16,6082;15,1899;12,3935;9,5206;4,7286;0,2216;0,0;0,0;0,0;0,0;0,0;0,0;0,0;0,0;0,0;0,0;0,0;0,0;0,0298;2,8503;8,1839;13,6353;16,5589;19,0911;18,3195;17,3659;13,5927;10,8467;7,1564;2,3672;0,0;0,0;0,0;0,0;0,0;0,0;0,0;0,0;0,0;0,0;0,0;0,0;1,4962;6,3764;11,6518;16,5596;18,0146;18,3711;16,6005;14,9461;12,3693;9,1928;6,8308;2,8361;0,2114;0,0;0,0;0,0;0,0;0,0;0,0;0,0;0,0;0,0;0,0;0,2402;2,7351;7,3413;11,4252;15,1342;16,5141;15,6317;12,5903;11,1506;9,2458;8,1039;7,0306;3,9373;1,2614;0,0;0,0;0,0;0,0;0,0;0,0;0,0;0,0;0,0;0,0;0,61;4,3991;9,9033;14,656;19,4327;19,5835;21,4118;20,6473;17,9587;15,1296;11,9204;9,8983;6,4331;2,1547;0,0408;0,0;0,0;0,0;0,0;0,0;0,0;0,0;0,0;0,0;0,3079;3,6846;9,7542;14,788;19,9506;23,6765;25,771;25,6584;23,8742;21,2735;17,4405;13,2842;7,9239;2,505;0,0427;0,0;0,0;0,0;0,0;0,0;0,0;0,0;0,0;0,0;0,0001;2,1973;8,1831;14,0479;18,9279;22,3695;22,9607;22,6302;19,851;17,6594;13,8719;10,8412;5,3803;1,0506;0,0;0,0;0,0;0,0;0,0;0,0;0,0;0,0;0,0;0,0;0,0;0,4735;5,9276;11,7064;16,663;20,6733;19,8455;18,048;15,5628;13,5486;9,7888;6,4767;2,0813;0,0164;0,0;0,0;0,0;0,0;0,0;0,0;0,0;0,0;0,0;0,0;0,0;0,0077;3,5388;9,4768;13,5938;15,6726;17,648;17,7508;15,2585;12,2616;7,4911;3,2439;0,0987;0,0;0,0;0,0;0,0;0,0;0,0;0,0;0,0;0,0;0,0;0,0;0,0;0,0;0,2422;3,6016;6,7407;9,658;10,8881;9,878;7,9092;5,7023;3,6342;0,3739;0,0;0,0;0,0;0,0;0,0;0,0;0,0;0,0;0,0;0,0;0,0;0,0;0,0;0,0;0,0;2,615;5,9291;9,3134;11,109;12,093;11,3619;8,3234;4,2972;0,1514;0,0;0,0;0,0;0,0;0,0;0,0;0,0;0,0
175;1;46;20,47;22393,357;990,2514;1438,6342;1971,8699;1988,2851;1855,9501;2557,0939;3184,7526;2730,1165;2067,2341;1759,4684;860,7074;988,9934;0,0;0,0;0,0;0,0;0,0;0,0;0,0;1,2976;3,2785;4,648;5,4437;5,3295;4,824;3,8825;2,6185;0,6213;0,0;0,0;0,0;0,0;0,0;0,0;0,0;0,0;0,0;0,0;0,0;0,0;0,0;0,0;0,0788;2,5254;5,1949;7,0442;7,8295;8,1274;7,4333;6,0649;4,659;2,314;0,1084;0,0;0,0;0,0;0,0;0,0;0,0;0,0;0,0;0,0;0,0;0,0;0,0;0,0146;1,3879;4,0049;6,6726;8,1033;9,3424;8,9648;8,4982;6,6517;5,3079;3,502;1,1584;0,0;0,0;0,0;0,0;0,0;0,0;0,0;0,0;0,0;0,0;0,0;0,0;0,7212;3,1204;5,702;8,1037;8,8156;8,9901;8,1236;7,314;6,053;4,4986;3,3427;1,3879;0,1034;0,0;0,0;0,0;0,0;0,0;0,0;0,0;0,0;0,0;0,0;0,1176;1,3385;3,5926;5,5911;7,4061;8,0814;7,6496;6,1612;5,4567;4,5245;3,9657;3,4405;1,9268;0,6172;0,0;0,0;0,0;0,0;0,0;0,0;0,0;0,0;0,0;0,0;0,2985;2,1528;4,8463;7,1721;9,5096;9,5834;10,4781;10,104;8,7883;7,4038;5,8333;4,8438;3,1481;1,0543;0,02;0,0;0,0;0,0;0,0;0,0;0,0;0,0;0,0;0,0;0,1507;1,8031;4,7734;7,2367;9,7631;11,5864;12,6113;12,5562;11,6831;10,4104;8,5347;6,5007;3,8776;1,2258;0,0209;0,0;0,0;0,0;0,0;0,0;0,0;0,0;0,0;0,0;0,0;1,0727;4,0045;6,8745;9,2626;10,9468;11,2361;11,0744;9,7143;8,6418;6,7884;5,3052;2,6329;0,5141;0,0;0,0;0,0;0,0;0,0;0,0;0,0;0,0;0,0;0,0;0,0;0,2317;2,9008;5,7287;8,1542;10,1167;9,7116;8,832;7,6158;6,6301;4,7903;3,1694;1,0185;0,008;0,0;0,0;0,0;0,0;0,0;0,0;0,0;0,0;0,0;0,0;0,0;0,0038;1,7023;4,6376;6,6522;7,6696;8,6362;8,6865;7,4669;6,0004;3,6658;1,5874;0,0483;0,0;0,0;0,0;0,0;0,0;0,0;0,0;0,0;0,0;0,0;0,0;0,0;0,0;0,1185;1,7625;3,2986;4,7262;5,3282;4,8339;3,8705;2,7905;1,7784;0,183;0,0;0,0;0,0;0,0;0,0;0,0;0,0;0,0;0,0;0,0;0,0;0,0;0,0;0,0;0,0;1,2797;2,9014;4,5576;5,4363;5,9178;5,5601;4,0731;2,1029;0,0741;0,0;0,0;0,0;0,0;0,0;0,0;0,0;0,0
178;1;14;6,23;6815,3774;301,3802;437,8459;600,135;605,1341;564,855;778,2472;969,2728;830,9065;629,1578;535,49;261,9544;300,9985;0,0;0,0;0,0;0,0;0,0;0,0;0,0;0,3949;0,9978;1,4146;1,6568;1,622;1,4682;1,1816;0,7969;0,1891;0,0;0,0;0,0;0,0;0,0;0,0;0,0;0,0;0,0;0,0;0,0;0,0;0,0;0,0;0,024;0,7686;1,5811;2,1439;2,3829;2,4736;2,2623;1,8458;1,418;0,7043;0,033;0,0;0,0;0,0;0,0;0,0;0,0;0,0;0,0;0,0;0,0;0,0;0,0;0,0044;0,4224;1,2189;2,0308;2,4662;2,8433;2,7284;2,5864;2,0244;1,6155;1,0659;0,3526;0,0;0,0;0,0;0,0;0,0;0,0;0,0;0,0;0,0;0,0;0,0;0,0;0,2195;0,9497;1,7354;2,4663;2,683;2,7361;2,4724;2,226;1,8422;1,3691;1,0174;0,4224;0,0316;0,0;0,0;0,0;0,0;0,0;0,0;0,0;0,0;0,0;0,0;0,0358;0,4074;1,0934;1,7016;2,254;2,4596;2,3281;1,8752;1,6607;1,377;1,207;1,0471;0,5864;0,1879;0,0;0,0;0,0;0,0;0,0;0,0;0,0;0,0;0,0;0,0;0,0909;0,6552;1,475;2,1828;2,8942;2,9167;3,189;3,0751;2,6747;2,2533;1,7754;1,4742;0,9581;0,3209;0,0061;0,0;0,0;0,0;0,0;0,0;0,0;0,0;0,0;0,0;0,0459;0,5488;1,4528;2,2025;2,9714;3,5263;3,8382;3,8215;3,5557;3,1684;2,5975;1,9785;1,1802;0,3731;0,0064;0,0;0,0;0,0;0,0;0,0;0,0;0,0;0,0;0,0;0,0;0,3265;1,2188;2,0922;2,8191;3,3316;3,4197;3,3705;2,9565;2,6301;2,066;1,6146;0,8013;0,1565;0,0;0,0;0,0;0,0;0,0;0,0;0,0;0,0;0,0;0,0;0,0;0,0705;0,8828;1,7435;2,4817;3,079;2,9557;2,688;2,3179;2,0179;1,4579;0,9646;0,31;0,0024;0,0;0,0;0,0;0,0;0,0;0,0;0,0;0,0;0,0;0,0;0,0;0,0011;0,5181;1,4114;2,0246;2,3342;2,6284;2,6437;2,2725;1,8262;1,1157;0,4831;0,0147;0,0;0,0;0,0;0,0;0,0;0,0;0,0;0,0;0,0;0,0;0,0;0,0;0,0;0,0361;0,5364;1,0039;1,4384;1,6216;1,4712;1,178;0,8493;0,5413;0,0557;0,0;0,0;0,0;0,0;0,0;0,0;0,0;0,0;0,0;0,0;0,0;0,0;0,0;0,0;0,0;0,3895;0,883;1,3871;1,6545;1,8011;1,6922;1,2396;0,64;0,0225;0,0;0,0;0,0;0,0;0,0;0,0;0,0;0,0
179;1;86;38,27;41861,6736;1851,4161;2689,6199;3685,4964;3716,8891;3469,8274;4780,6567;5954,1049;5102,936;3864,833;3287,3662;1609,5418;1848,9861;0,0;0,0;0,0;0,0;0,0;0,0;0,0;2,4259;6,1294;8,6896;10,1774;9,9639;9,0187;7,2587;4,8955;1,1641;0,0;0,0;0,0;0,0;0,0;0,0;0,0;0,0;0,0;0,0;0,0;0,0;0,0;0,0;0,1473;4,7215;9,7122;13,1695;14,6376;15,1948;13,8971;11,3388;8,7103;4,3261;0,2028;0,0;0,0;0,0;0,0;0,0;0,0;0,0;0,0;0,0;0,0;0,0;0,0;0,0273;2,5612;7,4875;12,4748;15,1496;17,4663;16,7604;15,8879;12,4358;9,9235;6,5472;2,1655;0,0;0,0;0,0;0,0;0,0;0,0;0,0;0,0;0,0;0,0;0,0;0,0;1,3368;5,834;10,6603;15,1504;16,4814;16,8076;15,1877;13,674;11,3165;8,4104;6,2493;2,5946;0,1934;0,0;0,0;0,0;0,0;0,0;0,0;0,0;0,0;0,0;0,0;0,2198;2,5026;6,7167;10,453;13,8463;15,1087;14,3014;11,5188;10,2016;8,4589;7,4142;6,4322;3,6021;1,1538;0,0;0,0;0,0;0,0;0,0;0,0;0,0;0,0;0,0;0,0;0,5581;4,0251;9,0608;13,4088;17,7789;17,9168;19,5895;18,89;16,4302;13,8419;10,9057;9,0558;5,8854;1,9709;0,0374;0,0;0,0;0,0;0,0;0,0;0,0;0,0;0,0;0,0;0,2817;3,3715;8,9244;13,5296;18,2528;21,6615;23,5778;23,4747;21,8422;19,4629;15,9561;12,1533;7,2491;2,2913;0,0391;0,0;0,0;0,0;0,0;0,0;0,0;0,0;0,0;0,0;0,0001;1,968;7,4871;12,8526;17,3171;20,4658;21,0066;20,7042;18,1615;16,1565;12,6912;9,9183;4,922;0,9599;0,0;0,0;0,0;0,0;0,0;0,0;0,0;0,0;0,0;0,0;0,0;0,4332;5,4234;10,7102;15,2449;18,9139;18,1565;16,512;14,2382;12,3955;8,9557;5,9253;1,9041;0,015;0,0;0,0;0,0;0,0;0,0;0,0;0,0;0,0;0,0;0,0;0,0;0,007;3,1158;8,6702;12,4368;14,3387;16,1459;16,24;13,9599;11,218;6,8535;2,9678;0,0903;0,0;0,0;0,0;0,0;0,0;0,0;0,0;0,0;0,0;0,0;0,0;0,0;0,0;0,2216;3,295;6,167;8,8359;9,9614;9,0373;7,2361;5,217;3,3249;0,3552;0,0;0,0;0,0;0,0;0,0;0,0;0,0;0,0;0,0;0,0;0,0;0,0;0,0;0,0;0,0;2,3923;5,4243;8,5207;10,1635;11,0638;10,395;7,6151;3,9316;0,1385;0,0;0,0;0,0;0,0;0,0;0,0;0,0;0,0
180;1;18;8,01;8761,8811;387,49;562,9435;771,383;777,9698;726,243;1000,6029;1246,2079;1068,2028;808,9193;688,1206;336,7999;386,9984;0,0;0,0;0,0;0,0;0,0;0,0;0,0;0,5077;1,2829;1,8188;2,1302;2,0855;1,8876;1,5193;1,0246;0,2431;0,0;0,0;0,0;0,0;0,0;0,0;0,0;0,0;0,0;0,0;0,0;0,0;0,0;0,0;0,0308;0,9882;2,0328;2,7564;3,0637;3,1803;2,9087;2,3732;1,8231;0,9055;0,0424;0,0;0,0;0,0;0,0;0,0;0,0;0,0;0,0;0,0;0,0;0,0;0,0;0,0057;0,536;1,5671;2,611;3,1708;3,6557;3,508;3,3254;2,6028;2,077;1,3704;0,4533;0,0;0,0;0,0;0,0;0,0;0,0;0,0;0,0;0,0;0,0;0,0;0,0;0,2803;1,2211;2,2312;3,171;3,4496;3,5179;3,1788;2,862;2,3686;1,7603;1,308;0,5431;0,0405;0,0;0,0;0,0;0,0;0,0;0,0;0,0;0,0;0,0;0,0;0,046;0,5238;1,4058;2,1878;2,898;3,1623;2,9933;2,4109;2,1352;1,7705;1,5518;1,3463;0,7539;0,2415;0,0;0,0;0,0;0,0;0,0;0,0;0,0;0,0;0,0;0,0;0,1168;0,8424;1,8964;2,8065;3,7212;3,75;4,1001;3,9537;3,4389;2,8971;2,2826;1,8954;1,2318;0,4125;0,0078;0,0;0,0;0,0;0,0;0,0;0,0;0,0;0,0;0,0;0,059;0,7057;1,8679;2,8318;3,8203;4,5338;4,9349;4,9133;4,5716;4,0736;3,3397;2,5437;1,5173;0,4796;0,0082;0,0;0,0;0,0;0,0;0,0;0,0;0,0;0,0;0,0;0,0;0,4166;1,5671;2,6901;3,6245;4,2835;4,3967;4,3334;3,8012;3,3816;2,6563;2,0759;1,0302;0,2009;0,0;0,0;0,0;0,0;0,0;0,0;0,0;0,0;0,0;0,0;0,0;0,0907;1,1351;2,2417;3,1908;3,9587;3,8002;3,456;2,9801;2,5944;1,8745;1,2402;0,3985;0,0031;0,0;0,0;0,0;0,0;0,0;0,0;0,0;0,0;0,0;0,0;0,0;0,0015;0,6543;1,8147;2,6031;3,0011;3,3794;3,3991;2,9218;2,348;1,4344;0,6212;0,0189;0,0;0,0;0,0;0,0;0,0;0,0;0,0;0,0;0,0;0,0;0,0;0,0;0,0;0,0464;0,6897;1,2908;1,8494;2,0849;1,8915;1,5145;1,0919;0,6959;0,0716;0,0;0,0;0,0;0,0;0,0;0,0;0,0;0,0;0,0;0,0;0,0;0,0;0,0;0,0;0,0;0,5007;1,1353;1,7834;2,1273;2,3157;2,1757;1,5938;0,8229;0,029;0,0;0,0;0,0;0,0;0,0;0,0;0,0;0,0
182;1;124;55,18;60358,7076;2669,4781;3878,0556;5313,9696;5359,2343;5003,0073;6893,0472;8584,9916;7357,7205;5572,5514;4739,9384;2320,7336;2665,98;0,0;0,0;0,0;0,0;0,0;0,0;0,0;3,4976;8,8377;12,5292;14,6743;14,3665;13,0037;10,466;7,0586;1,6784;0,0;0,0;0,0;0,0;0,0;0,0;0,0;0,0;0,0;0,0;0,0;0,0;0,0;0,0;0,2123;6,8077;14,0036;18,9886;21,1054;21,9087;20,0377;16,3489;12,559;6,2376;0,2923;0,0;0,0;0,0;0,0;0,0;0,0;0,0;0,0;0,0;0,0;0,0;0,0;0,0394;3,6928;10,7959;17,987;21,8436;25,1839;24,1661;22,9081;17,9307;14,3083;9,4402;3,1223;0,0;0,0;0,0;0,0;0,0;0,0;0,0;0,0;0,0;0,0;0,0;0,0;1,9275;8,4119;15,3707;21,8447;23,7639;24,2342;21,8985;19,716;16,3168;12,1266;9,0105;3,741;0,2788;0,0;0,0;0,0;0,0;0,0;0,0;0,0;0,0;0,0;0,0;0,3169;3,6085;9,6846;15,0718;19,9644;21,7846;20,6206;16,6085;14,7093;12,1966;10,6902;9,2743;5,1936;1,6634;0,0;0,0;0,0;0,0;0,0;0,0;0,0;0,0;0,0;0,0;0,8048;5,8039;13,0645;19,3337;25,6347;25,8335;28,2454;27,2368;23,69;19,958;15,7246;13,0571;8,4857;2,8416;0,0539;0,0;0,0;0,0;0,0;0,0;0,0;0,0;0,0;0,0;0,4062;4,8615;12,868;19,5079;26,318;31,2329;33,9958;33,8472;31,4935;28,0628;23,0064;17,5233;10,4521;3,3035;0,0563;0,0;0,0;0,0;0,0;0,0;0,0;0,0;0,0;0,0;0,0001;2,8377;10,7954;18,5316;24,9689;29,5088;30,2886;29,8526;26,1863;23,2953;18,2989;14,3007;7,0968;1,3839;0,0;0,0;0,0;0,0;0,0;0,0;0,0;0,0;0,0;0,0;0,0;0,6246;7,8199;15,4427;21,981;27,2711;26,1792;23,8079;20,5295;17,8725;12,9129;8,5434;2,7454;0,0216;0,0;0,0;0,0;0,0;0,0;0,0;0,0;0,0;0,0;0,0;0,0;0,0101;4,4925;12,5013;17,9321;20,6745;23,2802;23,4158;20,1282;16,1749;9,8818;4,2791;0,1308;0,0;0,0;0,0;0,0;0,0;0,0;0,0;0,0;0,0;0,0;0,0;0,0;0,0;0,3195;4,7509;8,8919;12,7401;14,3629;13,0306;10,4334;7,5222;4,7941;0,5121;0,0;0,0;0,0;0,0;0,0;0,0;0,0;0,0;0,0;0,0;0,0;0,0;0,0;0,0;0,0;3,4492;7,8211;12,2856;14,6544;15,9525;14,9881;10,9799;5,6689;0,1997;0,0;0,0;0,0;0,0;0,0;0,0;0,0;0,0
183;1;91;40,495;44304,1879;1958,9912;2846,0092;3901,3123;3934,6794;3671,5578;5058,6103;6300,2904;5401,0529;4089,5365;3482,932;1702,7132;1956,5027;0,0;0,0;0,0;0,0;0,0;0,0;0,0;2,5672;6,4859;9,195;10,7692;10,5432;9,5431;7,6807;5,18;1,229;0,0;0,0;0,0;0,0;0,0;0,0;0,0;0,0;0,0;0,0;0,0;0,0;0,0;0,0;0,1558;4,996;10,2769;13,9353;15,4888;16,0782;14,7051;11,998;9,2168;4,5777;0,2145;0,0;0,0;0,0;0,0;0,0;0,0;0,0;0,0;0,0;0,0;0,0;0,0;0,0289;2,7593;7,9227;13,2001;16,0304;18,4818;17,7348;16,8116;13,1589;10,5005;6,928;2,2916;0,0;0,0;0,0;0,0;0,0;0,0;0,0;0,0;0,0;0,0;0,0;0,0;1,4708;6,1729;11,2799;16,0312;17,4396;17,7848;16,0707;14,4691;11,9745;8,8994;6,6128;2,7457;0,2047;0,0;0,0;0,0;0,0;0,0;0,0;0,0;0,0;0,0;0,0;0,2325;2,6478;7,107;11,0605;14,6512;15,9871;15,1328;12,1885;10,7948;8,9507;7,8453;6,8062;3,8117;1,2211;0,0;0,0;0,0;0,0;0,0;0,0;0,0;0,0;0,0;0,0;0,5906;4,2587;9,5872;14,1882;18,8124;18,9585;20,7285;19,9883;17,3855;14,6468;11,5399;9,5825;6,2279;2,0859;0,0395;0,0;0,0;0,0;0,0;0,0;0,0;0,0;0,0;0,0;0,2981;3,5669;9,4428;14,316;19,3138;22,9208;24,9486;24,8395;23,1123;20,5946;16,884;12,8603;7,6712;2,4251;0,0413;0,0;0,0;0,0;0,0;0,0;0,0;0,0;0,0;0,0;0,0001;2,1271;7,9219;13,5995;18,3238;21,6556;22,2279;21,908;19,2175;17,0958;13,4292;10,4952;5,2086;1,0171;0,0;0,0;0,0;0,0;0,0;0,0;0,0;0,0;0,0;0,0;0,0;0,4584;5,7384;11,3328;16,1312;20,0135;19,2122;17,472;15,066;13,1162;9,4765;6,27;2,0149;0,0158;0,0;0,0;0,0;0,0;0,0;0,0;0,0;0,0;0,0;0,0;0,0;0,0074;3,4397;9,1744;13,1599;15,1725;17,0848;17,1842;14,7715;11,8703;7,252;3,1404;0,0956;0,0;0,0;0,0;0,0;0,0;0,0;0,0;0,0;0,0;0,0;0,0;0,0;0,0;0,2344;3,4867;6,5256;9,3497;10,5406;9,5628;7,6568;5,5203;3,5182;0,362;0,0;0,0;0,0;0,0;0,0;0,0;0,0;0,0;0,0;0,0;0,0;0,0;0,0;0,0;0,0;2,5316;5,7399;9,0162;10,7545;11,7071;10,9993;8,0577;4,1601;0,1465;0,0;0,0;0,0;0,0;0,0;0,0;0,0;0,0
186;1;38;16,91;18910,7363;873,9358;1211,3236;1663,5875;1717,1934;1624,1794;2130,7034;2630,1981;2281,9792;1741,6944;1482,6934;742,2291;811,019;0,0;0,0;0,0;0,0;0,0;0,0;0,0;1,1431;2,8161;3,8761;4,798;4,7197;4,203;3,5535;2,3747;0,7072;0,0;0,0;0,0;0,0;0,0;0,0;0,0;0,0;0,0;0,0;0,0;0,0;0,0;0,0;0,0601;2,0532;4,084;5,9602;6,4979;6,8644;6,4222;5,3152;3,9737;1,949;0,0818;0,0;0,0;0,0;0,0;0,0;0,0;0,0;0,0;0,0;0,0;0,0;0,0;0,0134;1,17;3,4186;5,5592;6,9101;7,9405;7,7477;7,1149;5,6921;4,4179;2,7244;0,9553;0,0;0,0;0,0;0,0;0,0;0,0;0,0;0,0;0,0;0,0;0,0;0,0;0,6226;2,6727;4,9131;6,774;7,4089;7,5051;7,0607;6,5618;5,6177;4,1208;2,725;1,162;0,0955;0,0;0,0;0,0;0,0;0,0;0,0;0,0;0,0;0,0;0,0;0,099;1,1431;2,9867;4,767;6,2058;6,7686;6,7331;5,7704;4,9262;4,447;3,4517;2,8802;1,7146;0,4994;0,0;0,0;0,0;0,0;0,0;0,0;0,0;0,0;0,0;0,0;0,2468;1,7385;4,0464;5,8562;7,8798;7,874;8,8175;8,0762;7,1982;6,3026;5,2373;4,1658;2,7223;0,8468;0,0151;0,0;0,0;0,0;0,0;0,0;0,0;0,0;0,0;0,0;0,1193;1,4912;3,93;5,9481;8,1085;9,5063;10,2674;10,3695;9,4489;8,7606;7,2053;5,3944;3,2706;1,0088;0,0163;0,0;0,0;0,0;0,0;0,0;0,0;0,0;0,0;0,0;0,0;0,9113;3,3435;5,7939;7,7196;9,0335;9,402;9,6216;8,4744;7,0573;5,4243;4,1888;2,2304;0,4117;0,0;0,0;0,0;0,0;0,0;0,0;0,0;0,0;0,0;0,0;0,0;0,1859;2,3339;4,7579;6,783;8,2219;8,0746;7,6519;6,7027;5,6855;4,1877;2,6279;0,8371;0,0064;0,0;0,0;0,0;0,0;0,0;0,0;0,0;0,0;0,0;0,0;0,0;0,0035;1,3911;3,8811;5,6465;6,4446;7,4493;7,2322;6,2197;5,147;3,0874;1,2904;0,0359;0,0;0,0;0,0;0,0;0,0;0,0;0,0;0,0;0,0;0,0;0,0;0,0;0,0;0,108;1,6283;2,9062;3,9708;4,2805;4,0737;3,5153;2,3907;1,7002;0,1675;0,0;0,0;0,0;0,0;0,0;0,0;0,0;0,0;0,0;0,0;0,0;0,0;0,0;0,0;0,0;1,0708;2,5455;3,8807;4,3844;4,8297;4,4485;3,2305;1,7108;0,061;0,0;0,0;0,0;0,0;0,0;0,0;0,0;0,0
187;1;31;13,795;15423,272;714,6128;988,2233;1356,1914;1400,2838;1324,9939;1738,2091;2145,6904;1860,3272;1420,8597;1206,6422;605,6198;661,6184;0,0;0,0;0,0;0,0;0,0;0,0;0,0;0,9324;2,2972;3,162;3,9142;3,8503;3,4288;2,899;1,9373;0,6308;0,0;0,0;0,0;0,0;0,0;0,0;0,0;0,0;0,0;0,0;0,0;0,0;0,0;0,0;0,049;1,675;3,3316;4,8622;5,3009;5,5999;5,2392;4,3361;3,2417;1,59;0,0681;0,0;0,0;0,0;0,0;0,0;0,0;0,0;0,0;0,0;0,0;0,0;0,0;0,0109;0,9241;2,7889;4,5351;5,6372;6,4778;6,3205;5,8043;4,6436;3,6041;2,2224;0,7791;0,0;0,0;0,0;0,0;0,0;0,0;0,0;0,0;0,0;0,0;0,0;0,0;0,4893;2,1806;4,0082;5,5263;6,0441;6,1226;5,76;5,353;4,5828;3,3617;2,2229;0,9478;0,077;0,0;0,0;0,0;0,0;0,0;0,0;0,0;0,0;0,0;0,0;0,0808;0,9329;2,4367;3,8889;5,0627;5,5218;5,4928;4,7074;4,0187;3,6278;2,8158;2,3496;1,3986;0,4072;0,0;0,0;0,0;0,0;0,0;0,0;0,0;0,0;0,0;0,0;0,2014;1,4186;3,3014;4,7776;6,4284;6,4235;7,1932;6,5885;5,8722;5,1415;4,2725;3,3983;2,2205;0,6905;0,0123;0,0;0,0;0,0;0,0;0,0;0,0;0,0;0,0;0,0;0,0973;1,217;3,2065;4,8526;6,6149;7,7552;8,3761;8,4593;7,7083;7,1468;5,8779;4,4005;2,6677;0,8225;0,0133;0,0;0,0;0,0;0,0;0,0;0,0;0,0;0,0;0,0;0,0;0,703;2,7279;4,7268;6,2976;7,3695;7,67;7,8492;6,9133;5,7572;4,425;3,417;1,8192;0,3347;0,0;0,0;0,0;0,0;0,0;0,0;0,0;0,0;0,0;0,0;0,0;0,1516;1,9042;3,8816;5,5335;6,7074;6,5872;6,2424;5,468;4,6382;3,4162;2,1437;0,6828;0,0052;0,0;0,0;0,0;0,0;0,0;0,0;0,0;0,0;0,0;0,0;0,0;0,0029;1,0389;3,1662;4,6064;5,2574;6,0771;5,8999;5,074;4,1989;2,5187;1,0527;0,0309;0,0;0,0;0,0;0,0;0,0;0,0;0,0;0,0;0,0;0,0;0,0;0,0;0,0;0,0881;1,3283;2,3708;3,2393;3,492;3,3233;2,8678;1,9503;1,387;0,1406;0,0;0,0;0,0;0,0;0,0;0,0;0,0;0,0;0,0;0,0;0,0;0,0;0,0;0,0;0,0;0,8734;2,0765;3,1658;3,5767;3,9401;3,6291;2,6355;1,3957;0,0498;0,0;0,0;0,0;0,0;0,0;0,0;0,0;0,0
188;1;413;183,785;205513,7639;9479,8081;13161,8367;18069,4602;18668,5392;17652,045;23157,0445;28585,623;24802,1303;18933,8055;16114,0962;8075,3824;8813,9928;0,0;0,0;0,0;0,0;0,0;0,0;0,0;12,4219;30,6042;42,1248;52,1447;51,2937;45,6784;38,6192;25,8074;7,1058;0,0;0,0;0,0;0,0;0,0;0,0;0,0;0,0;0,0;0,0;0,0;0,0;0,0;0,0;0,653;22,3146;44,3847;64,7756;70,6195;74,6023;69,7969;57,766;43,186;21,1819;0,7853;0,0;0,0;0,0;0,0;0,0;0,0;0,0;0,0;0,0;0,0;0,0;0,0;0,1452;12,3684;37,1537;60,4183;75,1004;86,2991;84,2039;77,3268;61,8637;48,0151;29,6091;10,3821;0,0;0,0;0,0;0,0;0,0;0,0;0,0;0,0;0,0;0,0;0,0;0,0;6,9533;29,0476;53,3966;73,6222;80,522;81,5673;76,7376;71,3151;61,0545;44,7858;29,6157;12,6293;1,0376;0,0;0,0;0,0;0,0;0,0;0,0;0,0;0,0;0,0;0,0;1,0763;12,424;32,46;51,8086;67,4469;73,5628;73,1778;62,7143;53,5396;48,3315;37,5143;31,3033;18,6346;5,4268;0,0;0,0;0,0;0,0;0,0;0,0;0,0;0,0;0,0;0,0;2,6828;18,8936;43,9778;63,6471;85,6401;85,5767;95,8307;87,7748;78,2318;68,498;56,9208;45,2748;29,5859;9,2021;0,1643;0,0;0,0;0,0;0,0;0,0;0,0;0,0;0,0;0,0;1,2963;16,2067;42,7123;64,6452;88,125;103,3169;111,5892;112,6981;102,6932;95,2127;78,3086;58,6278;35,5454;10,9628;0,1767;0,0;0,0;0,0;0,0;0,0;0,0;0,0;0,0;0,0;0,0004;9,9375;36,3382;62,9698;83,8982;98,1782;102,1829;104,5695;92,1019;76,7007;58,9527;45,5246;24,2405;4,4738;0,0;0,0;0,0;0,0;0,0;0,0;0,0;0,0;0,0;0,0;0,0;2,175;25,366;51,7101;73,719;89,3574;87,7563;83,1629;72,8467;61,7916;45,5131;28,5612;9,0982;0,0693;0,0;0,0;0,0;0,0;0,0;0,0;0,0;0,0;0,0;0,0;0,0;0,0384;15,1186;42,1801;61,3671;70,0401;80,96;78,5999;67,5973;55,9383;33,5548;14,0247;0,3904;0,0;0,0;0,0;0,0;0,0;0,0;0,0;0,0;0,0;0,0;0,0;0,0;0,0;1,5309;17,6956;31,5839;43,1542;46,5205;44,2733;38,2041;25,9817;18,4773;1,758;0,0;0,0;0,0;0,0;0,0;0,0;0,0;0,0;0,0;0,0;0,0;0,0;0,0;0,0;0,0;11,6366;27,6639;42,175;47,6488;52,4892;48,3453;35,1089;18,5916;0,6629;0,0;0,0;0,0;0,0;0,0;0,0;0,0;0,0
189;1;98;43,61;48763,9648;2249,4883;3123,1775;4288,7487;4428,5167;4188,638;5494,9128;6783,0654;5884,9964;4491,6896;3823,7205;1915,5122;2091,4987;0,0;0,0;0,0;0,0;0,0;0,0;0,0;2,9478;7,2622;9,9958;12,3735;12,1715;10,8391;9,164;6,124;1,6862;0,0;0,0;0,0;0,0;0,0;0,0;0,0;0,0;0,0;0,0;0,0;0,0;0,0;0,0;0,1549;5,295;10,5321;15,3706;16,7573;17,7024;16,5621;13,7074;10,2476;5,0263;0,1863;0,0;0,0;0,0;0,0;0,0;0,0;0,0;0,0;0,0;0,0;0,0;0,0;0,0345;2,9689;8,8162;14,3366;17,8205;20,4779;19,9807;18,3488;14,6795;11,3935;7,026;2,4635;0,0;0,0;0,0;0,0;0,0;0,0;0,0;0,0;0,0;0,0;0,0;0,0;1,6058;6,8927;12,6705;17,4698;19,107;19,3551;18,2089;16,9223;14,4876;10,6272;7,0275;2,9968;0,2462;0,0;0,0;0,0;0,0;0,0;0,0;0,0;0,0;0,0;0,0;0,2554;2,9481;7,7024;12,2936;16,0044;17,4557;17,3643;14,8814;12,7043;11,4685;8,9017;7,4279;4,4218;1,2878;0,0;0,0;0,0;0,0;0,0;0,0;0,0;0,0;0,0;0,0;0,6366;4,4833;10,4354;15,1028;20,3215;20,3064;22,7395;20,828;18,5636;16,2538;13,5066;10,7432;7,0204;2,1836;0,039;0,0;0,0;0,0;0,0;0,0;0,0;0,0;0,0;0,0;0,3076;3,8457;10,1352;15,3396;20,9111;24,5159;26,4789;26,7421;24,368;22,5929;18,5818;13,9118;8,4346;2,6014;0,0419;0,0;0,0;0,0;0,0;0,0;0,0;0,0;0,0;0,0;0,0001;2,3502;8,6227;14,9421;19,9081;23,2966;24,2469;24,8132;21,8548;18,2002;13,9888;10,8025;5,752;1,0604;0,0;0,0;0,0;0,0;0,0;0,0;0,0;0,0;0,0;0,0;0,0;0,4794;6,0191;12,2703;17,4928;21,2036;20,8237;19,7337;17,2858;14,6625;10,7998;6,7772;2,1589;0,0164;0,0;0,0;0,0;0,0;0,0;0,0;0,0;0,0;0,0;0,0;0,0;0,0091;3,5875;10,009;14,5618;16,6199;19,211;18,6511;16,0401;13,2736;7,9622;3,3279;0,0926;0,0;0,0;0,0;0,0;0,0;0,0;0,0;0,0;0,0;0,0;0,0;0,0;0,0;0,3399;4,199;7,4946;10,2401;11,0389;10,5056;9,0655;6,1652;4,3845;0,4171;0,0;0,0;0,0;0,0;0,0;0,0;0,0;0,0;0,0;0,0;0,0;0,0;0,0;0,0;0,0;2,7614;6,5645;10,0079;11,3067;12,4553;11,4719;8,3311;4,4117;0,1573;0,0;0,0;0,0;0,0;0,0;0,0;0,0;0,0
190;1;57;25,365;28357,1344;1312,6852;1816,9437;2493,7655;2574,6884;2436,2627;3196,034;3945,2592;3420,5512;2612,5169;2218,6278;1113,3168;1216,483;0,0;0,0;0,0;0,0;0,0;0,0;0,0;1,7142;4,2238;5,8139;7,1968;7,0794;6,3044;5,3302;3,562;1,1199;0,0;0,0;0,0;0,0;0,0;0,0;0,0;0,0;0,0;0,0;0,0;0,0;0,0;0,0;0,0901;3,0797;6,1258;8,94;9,7466;10,2963;9,6331;7,9727;5,9604;2,9234;0,1227;0,0;0,0;0,0;0,0;0,0;0,0;0,0;0,0;0,0;0,0;0,0;0,0;0,02;1,7041;5,128;8,3387;10,365;11,9106;11,6215;10,6723;8,5381;6,6268;4,0864;1,4326;0,0;0,0;0,0;0,0;0,0;0,0;0,0;0,0;0,0;0,0;0,0;0,0;0,8996;4,0094;7,3697;10,1611;11,1133;11,2576;10,5909;9,8425;8,4264;6,1811;4,0873;1,7428;0,1413;0,0;0,0;0,0;0,0;0,0;0,0;0,0;0,0;0,0;0,0;0,1485;1,7152;4,4803;7,1506;9,3088;10,1528;10,0997;8,6555;7,3892;6,6705;5,1775;4,3202;2,5716;0,7486;0,0;0,0;0,0;0,0;0,0;0,0;0,0;0,0;0,0;0,0;0,3703;2,6083;6,0702;8,7845;11,8198;11,811;13,2261;12,1142;10,7971;9,4537;7,8558;6,2484;4,0828;1,2696;0,0227;0,0;0,0;0,0;0,0;0,0;0,0;0,0;0,0;0,0;0,1789;2,2377;5,8956;8,9224;12,1628;14,2594;15,4011;15,5541;14,1732;13,1407;10,8076;8,0912;4,9051;1,5124;0,0244;0,0;0,0;0,0;0,0;0,0;0,0;0,0;0,0;0,0;0,0;1,2926;5,0158;8,6911;11,5794;13,5502;14,1028;14,4322;12,7115;10,5858;8,1363;6,2828;3,3451;0,6147;0,0;0,0;0,0;0,0;0,0;0,0;0,0;0,0;0,0;0,0;0,0;0,2788;3,5013;7,137;10,1744;12,3327;12,1117;11,4777;10,054;8,5282;6,2814;3,9417;1,2554;0,0096;0,0;0,0;0,0;0,0;0,0;0,0;0,0;0,0;0,0;0,0;0,0;0,0053;1,9102;5,8216;8,4696;9,6667;11,1738;10,8481;9,3295;7,7204;4,6311;1,9356;0,0569;0,0;0,0;0,0;0,0;0,0;0,0;0,0;0,0;0,0;0,0;0,0;0,0;0,0;0,162;2,4422;4,359;5,9559;6,4206;6,1104;5,2728;3,586;2,5503;0,2513;0,0;0,0;0,0;0,0;0,0;0,0;0,0;0,0;0,0;0,0;0,0;0,0;0,0;0,0;0,0;1,6058;3,818;5,8208;6,5763;7,2444;6,6725;4,8458;2,5662;0,0915;0,0;0,0;0,0;0,0;0,0;0,0;0,0;0,0
193;1;31;13,795;15427,436;712,2538;987,9537;1357,1271;1401,2809;1324,9797;1738,1955;2145,6755;1861,6784;1421,1971;1209,5522;605,9345;661,6076;0,0;0,0;0,0;0,0;0,0;0,0;0,0;0,9325;2,2973;3,162;3,9141;3,8502;3,4287;2,8989;1,9372;0,555;0,0;0,0;0,0;0,0;0,0;0,0;0,0;0,0;0,0;0,0;0,0;0,0;0,0;0,0;0,049;1,675;3,3316;4,8622;5,3009;5,5998;5,2391;4,336;3,2416;1,59;0,0589;0,0;0,0;0,0;0,0;0,0;0,0;0,0;0,0;0,0;0,0;0,0;0,0;0,0109;0,9545;2,7888;4,5351;5,6371;6,4777;6,3205;5,8042;4,6435;3,6041;2,2225;0,7793;0,0;0,0;0,0;0,0;0,0;0,0;0,0;0,0;0,0;0,0;0,0;0,0;0,5219;2,1803;4,008;5,5262;6,0441;6,1225;5,76;5,353;4,5828;3,3617;2,223;0,948;0,0779;0,0;0,0;0,0;0,0;0,0;0,0;0,0;0,0;0,0;0,0;0,0808;0,9325;2,4364;3,8888;5,0626;5,5217;5,4928;4,7074;4,0187;3,6278;2,8159;2,3497;1,3988;0,4074;0,0;0,0;0,0;0,0;0,0;0,0;0,0;0,0;0,0;0,0;0,2014;1,4181;3,301;4,7774;6,4282;6,4235;7,1932;6,5885;5,8721;5,1416;4,2726;3,3984;2,2208;0,6908;0,0123;0,0;0,0;0,0;0,0;0,0;0,0;0,0;0,0;0,0;0,0973;1,2164;3,206;4,8523;6,6148;7,7551;8,376;8,4593;7,7083;7,1468;5,878;4,4007;2,6682;0,823;0,0133;0,0;0,0;0,0;0,0;0,0;0,0;0,0;0,0;0,0;0,0;0,7459;2,7275;4,7265;6,2975;7,3694;7,67;7,8491;6,9133;5,7572;4,4251;3,4172;1,8196;0,3359;0,0;0,0;0,0;0,0;0,0;0,0;0,0;0,0;0,0;0,0;0,0;0,1633;1,904;3,8814;5,5334;6,7073;6,5871;6,2423;5,468;4,6382;3,4163;2,1439;0,6829;0,0052;0,0;0,0;0,0;0,0;0,0;0,0;0,0;0,0;0,0;0,0;0,0;0,0029;1,1348;3,1661;4,6063;5,2573;6,077;5,8999;5,074;4,1988;2,5187;1,0527;0,0293;0,0;0,0;0,0;0,0;0,0;0,0;0,0;0,0;0,0;0,0;0,0;0,0;0,0;0,1075;1,3283;2,3708;3,2393;3,4919;3,3232;2,8677;1,9502;1,3869;0,1319;0,0;0,0;0,0;0,0;0,0;0,0;0,0;0,0;0,0;0,0;0,0;0,0;0,0;0,0;0,0;0,8735;2,0766;3,1658;3,5767;3,94;3,6289;2,6354;1,3956;0,0498;0,0;0,0;0,0;0,0;0,0;0,0;0,0;0,0
194;1;41;18,245;20400,4042;940,4545;1306,6304;1793,828;1852,7438;1752,386;2298,8907;2837,8099;2462,085;1879,1729;1599,7144;801,6803;875,0083;0,0;0,0;0,0;0,0;0,0;0,0;0,0;1,2332;3,0383;4,1819;5,1766;5,0922;4,5347;3,8339;2,562;0,6843;0,0;0,0;0,0;0,0;0,0;0,0;0,0;0,0;0,0;0,0;0,0;0,0;0,0;0,0;0,0648;2,2153;4,4063;6,4305;7,0107;7,4061;6,929;5,7347;4,2873;2,1028;0,078;0,0;0,0;0,0;0,0;0,0;0,0;0,0;0,0;0,0;0,0;0,0;0,0;0,0144;1,2278;3,6884;5,998;7,4555;8,5673;8,3593;7,6765;6,1414;4,7667;2,9394;1,0307;0,0;0,0;0,0;0,0;0,0;0,0;0,0;0,0;0,0;0,0;0,0;0,0;0,6718;2,8837;5,3009;7,3088;7,9937;8,0975;7,618;7,0797;6,0611;4,4461;2,9401;1,2538;0,103;0,0;0,0;0,0;0,0;0,0;0,0;0,0;0,0;0,0;0,0;0,1068;1,2334;3,2224;5,1432;6,6957;7,3029;7,2646;6,2259;5,3151;4,7981;3,7242;3,1076;1,8499;0,5388;0,0;0,0;0,0;0,0;0,0;0,0;0,0;0,0;0,0;0,0;0,2663;1,8756;4,3658;6,3185;8,5018;8,4955;9,5135;8,7137;7,7664;6,8001;5,6507;4,4946;2,9371;0,9136;0,0163;0,0;0,0;0,0;0,0;0,0;0,0;0,0;0,0;0,0;0,1287;1,6089;4,2402;6,4176;8,7485;10,2567;11,0779;11,188;10,1947;9,4521;7,774;5,8202;3,5288;1,0884;0,0175;0,0;0,0;0,0;0,0;0,0;0,0;0,0;0,0;0,0;0,0;0,9832;3,6074;6,2512;8,3289;9,7465;10,1441;10,381;9,1433;7,6144;5,8525;4,5194;2,4065;0,4437;0,0;0,0;0,0;0,0;0,0;0,0;0,0;0,0;0,0;0,0;0,0;0,2005;2,5182;5,1335;7,3184;8,8709;8,7119;8,2559;7,2318;6,1343;4,5183;2,8354;0,9032;0,0069;0,0;0,0;0,0;0,0;0,0;0,0;0,0;0,0;0,0;0,0;0,0;0,0038;1,5009;4,1874;6,0921;6,9532;8,0372;7,803;6,7106;5,5532;3,3311;1,3923;0,0388;0,0;0,0;0,0;0,0;0,0;0,0;0,0;0,0;0,0;0,0;0,0;0,0;0,0;0,152;1,7567;3,1355;4,2841;4,6183;4,3952;3,7927;2,5793;1,8343;0,1745;0,0;0,0;0,0;0,0;0,0;0,0;0,0;0,0;0,0;0,0;0,0;0,0;0,0;0,0;0,0;1,1552;2,7464;4,1869;4,7303;5,2108;4,7994;3,4854;1,8457;0,0658;0,0;0,0;0,0;0,0;0,0;0,0;0,0;0,0
196;1;28;12,46;13585,8172;595,3932;875,69;1194,1269;1206,4929;1127,0706;1556,4962;1930,8386;1654,9124;1258,3174;1060,4459;524,0376;601,9955;0,0;0,0;0,0;0,0;0,0;0,0;0,0;0,5241;1,9956;2,8292;3,3135;3,244;2,9363;2,3633;1,5939;0,4063;0,0;0,0;0,0;0,0;0,0;0,0;0,0;0,0;0,0;0,0;0,0;0,0;0,0;0,0;0,0479;1,5372;3,1621;4,2877;4,7657;4,9471;4,5247;3,6917;2,8359;1,4085;0,066;0,0;0,0;0,0;0,0;0,0;0,0;0,0;0,0;0,0;0,0;0,0;0,0;0,0089;0,6467;2,4378;4,0616;4,9324;5,6867;5,4569;5,1728;4,0489;3,2309;2,1316;0,705;0,0;0,0;0,0;0,0;0,0;0,0;0,0;0,0;0,0;0,0;0,0;0,0;0,3133;1,8995;3,4708;4,9327;5,366;5,4722;4,9448;4,452;3,6844;2,7383;2,0346;0,8447;0,063;0,0;0,0;0,0;0,0;0,0;0,0;0,0;0,0;0,0;0,0;0,0716;0,7297;2,1869;3,4033;4,5081;4,9191;4,6563;3,7503;3,3215;2,754;2,4139;2,0942;1,1727;0,3755;0,0;0,0;0,0;0,0;0,0;0,0;0,0;0,0;0,0;0,0;0,1817;1,3107;2,9502;4,3657;5,7885;5,8334;6,378;6,1502;5,3494;4,5066;3,5507;2,9484;1,9161;0,6416;0,0122;0,0;0,0;0,0;0,0;0,0;0,0;0,0;0,0;0,0;0,0917;0,8492;2,9058;4,4051;5,9428;7,0526;7,6765;7,6429;7,1114;6,3367;5,195;3,9568;2,36;0,7458;0,0127;0,0;0,0;0,0;0,0;0,0;0,0;0,0;0,0;0,0;0,0;0,4312;2,4378;4,1846;5,6382;6,6633;6,8394;6,7409;5,913;5,2602;4,132;3,2291;1,6024;0,3122;0,0;0,0;0,0;0,0;0,0;0,0;0,0;0,0;0,0;0,0;0,0;0,141;1,7658;3,4871;4,9635;6,158;5,9114;5,376;4,6357;4,0357;2,9158;1,9291;0,6199;0,0049;0,0;0,0;0,0;0,0;0,0;0,0;0,0;0,0;0,0;0,0;0,0;0,0023;0,6963;2,8229;4,0492;4,6684;5,2568;5,2874;4,5451;3,6524;2,2314;0,9662;0,0295;0,0;0,0;0,0;0,0;0,0;0,0;0,0;0,0;0,0;0,0;0,0;0,0;0,0;0,0721;1,0728;2,0078;2,8768;3,2432;2,9424;2,3559;1,6986;1,0826;0,1156;0,0;0,0;0,0;0,0;0,0;0,0;0,0;0,0;0,0;0,0;0,0;0,0;0,0;0,0;0,0;0,7788;1,766;2,7741;3,309;3,6022;3,3844;2,4793;1,2801;0,0451;0,0;0,0;0,0;0,0;0,0;0,0;0,0;0,0
198;1;152;67,64;75607,3528;3502,7763;4845,3069;6649,6421;6861,8682;6496,7023;8522,7638;10520,6929;9119,1222;6966,7261;5906,9462;2970,851;3243,9548;0,0;0,0;0,0;0,0;0,0;0,0;0,0;4,571;11,2634;15,5035;19,1915;18,8785;16,8119;14,214;9,4989;3,0601;0,0;0,0;0,0;0,0;0,0;0,0;0,0;0,0;0,0;0,0;0,0;0,0;0,0;0,0;0,2403;8,2127;16,3353;23,84;25,9909;27,4568;25,6884;21,2606;15,8945;7,7959;0,3313;0,0;0,0;0,0;0,0;0,0;0,0;0,0;0,0;0,0;0,0;0,0;0,0;0,0535;4,5314;13,6747;22,2366;27,6401;31,7616;30,9906;28,4595;22,7683;17,6714;10,8969;3,8201;0,0;0,0;0,0;0,0;0,0;0,0;0,0;0,0;0,0;0,0;0,0;0,0;2,2665;10,692;19,6529;27,0963;29,6354;30,0202;28,2425;26,2468;22,4704;16,4828;10,8992;4,6472;0,3767;0,0;0,0;0,0;0,0;0,0;0,0;0,0;0,0;0,0;0,0;0,3961;4,5743;11,9477;19,0683;24,8235;27,0743;26,9325;23,0813;19,7047;17,7878;13,8066;11,5205;6,8574;1,9961;0,0;0,0;0,0;0,0;0,0;0,0;0,0;0,0;0,0;0,0;0,9874;6,9559;16,1874;23,4256;31,5195;31,496;35,2697;32,3046;28,7923;25,2098;20,9487;16,6622;10,8872;3,3852;0,0605;0,0;0,0;0,0;0,0;0,0;0,0;0,0;0,0;0,0;0,4771;5,9676;15,7222;23,7933;32,4343;38,0251;41,0695;41,4776;37,7951;35,0418;28,8201;21,5763;13,0799;4,0324;0,065;0,0;0,0;0,0;0,0;0,0;0,0;0,0;0,0;0,0;0,0001;3,3714;13,3759;23,1765;30,8784;36,1339;37,6076;38,4859;33,8972;28,2288;21,6966;16,754;8,9198;1,6391;0,0;0,0;0,0;0,0;0,0;0,0;0,0;0,0;0,0;0,0;0,0;0,7435;9,337;19,0321;27,1318;32,8872;32,298;30,6074;26,8106;22,7418;16,7505;10,5111;3,3476;0,0255;0,0;0,0;0,0;0,0;0,0;0,0;0,0;0,0;0,0;0,0;0,0;0,0141;4,7907;15,5242;22,5857;25,7778;29,7968;28,9282;24,8787;20,5878;12,3495;5,1614;0,1517;0,0;0,0;0,0;0,0;0,0;0,0;0,0;0,0;0,0;0,0;0,0;0,0;0,0;0,432;6,5124;11,6241;15,8824;17,1215;16,2945;14,0609;9,5626;6,8008;0,7369;0,0;0,0;0,0;0,0;0,0;0,0;0,0;0,0;0,0;0,0;0,0;0,0;0,0;0,0;0,0;4,2821;10,1812;15,522;17,5369;19,3185;17,7935;12,9222;6,8433;0,244;0,0;0,0;0,0;0,0;0,0;0,0;0,0;0,0
200;1;81;36,045;40294,0668;1867,2172;2582,1372;3543,6015;3656,6966;3462,0852;4541,7795;5606,4862;4857,4588;3712,5742;3152,8454;1582,4299;1728,7551;0,0;0,0;0,0;0,0;0,0;0,0;0,0;2,4362;6,0024;8,2621;10,2274;10,0605;8,9592;7,5748;5,0621;1,6483;0,0;0,0;0,0;0,0;0,0;0,0;0,0;0,0;0,0;0,0;0,0;0,0;0,0;0,0;0,1281;4,3766;8,7052;12,7045;13,8507;14,632;13,6895;11,3299;8,4703;4,1545;0,178;0,0;0,0;0,0;0,0;0,0;0,0;0,0;0,0;0,0;0,0;0,0;0,0;0,0285;2,4147;7,2872;11,8499;14,7294;16,9258;16,5149;15,1661;12,1333;9,4171;5,807;2,0358;0,0;0,0;0,0;0,0;0,0;0,0;0,0;0,0;0,0;0,0;0,0;0,0;1,2078;5,6977;10,4729;14,4396;15,7927;15,9978;15,0504;13,9869;11,9745;8,7837;5,8082;2,4766;0,2011;0,0;0,0;0,0;0,0;0,0;0,0;0,0;0,0;0,0;0,0;0,2111;2,4376;6,3668;10,1614;13,2284;14,4279;14,3522;12,3;10,5006;9,4791;7,3575;6,1393;3,6544;1,0639;0,0;0,0;0,0;0,0;0,0;0,0;0,0;0,0;0,0;0,0;0,5262;3,7067;8,6261;12,4834;16,7967;16,7842;18,7951;17,2151;15,3434;13,4343;11,1636;8,8794;5,802;1,8042;0,0322;0,0;0,0;0,0;0,0;0,0;0,0;0,0;0,0;0,0;0,2542;3,18;8,3782;12,6793;17,2842;20,2636;21,8859;22,1034;20,1411;18,6738;15,3583;11,498;6,9705;2,1492;0,0347;0,0;0,0;0,0;0,0;0,0;0,0;0,0;0,0;0,0;0,0001;1,7273;7,1279;12,3507;16,4551;19,2557;20,0411;20,5091;18,0638;15,0431;11,5621;8,9283;4,7535;0,8744;0,0;0,0;0,0;0,0;0,0;0,0;0,0;0,0;0,0;0,0;0,0;0,3962;4,9756;10,1422;14,4586;17,5257;17,2117;16,3107;14,2874;12,1191;8,9263;5,6014;1,784;0,0136;0,0;0,0;0,0;0,0;0,0;0,0;0,0;0,0;0,0;0,0;0,0;0,0075;2,7145;8,2729;12,036;13,7371;15,8788;15,416;13,258;10,9713;6,5811;2,7505;0,0809;0,0;0,0;0,0;0,0;0,0;0,0;0,0;0,0;0,0;0,0;0,0;0,0;0,0;0,2302;3,4706;6,1946;8,4639;9,1242;8,6835;7,4931;5,096;3,6242;0,3674;0,0;0,0;0,0;0,0;0,0;0,0;0,0;0,0;0,0;0,0;0,0;0,0;0,0;0,0;0,0;2,2821;5,4258;8,272;9,3456;10,2951;9,4824;6,8864;3,6469;0,13;0,0;0,0;0,0;0,0;0,0;0,0;0,0;0,0
205;1;10;4,45;4976,3898;229,9822;318,768;437,7863;451,8364;427,415;560,711;692,1566;600,4622;458,3404;390,1824;195,3228;213,4265;0,0;0,0;0,0;0,0;0,0;0,0;0,0;0,3008;0,7411;1,02;1,2626;1,242;1,1061;0,9351;0,6249;0,1861;0,0;0,0;0,0;0,0;0,0;0,0;0,0;0,0;0,0;0,0;0,0;0,0;0,0;0,0;0,0158;0,5403;1,0747;1,5685;1,71;1,8064;1,69;1,3987;1,0457;0,5129;0,0215;0,0;0,0;0,0;0,0;0,0;0,0;0,0;0,0;0,0;0,0;0,0;0,0;0,0035;0,3079;0,8996;1,4629;1,8184;2,0896;2,0389;1,8723;1,4979;1,1626;0,7169;0,2514;0,0;0,0;0,0;0,0;0,0;0,0;0,0;0,0;0,0;0,0;0,0;0,0;0,1619;0,7033;1,2929;1,7826;1,9497;1,975;1,8581;1,7268;1,4783;1,0844;0,7171;0,3058;0,0251;0,0;0,0;0,0;0,0;0,0;0,0;0,0;0,0;0,0;0,0;0,0261;0,3008;0,786;1,2545;1,6331;1,7812;1,7719;1,5185;1,2964;1,1703;0,9083;0,758;0,4512;0,1314;0,0;0,0;0,0;0,0;0,0;0,0;0,0;0,0;0,0;0,0;0,065;0,4575;1,0649;1,5411;2,0736;2,0721;2,3204;2,1253;1,8942;1,6586;1,3783;1,0963;0,7164;0,2228;0,004;0,0;0,0;0,0;0,0;0,0;0,0;0,0;0,0;0,0;0,0314;0,3924;1,0342;1,5653;2,1338;2,5016;2,702;2,7288;2,4866;2,3054;1,8961;1,4196;0,8607;0,2655;0,0043;0,0;0,0;0,0;0,0;0,0;0,0;0,0;0,0;0,0;0,0;0,238;0,8799;1,5247;2,0315;2,3772;2,4742;2,532;2,2301;1,8572;1,4275;1,1023;0,5869;0,1083;0,0;0,0;0,0;0,0;0,0;0,0;0,0;0,0;0,0;0,0;0,0;0,0489;0,6142;1,2521;1,785;2,1637;2,1249;2,0137;1,7639;1,4962;1,102;0,6916;0,2203;0,0017;0,0;0,0;0,0;0,0;0,0;0,0;0,0;0,0;0,0;0,0;0,0;0,0009;0,3661;1,0213;1,4859;1,6959;1,9603;1,9032;1,6368;1,3545;0,8125;0,3396;0,0095;0,0;0,0;0,0;0,0;0,0;0,0;0,0;0,0;0,0;0,0;0,0;0,0;0,0;0,0284;0,4285;0,7648;1,0449;1,1264;1,072;0,9251;0,6291;0,4474;0,0441;0,0;0,0;0,0;0,0;0,0;0,0;0,0;0,0;0,0;0,0;0,0;0,0;0,0;0,0;0,0;0,2818;0,6699;1,0212;1,1538;1,271;1,1706;0,8501;0,4502;0,0161;0,0;0,0;0,0;0,0;0,0;0,0;0,0;0,0
206;1;14;6,23;6965,1836;322,2158;446,287;612,5209;632,4367;598,3822;784,9971;969,0214;840,462;641,6774;544,935;273,4517;298,7964;0,0;0,0;0,0;0,0;0,0;0,0;0,0;0,4211;1,0375;1,428;1,7677;1,7388;1,5485;1,3092;0,8749;0,2684;0,0;0,0;0,0;0,0;0,0;0,0;0,0;0,0;0,0;0,0;0,0;0,0;0,0;0,0;0,0221;0,7565;1,5046;2,1958;2,3939;2,529;2,3661;1,9582;1,464;0,7181;0,0305;0,0;0,0;0,0;0,0;0,0;0,0;0,0;0,0;0,0;0,0;0,0;0,0;0,0049;0,4189;1,2595;2,0481;2,5458;2,9255;2,8544;2,6213;2,0971;1,6277;1,0037;0,3519;0,0;0,0;0,0;0,0;0,0;0,0;0,0;0,0;0,0;0,0;0,0;0,0;0,2226;0,9847;1,8101;2,4957;2,7296;2,765;2,6013;2,4175;2,0697;1,5182;1,0039;0,4281;0,0347;0,0;0,0;0,0;0,0;0,0;0,0;0,0;0,0;0,0;0,0;0,0365;0,4212;1,1004;1,7563;2,2864;2,4937;2,4806;2,1259;1,8149;1,6384;1,2717;1,0611;0,6316;0,1839;0,0;0,0;0,0;0,0;0,0;0,0;0,0;0,0;0,0;0,0;0,0909;0,6406;1,4909;2,1576;2,9031;2,901;3,2485;2,9754;2,6519;2,322;1,9295;1,5347;1,0029;0,3119;0,0056;0,0;0,0;0,0;0,0;0,0;0,0;0,0;0,0;0,0;0,044;0,5496;1,448;2,1915;2,9874;3,5023;3,7828;3,8203;3,4812;3,2276;2,6545;1,9874;1,2048;0,3715;0,006;0,0;0,0;0,0;0,0;0,0;0,0;0,0;0,0;0,0;0,0;0,3276;1,2319;2,1347;2,8441;3,3281;3,4639;3,5448;3,1221;2,6;1,9984;1,5432;0,8216;0,1512;0,0;0,0;0,0;0,0;0,0;0,0;0,0;0,0;0,0;0,0;0,0;0,0685;0,8599;1,7529;2,499;3,0291;2,9748;2,8191;2,4694;2,0947;1,5428;0,9682;0,3084;0,0023;0,0;0,0;0,0;0,0;0,0;0,0;0,0;0,0;0,0;0,0;0,0;0,0013;0,4692;1,4299;2,0803;2,3743;2,7445;2,6645;2,2915;1,8963;1,1375;0,4754;0,014;0,0;0,0;0,0;0,0;0,0;0,0;0,0;0,0;0,0;0,0;0,0;0,0;0,0;0,0398;0,5999;1,0707;1,4629;1,577;1,5008;1,2951;0,8808;0,6264;0,0617;0,0;0,0;0,0;0,0;0,0;0,0;0,0;0,0;0,0;0,0;0,0;0,0;0,0;0,0;0,0;0,3945;0,9378;1,4297;1,6153;1,7794;1,6389;1,1902;0,6303;0,0225;0,0;0,0;0,0;0,0;0,0;0,0;0,0;0,0
211;1;438;194,91;217958,2972;10080,404;13961,7691;19162,8987;19790,2958;18720,6891;24558,9342;30316,1555;26299,7088;20075,1057;17089,6815;8554,9465;9347,7083;0,0;0,0;0,0;0,0;0,0;0,0;0,0;13,1736;32,457;44,6753;55,3018;54,3994;48,4442;40,9579;27,3706;8,3946;0,0;0,0;0,0;0,0;0,0;0,0;0,0;0,0;0,0;0,0;0,0;0,0;0,0;0,0;0,6925;23,6656;47,0717;68,6969;74,8949;79,1189;74,0226;61,2636;45,8006;22,4645;0,9428;0,0;0,0;0,0;0,0;0,0;0,0;0,0;0,0;0,0;0,0;0,0;0,0;0,154;13,1032;39,4034;64,076;79,6468;91,5236;89,3017;82,0081;65,6085;50,9218;31,4013;11,0098;0,0;0,0;0,0;0,0;0,0;0,0;0,0;0,0;0,0;0,0;0,0;0,0;7,0941;30,8072;56,6298;78,0795;85,3964;86,5054;81,3829;75,6322;64,7504;47,4969;31,4082;13,3932;1,1004;0,0;0,0;0,0;0,0;0,0;0,0;0,0;0,0;0,0;0,0;1,1415;13,1776;34,4259;54,9456;71,5301;78,0164;77,6079;66,5105;56,7806;51,2572;39,7851;33,1979;19,7621;5,7546;0,0;0,0;0,0;0,0;0,0;0,0;0,0;0,0;0,0;0,0;2,8452;20,0395;46,6416;67,5009;90,8249;90,7575;101,6318;93,0882;82,9677;72,6444;60,3664;48,0151;31,3755;9,7582;0,1743;0,0;0,0;0,0;0,0;0,0;0,0;0,0;0,0;0,0;1,3747;17,1901;45,2999;68,5597;93,4605;109,5717;118,3445;119,5208;108,9098;100,9763;83,0488;62,176;37,6955;11,6247;0,1874;0,0;0,0;0,0;0,0;0,0;0,0;0,0;0,0;0,0;0,0004;10,4193;38,5396;66,7826;88,9775;104,122;108,3688;110,9;97,6775;81,3437;62,5213;48,2798;25,7066;4,7386;0,0;0,0;0,0;0,0;0,0;0,0;0,0;0,0;0,0;0,0;0,0;2,1424;26,9024;54,8412;78,182;94,7669;93,069;88,1973;77,2569;65,5324;48,2682;30,2898;9,6481;0,0735;0,0;0,0;0,0;0,0;0,0;0,0;0,0;0,0;0,0;0,0;0,0;0,0407;16,0341;44,734;65,0822;74,2806;85,8615;83,3589;71,6896;59,3249;35,5861;14,8733;0,414;0,0;0,0;0,0;0,0;0,0;0,0;0,0;0,0;0,0;0,0;0,0;0,0;0,0;1,245;18,7666;33,496;45,7668;49,337;46,9538;40,5173;27,555;19,5964;1,931;0,0;0,0;0,0;0,0;0,0;0,0;0,0;0,0;0,0;0,0;0,0;0,0;0,0;0,0;0,0;12,3408;29,3389;44,7286;50,5339;55,6676;51,2728;37,2352;19,7181;0,7031;0,0;0,0;0,0;0,0;0,0;0,0;0,0;0,0
212;1;305;135,725;151742,1799;7019,6455;9722,6328;13344,4726;13778,3799;13036,1785;17101,6834;21110,7407;18310,6072;13979,3616;11871,7376;5957,3127;6509,4274;0,0;0,0;0,0;0,0;0,0;0,0;0,0;9,1737;22,6018;31,1102;38,51;37,8817;33,7348;28,5217;19,0602;5,846;0,0;0,0;0,0;0,0;0,0;0,0;0,0;0,0;0,0;0,0;0,0;0,0;0,0;0,0;0,4822;16,4796;32,7789;47,8377;52,1538;55,095;51,5464;42,6614;31,8937;15,6433;0,6648;0,0;0,0;0,0;0,0;0,0;0,0;0,0;0,0;0,0;0,0;0,0;0,0;0,1073;9,1348;27,439;44,6197;55,4625;63,7328;62,1855;57,1066;45,6868;35,4595;21,8662;7,6662;0,0;0,0;0,0;0,0;0,0;0,0;0,0;0,0;0,0;0,0;0,0;0,0;4,8614;21,4531;39,4346;54,3708;59,4662;60,238;56,6711;52,6666;45,0891;33,0744;21,8709;9,326;0,7571;0,0;0,0;0,0;0,0;0,0;0,0;0,0;0,0;0,0;0,0;0,7949;9,1771;23,9731;38,2618;49,8101;54,3268;54,0422;46,3147;39,5391;35,6929;27,7042;23,1172;13,7609;4,0067;0,0;0,0;0,0;0,0;0,0;0,0;0,0;0,0;0,0;0,0;1,9813;13,9556;32,4797;47,0048;63,2464;63,1992;70,7716;64,8221;57,7744;50,5861;42,0359;33,4351;21,848;6,7945;0,1213;0,0;0,0;0,0;0,0;0,0;0,0;0,0;0,0;0,0;0,9573;11,972;31,5458;47,7421;65,0816;76,3007;82,4095;83,2283;75,8396;70,3149;57,8308;43,296;26,2484;8,0942;0,1305;0,0;0,0;0,0;0,0;0,0;0,0;0,0;0,0;0,0;0,0003;7,1527;26,8381;46,5048;61,96;72,5057;75,4631;77,2254;68,0179;56,6438;43,5365;33,6192;17,9001;3,2972;0,0;0,0;0,0;0,0;0,0;0,0;0,0;0,0;0,0;0,0;0,0;1,4919;18,7342;38,189;54,4424;65,9914;64,8089;61,4166;53,798;45,6336;33,6116;21,092;6,7182;0,0512;0,0;0,0;0,0;0,0;0,0;0,0;0,0;0,0;0,0;0,0;0,0;0,0283;10,221;31,1509;45,3204;51,7256;59,7903;58,0475;49,9215;41,3113;24,7808;10,3571;0,3046;0,0;0,0;0,0;0,0;0,0;0,0;0,0;0,0;0,0;0,0;0,0;0,0;0,0;0,8669;13,0684;23,3253;31,8701;34,3562;32,6965;28,2146;19,1883;13,6463;1,3444;0,0;0,0;0,0;0,0;0,0;0,0;0,0;0,0;0,0;0,0;0,0;0,0;0,0;0,0;0,0;8,5937;20,4305;31,1474;35,1898;38,7649;35,7047;25,9295;13,7316;0,4896;0,0;0,0;0,0;0,0;0,0;0,0;0,0;0,0
213;1;114;50,73;55464,9599;2457,6214;3565,2996;4876,476;4922,0778;4599,5368;6337,1549;7892,637;6752,4203;5123,1471;4354,0508;2133,5684;2450,9698;0,0;0,0;0,0;0,0;0,0;0,0;0,0;3,2153;8,1248;11,5186;13,4908;13,2079;11,9551;9,6221;6,4894;1,654;0,0;0,0;0,0;0,0;0,0;0,0;0,0;0,0;0,0;0,0;0,0;0,0;0,0;0,0;0,1952;6,2587;12,8742;17,4572;19,4033;20,1418;18,4217;15,0304;11,5463;5,7346;0,2687;0,0;0,0;0,0;0,0;0,0;0,0;0,0;0,0;0,0;0,0;0,0;0,0;0,0362;3,1068;9,9254;16,5364;20,082;23,1529;22,2172;21,0606;16,4846;13,1544;8,6787;2,8703;0,0;0,0;0,0;0,0;0,0;0,0;0,0;0,0;0,0;0,0;0,0;0,0;1,6068;7,7337;14,1312;20,083;21,8475;22,2798;20,1325;18,126;15,0009;11,1486;8,2838;3,4391;0,2564;0,0;0,0;0,0;0,0;0,0;0,0;0,0;0,0;0,0;0,0;0,2913;3,3178;8,9038;13,8564;18,3544;20,0278;18,9576;15,2691;13,5231;11,2129;9,828;8,5262;4,7746;1,5291;0,0;0,0;0,0;0,0;0,0;0,0;0,0;0,0;0,0;0,0;0,7398;5,3362;12,0112;17,7747;23,5675;23,7502;25,9675;25,0403;21,7795;18,3485;14,4564;12,004;7,8011;2,6122;0,0495;0,0;0,0;0,0;0,0;0,0;0,0;0,0;0,0;0,0;0,3734;4,4699;11,8306;17,9348;24,1957;28,7141;31,2542;31,1176;28,9536;25,7996;21,1509;16,1099;9,6087;3,0365;0,0518;0,0;0,0;0,0;0,0;0,0;0,0;0,0;0,0;0,0;0,0001;2,2255;9,9252;17,0373;22,9554;27,1291;27,8459;27,4451;24,0745;21,4166;16,8231;13,1472;6,5242;1,271;0,0;0,0;0,0;0,0;0,0;0,0;0,0;0,0;0,0;0,0;0,0;0,5742;7,1894;14,1974;20,2084;25,0718;24,0679;21,8879;18,8739;16,4312;11,8715;7,8543;2,5238;0,0198;0,0;0,0;0,0;0,0;0,0;0,0;0,0;0,0;0,0;0,0;0,0;0,0093;4,0132;11,4931;16,4859;19,0072;21,4027;21,5274;18,5049;14,8704;9,0849;3,934;0,1202;0,0;0,0;0,0;0,0;0,0;0,0;0,0;0,0;0,0;0,0;0,0;0,0;0,0;0,2937;4,3677;8,1747;11,7127;13,2046;11,9797;9,592;6,9156;4,4075;0,4708;0,0;0,0;0,0;0,0;0,0;0,0;0,0;0,0;0,0;0,0;0,0;0,0;0,0;0,0;0,0;3,1709;7,1903;11,2947;13,4725;14,6659;13,7794;10,0944;5,2118;0,1836;0,0;0,0;0,0;0,0;0,0;0,0;0,0;0,0
214;1;432;192,24;214971,2206;9935,1152;13771,6094;18912,544;19519,1964;18464,4721;24222,9427;29901,5019;25940,0566;19800,5049;16844,8726;8438,1246;9220,2802;0,0;0,0;0,0;0,0;0,0;0,0;0,0;12,9959;32,0152;44,0661;54,5472;53,6567;47,7829;40,3989;26,9974;8,0276;0,0;0,0;0,0;0,0;0,0;0,0;0,0;0,0;0,0;0,0;0,0;0,0;0,0;0,0;0,683;23,3424;46,4291;67,7587;73,8718;78,0381;73,0113;60,4265;45,175;22,1576;0,9497;0,0;0,0;0,0;0,0;0,0;0,0;0,0;0,0;0,0;0,0;0,0;0,0;0,1519;13,3013;38,864;63,1997;78,5578;90,2721;88,0802;80,8865;64,7114;50,2254;30,972;10,8598;0,0;0,0;0,0;0,0;0,0;0,0;0,0;0,0;0,0;0,0;0,0;0,0;6,9964;30,3847;55,8544;77,0111;84,2282;85,3216;80,2694;74,5974;63,8645;46,847;30,9787;13,2105;1,0761;0,0;0,0;0,0;0,0;0,0;0,0;0,0;0,0;0,0;0,0;1,1259;12,9967;33,9541;54,1931;70,551;76,9486;76,5456;65,6002;56,0033;50,5556;39,2407;32,7438;19,4924;5,6773;0,0;0,0;0,0;0,0;0,0;0,0;0,0;0,0;0,0;0,0;2,8063;19,7644;46,0026;66,5767;89,5817;89,5155;100,2412;91,8144;81,8323;71,6508;59,5404;47,3586;30,948;9,6267;0,1719;0,0;0,0;0,0;0,0;0,0;0,0;0,0;0,0;0,0;1,3559;16,9542;44,679;67,6209;92,1813;108,0724;116,7252;117,8855;107,42;99,5951;81,9131;61,3265;37,1821;11,4687;0,1848;0,0;0,0;0,0;0,0;0,0;0,0;0,0;0,0;0,0;0,0004;10,2808;38,0109;65,8681;87,7597;102,6975;106,8863;109,3828;96,3414;80,2309;61,6659;47,62;25,3564;4,675;0,0;0,0;0,0;0,0;0,0;0,0;0,0;0,0;0,0;0,0;0,0;2,1131;26,5334;54,0906;77,1127;93,4709;91,7961;86,9912;76,2;64,636;47,6079;29,8756;9,5168;0,0725;0,0;0,0;0,0;0,0;0,0;0,0;0,0;0,0;0,0;0,0;0,0;0,0401;15,4284;44,1226;64,193;73,2655;84,6882;82,2195;70,7098;58,5142;35,0998;14,6705;0,4314;0,0;0,0;0,0;0,0;0,0;0,0;0,0;0,0;0,0;0,0;0,0;0,0;0,0;1,2279;18,511;33,0391;45,142;48,6629;46,3124;39,9637;27,1785;19,3287;1,9045;0,0;0,0;0,0;0,0;0,0;0,0;0,0;0,0;0,0;0,0;0,0;0,0;0,0;0,0;0,0;12,1744;28,9393;44,1189;49,8445;54,9079;50,5733;36,7272;19,4494;0,6934;0,0;0,0;0,0;0,0;0,0;0,0;0,0;0,0
218;1;95;42,275;47249,0852;2189,2405;3028,37;4156,0253;4287,5876;4060,4439;5326,7327;6575,4379;5696,9398;4354,208;3689,8384;1856,7845;2027,4766;0,0;0,0;0,0;0,0;0,0;0,0;0,0;2,8569;7,0396;9,6897;11,9947;11,799;10,5074;8,8838;5,9369;1,9126;0,0;0,0;0,0;0,0;0,0;0,0;0,0;0,0;0,0;0,0;0,0;0,0;0,0;0,0;0,1502;5,1329;10,2096;14,9;16,2443;17,1606;16,0552;13,2879;9,9341;4,8725;0,2088;0,0;0,0;0,0;0,0;0,0;0,0;0,0;0,0;0,0;0,0;0,0;0,0;0,0334;2,832;8,5467;13,8979;17,2751;19,851;19,3691;17,7872;14,2302;11,0446;6,8105;2,3875;0,0;0,0;0,0;0,0;0,0;0,0;0,0;0,0;0,0;0,0;0,0;0,0;1,3805;6,6826;12,2831;16,9352;18,5222;18,7626;17,6516;16,4042;14,044;10,3018;6,812;2,9045;0,2354;0,0;0,0;0,0;0,0;0,0;0,0;0,0;0,0;0,0;0,0;0,2476;2,859;7,4674;11,9177;15,5147;16,9214;16,8328;14,4258;12,3154;11,1174;8,6291;7,2003;4,2858;1,2475;0,0;0,0;0,0;0,0;0,0;0,0;0,0;0,0;0,0;0,0;0,6171;4,3476;10,1172;14,6411;19,6997;19,685;22,0436;20,1904;17,9952;15,7562;13,093;10,4139;6,8044;2,1157;0,0378;0,0;0,0;0,0;0,0;0,0;0,0;0,0;0,0;0,0;0,2982;3,7299;9,8265;14,8708;20,2715;23,7658;25,6685;25,9235;23,622;21,9011;18,0125;13,4851;8,1748;2,5201;0,0406;0,0;0,0;0,0;0,0;0,0;0,0;0,0;0,0;0,0;0,0001;2,026;8,3601;14,4854;19,299;22,5837;23,5048;24,0537;21,1858;17,643;13,5603;10,4712;5,5748;1,0244;0,0;0,0;0,0;0,0;0,0;0,0;0,0;0,0;0,0;0,0;0,0;0,4647;5,8357;11,8951;16,9574;20,5545;20,1862;19,1297;16,7566;14,2136;10,4691;6,5694;2,0922;0,0159;0,0;0,0;0,0;0,0;0,0;0,0;0,0;0,0;0,0;0,0;0,0;0,0088;2,9293;9,7027;14,1161;16,1111;18,623;18,0802;15,5492;12,8674;7,7185;3,2259;0,0948;0,0;0,0;0,0;0,0;0,0;0,0;0,0;0,0;0,0;0,0;0,0;0,0;0,0;0,27;4,0702;7,2651;9,9265;10,701;10,1841;8,7881;5,9767;4,2505;0,4606;0,0;0,0;0,0;0,0;0,0;0,0;0,0;0,0;0,0;0,0;0,0;0,0;0,0;0,0;0,0;2,6763;6,3633;9,7013;10,9606;12,0741;11,121;8,0764;4,2771;0,1525;0,0;0,0;0,0;0,0;0,0;0,0;0,0;0,0
219;1;40;17,8;19894,6369;922,0543;1275,1044;1749,907;1805,3019;1709,6613;2242,8352;2768,6076;2398,7132;1833,3524;1553,6163;781,8057;853,6776;0,0;0,0;0,0;0,0;0,0;0,0;0,0;1,2029;2,9641;4,0799;5,0504;4,968;4,4242;3,7405;2,4997;0,8139;0,0;0,0;0,0;0,0;0,0;0,0;0,0;0,0;0,0;0,0;0,0;0,0;0,0;0,0;0,0632;2,1612;4,2988;6,2737;6,8397;7,2255;6,7601;5,5949;4,1828;2,0516;0,0879;0,0;0,0;0,0;0,0;0,0;0,0;0,0;0,0;0,0;0,0;0,0;0,0;0,0141;1,1924;3,5986;5,8518;7,2737;8,3584;8,1554;7,4893;5,9917;4,6504;2,8676;1,0053;0,0;0,0;0,0;0,0;0,0;0,0;0,0;0,0;0,0;0,0;0,0;0,0;0,5812;2,8137;5,1718;7,1306;7,7988;7,9;7,4323;6,9071;5,9133;4,3376;2,8682;1,223;0,0991;0,0;0,0;0,0;0,0;0,0;0,0;0,0;0,0;0,0;0,0;0,1042;1,2038;3,1441;5,018;6,5325;7,1248;7,0875;6,074;5,1854;4,681;3,6333;3,0317;1,8046;0,5253;0,0;0,0;0,0;0,0;0,0;0,0;0,0;0,0;0,0;0,0;0,2598;1,8305;4,2599;6,1646;8,2946;8,2884;9,2815;8,5012;7,5769;6,6342;5,5128;4,3848;2,865;0,8908;0,0159;0,0;0,0;0,0;0,0;0,0;0,0;0,0;0,0;0,0;0,1255;1,5704;4,1374;6,2614;8,5353;10,0066;10,8078;10,9152;9,9461;9,2215;7,5842;5,678;3,4421;1,0612;0,0171;0,0;0,0;0,0;0,0;0,0;0,0;0,0;0,0;0,0;0,0;0,853;3,52;6,0991;8,1259;9,5089;9,8967;10,1279;8,9203;7,4286;5,7096;4,4089;2,3473;0,4314;0,0;0,0;0,0;0,0;0,0;0,0;0,0;0,0;0,0;0,0;0,0;0,1957;2,4571;5,0085;7,14;8,6546;8,4995;8,0546;7,0555;5,9847;4,408;2,7661;0,881;0,0067;0,0;0,0;0,0;0,0;0,0;0,0;0,0;0,0;0,0;0,0;0,0;0,0037;1,2334;4,0853;5,9436;6,7836;7,8413;7,6127;6,547;5,4179;3,2499;1,3583;0,0399;0,0;0,0;0,0;0,0;0,0;0,0;0,0;0,0;0,0;0,0;0,0;0,0;0,0;0,1137;1,7138;3,059;4,1796;4,5057;4,2881;3,7003;2,5165;1,7897;0,1939;0,0;0,0;0,0;0,0;0,0;0,0;0,0;0,0;0,0;0,0;0,0;0,0;0,0;0,0;0,0;1,1269;2,6793;4,0848;4,615;5,0838;4,6825;3,4006;1,8009;0,0642;0,0;0,0;0,0;0,0;0,0;0,0;0,0;0,0
220;1;144;64,08;71642,3077;3316,2953;4590,3963;6300,0711;6504,6203;6154,7777;8074,2171;9967,0004;8643,4501;6600,0706;5604,9873;2813,161;3073,2605;0,0;0,0;0,0;0,0;0,0;0,0;0,0;4,3309;10,6708;14,6878;18,1816;17,885;15,9271;13,4659;8,9989;2,8293;0,0;0,0;0,0;0,0;0,0;0,0;0,0;0,0;0,0;0,0;0,0;0,0;0,0;0,0;0,2277;7,7805;15,4758;22,5855;24,6231;26,0119;24,3364;20,1416;15,058;7,3857;0,3165;0,0;0,0;0,0;0,0;0,0;0,0;0,0;0,0;0,0;0,0;0,0;0,0;0,0506;4,305;12,9548;21,0663;26,1855;30,0901;29,3596;26,9617;21,57;16,7414;10,3236;3,6193;0,0;0,0;0,0;0,0;0,0;0,0;0,0;0,0;0,0;0,0;0,0;0,0;2,2763;10,1289;18,6183;25,6701;28,0758;28,4402;26,7561;24,8655;21,2879;15,6154;10,3258;4,403;0,3575;0,0;0,0;0,0;0,0;0,0;0,0;0,0;0,0;0,0;0,0;0,3753;4,3331;11,3185;18,0646;23,5169;25,6493;25,515;21,8666;18,6676;16,8517;13,08;10,9143;6,4968;1,8915;0,0;0,0;0,0;0,0;0,0;0,0;0,0;0,0;0,0;0,0;0,9354;6,5892;15,3349;22,1925;29,8606;29,8383;33,4134;30,6045;27,2771;23,8831;19,8464;15,7855;10,3148;3,2076;0,0573;0,0;0,0;0,0;0,0;0,0;0,0;0,0;0,0;0,0;0,452;5,6528;14,8941;22,5406;30,7271;36,0238;38,908;39,2946;35,8061;33,1977;27,3036;20,441;12,3923;3,821;0,0616;0,0;0,0;0,0;0,0;0,0;0,0;0,0;0,0;0,0;0,0001;3,3276;12,6713;21,9564;29,2532;34,2322;35,6283;36,4604;32,1133;26,7431;20,5549;15,8726;8,4509;1,5565;0,0;0,0;0,0;0,0;0,0;0,0;0,0;0,0;0,0;0,0;0,0;0,7044;8,8451;18,0302;25,7039;31,1564;30,5982;28,9966;25,3996;21,545;15,869;9,9581;3,1717;0,0242;0,0;0,0;0,0;0,0;0,0;0,0;0,0;0,0;0,0;0,0;0,0;0,0134;4,8257;14,7072;21,3971;24,4212;28,2287;27,4058;23,5694;19,5043;11,6997;4,8899;0,1438;0,0;0,0;0,0;0,0;0,0;0,0;0,0;0,0;0,0;0,0;0,0;0,0;0,0;0,4093;6,1698;11,0125;15,0468;16,2205;15,437;13,3209;9,0594;6,4428;0,6531;0,0;0,0;0,0;0,0;0,0;0,0;0,0;0,0;0,0;0,0;0,0;0,0;0,0;0,0;0,0;4,0571;9,6457;14,7054;16,614;18,3018;16,8571;12,2421;6,4831;0,2311;0,0;0,0;0,0;0,0;0,0;0,0;0,0;0,0
221;1;21;9,345;10445,79;484,0838;669,4367;918,7057;948,0256;897,5738;1177,4934;1453,5254;1259,8917;962,5126;816,0993;410,2548;448,1872;0,0;0,0;0,0;0,0;0,0;0,0;0,0;0,6316;1,5561;2,142;2,6515;2,6082;2,3227;1,9638;1,3124;0,4273;0,0;0,0;0,0;0,0;0,0;0,0;0,0;0,0;0,0;0,0;0,0;0,0;0,0;0,0;0,0332;1,1347;2,2569;3,2937;3,5909;3,7934;3,5491;2,9374;2,196;1,0771;0,0462;0,0;0,0;0,0;0,0;0,0;0,0;0,0;0,0;0,0;0,0;0,0;0,0;0,0074;0,626;1,8893;3,0722;3,8187;4,3882;4,2816;3,9319;3,1456;2,4415;1,5055;0,5278;0,0;0,0;0,0;0,0;0,0;0,0;0,0;0,0;0,0;0,0;0,0;0,0;0,3131;1,4772;2,7152;3,7436;4,0944;4,1475;3,902;3,6262;3,1045;2,2772;1,5058;0,6421;0,052;0,0;0,0;0,0;0,0;0,0;0,0;0,0;0,0;0,0;0,0;0,0547;0,632;1,6507;2,6344;3,4296;3,7405;3,7209;3,1889;2,7224;2,4575;1,9075;1,5916;0,9474;0,2758;0,0;0,0;0,0;0,0;0,0;0,0;0,0;0,0;0,0;0,0;0,1364;0,961;2,2364;3,2364;4,3547;4,3514;4,8728;4,4632;3,9779;3,483;2,8942;2,302;1,5042;0,4677;0,0084;0,0;0,0;0,0;0,0;0,0;0,0;0,0;0,0;0,0;0,0659;0,8245;2,1721;3,2872;4,4811;5,2535;5,6741;5,7305;5,2217;4,8413;3,9818;2,981;1,8071;0,5571;0,009;0,0;0,0;0,0;0,0;0,0;0,0;0,0;0,0;0,0;0,0;0,4658;1,848;3,202;4,2661;4,9922;5,1958;5,3172;4,6832;3,9;2,9976;2,3147;1,2324;0,2267;0,0;0,0;0,0;0,0;0,0;0,0;0,0;0,0;0,0;0,0;0,0;0,1027;1,29;2,6294;3,7485;4,5437;4,4622;4,2287;3,7041;3,142;2,3142;1,4522;0,4625;0,0035;0,0;0,0;0,0;0,0;0,0;0,0;0,0;0,0;0,0;0,0;0,0;0,002;0,6619;2,1448;3,1204;3,5614;4,1167;3,9967;3,4372;2,8444;1,7062;0,7131;0,021;0,0;0,0;0,0;0,0;0,0;0,0;0,0;0,0;0,0;0,0;0,0;0,0;0,0;0,0597;0,8998;1,606;2,1943;2,3655;2,2512;1,9426;1,3212;0,9396;0,0952;0,0;0,0;0,0;0,0;0,0;0,0;0,0;0,0;0,0;0,0;0,0;0,0;0,0;0,0;0,0;0,5916;1,4067;2,1445;2,4229;2,669;2,4584;1,7853;0,9455;0,0337;0,0;0,0;0,0;0,0;0,0;0,0;0,0;0,0
222;1;68;30,26;33828,8279;1566,0485;2167,7069;2975,0447;3071,5805;2906,4343;3812,8374;4706,6622;4080,6867;3116,716;2645,383;1328,4471;1451,2806;0,0;0,0;0,0;0,0;0,0;0,0;0,0;2,0451;5,039;6,936;8,5858;8,4458;7,5213;6,359;4,2496;1,3361;0,0;0,0;0,0;0,0;0,0;0,0;0,0;0,0;0,0;0,0;0,0;0,0;0,0;0,0;0,1075;3,6742;7,3081;10,6654;11,6277;12,2835;11,4923;9,5115;7,1108;3,4877;0,1494;0,0;0,0;0,0;0,0;0,0;0,0;0,0;0,0;0,0;0,0;0,0;0,0;0,0239;2,033;6,1176;9,9481;12,3654;14,2093;13,8643;12,732;10,1859;7,9057;4,875;1,709;0,0;0,0;0,0;0,0;0,0;0,0;0,0;0,0;0,0;0,0;0,0;0,0;1,0732;4,7832;8,7921;12,1221;13,258;13,4301;12,6349;11,7421;10,0526;7,3739;4,876;2,0791;0,1685;0,0;0,0;0,0;0,0;0,0;0,0;0,0;0,0;0,0;0,0;0,1772;2,0463;5,345;8,5306;11,1053;12,1122;12,0488;10,3259;8,8153;7,9578;6,1767;5,154;3,0679;0,8931;0,0;0,0;0,0;0,0;0,0;0,0;0,0;0,0;0,0;0,0;0,4417;3,1118;7,2417;10,4799;14,1009;14,0904;15,7786;14,4522;12,8808;11,2781;9,3719;7,4542;4,8707;1,5146;0,027;0,0;0,0;0,0;0,0;0,0;0,0;0,0;0,0;0,0;0,2134;2,6697;7,0336;10,6444;14,5101;17,0113;18,3733;18,5558;16,9085;15,6767;12,8933;9,6526;5,8517;1,8042;0,0291;0,0;0,0;0,0;0,0;0,0;0,0;0,0;0,0;0,0;0,0001;1,5422;5,9839;10,3684;13,8141;16,1653;16,8245;17,2175;15,1646;12,6287;9,7065;7,4953;3,9905;0,7334;0,0;0,0;0,0;0,0;0,0;0,0;0,0;0,0;0,0;0,0;0,0;0,3326;4,177;8,5144;12,138;14,7128;14,4492;13,6929;11,9943;10,174;7,4937;4,7024;1,4977;0,0114;0,0;0,0;0,0;0,0;0,0;0,0;0,0;0,0;0,0;0,0;0,0;0,0063;2,2326;6,9451;10,1042;11,5323;13,3303;12,9417;11,13;9,2104;5,5249;2,3091;0,0679;0,0;0,0;0,0;0,0;0,0;0,0;0,0;0,0;0,0;0,0;0,0;0,0;0,0;0,1933;2,9135;5,2004;7,1054;7,6597;7,2897;6,2905;4,2781;3,0425;0,3084;0,0;0,0;0,0;0,0;0,0;0,0;0,0;0,0;0,0;0,0;0,0;0,0;0,0;0,0;0,0;1,9158;4,5549;6,9443;7,8456;8,6427;7,9604;5,7811;3,0616;0,1092;0,0;0,0;0,0;0,0;0,0;0,0;0,0;0,0
223;1;56;24,92;27861,4135;1290,9131;1785,1791;2449,8956;2529,5488;2393,5385;3139,9924;3876,0874;3360,5909;2566,7166;2179,7422;1094,0242;1195,1847;0,0;0,0;0,0;0,0;0,0;0,0;0,0;1,6843;4,1498;5,712;7,0707;6,9554;6,194;5,2369;3,4997;1,1395;0,0;0,0;0,0;0,0;0,0;0,0;0,0;0,0;0,0;0,0;0,0;0,0;0,0;0,0;0,0885;3,0258;6,0184;8,7833;9,5758;10,1159;9,4643;7,833;5,8559;2,8723;0,1231;0,0;0,0;0,0;0,0;0,0;0,0;0,0;0,0;0,0;0,0;0,0;0,0;0,0197;1,6694;5,0381;8,1925;10,1833;11,7018;11,4177;10,4852;8,3884;6,5106;4,0147;1,4074;0,0;0,0;0,0;0,0;0,0;0,0;0,0;0,0;0,0;0,0;0,0;0,0;0,8838;3,9391;7,2406;9,9829;10,9184;11,0602;10,4052;9,6699;8,2786;6,0727;4,0156;1,7122;0,139;0,0;0,0;0,0;0,0;0,0;0,0;0,0;0,0;0,0;0,0;0,1459;1,6852;4,4018;7,0252;9,1456;9,9748;9,9225;8,5037;7,2596;6,5535;5,0867;4,2444;2,5265;0,7355;0,0;0,0;0,0;0,0;0,0;0,0;0,0;0,0;0,0;0,0;0,3638;2,5627;5,9638;8,6305;11,6125;11,6039;12,9942;11,9018;10,6078;9,2879;7,718;6,1388;4,0112;1,2473;0,0223;0,0;0,0;0,0;0,0;0,0;0,0;0,0;0,0;0,0;0,1758;2,1986;5,7924;8,766;11,9495;14,0094;15,131;15,2813;13,9247;12,9103;10,6181;7,9492;4,8191;1,4858;0,024;0,0;0,0;0,0;0,0;0,0;0,0;0,0;0,0;0,0;0,0;1,2701;4,9279;8,5387;11,3764;13,3126;13,8555;14,1791;12,4886;10,4002;7,9936;6,1726;3,2863;0,6045;0,0;0,0;0,0;0,0;0,0;0,0;0,0;0,0;0,0;0,0;0,0;0,2739;3,4399;7,0119;9,9961;12,1165;11,8994;11,2765;9,8777;8,3786;6,1713;3,8726;1,2334;0,0094;0,0;0,0;0,0;0,0;0,0;0,0;0,0;0,0;0,0;0,0;0,0;0,0052;1,8767;5,7196;8,3212;9,4972;10,978;10,658;9,166;7,5851;4,5499;1,9016;0,0559;0,0;0,0;0,0;0,0;0,0;0,0;0,0;0,0;0,0;0,0;0,0;0,0;0,0;0,1592;2,3994;4,2827;5,8516;6,3081;6,0034;5,1804;3,5231;2,5056;0,254;0,0;0,0;0,0;0,0;0,0;0,0;0,0;0,0;0,0;0,0;0,0;0,0;0,0;0,0;0,0;1,5778;3,7512;5,7189;6,4611;7,1175;6,5557;4,7609;2,5213;0,0899;0,0;0,0;0,0;0,0;0,0;0,0;0,0;0,0
224;1;40;17,8;19898,2889;922,0806;1275,1286;1749,9249;1805,7762;1709,6714;2242,8518;2768,6345;2398,7436;1833,3692;1556,9584;781,4454;853,7043;0,0;0,0;0,0;0,0;0,0;0,0;0,0;1,203;2,9642;4,08;5,0505;4,9681;4,4243;3,7406;2,4998;0,814;0,0;0,0;0,0;0,0;0,0;0,0;0,0;0,0;0,0;0,0;0,0;0,0;0,0;0,0;0,0632;2,1613;4,2989;6,2738;6,8399;7,2257;6,7602;5,595;4,1828;2,0516;0,0879;0,0;0,0;0,0;0,0;0,0;0,0;0,0;0,0;0,0;0,0;0,0;0,0;0,0141;1,1924;3,5986;5,8518;7,2738;8,3584;8,1555;7,4894;5,9917;4,6504;2,8676;1,0053;0,0;0,0;0,0;0,0;0,0;0,0;0,0;0,0;0,0;0,0;0,0;0,0;0,5964;2,8137;5,1718;7,1307;7,7989;7,9001;7,4323;6,9071;5,9133;4,3376;2,8683;1,223;0,0993;0,0;0,0;0,0;0,0;0,0;0,0;0,0;0,0;0,0;0,0;0,1042;1,2037;3,1441;5,018;6,5325;7,1249;7,0875;6,0741;5,1855;4,681;3,6333;3,0318;1,8046;0,5254;0,0;0,0;0,0;0,0;0,0;0,0;0,0;0,0;0,0;0,0;0,2598;1,8305;4,2598;6,1647;8,2947;8,2885;9,2815;8,5013;7,577;6,6342;5,5129;4,3849;2,8652;0,8909;0,0159;0,0;0,0;0,0;0,0;0,0;0,0;0,0;0,0;0,0;0,1255;1,5704;4,1374;6,2614;8,5354;10,0067;10,8079;10,9152;9,9462;9,2216;7,5844;5,678;3,4422;1,0613;0,0171;0,0;0,0;0,0;0,0;0,0;0,0;0,0;0,0;0,0;0,0;0,853;3,5199;6,0991;8,126;9,509;9,8968;10,1279;8,9204;7,4287;5,7097;4,409;2,3474;0,4318;0,0;0,0;0,0;0,0;0,0;0,0;0,0;0,0;0,0;0,0;0,0;0,1957;2,4571;5,0085;7,14;8,6547;8,4996;8,0547;7,0555;5,9847;4,4081;2,7661;0,881;0,0067;0,0;0,0;0,0;0,0;0,0;0,0;0,0;0,0;0,0;0,0;0,0;0,0037;1,3405;4,0854;5,9437;6,7837;7,8414;7,6128;6,5471;5,4179;3,2499;1,3583;0,0399;0,0;0,0;0,0;0,0;0,0;0,0;0,0;0,0;0,0;0,0;0,0;0,0;0,0;0,1137;1,7139;3,0591;4,1797;4,5058;4,2881;3,7003;2,5165;1,7897;0,1814;0,0;0,0;0,0;0,0;0,0;0,0;0,0;0,0;0,0;0,0;0,0;0,0;0,0;0,0;0,0;1,127;2,6794;4,0849;4,6151;5,084;4,6827;3,4007;1,801;0,0642;0,0;0,0;0,0;0,0;0,0;0,0;0,0;0,0
229;1;34;15,13;16898,533;783,7795;1083,8658;1487,4433;1531,4001;1451,0357;1906,4308;2349,7113;2032,5859;1558,3688;1324,0192;664,2336;725,659;0,0;0,0;0,0;0,0;0,0;0,0;0,0;1,0226;2,5196;3,4681;4,293;4,223;3,7607;3,1795;2,1248;0,6919;0,0;0,0;0,0;0,0;0,0;0,0;0,0;0,0;0,0;0,0;0,0;0,0;0,0;0,0;0,0538;1,8371;3,6541;5,3328;5,8139;6,1418;5,7462;4,7558;3,5554;1,7439;0,0747;0,0;0,0;0,0;0,0;0,0;0,0;0,0;0,0;0,0;0,0;0,0;0,0;0,012;1,0136;3,0588;4,9741;6,1828;7,1047;6,9322;6,366;5,093;3,9529;2,4375;0,8546;0,0;0,0;0,0;0,0;0,0;0,0;0,0;0,0;0,0;0,0;0,0;0,0;0,39;2,3916;4,3961;6,0611;6,6291;6,7151;6,3175;5,8711;5,0263;3,687;2,438;1,0396;0,0843;0,0;0,0;0,0;0,0;0,0;0,0;0,0;0,0;0,0;0,0;0,0886;0,9526;2,6725;4,2653;5,5527;6,0561;6,0244;5,163;4,4076;3,9789;3,0883;2,577;1,534;0,4466;0,0;0,0;0,0;0,0;0,0;0,0;0,0;0,0;0,0;0,0;0,2209;1,5559;3,6208;5,24;7,0505;7,0452;7,8893;7,2261;6,4404;5,6391;4,686;3,7272;2,4354;0,7573;0,0135;0,0;0,0;0,0;0,0;0,0;0,0;0,0;0,0;0,0;0,1067;1,2175;3,5168;5,3222;7,2551;8,5057;9,1867;9,278;8,4543;7,8384;6,4467;4,8264;2,926;0,9022;0,0145;0,0;0,0;0,0;0,0;0,0;0,0;0,0;0,0;0,0;0,0;0,5201;2,9919;5,1842;6,9071;8,0827;8,4123;8,6088;7,5824;6,3144;4,8533;3,7477;1,9953;0,3671;0,0;0,0;0,0;0,0;0,0;0,0;0,0;0,0;0,0;0,0;0,0;0,1663;2,0885;4,2572;6,0691;7,3565;7,2247;6,8465;5,9972;5,0871;3,7469;2,3512;0,7488;0,0057;0,0;0,0;0,0;0,0;0,0;0,0;0,0;0,0;0,0;0,0;0,0;0,0032;1,1587;3,4726;5,0522;5,7662;6,6652;6,4709;5,5651;4,6053;2,7625;1,1546;0,0339;0,0;0,0;0,0;0,0;0,0;0,0;0,0;0,0;0,0;0,0;0,0;0,0;0,0;0,0966;1,4568;2,6002;3,5528;3,8299;3,6449;3,1453;2,139;1,5213;0,1542;0,0;0,0;0,0;0,0;0,0;0,0;0,0;0,0;0,0;0,0;0,0;0,0;0,0;0,0;0,0;0,958;2,2775;3,4722;3,9229;4,3214;3,9803;2,8906;1,5308;0,0546;0,0;0,0;0,0;0,0;0,0;0,0;0,0;0,0
230;1;73;32,485;36324,2647;1678,8366;2327,1349;3194,7417;3298,094;3120,1488;4093,2205;5052,7836;4383,0179;3345,9094;2846,4568;1425,8778;1558,0427;0,0;0,0;0,0;0,0;0,0;0,0;0,0;2,196;5,4099;7,4462;9,2174;9,0669;8,0744;6,8266;4,5621;1,3565;0,0;0,0;0,0;0,0;0,0;0,0;0,0;0,0;0,0;0,0;0,0;0,0;0,0;0,0;0,1154;3,9444;7,8456;11,4499;12,4829;13,1869;12,3375;10,2109;7,6337;3,7442;0,1605;0,0;0,0;0,0;0,0;0,0;0,0;0,0;0,0;0,0;0,0;0,0;0,0;0,0257;2,2117;6,5673;10,6796;13,2748;15,2542;14,8839;13,6683;10,935;8,4871;5,2337;1,835;0,0;0,0;0,0;0,0;0,0;0,0;0,0;0,0;0,0;0,0;0,0;0,0;1,1734;5,1345;9,4384;13,0134;14,2329;14,4177;13,564;12,6055;10,7919;7,9162;5,2348;2,2323;0,1813;0,0;0,0;0,0;0,0;0,0;0,0;0,0;0,0;0,0;0,0;0,1903;2,1963;5,7377;9,1577;11,9218;13,0029;12,9348;11,0852;9,4635;8,5429;6,6309;5,5331;3,2938;0,9592;0,0;0,0;0,0;0,0;0,0;0,0;0,0;0,0;0,0;0,0;0,4742;3,34;7,7737;11,2502;15,1377;15,1265;16,9389;15,5149;13,8281;12,1076;10,0612;8,0027;5,2295;1,6266;0,029;0,0;0,0;0,0;0,0;0,0;0,0;0,0;0,0;0,0;0,2291;2,8651;7,5501;11,4267;15,5769;18,2622;19,7244;19,9204;18,1519;16,8296;13,8417;10,3629;6,2829;1,9378;0,0312;0,0;0,0;0,0;0,0;0,0;0,0;0,0;0,0;0,0;0,0001;1,7262;6,4233;11,1306;14,8298;17,3539;18,0617;18,4836;16,2798;13,5575;10,4204;8,0468;4,2846;0,7894;0,0;0,0;0,0;0,0;0,0;0,0;0,0;0,0;0,0;0,0;0,0;0,3571;4,4837;9,1403;13,0306;15,7948;15,5118;14,6999;12,8764;10,9222;8,0448;5,0484;1,6081;0,0122;0,0;0,0;0,0;0,0;0,0;0,0;0,0;0,0;0,0;0,0;0,0;0,0068;2,6071;7,4559;10,8474;12,3804;14,3107;13,8935;11,9486;9,8878;5,9312;2,479;0,0729;0,0;0,0;0,0;0,0;0,0;0,0;0,0;0,0;0,0;0,0;0,0;0,0;0,0;0,2075;3,128;5,5829;7,6281;8,2231;7,8259;6,7531;4,5927;3,2662;0,3218;0,0;0,0;0,0;0,0;0,0;0,0;0,0;0,0;0,0;0,0;0,0;0,0;0,0;0,0;0,0;2,0572;4,8902;7,4552;8,4227;9,2783;8,5459;6,2062;3,2866;0,1172;0,0;0,0;0,0;0,0;0,0;0,0;0,0;0,0
231;1;40;17,8;19886,3783;921,2319;1275,1422;1748,9778;1801,6523;1709,6774;2242,864;2768,6528;2391,9493;1833,3806;1557,6734;781,4569;853,7197;0,0;0,0;0,0;0,0;0,0;0,0;0,0;1,2031;2,9643;4,0801;5,0506;4,9682;4,4243;3,7407;2,4998;0,786;0,0;0,0;0,0;0,0;0,0;0,0;0,0;0,0;0,0;0,0;0,0;0,0;0,0;0,0;0,0632;2,1613;4,2989;6,2739;6,84;7,2257;6,7603;5,595;4,1829;2,0516;0,0879;0,0;0,0;0,0;0,0;0,0;0,0;0,0;0,0;0,0;0,0;0,0;0,0;0,0141;1,1615;3,5986;5,8518;7,2738;8,3585;8,1556;7,4895;5,9918;4,6505;2,8677;1,0054;0,0;0,0;0,0;0,0;0,0;0,0;0,0;0,0;0,0;0,0;0,0;0,0;0,4589;2,8136;5,1718;7,1307;7,7989;7,9002;7,4324;6,9072;5,9133;4,3377;2,8683;1,223;0,0992;0,0;0,0;0,0;0,0;0,0;0,0;0,0;0,0;0,0;0,0;0,1042;1,2037;3,1441;5,018;6,5326;7,1249;7,0876;6,0741;5,1855;4,6811;3,6334;3,0318;1,8047;0,5254;0,0;0,0;0,0;0,0;0,0;0,0;0,0;0,0;0,0;0,0;0,2598;1,8304;4,2598;6,1647;8,2947;8,2885;9,2816;8,5013;7,577;6,6343;5,5129;4,3849;2,8653;0,891;0,0159;0,0;0,0;0,0;0,0;0,0;0,0;0,0;0,0;0,0;0,1255;1,5703;4,1374;6,2614;8,5354;10,0067;10,8079;10,9153;9,9462;9,2217;7,5844;5,6781;3,4423;1,0615;0,0171;0,0;0,0;0,0;0,0;0,0;0,0;0,0;0,0;0,0;0,0;0,6333;3,5199;6,0991;8,126;9,5091;9,8969;10,128;8,9204;7,4287;5,7097;4,4091;2,3475;0,4319;0,0;0,0;0,0;0,0;0,0;0,0;0,0;0,0;0,0;0,0;0,0;0,1957;2,457;5,0085;7,1401;8,6547;8,4996;8,0547;7,0556;5,9848;4,4081;2,7662;0,881;0,0067;0,0;0,0;0,0;0,0;0,0;0,0;0,0;0,0;0,0;0,0;0,0;0,0037;1,3631;4,0854;5,9438;6,7838;7,8415;7,6129;6,5472;5,418;3,25;1,3583;0,0399;0,0;0,0;0,0;0,0;0,0;0,0;0,0;0,0;0,0;0,0;0,0;0,0;0,0;0,1137;1,7139;3,0591;4,1798;4,5058;4,2882;3,7004;2,5165;1,7897;0,1814;0,0;0,0;0,0;0,0;0,0;0,0;0,0;0,0;0,0;0,0;0,0;0,0;0,0;0,0;0,0;1,1271;2,6795;4,085;4,6152;5,084;4,6827;3,4007;1,801;0,0642;0,0;0,0;0,0;0,0;0,0;0,0;0,0;0,0
233;1;106;47,17;52698,9439;2441,2691;3379,133;4634,7958;4774,3772;4530,6458;5943,5964;7336,9324;6338,6685;4858,4601;4127,8393;2070,8616;2262,3647;0,0;0,0;0,0;0,0;0,0;0,0;0,0;3,1884;7,8553;10,8123;13,3842;13,1658;11,7245;9,9127;6,6246;2,0828;0,0;0,0;0,0;0,0;0,0;0,0;0,0;0,0;0,0;0,0;0,0;0,0;0,0;0,0;0,1676;5,7274;11,3922;16,6259;18,1259;19,1481;17,9148;14,8269;11,0847;5,4368;0,233;0,0;0,0;0,0;0,0;0,0;0,0;0,0;0,0;0,0;0,0;0,0;0,0;0,0373;3,0779;9,5363;15,5074;19,2757;22,15;21,6122;19,8471;15,8782;12,3237;7,5994;2,6642;0,0;0,0;0,0;0,0;0,0;0,0;0,0;0,0;0,0;0,0;0,0;0,0;1,216;7,456;13,7053;18,8963;20,6671;20,9354;19,6957;18,3039;15,6704;11,4948;7,601;3,2411;0,2628;0,0;0,0;0,0;0,0;0,0;0,0;0,0;0,0;0,0;0,0;0,2763;3,1898;8,3319;13,2977;17,3113;18,8809;18,782;16,0963;13,7415;12,4048;9,6284;8,0342;4,7824;1,3924;0,0;0,0;0,0;0,0;0,0;0,0;0,0;0,0;0,0;0,0;0,6886;4,8506;11,2885;16,3364;21,9809;21,9646;24,5963;22,5285;20,0791;17,5808;14,6092;11,62;7,5929;2,3613;0,0422;0,0;0,0;0,0;0,0;0,0;0,0;0,0;0,0;0,0;0,3327;4,1614;10,964;16,5927;22,6189;26,5179;28,641;28,9256;26,3576;24,4374;20,0987;15,0471;9,1222;2,8129;0,0453;0,0;0,0;0,0;0,0;0,0;0,0;0,0;0,0;0,0;0,0001;1,6782;9,3278;16,1626;21,5339;25,199;26,2267;26,8393;23,6392;19,6862;15,1308;11,684;6,2209;1,1445;0,0;0,0;0,0;0,0;0,0;0,0;0,0;0,0;0,0;0,0;0,0;0,5185;6,5112;13,2726;18,9212;22,935;22,524;21,3451;18,6972;15,8597;11,6815;7,3303;2,3347;0,0178;0,0;0,0;0,0;0,0;0,0;0,0;0,0;0,0;0,0;0,0;0,0;0,0098;3,6123;10,8263;15,751;17,9771;20,7799;20,1742;17,3501;14,3576;8,6124;3,5995;0,1058;0,0;0,0;0,0;0,0;0,0;0,0;0,0;0,0;0,0;0,0;0,0;0,0;0,0;0,3013;4,5419;8,1067;11,0764;11,9404;11,3636;9,806;6,6689;4,7428;0,4808;0,0;0,0;0,0;0,0;0,0;0,0;0,0;0,0;0,0;0,0;0,0;0,0;0,0;0,0;0,0;2,9867;7,1006;10,8253;12,2302;13,4727;12,4092;9,012;4,7726;0,1701;0,0;0,0;0,0;0,0;0,0;0,0;0,0;0,0
234;1;57;25,365;28318,7424;1312,7583;1817,0839;2483,1131;2567,353;2436,2909;3196,0872;3945,3326;3407,9728;2612,5695;2210,0442;1113,5782;1216,5587;0,0;0,0;0,0;0,0;0,0;0,0;0,0;1,7145;4,2241;5,8142;7,1971;7,0797;6,3047;5,3305;3,5623;1,12;0,0;0,0;0,0;0,0;0,0;0,0;0,0;0,0;0,0;0,0;0,0;0,0;0,0;0,0;0,0901;3,0799;6,126;8,9403;9,7469;10,2966;9,6334;7,973;5,9606;2,9236;0,1253;0,0;0,0;0,0;0,0;0,0;0,0;0,0;0,0;0,0;0,0;0,0;0,0;0,02;1,3589;5,128;8,3389;10,3652;11,9109;11,6217;10,6725;8,5383;6,6269;4,0865;1,4326;0,0;0,0;0,0;0,0;0,0;0,0;0,0;0,0;0,0;0,0;0,0;0,0;0,654;4,0094;7,3698;10,1612;11,1134;11,2577;10,5911;9,8427;8,4265;6,1812;4,0873;1,7428;0,1412;0,0;0,0;0,0;0,0;0,0;0,0;0,0;0,0;0,0;0,0;0,1485;1,7153;4,4803;7,1506;9,3089;10,153;10,0998;8,6556;7,3893;6,6705;5,1775;4,3203;2,5717;0,7488;0,0;0,0;0,0;0,0;0,0;0,0;0,0;0,0;0,0;0,0;0,3703;2,6084;6,0702;8,7846;11,8199;11,8111;13,2263;12,1144;10,7973;9,4539;7,8559;6,2485;4,083;1,2697;0,0227;0,0;0,0;0,0;0,0;0,0;0,0;0,0;0,0;0,0;0,1789;2,2377;5,8957;8,9225;12,163;14,2596;15,4013;15,5543;14,1734;13,1409;10,8078;8,0914;4,9053;1,5126;0,0244;0,0;0,0;0,0;0,0;0,0;0,0;0,0;0,0;0,0;0,0;0,885;5,0159;8,6912;11,5796;13,5504;14,1031;14,4324;12,7117;10,586;8,1364;6,2829;3,3452;0,6149;0,0;0,0;0,0;0,0;0,0;0,0;0,0;0,0;0,0;0,0;0,0;0,2788;3,5013;7,1371;10,1746;12,333;12,112;11,478;10,0542;8,5283;6,2816;3,9418;1,2554;0,0096;0,0;0,0;0,0;0,0;0,0;0,0;0,0;0,0;0,0;0,0;0,0;0,0053;1,6313;5,8217;8,4699;9,6669;11,1741;10,8484;9,3298;7,7206;4,6312;1,9356;0,0569;0,0;0,0;0,0;0,0;0,0;0,0;0,0;0,0;0,0;0,0;0,0;0,0;0,0;0,162;2,4423;4,3593;5,9562;6,4208;6,1107;5,273;3,5861;2,5504;0,2585;0,0;0,0;0,0;0,0;0,0;0,0;0,0;0,0;0,0;0,0;0,0;0,0;0,0;0,0;0,0;1,6061;3,8183;5,8211;6,5767;7,2448;6,6729;4,8461;2,5664;0,0915;0,0;0,0;0,0;0,0;0,0;0,0;0,0;0,0
238;1;60;26,7;29205,802;1291,6837;1876,4773;2571,2743;2593,1768;2420,8095;3335,3425;4154,0256;3560,1849;2696,3939;2293,5092;1122,9354;1289,9889;0,0;0,0;0,0;0,0;0,0;0,0;0,0;1,6924;4,2763;6,0625;7,1005;6,9515;6,2921;5,0642;3,4154;0,8121;0,0;0,0;0,0;0,0;0,0;0,0;0,0;0,0;0,0;0,0;0,0;0,0;0,0;0,0;0,1027;3,294;6,7759;9,188;10,2123;10,601;9,6956;7,9108;6,077;3,0182;0,1415;0,0;0,0;0,0;0,0;0,0;0,0;0,0;0,0;0,0;0,0;0,0;0,0;0,019;1,7869;5,2238;8,7033;10,5695;12,1858;11,6933;11,0846;8,6761;6,9234;4,5678;1,5108;0,0;0,0;0,0;0,0;0,0;0,0;0,0;0,0;0,0;0,0;0,0;0,0;0,9326;4,0702;7,4374;10,57;11,4987;11,7262;10,5961;9,54;7,8952;5,8677;4,36;1,8102;0,1349;0,0;0,0;0,0;0,0;0,0;0,0;0,0;0,0;0,0;0,0;0,1533;1,746;4,6861;7,2928;9,6602;10,5409;9,9777;8,0364;7,1174;5,9016;5,1727;4,4876;2,5131;0,805;0,0;0,0;0,0;0,0;0,0;0,0;0,0;0,0;0,0;0,0;0,3894;2,8082;6,3215;9,355;12,4039;12,5001;13,6671;13,1791;11,4629;9,6571;7,6087;6,318;4,1061;1,375;0,0261;0,0;0,0;0,0;0,0;0,0;0,0;0,0;0,0;0,0;0,1965;2,3522;6,2264;9,4392;12,7345;15,1127;16,4496;16,3777;15,2388;13,5788;11,1321;8,4791;5,0575;1,5985;0,0273;0,0;0,0;0,0;0,0;0,0;0,0;0,0;0,0;0,0;0,0001;1,3731;5,2235;8,9669;12,0817;14,2784;14,6558;14,4448;12,6708;11,272;8,8543;6,9197;3,434;0,6697;0,0;0,0;0,0;0,0;0,0;0,0;0,0;0,0;0,0;0,0;0,0;0,3022;3,7838;7,4722;10,636;13,1957;12,6673;11,5199;9,9336;8,648;6,2482;4,1339;1,3284;0,0104;0,0;0,0;0,0;0,0;0,0;0,0;0,0;0,0;0,0;0,0;0,0;0,0049;2,1738;6,049;8,6768;10,0038;11,2646;11,3302;9,7394;7,8265;4,7815;2,0706;0,063;0,0;0,0;0,0;0,0;0,0;0,0;0,0;0,0;0,0;0,0;0,0;0,0;0,0;0,1546;2,2989;4,3025;6,1646;6,9498;6,3051;5,0484;3,6398;2,3197;0,2478;0,0;0,0;0,0;0,0;0,0;0,0;0,0;0,0;0,0;0,0;0,0;0,0;0,0;0,0;0,0;1,669;3,7844;5,9446;7,0908;7,7189;7,2523;5,3128;2,743;0,0966;0,0;0,0;0,0;0,0;0,0;0,0;0,0;0,0
239;1;63;28,035;30669,165;1356,2122;1970,3033;2700,606;2723,0872;2541,8449;3502,109;4361,7239;3739,0746;2831,213;2409,7046;1178,7954;1354,4909;0,0;0,0;0,0;0,0;0,0;0,0;0,0;1,7772;4,4902;6,3657;7,4555;7,2991;6,6067;5,3174;3,5862;0,8509;0,0;0,0;0,0;0,0;0,0;0,0;0,0;0,0;0,0;0,0;0,0;0,0;0,0;0,0;0,1079;3,4588;7,1147;9,6474;10,7229;11,131;10,1804;8,3063;6,3808;3,1691;0,1485;0,0;0,0;0,0;0,0;0,0;0,0;0,0;0,0;0,0;0,0;0,0;0,0;0,02;1,9008;5,485;9,1385;11,098;12,7951;12,278;11,6388;9,11;7,2696;4,7963;1,5865;0,0;0,0;0,0;0,0;0,0;0,0;0,0;0,0;0,0;0,0;0,0;0,0;0,9878;4,2736;7,8092;11,0985;12,0736;12,3125;11,1259;10,017;8,29;6,1611;4,578;1,9008;0,1417;0,0;0,0;0,0;0,0;0,0;0,0;0,0;0,0;0,0;0,0;0,161;1,8332;4,9203;7,6573;10,1432;11,068;10,4766;8,4382;7,4733;6,1966;5,4313;4,7119;2,6388;0,8453;0,0;0,0;0,0;0,0;0,0;0,0;0,0;0,0;0,0;0,0;0,4089;2,9484;6,6374;9,8227;13,024;13,1251;14,3504;13,8381;12,0361;10,14;7,9891;6,6339;4,3115;1,444;0,0274;0,0;0,0;0,0;0,0;0,0;0,0;0,0;0,0;0,0;0,2063;2,4696;6,5375;9,9111;13,3711;15,8683;17,272;17,1966;16,0007;14,2577;11,6888;8,9031;5,3106;1,6787;0,0286;0,0;0,0;0,0;0,0;0,0;0,0;0,0;0,0;0,0;0,0001;1,4692;5,4845;9,4152;12,6857;14,9924;15,3885;15,167;13,3043;11,8356;9,2971;7,2658;3,6058;0,7041;0,0;0,0;0,0;0,0;0,0;0,0;0,0;0,0;0,0;0,0;0,0;0,3173;3,9728;7,8458;11,1677;13,8555;13,3007;12,096;10,4303;9,0804;6,5606;4,3407;1,3949;0,011;0,0;0,0;0,0;0,0;0,0;0,0;0,0;0,0;0,0;0,0;0,0;0,0051;2,3315;6,3515;9,1106;10,504;11,8278;11,8967;10,2264;8,2179;5,0206;2,1741;0,0662;0,0;0,0;0,0;0,0;0,0;0,0;0,0;0,0;0,0;0,0;0,0;0,0;0,0;0,1623;2,4138;4,5177;6,4728;7,2973;6,6204;5,3008;3,8218;2,4357;0,2506;0,0;0,0;0,0;0,0;0,0;0,0;0,0;0,0;0,0;0,0;0,0;0,0;0,0;0,0;0,0;1,7526;3,9737;6,2419;7,4454;8,1049;7,6149;5,5784;2,8801;0,1014;0,0;0,0;0,0;0,0;0,0;0,0;0,0;0,0
240;1;68;30,26;33106,4951;1463,8502;2126,6779;2915,2564;2940,2115;2743,5778;3780,0512;4707,8957;4036,1046;3055,9096;2602,6189;1272,3493;1461,992;0,0;0,0;0,0;0,0;0,0;0,0;0,0;1,9183;4,8466;6,8709;8,0472;7,8784;7,1311;5,7394;3,8708;0,9184;0,0;0,0;0,0;0,0;0,0;0,0;0,0;0,0;0,0;0,0;0,0;0,0;0,0;0,0;0,1164;3,7333;7,6794;10,4131;11,574;12,0145;10,9884;8,9655;6,8872;3,4207;0,1603;0,0;0,0;0,0;0,0;0,0;0,0;0,0;0,0;0,0;0,0;0,0;0,0;0,0216;2,0619;5,9203;9,8638;11,9787;13,8105;13,2524;12,5625;9,833;7,8465;5,177;1,7124;0,0;0,0;0,0;0,0;0,0;0,0;0,0;0,0;0,0;0,0;0,0;0,0;1,0991;4,6127;8,4289;11,9793;13,0318;13,2897;12,0089;10,812;8,948;6,6501;4,9414;2,0517;0,1535;0,0;0,0;0,0;0,0;0,0;0,0;0,0;0,0;0,0;0,0;0,1738;1,9786;5,3107;8,265;10,9482;11,9464;11,3081;9,1079;8,0664;6,6885;5,8624;5,0859;2,8483;0,9125;0,0;0,0;0,0;0,0;0,0;0,0;0,0;0,0;0,0;0,0;0,4413;3,1823;7,1641;10,6022;14,0576;14,1667;15,4894;14,9363;12,9913;10,9448;8,6232;7,1605;4,6538;1,5587;0,0295;0,0;0,0;0,0;0,0;0,0;0,0;0,0;0,0;0,0;0,2227;2,6654;7,0562;10,6977;14,4323;17,1276;18,6428;18,5614;17,2706;15,3893;12,6165;9,6098;5,7322;1,8121;0,0309;0,0;0,0;0,0;0,0;0,0;0,0;0,0;0,0;0,0;0,0001;1,5944;5,9197;10,1623;13,6925;16,1822;16,6098;16,3708;14,3603;12,7749;10,035;7,8425;3,8921;0,7604;0,0;0,0;0,0;0,0;0,0;0,0;0,0;0,0;0,0;0,0;0,0;0,3425;4,288;8,4685;12,054;14,9551;14,3563;13,056;11,2581;9,8011;7,0813;4,6852;1,5056;0,0118;0,0;0,0;0,0;0,0;0,0;0,0;0,0;0,0;0,0;0,0;0,0;0,0056;2,5703;6,8555;9,8337;11,3376;12,7666;12,8409;11,038;8,8701;5,4191;2,3466;0,0714;0,0;0,0;0,0;0,0;0,0;0,0;0,0;0,0;0,0;0,0;0,0;0,0;0,0;0,1752;2,6054;4,8762;6,9866;7,8764;7,1458;5,7215;4,1251;2,6289;0,2705;0,0;0,0;0,0;0,0;0,0;0,0;0,0;0,0;0,0;0,0;0,0;0,0;0,0;0,0;0,0;1,8917;4,2891;6,7373;8,0363;8,7481;8,2192;6,0211;3,1086;0,1095;0,0;0,0;0,0;0,0;0,0;0,0;0,0;0,0
241;1;100;44,5;48686,0194;2152,7211;3127,4667;4287,1425;4323,8397;4034,669;5558,9007;6923,3747;5935,4481;4493,9865;3827,38;1871,1043;2149,9861;0,0;0,0;0,0;0,0;0,0;0,0;0,0;2,821;7,1273;10,1043;11,8342;11,5859;10,4868;8,4403;5,6923;1,3506;0,0;0,0;0,0;0,0;0,0;0,0;0,0;0,0;0,0;0,0;0,0;0,0;0,0;0,0;0,1712;5,4901;11,2932;15,3134;17,0206;17,6683;16,1594;13,1846;10,1283;5,0304;0,2358;0,0;0,0;0,0;0,0;0,0;0,0;0,0;0,0;0,0;0,0;0,0;0,0;0,0318;3,0322;8,7063;14,5055;17,6158;20,3096;19,4888;18,4743;14,4602;11,539;7,6132;2,5182;0,0;0,0;0,0;0,0;0,0;0,0;0,0;0,0;0,0;0,0;0,0;0,0;1,6162;6,7834;12,3955;17,6166;19,1644;19,5437;17,6601;15,9001;13,1588;9,7796;7,2668;3,0172;0,2257;0,0;0,0;0,0;0,0;0,0;0,0;0,0;0,0;0,0;0,0;0,2555;2,9096;7,8099;12,1544;16,1002;17,5682;16,6295;13,394;11,8624;9,836;8,6212;7,4793;4,1886;1,3419;0,0;0,0;0,0;0,0;0,0;0,0;0,0;0,0;0,0;0,0;0,649;4,6799;10,5354;15,5914;20,673;20,8334;22,7785;21,9652;19,1049;16,0953;12,6812;10,5301;6,8438;2,2922;0,0434;0,0;0,0;0,0;0,0;0,0;0,0;0,0;0,0;0,0;0,3275;3,9197;10,3767;15,7318;21,224;25,1877;27,4159;27,2961;25,398;22,6314;18,5537;14,1321;8,4297;2,6649;0,0454;0,0;0,0;0,0;0,0;0,0;0,0;0,0;0,0;0,0;0,0001;2,3446;8,7055;14,9445;20,1361;23,7974;24,4262;24,0747;21,118;18,7866;14,7573;11,5331;5,7237;1,1183;0,0;0,0;0,0;0,0;0,0;0,0;0,0;0,0;0,0;0,0;0,0;0,5037;6,3059;12,4536;17,7265;21,9929;21,1122;19,1999;16,556;14,4134;10,4137;6,8901;2,2142;0,0174;0,0;0,0;0,0;0,0;0,0;0,0;0,0;0,0;0,0;0,0;0,0;0,0082;3,7799;10,0816;14,4614;16,673;18,7744;18,8837;16,2324;13,0442;7,9692;3,451;0,105;0,0;0,0;0,0;0,0;0,0;0,0;0,0;0,0;0,0;0,0;0,0;0,0;0,0;0,2576;3,8315;7,1709;10,2743;11,583;10,5085;8,414;6,0663;3,8661;0,3978;0,0;0,0;0,0;0,0;0,0;0,0;0,0;0,0;0,0;0,0;0,0;0,0;0,0;0,0;0,0;2,7819;6,3074;9,9079;11,8181;12,8649;12,0871;8,8546;4,5715;0,161;0,0;0,0;0,0;0,0;0,0;0,0;0,0;0,0
242;1;32;14,24;15577,3574;688,8696;1000,7884;1371,3804;1383,0543;1291,0977;1778,8485;2215,4808;1899,0363;1438,076;1223,977;598,7527;687,9957;0,0;0,0;0,0;0,0;0,0;0,0;0,0;0,9027;2,2807;3,2334;3,7869;3,7075;3,3558;2,7009;1,8216;0,4322;0,0;0,0;0,0;0,0;0,0;0,0;0,0;0,0;0,0;0,0;0,0;0,0;0,0;0,0;0,0548;1,7568;3,6138;4,9003;5,4466;5,6539;5,171;4,2191;3,241;1,6097;0,0754;0,0;0,0;0,0;0,0;0,0;0,0;0,0;0,0;0,0;0,0;0,0;0,0;0,0102;0,954;2,786;4,6418;5,6371;6,4991;6,2364;5,9118;4,6273;3,6925;2,4362;0,8058;0,0;0,0;0,0;0,0;0,0;0,0;0,0;0,0;0,0;0,0;0,0;0,0;0,4983;2,1707;3,9666;5,6373;6,1326;6,254;5,6512;5,088;4,2108;3,1294;2,3253;0,9654;0,072;0,0;0,0;0,0;0,0;0,0;0,0;0,0;0,0;0,0;0,0;0,0818;0,9311;2,4992;3,8895;5,1521;5,6218;5,3214;4,2861;3,796;3,1475;2,7588;2,3934;1,3403;0,4293;0,0;0,0;0,0;0,0;0,0;0,0;0,0;0,0;0,0;0,0;0,2077;1,4977;3,3714;4,9893;6,6154;6,6667;7,2891;7,0288;6,1136;5,1505;4,058;3,3696;2,1899;0,7334;0,0139;0,0;0,0;0,0;0,0;0,0;0,0;0,0;0,0;0,0;0,1048;1,2544;3,3207;5,0342;6,7917;8,0601;8,7731;8,7348;8,1273;7,242;5,9372;4,5222;2,6974;0,8526;0,0145;0,0;0,0;0,0;0,0;0,0;0,0;0,0;0,0;0,0;0,0;0,7406;2,7858;4,7823;6,4436;7,6152;7,8164;7,7039;6,7578;6,0117;4,7223;3,6906;1,8315;0,3576;0,0;0,0;0,0;0,0;0,0;0,0;0,0;0,0;0,0;0,0;0,0;0,1612;2,018;3,9852;5,6725;7,0377;6,7559;6,144;5,2979;4,6123;3,3324;2,2048;0,7085;0,0056;0,0;0,0;0,0;0,0;0,0;0,0;0,0;0,0;0,0;0,0;0,0;0,0026;1,1842;3,2261;4,6276;5,3353;6,0078;6,0428;5,1944;4,1742;2,5501;1,1043;0,0336;0,0;0,0;0,0;0,0;0,0;0,0;0,0;0,0;0,0;0,0;0,0;0,0;0,0;0,0824;1,2261;2,2947;3,2878;3,7066;3,3627;2,6925;1,9412;1,2372;0,1273;0,0;0,0;0,0;0,0;0,0;0,0;0,0;0,0;0,0;0,0;0,0;0,0;0,0;0,0;0,0;0,8902;2,0184;3,1705;3,7818;4,1168;3,8679;2,8335;1,4629;0,0515;0,0;0,0;0,0;0,0;0,0;0,0;0,0;0,0
243;1;50;22,25;24338,1829;1076,4046;1563,7329;2142,7299;2160,982;2017,3422;2779,453;3461,6879;2966,8233;2246,9963;1911,2589;935,7793;1074,9926;0,0;0,0;0,0;0,0;0,0;0,0;0,0;1,4104;3,5636;5,0521;5,9171;5,7929;5,2434;4,2202;2,8462;0,6768;0,0;0,0;0,0;0,0;0,0;0,0;0,0;0,0;0,0;0,0;0,0;0,0;0,0;0,0;0,0856;2,745;5,6466;7,6567;8,5103;8,8342;8,0797;6,5923;5,0641;2,5152;0,1179;0,0;0,0;0,0;0,0;0,0;0,0;0,0;0,0;0,0;0,0;0,0;0,0;0,0159;1,489;4,3532;7,2528;8,8079;10,1548;9,7444;9,2371;7,2301;5,7695;3,8065;1,259;0,0;0,0;0,0;0,0;0,0;0,0;0,0;0,0;0,0;0,0;0,0;0,0;0,7772;3,3919;6,1978;8,8084;9,5822;9,7718;8,8301;7,95;6,5794;4,8898;3,6333;1,5085;0,1124;0,0;0,0;0,0;0,0;0,0;0,0;0,0;0,0;0,0;0,0;0,1278;1,455;3,9051;6,0773;8,0502;8,7841;8,3148;6,697;5,9312;4,918;4,3106;3,7396;2,0942;0,6708;0,0;0,0;0,0;0,0;0,0;0,0;0,0;0,0;0,0;0,0;0,3245;2,3402;5,2679;7,7958;10,3366;10,4167;11,3893;10,9826;9,5524;8,0476;6,3405;5,265;3,4217;1,1459;0,0217;0,0;0,0;0,0;0,0;0,0;0,0;0,0;0,0;0,0;0,1638;1,9602;5,1886;7,866;10,6121;12,5939;13,708;13,6481;12,699;11,3156;9,2768;7,0659;4,2146;1,3321;0,0227;0,0;0,0;0,0;0,0;0,0;0,0;0,0;0,0;0,0;0,0;1,1442;4,353;7,4724;10,0681;11,8987;12,2131;12,0374;10,559;9,3933;7,3786;5,7664;2,8616;0,5581;0,0;0,0;0,0;0,0;0,0;0,0;0,0;0,0;0,0;0,0;0,0;0,2519;3,1531;6,2269;8,8633;10,9964;10,5561;9,6;8,278;7,2067;5,2068;3,445;1,107;0,0087;0,0;0,0;0,0;0,0;0,0;0,0;0,0;0,0;0,0;0,0;0,0;0,0041;1,8115;5,0408;7,2307;8,3365;9,3872;9,4419;8,1162;6,5221;3,9846;1,7255;0,0525;0,0;0,0;0,0;0,0;0,0;0,0;0,0;0,0;0,0;0,0;0,0;0,0;0,0;0,1288;1,9157;3,5854;5,1372;5,7915;5,2542;4,207;3,0332;1,9331;0,2065;0,0;0,0;0,0;0,0;0,0;0,0;0,0;0,0;0,0;0,0;0,0;0,0;0,0;0,0;0,0;1,3909;3,1537;4,9539;5,909;6,4324;6,0436;4,4274;2,2858;0,0805;0,0;0,0;0,0;0,0;0,0;0,0;0,0;0,0
246;1;100;44,5;48685,8785;2152,7282;3127,4739;4287,1497;4323,8444;4034,6742;5558,9061;6923,3825;5935,237;4493,9896;3827,3898;1871,1109;2149,9922;0,0;0,0;0,0;0,0;0,0;0,0;0,0;2,821;7,1273;10,1043;11,8342;11,5859;10,4869;8,4403;5,6923;1,3506;0,0;0,0;0,0;0,0;0,0;0,0;0,0;0,0;0,0;0,0;0,0;0,0;0,0;0,0;0,1712;5,4901;11,2933;15,3135;17,0206;17,6684;16,1594;13,1846;10,1283;5,0304;0,2358;0,0;0,0;0,0;0,0;0,0;0,0;0,0;0,0;0,0;0,0;0,0;0,0;0,0318;3,0322;8,7063;14,5056;17,6158;20,3097;19,4888;18,4743;14,4603;11,539;7,6132;2,5183;0,0;0,0;0,0;0,0;0,0;0,0;0,0;0,0;0,0;0,0;0,0;0,0;1,6162;6,7834;12,3955;17,6166;19,1644;19,5437;17,6601;15,9001;13,1588;9,7796;7,2668;3,0172;0,2257;0,0;0,0;0,0;0,0;0,0;0,0;0,0;0,0;0,0;0,0;0,2555;2,9096;7,8099;12,1544;16,1002;17,5682;16,6295;13,394;11,8624;9,836;8,6212;7,4794;4,1886;1,3419;0,0;0,0;0,0;0,0;0,0;0,0;0,0;0,0;0,0;0,0;0,649;4,6798;10,5354;15,5914;20,673;20,8335;22,7785;21,9652;19,105;16,0953;12,6812;10,5302;6,8438;2,2922;0,0434;0,0;0,0;0,0;0,0;0,0;0,0;0,0;0,0;0,0;0,3275;3,9196;10,3767;15,7318;21,224;25,1877;27,4159;27,2961;25,398;22,6314;18,5538;14,1321;8,4298;2,6649;0,0454;0,0;0,0;0,0;0,0;0,0;0,0;0,0;0,0;0,0;0,0001;2,3375;8,7054;14,9445;20,1361;23,7974;24,4263;24,0747;21,1181;18,7866;14,7574;11,5332;5,7237;1,1183;0,0;0,0;0,0;0,0;0,0;0,0;0,0;0,0;0,0;0,0;0,0;0,5037;6,3059;12,4536;17,7265;21,9929;21,1122;19,2;16,5561;14,4134;10,4137;6,8901;2,2142;0,0174;0,0;0,0;0,0;0,0;0,0;0,0;0,0;0,0;0,0;0,0;0,0;0,0082;3,7799;10,0817;14,4614;16,673;18,7744;18,8837;16,2324;13,0443;7,9692;3,451;0,105;0,0;0,0;0,0;0,0;0,0;0,0;0,0;0,0;0,0;0,0;0,0;0,0;0,0;0,2576;3,8315;7,171;10,2744;11,5831;10,5085;8,414;6,0663;3,8661;0,3978;0,0;0,0;0,0;0,0;0,0;0,0;0,0;0,0;0,0;0,0;0,0;0,0;0,0;0,0;0,0;2,7819;6,3075;9,9079;11,8181;12,8649;12,0871;8,8546;4,5715;0,161;0,0;0,0;0,0;0,0;0,0;0,0;0,0;0,0
1;1;0;0,0;0,0;0,0;0,0;0,0;0,0;0,0;0,0;0,0;0,0;0,0;0,0;0,0;0,0;0,0;0,0;0,0;0,0;0,0;0,0;0,0;0,0;0,0;0,0;0,0;0,0;0,0;0,0;0,0;0,0;0,0;0,0;0,0;0,0;0,0;0,0;0,0;0,0;0,0;0,0;0,0;0,0;0,0;0,0;0,0;0,0;0,0;0,0;0,0;0,0;0,0;0,0;0,0;0,0;0,0;0,0;0,0;0,0;0,0;0,0;0,0;0,0;0,0;0,0;0,0;0,0;0,0;0,0;0,0;0,0;0,0;0,0;0,0;0,0;0,0;0,0;0,0;0,0;0,0;0,0;0,0;0,0;0,0;0,0;0,0;0,0;0,0;0,0;0,0;0,0;0,0;0,0;0,0;0,0;0,0;0,0;0,0;0,0;0,0;0,0;0,0;0,0;0,0;0,0;0,0;0,0;0,0;0,0;0,0;0,0;0,0;0,0;0,0;0,0;0,0;0,0;0,0;0,0;0,0;0,0;0,0;0,0;0,0;0,0;0,0;0,0;0,0;0,0;0,0;0,0;0,0;0,0;0,0;0,0;0,0;0,0;0,0;0,0;0,0;0,0;0,0;0,0;0,0;0,0;0,0;0,0;0,0;0,0;0,0;0,0;0,0;0,0;0,0;0,0;0,0;0,0;0,0;0,0;0,0;0,0;0,0;0,0;0,0;0,0;0,0;0,0;0,0;0,0;0,0;0,0;0,0;0,0;0,0;0,0;0,0;0,0;0,0;0,0;0,0;0,0;0,0;0,0;0,0;0,0;0,0;0,0;0,0;0,0;0,0;0,0;0,0;0,0;0,0;0,0;0,0;0,0;0,0;0,0;0,0;0,0;0,0;0,0;0,0;0,0;0,0;0,0;0,0;0,0;0,0;0,0;0,0;0,0;0,0;0,0;0,0;0,0;0,0;0,0;0,0;0,0;0,0;0,0;0,0;0,0;0,0;0,0;0,0;0,0;0,0;0,0;0,0;0,0;0,0;0,0;0,0;0,0;0,0;0,0;0,0;0,0;0,0;0,0;0,0;0,0;0,0;0,0;0,0;0,0;0,0;0,0;0,0;0,0;0,0;0,0;0,0;0,0;0,0;0,0;0,0;0,0;0,0;0,0;0,0;0,0;0,0;0,0;0,0;0,0;0,0;0,0;0,0;0,0;0,0;0,0;0,0;0,0;0,0;0,0;0,0;0,0;0,0;0,0;0,0;0,0;0,0;0,0;0,0;0,0;0,0;0,0;0,0;0,0;0,0;0,0;0,0;0,0;0,0;0,0;0,0;0,0;0,0;0,0
2;1;0;0,0;0,0;0,0;0,0;0,0;0,0;0,0;0,0;0,0;0,0;0,0;0,0;0,0;0,0;0,0;0,0;0,0;0,0;0,0;0,0;0,0;0,0;0,0;0,0;0,0;0,0;0,0;0,0;0,0;0,0;0,0;0,0;0,0;0,0;0,0;0,0;0,0;0,0;0,0;0,0;0,0;0,0;0,0;0,0;0,0;0,0;0,0;0,0;0,0;0,0;0,0;0,0;0,0;0,0;0,0;0,0;0,0;0,0;0,0;0,0;0,0;0,0;0,0;0,0;0,0;0,0;0,0;0,0;0,0;0,0;0,0;0,0;0,0;0,0;0,0;0,0;0,0;0,0;0,0;0,0;0,0;0,0;0,0;0,0;0,0;0,0;0,0;0,0;0,0;0,0;0,0;0,0;0,0;0,0;0,0;0,0;0,0;0,0;0,0;0,0;0,0;0,0;0,0;0,0;0,0;0,0;0,0;0,0;0,0;0,0;0,0;0,0;0,0;0,0;0,0;0,0;0,0;0,0;0,0;0,0;0,0;0,0;0,0;0,0;0,0;0,0;0,0;0,0;0,0;0,0;0,0;0,0;0,0;0,0;0,0;0,0;0,0;0,0;0,0;0,0;0,0;0,0;0,0;0,0;0,0;0,0;0,0;0,0;0,0;0,0;0,0;0,0;0,0;0,0;0,0;0,0;0,0;0,0;0,0;0,0;0,0;0,0;0,0;0,0;0,0;0,0;0,0;0,0;0,0;0,0;0,0;0,0;0,0;0,0;0,0;0,0;0,0;0,0;0,0;0,0;0,0;0,0;0,0;0,0;0,0;0,0;0,0;0,0;0,0;0,0;0,0;0,0;0,0;0,0;0,0;0,0;0,0;0,0;0,0;0,0;0,0;0,0;0,0;0,0;0,0;0,0;0,0;0,0;0,0;0,0;0,0;0,0;0,0;0,0;0,0;0,0;0,0;0,0;0,0;0,0;0,0;0,0;0,0;0,0;0,0;0,0;0,0;0,0;0,0;0,0;0,0;0,0;0,0;0,0;0,0;0,0;0,0;0,0;0,0;0,0;0,0;0,0;0,0;0,0;0,0;0,0;0,0;0,0;0,0;0,0;0,0;0,0;0,0;0,0;0,0;0,0;0,0;0,0;0,0;0,0;0,0;0,0;0,0;0,0;0,0;0,0;0,0;0,0;0,0;0,0;0,0;0,0;0,0;0,0;0,0;0,0;0,0;0,0;0,0;0,0;0,0;0,0;0,0;0,0;0,0;0,0;0,0;0,0;0,0;0,0;0,0;0,0;0,0;0,0;0,0;0,0;0,0;0,0;0,0;0,0;0,0;0,0
3;1;0;0,0;0,0;0,0;0,0;0,0;0,0;0,0;0,0;0,0;0,0;0,0;0,0;0,0;0,0;0,0;0,0;0,0;0,0;0,0;0,0;0,0;0,0;0,0;0,0;0,0;0,0;0,0;0,0;0,0;0,0;0,0;0,0;0,0;0,0;0,0;0,0;0,0;0,0;0,0;0,0;0,0;0,0;0,0;0,0;0,0;0,0;0,0;0,0;0,0;0,0;0,0;0,0;0,0;0,0;0,0;0,0;0,0;0,0;0,0;0,0;0,0;0,0;0,0;0,0;0,0;0,0;0,0;0,0;0,0;0,0;0,0;0,0;0,0;0,0;0,0;0,0;0,0;0,0;0,0;0,0;0,0;0,0;0,0;0,0;0,0;0,0;0,0;0,0;0,0;0,0;0,0;0,0;0,0;0,0;0,0;0,0;0,0;0,0;0,0;0,0;0,0;0,0;0,0;0,0;0,0;0,0;0,0;0,0;0,0;0,0;0,0;0,0;0,0;0,0;0,0;0,0;0,0;0,0;0,0;0,0;0,0;0,0;0,0;0,0;0,0;0,0;0,0;0,0;0,0;0,0;0,0;0,0;0,0;0,0;0,0;0,0;0,0;0,0;0,0;0,0;0,0;0,0;0,0;0,0;0,0;0,0;0,0;0,0;0,0;0,0;0,0;0,0;0,0;0,0;0,0;0,0;0,0;0,0;0,0;0,0;0,0;0,0;0,0;0,0;0,0;0,0;0,0;0,0;0,0;0,0;0,0;0,0;0,0;0,0;0,0;0,0;0,0;0,0;0,0;0,0;0,0;0,0;0,0;0,0;0,0;0,0;0,0;0,0;0,0;0,0;0,0;0,0;0,0;0,0;0,0;0,0;0,0;0,0;0,0;0,0;0,0;0,0;0,0;0,0;0,0;0,0;0,0;0,0;0,0;0,0;0,0;0,0;0,0;0,0;0,0;0,0;0,0;0,0;0,0;0,0;0,0;0,0;0,0;0,0;0,0;0,0;0,0;0,0;0,0;0,0;0,0;0,0;0,0;0,0;0,0;0,0;0,0;0,0;0,0;0,0;0,0;0,0;0,0;0,0;0,0;0,0;0,0;0,0;0,0;0,0;0,0;0,0;0,0;0,0;0,0;0,0;0,0;0,0;0,0;0,0;0,0;0,0;0,0;0,0;0,0;0,0;0,0;0,0;0,0;0,0;0,0;0,0;0,0;0,0;0,0;0,0;0,0;0,0;0,0;0,0;0,0;0,0;0,0;0,0;0,0;0,0;0,0;0,0;0,0;0,0;0,0;0,0;0,0;0,0;0,0;0,0;0,0;0,0;0,0;0,0;0,0;0,0
6;1;0;0,0;0,0;0,0;0,0;0,0;0,0;0,0;0,0;0,0;0,0;0,0;0,0;0,0;0,0;0,0;0,0;0,0;0,0;0,0;0,0;0,0;0,0;0,0;0,0;0,0;0,0;0,0;0,0;0,0;0,0;0,0;0,0;0,0;0,0;0,0;0,0;0,0;0,0;0,0;0,0;0,0;0,0;0,0;0,0;0,0;0,0;0,0;0,0;0,0;0,0;0,0;0,0;0,0;0,0;0,0;0,0;0,0;0,0;0,0;0,0;0,0;0,0;0,0;0,0;0,0;0,0;0,0;0,0;0,0;0,0;0,0;0,0;0,0;0,0;0,0;0,0;0,0;0,0;0,0;0,0;0,0;0,0;0,0;0,0;0,0;0,0;0,0;0,0;0,0;0,0;0,0;0,0;0,0;0,0;0,0;0,0;0,0;0,0;0,0;0,0;0,0;0,0;0,0;0,0;0,0;0,0;0,0;0,0;0,0;0,0;0,0;0,0;0,0;0,0;0,0;0,0;0,0;0,0;0,0;0,0;0,0;0,0;0,0;0,0;0,0;0,0;0,0;0,0;0,0;0,0;0,0;0,0;0,0;0,0;0,0;0,0;0,0;0,0;0,0;0,0;0,0;0,0;0,0;0,0;0,0;0,0;0,0;0,0;0,0;0,0;0,0;0,0;0,0;0,0;0,0;0,0;0,0;0,0;0,0;0,0;0,0;0,0;0,0;0,0;0,0;0,0;0,0;0,0;0,0;0,0;0,0;0,0;0,0;0,0;0,0;0,0;0,0;0,0;0,0;0,0;0,0;0,0;0,0;0,0;0,0;0,0;0,0;0,0;0,0;0,0;0,0;0,0;0,0;0,0;0,0;0,0;0,0;0,0;0,0;0,0;0,0;0,0;0,0;0,0;0,0;0,0;0,0;0,0;0,0;0,0;0,0;0,0;0,0;0,0;0,0;0,0;0,0;0,0;0,0;0,0;0,0;0,0;0,0;0,0;0,0;0,0;0,0;0,0;0,0;0,0;0,0;0,0;0,0;0,0;0,0;0,0;0,0;0,0;0,0;0,0;0,0;0,0;0,0;0,0;0,0;0,0;0,0;0,0;0,0;0,0;0,0;0,0;0,0;0,0;0,0;0,0;0,0;0,0;0,0;0,0;0,0;0,0;0,0;0,0;0,0;0,0;0,0;0,0;0,0;0,0;0,0;0,0;0,0;0,0;0,0;0,0;0,0;0,0;0,0;0,0;0,0;0,0;0,0;0,0;0,0;0,0;0,0;0,0;0,0;0,0;0,0;0,0;0,0;0,0;0,0;0,0;0,0;0,0;0,0;0,0;0,0;0,0
7;1;0;0,0;0,0;0,0;0,0;0,0;0,0;0,0;0,0;0,0;0,0;0,0;0,0;0,0;0,0;0,0;0,0;0,0;0,0;0,0;0,0;0,0;0,0;0,0;0,0;0,0;0,0;0,0;0,0;0,0;0,0;0,0;0,0;0,0;0,0;0,0;0,0;0,0;0,0;0,0;0,0;0,0;0,0;0,0;0,0;0,0;0,0;0,0;0,0;0,0;0,0;0,0;0,0;0,0;0,0;0,0;0,0;0,0;0,0;0,0;0,0;0,0;0,0;0,0;0,0;0,0;0,0;0,0;0,0;0,0;0,0;0,0;0,0;0,0;0,0;0,0;0,0;0,0;0,0;0,0;0,0;0,0;0,0;0,0;0,0;0,0;0,0;0,0;0,0;0,0;0,0;0,0;0,0;0,0;0,0;0,0;0,0;0,0;0,0;0,0;0,0;0,0;0,0;0,0;0,0;0,0;0,0;0,0;0,0;0,0;0,0;0,0;0,0;0,0;0,0;0,0;0,0;0,0;0,0;0,0;0,0;0,0;0,0;0,0;0,0;0,0;0,0;0,0;0,0;0,0;0,0;0,0;0,0;0,0;0,0;0,0;0,0;0,0;0,0;0,0;0,0;0,0;0,0;0,0;0,0;0,0;0,0;0,0;0,0;0,0;0,0;0,0;0,0;0,0;0,0;0,0;0,0;0,0;0,0;0,0;0,0;0,0;0,0;0,0;0,0;0,0;0,0;0,0;0,0;0,0;0,0;0,0;0,0;0,0;0,0;0,0;0,0;0,0;0,0;0,0;0,0;0,0;0,0;0,0;0,0;0,0;0,0;0,0;0,0;0,0;0,0;0,0;0,0;0,0;0,0;0,0;0,0;0,0;0,0;0,0;0,0;0,0;0,0;0,0;0,0;0,0;0,0;0,0;0,0;0,0;0,0;0,0;0,0;0,0;0,0;0,0;0,0;0,0;0,0;0,0;0,0;0,0;0,0;0,0;0,0;0,0;0,0;0,0;0,0;0,0;0,0;0,0;0,0;0,0;0,0;0,0;0,0;0,0;0,0;0,0;0,0;0,0;0,0;0,0;0,0;0,0;0,0;0,0;0,0;0,0;0,0;0,0;0,0;0,0;0,0;0,0;0,0;0,0;0,0;0,0;0,0;0,0;0,0;0,0;0,0;0,0;0,0;0,0;0,0;0,0;0,0;0,0;0,0;0,0;0,0;0,0;0,0;0,0;0,0;0,0;0,0;0,0;0,0;0,0;0,0;0,0;0,0;0,0;0,0;0,0;0,0;0,0;0,0;0,0;0,0;0,0;0,0;0,0;0,0;0,0;0,0;0,0;0,0
8;1;0;0,0;0,0;0,0;0,0;0,0;0,0;0,0;0,0;0,0;0,0;0,0;0,0;0,0;0,0;0,0;0,0;0,0;0,0;0,0;0,0;0,0;0,0;0,0;0,0;0,0;0,0;0,0;0,0;0,0;0,0;0,0;0,0;0,0;0,0;0,0;0,0;0,0;0,0;0,0;0,0;0,0;0,0;0,0;0,0;0,0;0,0;0,0;0,0;0,0;0,0;0,0;0,0;0,0;0,0;0,0;0,0;0,0;0,0;0,0;0,0;0,0;0,0;0,0;0,0;0,0;0,0;0,0;0,0;0,0;0,0;0,0;0,0;0,0;0,0;0,0;0,0;0,0;0,0;0,0;0,0;0,0;0,0;0,0;0,0;0,0;0,0;0,0;0,0;0,0;0,0;0,0;0,0;0,0;0,0;0,0;0,0;0,0;0,0;0,0;0,0;0,0;0,0;0,0;0,0;0,0;0,0;0,0;0,0;0,0;0,0;0,0;0,0;0,0;0,0;0,0;0,0;0,0;0,0;0,0;0,0;0,0;0,0;0,0;0,0;0,0;0,0;0,0;0,0;0,0;0,0;0,0;0,0;0,0;0,0;0,0;0,0;0,0;0,0;0,0;0,0;0,0;0,0;0,0;0,0;0,0;0,0;0,0;0,0;0,0;0,0;0,0;0,0;0,0;0,0;0,0;0,0;0,0;0,0;0,0;0,0;0,0;0,0;0,0;0,0;0,0;0,0;0,0;0,0;0,0;0,0;0,0;0,0;0,0;0,0;0,0;0,0;0,0;0,0;0,0;0,0;0,0;0,0;0,0;0,0;0,0;0,0;0,0;0,0;0,0;0,0;0,0;0,0;0,0;0,0;0,0;0,0;0,0;0,0;0,0;0,0;0,0;0,0;0,0;0,0;0,0;0,0;0,0;0,0;0,0;0,0;0,0;0,0;0,0;0,0;0,0;0,0;0,0;0,0;0,0;0,0;0,0;0,0;0,0;0,0;0,0;0,0;0,0;0,0;0,0;0,0;0,0;0,0;0,0;0,0;0,0;0,0;0,0;0,0;0,0;0,0;0,0;0,0;0,0;0,0;0,0;0,0;0,0;0,0;0,0;0,0;0,0;0,0;0,0;0,0;0,0;0,0;0,0;0,0;0,0;0,0;0,0;0,0;0,0;0,0;0,0;0,0;0,0;0,0;0,0;0,0;0,0;0,0;0,0;0,0;0,0;0,0;0,0;0,0;0,0;0,0;0,0;0,0;0,0;0,0;0,0;0,0;0,0;0,0;0,0;0,0;0,0;0,0;0,0;0,0;0,0;0,0;0,0;0,0;0,0;0,0;0,0;0,0
13;1;0;0,0;0,0;0,0;0,0;0,0;0,0;0,0;0,0;0,0;0,0;0,0;0,0;0,0;0,0;0,0;0,0;0,0;0,0;0,0;0,0;0,0;0,0;0,0;0,0;0,0;0,0;0,0;0,0;0,0;0,0;0,0;0,0;0,0;0,0;0,0;0,0;0,0;0,0;0,0;0,0;0,0;0,0;0,0;0,0;0,0;0,0;0,0;0,0;0,0;0,0;0,0;0,0;0,0;0,0;0,0;0,0;0,0;0,0;0,0;0,0;0,0;0,0;0,0;0,0;0,0;0,0;0,0;0,0;0,0;0,0;0,0;0,0;0,0;0,0;0,0;0,0;0,0;0,0;0,0;0,0;0,0;0,0;0,0;0,0;0,0;0,0;0,0;0,0;0,0;0,0;0,0;0,0;0,0;0,0;0,0;0,0;0,0;0,0;0,0;0,0;0,0;0,0;0,0;0,0;0,0;0,0;0,0;0,0;0,0;0,0;0,0;0,0;0,0;0,0;0,0;0,0;0,0;0,0;0,0;0,0;0,0;0,0;0,0;0,0;0,0;0,0;0,0;0,0;0,0;0,0;0,0;0,0;0,0;0,0;0,0;0,0;0,0;0,0;0,0;0,0;0,0;0,0;0,0;0,0;0,0;0,0;0,0;0,0;0,0;0,0;0,0;0,0;0,0;0,0;0,0;0,0;0,0;0,0;0,0;0,0;0,0;0,0;0,0;0,0;0,0;0,0;0,0;0,0;0,0;0,0;0,0;0,0;0,0;0,0;0,0;0,0;0,0;0,0;0,0;0,0;0,0;0,0;0,0;0,0;0,0;0,0;0,0;0,0;0,0;0,0;0,0;0,0;0,0;0,0;0,0;0,0;0,0;0,0;0,0;0,0;0,0;0,0;0,0;0,0;0,0;0,0;0,0;0,0;0,0;0,0;0,0;0,0;0,0;0,0;0,0;0,0;0,0;0,0;0,0;0,0;0,0;0,0;0,0;0,0;0,0;0,0;0,0;0,0;0,0;0,0;0,0;0,0;0,0;0,0;0,0;0,0;0,0;0,0;0,0;0,0;0,0;0,0;0,0;0,0;0,0;0,0;0,0;0,0;0,0;0,0;0,0;0,0;0,0;0,0;0,0;0,0;0,0;0,0;0,0;0,0;0,0;0,0;0,0;0,0;0,0;0,0;0,0;0,0;0,0;0,0;0,0;0,0;0,0;0,0;0,0;0,0;0,0;0,0;0,0;0,0;0,0;0,0;0,0;0,0;0,0;0,0;0,0;0,0;0,0;0,0;0,0;0,0;0,0;0,0;0,0;0,0;0,0;0,0;0,0;0,0;0,0;0,0
15;1;0;0,0;0,0;0,0;0,0;0,0;0,0;0,0;0,0;0,0;0,0;0,0;0,0;0,0;0,0;0,0;0,0;0,0;0,0;0,0;0,0;0,0;0,0;0,0;0,0;0,0;0,0;0,0;0,0;0,0;0,0;0,0;0,0;0,0;0,0;0,0;0,0;0,0;0,0;0,0;0,0;0,0;0,0;0,0;0,0;0,0;0,0;0,0;0,0;0,0;0,0;0,0;0,0;0,0;0,0;0,0;0,0;0,0;0,0;0,0;0,0;0,0;0,0;0,0;0,0;0,0;0,0;0,0;0,0;0,0;0,0;0,0;0,0;0,0;0,0;0,0;0,0;0,0;0,0;0,0;0,0;0,0;0,0;0,0;0,0;0,0;0,0;0,0;0,0;0,0;0,0;0,0;0,0;0,0;0,0;0,0;0,0;0,0;0,0;0,0;0,0;0,0;0,0;0,0;0,0;0,0;0,0;0,0;0,0;0,0;0,0;0,0;0,0;0,0;0,0;0,0;0,0;0,0;0,0;0,0;0,0;0,0;0,0;0,0;0,0;0,0;0,0;0,0;0,0;0,0;0,0;0,0;0,0;0,0;0,0;0,0;0,0;0,0;0,0;0,0;0,0;0,0;0,0;0,0;0,0;0,0;0,0;0,0;0,0;0,0;0,0;0,0;0,0;0,0;0,0;0,0;0,0;0,0;0,0;0,0;0,0;0,0;0,0;0,0;0,0;0,0;0,0;0,0;0,0;0,0;0,0;0,0;0,0;0,0;0,0;0,0;0,0;0,0;0,0;0,0;0,0;0,0;0,0;0,0;0,0;0,0;0,0;0,0;0,0;0,0;0,0;0,0;0,0;0,0;0,0;0,0;0,0;0,0;0,0;0,0;0,0;0,0;0,0;0,0;0,0;0,0;0,0;0,0;0,0;0,0;0,0;0,0;0,0;0,0;0,0;0,0;0,0;0,0;0,0;0,0;0,0;0,0;0,0;0,0;0,0;0,0;0,0;0,0;0,0;0,0;0,0;0,0;0,0;0,0;0,0;0,0;0,0;0,0;0,0;0,0;0,0;0,0;0,0;0,0;0,0;0,0;0,0;0,0;0,0;0,0;0,0;0,0;0,0;0,0;0,0;0,0;0,0;0,0;0,0;0,0;0,0;0,0;0,0;0,0;0,0;0,0;0,0;0,0;0,0;0,0;0,0;0,0;0,0;0,0;0,0;0,0;0,0;0,0;0,0;0,0;0,0;0,0;0,0;0,0;0,0;0,0;0,0;0,0;0,0;0,0;0,0;0,0;0,0;0,0;0,0;0,0;0,0;0,0;0,0;0,0;0,0;0,0;0,0
17;1;0;0,0;0,0;0,0;0,0;0,0;0,0;0,0;0,0;0,0;0,0;0,0;0,0;0,0;0,0;0,0;0,0;0,0;0,0;0,0;0,0;0,0;0,0;0,0;0,0;0,0;0,0;0,0;0,0;0,0;0,0;0,0;0,0;0,0;0,0;0,0;0,0;0,0;0,0;0,0;0,0;0,0;0,0;0,0;0,0;0,0;0,0;0,0;0,0;0,0;0,0;0,0;0,0;0,0;0,0;0,0;0,0;0,0;0,0;0,0;0,0;0,0;0,0;0,0;0,0;0,0;0,0;0,0;0,0;0,0;0,0;0,0;0,0;0,0;0,0;0,0;0,0;0,0;0,0;0,0;0,0;0,0;0,0;0,0;0,0;0,0;0,0;0,0;0,0;0,0;0,0;0,0;0,0;0,0;0,0;0,0;0,0;0,0;0,0;0,0;0,0;0,0;0,0;0,0;0,0;0,0;0,0;0,0;0,0;0,0;0,0;0,0;0,0;0,0;0,0;0,0;0,0;0,0;0,0;0,0;0,0;0,0;0,0;0,0;0,0;0,0;0,0;0,0;0,0;0,0;0,0;0,0;0,0;0,0;0,0;0,0;0,0;0,0;0,0;0,0;0,0;0,0;0,0;0,0;0,0;0,0;0,0;0,0;0,0;0,0;0,0;0,0;0,0;0,0;0,0;0,0;0,0;0,0;0,0;0,0;0,0;0,0;0,0;0,0;0,0;0,0;0,0;0,0;0,0;0,0;0,0;0,0;0,0;0,0;0,0;0,0;0,0;0,0;0,0;0,0;0,0;0,0;0,0;0,0;0,0;0,0;0,0;0,0;0,0;0,0;0,0;0,0;0,0;0,0;0,0;0,0;0,0;0,0;0,0;0,0;0,0;0,0;0,0;0,0;0,0;0,0;0,0;0,0;0,0;0,0;0,0;0,0;0,0;0,0;0,0;0,0;0,0;0,0;0,0;0,0;0,0;0,0;0,0;0,0;0,0;0,0;0,0;0,0;0,0;0,0;0,0;0,0;0,0;0,0;0,0;0,0;0,0;0,0;0,0;0,0;0,0;0,0;0,0;0,0;0,0;0,0;0,0;0,0;0,0;0,0;0,0;0,0;0,0;0,0;0,0;0,0;0,0;0,0;0,0;0,0;0,0;0,0;0,0;0,0;0,0;0,0;0,0;0,0;0,0;0,0;0,0;0,0;0,0;0,0;0,0;0,0;0,0;0,0;0,0;0,0;0,0;0,0;0,0;0,0;0,0;0,0;0,0;0,0;0,0;0,0;0,0;0,0;0,0;0,0;0,0;0,0;0,0;0,0;0,0;0,0;0,0;0,0;0,0
19;1;0;0,0;0,0;0,0;0,0;0,0;0,0;0,0;0,0;0,0;0,0;0,0;0,0;0,0;0,0;0,0;0,0;0,0;0,0;0,0;0,0;0,0;0,0;0,0;0,0;0,0;0,0;0,0;0,0;0,0;0,0;0,0;0,0;0,0;0,0;0,0;0,0;0,0;0,0;0,0;0,0;0,0;0,0;0,0;0,0;0,0;0,0;0,0;0,0;0,0;0,0;0,0;0,0;0,0;0,0;0,0;0,0;0,0;0,0;0,0;0,0;0,0;0,0;0,0;0,0;0,0;0,0;0,0;0,0;0,0;0,0;0,0;0,0;0,0;0,0;0,0;0,0;0,0;0,0;0,0;0,0;0,0;0,0;0,0;0,0;0,0;0,0;0,0;0,0;0,0;0,0;0,0;0,0;0,0;0,0;0,0;0,0;0,0;0,0;0,0;0,0;0,0;0,0;0,0;0,0;0,0;0,0;0,0;0,0;0,0;0,0;0,0;0,0;0,0;0,0;0,0;0,0;0,0;0,0;0,0;0,0;0,0;0,0;0,0;0,0;0,0;0,0;0,0;0,0;0,0;0,0;0,0;0,0;0,0;0,0;0,0;0,0;0,0;0,0;0,0;0,0;0,0;0,0;0,0;0,0;0,0;0,0;0,0;0,0;0,0;0,0;0,0;0,0;0,0;0,0;0,0;0,0;0,0;0,0;0,0;0,0;0,0;0,0;0,0;0,0;0,0;0,0;0,0;0,0;0,0;0,0;0,0;0,0;0,0;0,0;0,0;0,0;0,0;0,0;0,0;0,0;0,0;0,0;0,0;0,0;0,0;0,0;0,0;0,0;0,0;0,0;0,0;0,0;0,0;0,0;0,0;0,0;0,0;0,0;0,0;0,0;0,0;0,0;0,0;0,0;0,0;0,0;0,0;0,0;0,0;0,0;0,0;0,0;0,0;0,0;0,0;0,0;0,0;0,0;0,0;0,0;0,0;0,0;0,0;0,0;0,0;0,0;0,0;0,0;0,0;0,0;0,0;0,0;0,0;0,0;0,0;0,0;0,0;0,0;0,0;0,0;0,0;0,0;0,0;0,0;0,0;0,0;0,0;0,0;0,0;0,0;0,0;0,0;0,0;0,0;0,0;0,0;0,0;0,0;0,0;0,0;0,0;0,0;0,0;0,0;0,0;0,0;0,0;0,0;0,0;0,0;0,0;0,0;0,0;0,0;0,0;0,0;0,0;0,0;0,0;0,0;0,0;0,0;0,0;0,0;0,0;0,0;0,0;0,0;0,0;0,0;0,0;0,0;0,0;0,0;0,0;0,0;0,0;0,0;0,0;0,0;0,0;0,0
21;1;0;0,0;0,0;0,0;0,0;0,0;0,0;0,0;0,0;0,0;0,0;0,0;0,0;0,0;0,0;0,0;0,0;0,0;0,0;0,0;0,0;0,0;0,0;0,0;0,0;0,0;0,0;0,0;0,0;0,0;0,0;0,0;0,0;0,0;0,0;0,0;0,0;0,0;0,0;0,0;0,0;0,0;0,0;0,0;0,0;0,0;0,0;0,0;0,0;0,0;0,0;0,0;0,0;0,0;0,0;0,0;0,0;0,0;0,0;0,0;0,0;0,0;0,0;0,0;0,0;0,0;0,0;0,0;0,0;0,0;0,0;0,0;0,0;0,0;0,0;0,0;0,0;0,0;0,0;0,0;0,0;0,0;0,0;0,0;0,0;0,0;0,0;0,0;0,0;0,0;0,0;0,0;0,0;0,0;0,0;0,0;0,0;0,0;0,0;0,0;0,0;0,0;0,0;0,0;0,0;0,0;0,0;0,0;0,0;0,0;0,0;0,0;0,0;0,0;0,0;0,0;0,0;0,0;0,0;0,0;0,0;0,0;0,0;0,0;0,0;0,0;0,0;0,0;0,0;0,0;0,0;0,0;0,0;0,0;0,0;0,0;0,0;0,0;0,0;0,0;0,0;0,0;0,0;0,0;0,0;0,0;0,0;0,0;0,0;0,0;0,0;0,0;0,0;0,0;0,0;0,0;0,0;0,0;0,0;0,0;0,0;0,0;0,0;0,0;0,0;0,0;0,0;0,0;0,0;0,0;0,0;0,0;0,0;0,0;0,0;0,0;0,0;0,0;0,0;0,0;0,0;0,0;0,0;0,0;0,0;0,0;0,0;0,0;0,0;0,0;0,0;0,0;0,0;0,0;0,0;0,0;0,0;0,0;0,0;0,0;0,0;0,0;0,0;0,0;0,0;0,0;0,0;0,0;0,0;0,0;0,0;0,0;0,0;0,0;0,0;0,0;0,0;0,0;0,0;0,0;0,0;0,0;0,0;0,0;0,0;0,0;0,0;0,0;0,0;0,0;0,0;0,0;0,0;0,0;0,0;0,0;0,0;0,0;0,0;0,0;0,0;0,0;0,0;0,0;0,0;0,0;0,0;0,0;0,0;0,0;0,0;0,0;0,0;0,0;0,0;0,0;0,0;0,0;0,0;0,0;0,0;0,0;0,0;0,0;0,0;0,0;0,0;0,0;0,0;0,0;0,0;0,0;0,0;0,0;0,0;0,0;0,0;0,0;0,0;0,0;0,0;0,0;0,0;0,0;0,0;0,0;0,0;0,0;0,0;0,0;0,0;0,0;0,0;0,0;0,0;0,0;0,0;0,0;0,0;0,0;0,0;0,0;0,0
23;1;0;0,0;0,0;0,0;0,0;0,0;0,0;0,0;0,0;0,0;0,0;0,0;0,0;0,0;0,0;0,0;0,0;0,0;0,0;0,0;0,0;0,0;0,0;0,0;0,0;0,0;0,0;0,0;0,0;0,0;0,0;0,0;0,0;0,0;0,0;0,0;0,0;0,0;0,0;0,0;0,0;0,0;0,0;0,0;0,0;0,0;0,0;0,0;0,0;0,0;0,0;0,0;0,0;0,0;0,0;0,0;0,0;0,0;0,0;0,0;0,0;0,0;0,0;0,0;0,0;0,0;0,0;0,0;0,0;0,0;0,0;0,0;0,0;0,0;0,0;0,0;0,0;0,0;0,0;0,0;0,0;0,0;0,0;0,0;0,0;0,0;0,0;0,0;0,0;0,0;0,0;0,0;0,0;0,0;0,0;0,0;0,0;0,0;0,0;0,0;0,0;0,0;0,0;0,0;0,0;0,0;0,0;0,0;0,0;0,0;0,0;0,0;0,0;0,0;0,0;0,0;0,0;0,0;0,0;0,0;0,0;0,0;0,0;0,0;0,0;0,0;0,0;0,0;0,0;0,0;0,0;0,0;0,0;0,0;0,0;0,0;0,0;0,0;0,0;0,0;0,0;0,0;0,0;0,0;0,0;0,0;0,0;0,0;0,0;0,0;0,0;0,0;0,0;0,0;0,0;0,0;0,0;0,0;0,0;0,0;0,0;0,0;0,0;0,0;0,0;0,0;0,0;0,0;0,0;0,0;0,0;0,0;0,0;0,0;0,0;0,0;0,0;0,0;0,0;0,0;0,0;0,0;0,0;0,0;0,0;0,0;0,0;0,0;0,0;0,0;0,0;0,0;0,0;0,0;0,0;0,0;0,0;0,0;0,0;0,0;0,0;0,0;0,0;0,0;0,0;0,0;0,0;0,0;0,0;0,0;0,0;0,0;0,0;0,0;0,0;0,0;0,0;0,0;0,0;0,0;0,0;0,0;0,0;0,0;0,0;0,0;0,0;0,0;0,0;0,0;0,0;0,0;0,0;0,0;0,0;0,0;0,0;0,0;0,0;0,0;0,0;0,0;0,0;0,0;0,0;0,0;0,0;0,0;0,0;0,0;0,0;0,0;0,0;0,0;0,0;0,0;0,0;0,0;0,0;0,0;0,0;0,0;0,0;0,0;0,0;0,0;0,0;0,0;0,0;0,0;0,0;0,0;0,0;0,0;0,0;0,0;0,0;0,0;0,0;0,0;0,0;0,0;0,0;0,0;0,0;0,0;0,0;0,0;0,0;0,0;0,0;0,0;0,0;0,0;0,0;0,0;0,0;0,0;0,0;0,0;0,0;0,0;0,0
24;1;0;0,0;0,0;0,0;0,0;0,0;0,0;0,0;0,0;0,0;0,0;0,0;0,0;0,0;0,0;0,0;0,0;0,0;0,0;0,0;0,0;0,0;0,0;0,0;0,0;0,0;0,0;0,0;0,0;0,0;0,0;0,0;0,0;0,0;0,0;0,0;0,0;0,0;0,0;0,0;0,0;0,0;0,0;0,0;0,0;0,0;0,0;0,0;0,0;0,0;0,0;0,0;0,0;0,0;0,0;0,0;0,0;0,0;0,0;0,0;0,0;0,0;0,0;0,0;0,0;0,0;0,0;0,0;0,0;0,0;0,0;0,0;0,0;0,0;0,0;0,0;0,0;0,0;0,0;0,0;0,0;0,0;0,0;0,0;0,0;0,0;0,0;0,0;0,0;0,0;0,0;0,0;0,0;0,0;0,0;0,0;0,0;0,0;0,0;0,0;0,0;0,0;0,0;0,0;0,0;0,0;0,0;0,0;0,0;0,0;0,0;0,0;0,0;0,0;0,0;0,0;0,0;0,0;0,0;0,0;0,0;0,0;0,0;0,0;0,0;0,0;0,0;0,0;0,0;0,0;0,0;0,0;0,0;0,0;0,0;0,0;0,0;0,0;0,0;0,0;0,0;0,0;0,0;0,0;0,0;0,0;0,0;0,0;0,0;0,0;0,0;0,0;0,0;0,0;0,0;0,0;0,0;0,0;0,0;0,0;0,0;0,0;0,0;0,0;0,0;0,0;0,0;0,0;0,0;0,0;0,0;0,0;0,0;0,0;0,0;0,0;0,0;0,0;0,0;0,0;0,0;0,0;0,0;0,0;0,0;0,0;0,0;0,0;0,0;0,0;0,0;0,0;0,0;0,0;0,0;0,0;0,0;0,0;0,0;0,0;0,0;0,0;0,0;0,0;0,0;0,0;0,0;0,0;0,0;0,0;0,0;0,0;0,0;0,0;0,0;0,0;0,0;0,0;0,0;0,0;0,0;0,0;0,0;0,0;0,0;0,0;0,0;0,0;0,0;0,0;0,0;0,0;0,0;0,0;0,0;0,0;0,0;0,0;0,0;0,0;0,0;0,0;0,0;0,0;0,0;0,0;0,0;0,0;0,0;0,0;0,0;0,0;0,0;0,0;0,0;0,0;0,0;0,0;0,0;0,0;0,0;0,0;0,0;0,0;0,0;0,0;0,0;0,0;0,0;0,0;0,0;0,0;0,0;0,0;0,0;0,0;0,0;0,0;0,0;0,0;0,0;0,0;0,0;0,0;0,0;0,0;0,0;0,0;0,0;0,0;0,0;0,0;0,0;0,0;0,0;0,0;0,0;0,0;0,0;0,0;0,0;0,0;0,0
26;1;0;0,0;0,0;0,0;0,0;0,0;0,0;0,0;0,0;0,0;0,0;0,0;0,0;0,0;0,0;0,0;0,0;0,0;0,0;0,0;0,0;0,0;0,0;0,0;0,0;0,0;0,0;0,0;0,0;0,0;0,0;0,0;0,0;0,0;0,0;0,0;0,0;0,0;0,0;0,0;0,0;0,0;0,0;0,0;0,0;0,0;0,0;0,0;0,0;0,0;0,0;0,0;0,0;0,0;0,0;0,0;0,0;0,0;0,0;0,0;0,0;0,0;0,0;0,0;0,0;0,0;0,0;0,0;0,0;0,0;0,0;0,0;0,0;0,0;0,0;0,0;0,0;0,0;0,0;0,0;0,0;0,0;0,0;0,0;0,0;0,0;0,0;0,0;0,0;0,0;0,0;0,0;0,0;0,0;0,0;0,0;0,0;0,0;0,0;0,0;0,0;0,0;0,0;0,0;0,0;0,0;0,0;0,0;0,0;0,0;0,0;0,0;0,0;0,0;0,0;0,0;0,0;0,0;0,0;0,0;0,0;0,0;0,0;0,0;0,0;0,0;0,0;0,0;0,0;0,0;0,0;0,0;0,0;0,0;0,0;0,0;0,0;0,0;0,0;0,0;0,0;0,0;0,0;0,0;0,0;0,0;0,0;0,0;0,0;0,0;0,0;0,0;0,0;0,0;0,0;0,0;0,0;0,0;0,0;0,0;0,0;0,0;0,0;0,0;0,0;0,0;0,0;0,0;0,0;0,0;0,0;0,0;0,0;0,0;0,0;0,0;0,0;0,0;0,0;0,0;0,0;0,0;0,0;0,0;0,0;0,0;0,0;0,0;0,0;0,0;0,0;0,0;0,0;0,0;0,0;0,0;0,0;0,0;0,0;0,0;0,0;0,0;0,0;0,0;0,0;0,0;0,0;0,0;0,0;0,0;0,0;0,0;0,0;0,0;0,0;0,0;0,0;0,0;0,0;0,0;0,0;0,0;0,0;0,0;0,0;0,0;0,0;0,0;0,0;0,0;0,0;0,0;0,0;0,0;0,0;0,0;0,0;0,0;0,0;0,0;0,0;0,0;0,0;0,0;0,0;0,0;0,0;0,0;0,0;0,0;0,0;0,0;0,0;0,0;0,0;0,0;0,0;0,0;0,0;0,0;0,0;0,0;0,0;0,0;0,0;0,0;0,0;0,0;0,0;0,0;0,0;0,0;0,0;0,0;0,0;0,0;0,0;0,0;0,0;0,0;0,0;0,0;0,0;0,0;0,0;0,0;0,0;0,0;0,0;0,0;0,0;0,0;0,0;0,0;0,0;0,0;0,0;0,0;0,0;0,0;0,0;0,0;0,0
27;1;0;0,0;0,0;0,0;0,0;0,0;0,0;0,0;0,0;0,0;0,0;0,0;0,0;0,0;0,0;0,0;0,0;0,0;0,0;0,0;0,0;0,0;0,0;0,0;0,0;0,0;0,0;0,0;0,0;0,0;0,0;0,0;0,0;0,0;0,0;0,0;0,0;0,0;0,0;0,0;0,0;0,0;0,0;0,0;0,0;0,0;0,0;0,0;0,0;0,0;0,0;0,0;0,0;0,0;0,0;0,0;0,0;0,0;0,0;0,0;0,0;0,0;0,0;0,0;0,0;0,0;0,0;0,0;0,0;0,0;0,0;0,0;0,0;0,0;0,0;0,0;0,0;0,0;0,0;0,0;0,0;0,0;0,0;0,0;0,0;0,0;0,0;0,0;0,0;0,0;0,0;0,0;0,0;0,0;0,0;0,0;0,0;0,0;0,0;0,0;0,0;0,0;0,0;0,0;0,0;0,0;0,0;0,0;0,0;0,0;0,0;0,0;0,0;0,0;0,0;0,0;0,0;0,0;0,0;0,0;0,0;0,0;0,0;0,0;0,0;0,0;0,0;0,0;0,0;0,0;0,0;0,0;0,0;0,0;0,0;0,0;0,0;0,0;0,0;0,0;0,0;0,0;0,0;0,0;0,0;0,0;0,0;0,0;0,0;0,0;0,0;0,0;0,0;0,0;0,0;0,0;0,0;0,0;0,0;0,0;0,0;0,0;0,0;0,0;0,0;0,0;0,0;0,0;0,0;0,0;0,0;0,0;0,0;0,0;0,0;0,0;0,0;0,0;0,0;0,0;0,0;0,0;0,0;0,0;0,0;0,0;0,0;0,0;0,0;0,0;0,0;0,0;0,0;0,0;0,0;0,0;0,0;0,0;0,0;0,0;0,0;0,0;0,0;0,0;0,0;0,0;0,0;0,0;0,0;0,0;0,0;0,0;0,0;0,0;0,0;0,0;0,0;0,0;0,0;0,0;0,0;0,0;0,0;0,0;0,0;0,0;0,0;0,0;0,0;0,0;0,0;0,0;0,0;0,0;0,0;0,0;0,0;0,0;0,0;0,0;0,0;0,0;0,0;0,0;0,0;0,0;0,0;0,0;0,0;0,0;0,0;0,0;0,0;0,0;0,0;0,0;0,0;0,0;0,0;0,0;0,0;0,0;0,0;0,0;0,0;0,0;0,0;0,0;0,0;0,0;0,0;0,0;0,0;0,0;0,0;0,0;0,0;0,0;0,0;0,0;0,0;0,0;0,0;0,0;0,0;0,0;0,0;0,0;0,0;0,0;0,0;0,0;0,0;0,0;0,0;0,0;0,0;0,0;0,0;0,0;0,0;0,0;0,0
30;1;0;0,0;0,0;0,0;0,0;0,0;0,0;0,0;0,0;0,0;0,0;0,0;0,0;0,0;0,0;0,0;0,0;0,0;0,0;0,0;0,0;0,0;0,0;0,0;0,0;0,0;0,0;0,0;0,0;0,0;0,0;0,0;0,0;0,0;0,0;0,0;0,0;0,0;0,0;0,0;0,0;0,0;0,0;0,0;0,0;0,0;0,0;0,0;0,0;0,0;0,0;0,0;0,0;0,0;0,0;0,0;0,0;0,0;0,0;0,0;0,0;0,0;0,0;0,0;0,0;0,0;0,0;0,0;0,0;0,0;0,0;0,0;0,0;0,0;0,0;0,0;0,0;0,0;0,0;0,0;0,0;0,0;0,0;0,0;0,0;0,0;0,0;0,0;0,0;0,0;0,0;0,0;0,0;0,0;0,0;0,0;0,0;0,0;0,0;0,0;0,0;0,0;0,0;0,0;0,0;0,0;0,0;0,0;0,0;0,0;0,0;0,0;0,0;0,0;0,0;0,0;0,0;0,0;0,0;0,0;0,0;0,0;0,0;0,0;0,0;0,0;0,0;0,0;0,0;0,0;0,0;0,0;0,0;0,0;0,0;0,0;0,0;0,0;0,0;0,0;0,0;0,0;0,0;0,0;0,0;0,0;0,0;0,0;0,0;0,0;0,0;0,0;0,0;0,0;0,0;0,0;0,0;0,0;0,0;0,0;0,0;0,0;0,0;0,0;0,0;0,0;0,0;0,0;0,0;0,0;0,0;0,0;0,0;0,0;0,0;0,0;0,0;0,0;0,0;0,0;0,0;0,0;0,0;0,0;0,0;0,0;0,0;0,0;0,0;0,0;0,0;0,0;0,0;0,0;0,0;0,0;0,0;0,0;0,0;0,0;0,0;0,0;0,0;0,0;0,0;0,0;0,0;0,0;0,0;0,0;0,0;0,0;0,0;0,0;0,0;0,0;0,0;0,0;0,0;0,0;0,0;0,0;0,0;0,0;0,0;0,0;0,0;0,0;0,0;0,0;0,0;0,0;0,0;0,0;0,0;0,0;0,0;0,0;0,0;0,0;0,0;0,0;0,0;0,0;0,0;0,0;0,0;0,0;0,0;0,0;0,0;0,0;0,0;0,0;0,0;0,0;0,0;0,0;0,0;0,0;0,0;0,0;0,0;0,0;0,0;0,0;0,0;0,0;0,0;0,0;0,0;0,0;0,0;0,0;0,0;0,0;0,0;0,0;0,0;0,0;0,0;0,0;0,0;0,0;0,0;0,0;0,0;0,0;0,0;0,0;0,0;0,0;0,0;0,0;0,0;0,0;0,0;0,0;0,0;0,0;0,0;0,0;0,0
32;1;0;0,0;0,0;0,0;0,0;0,0;0,0;0,0;0,0;0,0;0,0;0,0;0,0;0,0;0,0;0,0;0,0;0,0;0,0;0,0;0,0;0,0;0,0;0,0;0,0;0,0;0,0;0,0;0,0;0,0;0,0;0,0;0,0;0,0;0,0;0,0;0,0;0,0;0,0;0,0;0,0;0,0;0,0;0,0;0,0;0,0;0,0;0,0;0,0;0,0;0,0;0,0;0,0;0,0;0,0;0,0;0,0;0,0;0,0;0,0;0,0;0,0;0,0;0,0;0,0;0,0;0,0;0,0;0,0;0,0;0,0;0,0;0,0;0,0;0,0;0,0;0,0;0,0;0,0;0,0;0,0;0,0;0,0;0,0;0,0;0,0;0,0;0,0;0,0;0,0;0,0;0,0;0,0;0,0;0,0;0,0;0,0;0,0;0,0;0,0;0,0;0,0;0,0;0,0;0,0;0,0;0,0;0,0;0,0;0,0;0,0;0,0;0,0;0,0;0,0;0,0;0,0;0,0;0,0;0,0;0,0;0,0;0,0;0,0;0,0;0,0;0,0;0,0;0,0;0,0;0,0;0,0;0,0;0,0;0,0;0,0;0,0;0,0;0,0;0,0;0,0;0,0;0,0;0,0;0,0;0,0;0,0;0,0;0,0;0,0;0,0;0,0;0,0;0,0;0,0;0,0;0,0;0,0;0,0;0,0;0,0;0,0;0,0;0,0;0,0;0,0;0,0;0,0;0,0;0,0;0,0;0,0;0,0;0,0;0,0;0,0;0,0;0,0;0,0;0,0;0,0;0,0;0,0;0,0;0,0;0,0;0,0;0,0;0,0;0,0;0,0;0,0;0,0;0,0;0,0;0,0;0,0;0,0;0,0;0,0;0,0;0,0;0,0;0,0;0,0;0,0;0,0;0,0;0,0;0,0;0,0;0,0;0,0;0,0;0,0;0,0;0,0;0,0;0,0;0,0;0,0;0,0;0,0;0,0;0,0;0,0;0,0;0,0;0,0;0,0;0,0;0,0;0,0;0,0;0,0;0,0;0,0;0,0;0,0;0,0;0,0;0,0;0,0;0,0;0,0;0,0;0,0;0,0;0,0;0,0;0,0;0,0;0,0;0,0;0,0;0,0;0,0;0,0;0,0;0,0;0,0;0,0;0,0;0,0;0,0;0,0;0,0;0,0;0,0;0,0;0,0;0,0;0,0;0,0;0,0;0,0;0,0;0,0;0,0;0,0;0,0;0,0;0,0;0,0;0,0;0,0;0,0;0,0;0,0;0,0;0,0;0,0;0,0;0,0;0,0;0,0;0,0;0,0;0,0;0,0;0,0;0,0;0,0
33;1;0;0,0;0,0;0,0;0,0;0,0;0,0;0,0;0,0;0,0;0,0;0,0;0,0;0,0;0,0;0,0;0,0;0,0;0,0;0,0;0,0;0,0;0,0;0,0;0,0;0,0;0,0;0,0;0,0;0,0;0,0;0,0;0,0;0,0;0,0;0,0;0,0;0,0;0,0;0,0;0,0;0,0;0,0;0,0;0,0;0,0;0,0;0,0;0,0;0,0;0,0;0,0;0,0;0,0;0,0;0,0;0,0;0,0;0,0;0,0;0,0;0,0;0,0;0,0;0,0;0,0;0,0;0,0;0,0;0,0;0,0;0,0;0,0;0,0;0,0;0,0;0,0;0,0;0,0;0,0;0,0;0,0;0,0;0,0;0,0;0,0;0,0;0,0;0,0;0,0;0,0;0,0;0,0;0,0;0,0;0,0;0,0;0,0;0,0;0,0;0,0;0,0;0,0;0,0;0,0;0,0;0,0;0,0;0,0;0,0;0,0;0,0;0,0;0,0;0,0;0,0;0,0;0,0;0,0;0,0;0,0;0,0;0,0;0,0;0,0;0,0;0,0;0,0;0,0;0,0;0,0;0,0;0,0;0,0;0,0;0,0;0,0;0,0;0,0;0,0;0,0;0,0;0,0;0,0;0,0;0,0;0,0;0,0;0,0;0,0;0,0;0,0;0,0;0,0;0,0;0,0;0,0;0,0;0,0;0,0;0,0;0,0;0,0;0,0;0,0;0,0;0,0;0,0;0,0;0,0;0,0;0,0;0,0;0,0;0,0;0,0;0,0;0,0;0,0;0,0;0,0;0,0;0,0;0,0;0,0;0,0;0,0;0,0;0,0;0,0;0,0;0,0;0,0;0,0;0,0;0,0;0,0;0,0;0,0;0,0;0,0;0,0;0,0;0,0;0,0;0,0;0,0;0,0;0,0;0,0;0,0;0,0;0,0;0,0;0,0;0,0;0,0;0,0;0,0;0,0;0,0;0,0;0,0;0,0;0,0;0,0;0,0;0,0;0,0;0,0;0,0;0,0;0,0;0,0;0,0;0,0;0,0;0,0;0,0;0,0;0,0;0,0;0,0;0,0;0,0;0,0;0,0;0,0;0,0;0,0;0,0;0,0;0,0;0,0;0,0;0,0;0,0;0,0;0,0;0,0;0,0;0,0;0,0;0,0;0,0;0,0;0,0;0,0;0,0;0,0;0,0;0,0;0,0;0,0;0,0;0,0;0,0;0,0;0,0;0,0;0,0;0,0;0,0;0,0;0,0;0,0;0,0;0,0;0,0;0,0;0,0;0,0;0,0;0,0;0,0;0,0;0,0;0,0;0,0;0,0;0,0;0,0;0,0
37;1;0;0,0;0,0;0,0;0,0;0,0;0,0;0,0;0,0;0,0;0,0;0,0;0,0;0,0;0,0;0,0;0,0;0,0;0,0;0,0;0,0;0,0;0,0;0,0;0,0;0,0;0,0;0,0;0,0;0,0;0,0;0,0;0,0;0,0;0,0;0,0;0,0;0,0;0,0;0,0;0,0;0,0;0,0;0,0;0,0;0,0;0,0;0,0;0,0;0,0;0,0;0,0;0,0;0,0;0,0;0,0;0,0;0,0;0,0;0,0;0,0;0,0;0,0;0,0;0,0;0,0;0,0;0,0;0,0;0,0;0,0;0,0;0,0;0,0;0,0;0,0;0,0;0,0;0,0;0,0;0,0;0,0;0,0;0,0;0,0;0,0;0,0;0,0;0,0;0,0;0,0;0,0;0,0;0,0;0,0;0,0;0,0;0,0;0,0;0,0;0,0;0,0;0,0;0,0;0,0;0,0;0,0;0,0;0,0;0,0;0,0;0,0;0,0;0,0;0,0;0,0;0,0;0,0;0,0;0,0;0,0;0,0;0,0;0,0;0,0;0,0;0,0;0,0;0,0;0,0;0,0;0,0;0,0;0,0;0,0;0,0;0,0;0,0;0,0;0,0;0,0;0,0;0,0;0,0;0,0;0,0;0,0;0,0;0,0;0,0;0,0;0,0;0,0;0,0;0,0;0,0;0,0;0,0;0,0;0,0;0,0;0,0;0,0;0,0;0,0;0,0;0,0;0,0;0,0;0,0;0,0;0,0;0,0;0,0;0,0;0,0;0,0;0,0;0,0;0,0;0,0;0,0;0,0;0,0;0,0;0,0;0,0;0,0;0,0;0,0;0,0;0,0;0,0;0,0;0,0;0,0;0,0;0,0;0,0;0,0;0,0;0,0;0,0;0,0;0,0;0,0;0,0;0,0;0,0;0,0;0,0;0,0;0,0;0,0;0,0;0,0;0,0;0,0;0,0;0,0;0,0;0,0;0,0;0,0;0,0;0,0;0,0;0,0;0,0;0,0;0,0;0,0;0,0;0,0;0,0;0,0;0,0;0,0;0,0;0,0;0,0;0,0;0,0;0,0;0,0;0,0;0,0;0,0;0,0;0,0;0,0;0,0;0,0;0,0;0,0;0,0;0,0;0,0;0,0;0,0;0,0;0,0;0,0;0,0;0,0;0,0;0,0;0,0;0,0;0,0;0,0;0,0;0,0;0,0;0,0;0,0;0,0;0,0;0,0;0,0;0,0;0,0;0,0;0,0;0,0;0,0;0,0;0,0;0,0;0,0;0,0;0,0;0,0;0,0;0,0;0,0;0,0;0,0;0,0;0,0;0,0;0,0;0,0
38;1;0;0,0;0,0;0,0;0,0;0,0;0,0;0,0;0,0;0,0;0,0;0,0;0,0;0,0;0,0;0,0;0,0;0,0;0,0;0,0;0,0;0,0;0,0;0,0;0,0;0,0;0,0;0,0;0,0;0,0;0,0;0,0;0,0;0,0;0,0;0,0;0,0;0,0;0,0;0,0;0,0;0,0;0,0;0,0;0,0;0,0;0,0;0,0;0,0;0,0;0,0;0,0;0,0;0,0;0,0;0,0;0,0;0,0;0,0;0,0;0,0;0,0;0,0;0,0;0,0;0,0;0,0;0,0;0,0;0,0;0,0;0,0;0,0;0,0;0,0;0,0;0,0;0,0;0,0;0,0;0,0;0,0;0,0;0,0;0,0;0,0;0,0;0,0;0,0;0,0;0,0;0,0;0,0;0,0;0,0;0,0;0,0;0,0;0,0;0,0;0,0;0,0;0,0;0,0;0,0;0,0;0,0;0,0;0,0;0,0;0,0;0,0;0,0;0,0;0,0;0,0;0,0;0,0;0,0;0,0;0,0;0,0;0,0;0,0;0,0;0,0;0,0;0,0;0,0;0,0;0,0;0,0;0,0;0,0;0,0;0,0;0,0;0,0;0,0;0,0;0,0;0,0;0,0;0,0;0,0;0,0;0,0;0,0;0,0;0,0;0,0;0,0;0,0;0,0;0,0;0,0;0,0;0,0;0,0;0,0;0,0;0,0;0,0;0,0;0,0;0,0;0,0;0,0;0,0;0,0;0,0;0,0;0,0;0,0;0,0;0,0;0,0;0,0;0,0;0,0;0,0;0,0;0,0;0,0;0,0;0,0;0,0;0,0;0,0;0,0;0,0;0,0;0,0;0,0;0,0;0,0;0,0;0,0;0,0;0,0;0,0;0,0;0,0;0,0;0,0;0,0;0,0;0,0;0,0;0,0;0,0;0,0;0,0;0,0;0,0;0,0;0,0;0,0;0,0;0,0;0,0;0,0;0,0;0,0;0,0;0,0;0,0;0,0;0,0;0,0;0,0;0,0;0,0;0,0;0,0;0,0;0,0;0,0;0,0;0,0;0,0;0,0;0,0;0,0;0,0;0,0;0,0;0,0;0,0;0,0;0,0;0,0;0,0;0,0;0,0;0,0;0,0;0,0;0,0;0,0;0,0;0,0;0,0;0,0;0,0;0,0;0,0;0,0;0,0;0,0;0,0;0,0;0,0;0,0;0,0;0,0;0,0;0,0;0,0;0,0;0,0;0,0;0,0;0,0;0,0;0,0;0,0;0,0;0,0;0,0;0,0;0,0;0,0;0,0;0,0;0,0;0,0;0,0;0,0;0,0;0,0;0,0;0,0
39;1;0;0,0;0,0;0,0;0,0;0,0;0,0;0,0;0,0;0,0;0,0;0,0;0,0;0,0;0,0;0,0;0,0;0,0;0,0;0,0;0,0;0,0;0,0;0,0;0,0;0,0;0,0;0,0;0,0;0,0;0,0;0,0;0,0;0,0;0,0;0,0;0,0;0,0;0,0;0,0;0,0;0,0;0,0;0,0;0,0;0,0;0,0;0,0;0,0;0,0;0,0;0,0;0,0;0,0;0,0;0,0;0,0;0,0;0,0;0,0;0,0;0,0;0,0;0,0;0,0;0,0;0,0;0,0;0,0;0,0;0,0;0,0;0,0;0,0;0,0;0,0;0,0;0,0;0,0;0,0;0,0;0,0;0,0;0,0;0,0;0,0;0,0;0,0;0,0;0,0;0,0;0,0;0,0;0,0;0,0;0,0;0,0;0,0;0,0;0,0;0,0;0,0;0,0;0,0;0,0;0,0;0,0;0,0;0,0;0,0;0,0;0,0;0,0;0,0;0,0;0,0;0,0;0,0;0,0;0,0;0,0;0,0;0,0;0,0;0,0;0,0;0,0;0,0;0,0;0,0;0,0;0,0;0,0;0,0;0,0;0,0;0,0;0,0;0,0;0,0;0,0;0,0;0,0;0,0;0,0;0,0;0,0;0,0;0,0;0,0;0,0;0,0;0,0;0,0;0,0;0,0;0,0;0,0;0,0;0,0;0,0;0,0;0,0;0,0;0,0;0,0;0,0;0,0;0,0;0,0;0,0;0,0;0,0;0,0;0,0;0,0;0,0;0,0;0,0;0,0;0,0;0,0;0,0;0,0;0,0;0,0;0,0;0,0;0,0;0,0;0,0;0,0;0,0;0,0;0,0;0,0;0,0;0,0;0,0;0,0;0,0;0,0;0,0;0,0;0,0;0,0;0,0;0,0;0,0;0,0;0,0;0,0;0,0;0,0;0,0;0,0;0,0;0,0;0,0;0,0;0,0;0,0;0,0;0,0;0,0;0,0;0,0;0,0;0,0;0,0;0,0;0,0;0,0;0,0;0,0;0,0;0,0;0,0;0,0;0,0;0,0;0,0;0,0;0,0;0,0;0,0;0,0;0,0;0,0;0,0;0,0;0,0;0,0;0,0;0,0;0,0;0,0;0,0;0,0;0,0;0,0;0,0;0,0;0,0;0,0;0,0;0,0;0,0;0,0;0,0;0,0;0,0;0,0;0,0;0,0;0,0;0,0;0,0;0,0;0,0;0,0;0,0;0,0;0,0;0,0;0,0;0,0;0,0;0,0;0,0;0,0;0,0;0,0;0,0;0,0;0,0;0,0;0,0;0,0;0,0;0,0;0,0;0,0
42;1;0;0,0;0,0;0,0;0,0;0,0;0,0;0,0;0,0;0,0;0,0;0,0;0,0;0,0;0,0;0,0;0,0;0,0;0,0;0,0;0,0;0,0;0,0;0,0;0,0;0,0;0,0;0,0;0,0;0,0;0,0;0,0;0,0;0,0;0,0;0,0;0,0;0,0;0,0;0,0;0,0;0,0;0,0;0,0;0,0;0,0;0,0;0,0;0,0;0,0;0,0;0,0;0,0;0,0;0,0;0,0;0,0;0,0;0,0;0,0;0,0;0,0;0,0;0,0;0,0;0,0;0,0;0,0;0,0;0,0;0,0;0,0;0,0;0,0;0,0;0,0;0,0;0,0;0,0;0,0;0,0;0,0;0,0;0,0;0,0;0,0;0,0;0,0;0,0;0,0;0,0;0,0;0,0;0,0;0,0;0,0;0,0;0,0;0,0;0,0;0,0;0,0;0,0;0,0;0,0;0,0;0,0;0,0;0,0;0,0;0,0;0,0;0,0;0,0;0,0;0,0;0,0;0,0;0,0;0,0;0,0;0,0;0,0;0,0;0,0;0,0;0,0;0,0;0,0;0,0;0,0;0,0;0,0;0,0;0,0;0,0;0,0;0,0;0,0;0,0;0,0;0,0;0,0;0,0;0,0;0,0;0,0;0,0;0,0;0,0;0,0;0,0;0,0;0,0;0,0;0,0;0,0;0,0;0,0;0,0;0,0;0,0;0,0;0,0;0,0;0,0;0,0;0,0;0,0;0,0;0,0;0,0;0,0;0,0;0,0;0,0;0,0;0,0;0,0;0,0;0,0;0,0;0,0;0,0;0,0;0,0;0,0;0,0;0,0;0,0;0,0;0,0;0,0;0,0;0,0;0,0;0,0;0,0;0,0;0,0;0,0;0,0;0,0;0,0;0,0;0,0;0,0;0,0;0,0;0,0;0,0;0,0;0,0;0,0;0,0;0,0;0,0;0,0;0,0;0,0;0,0;0,0;0,0;0,0;0,0;0,0;0,0;0,0;0,0;0,0;0,0;0,0;0,0;0,0;0,0;0,0;0,0;0,0;0,0;0,0;0,0;0,0;0,0;0,0;0,0;0,0;0,0;0,0;0,0;0,0;0,0;0,0;0,0;0,0;0,0;0,0;0,0;0,0;0,0;0,0;0,0;0,0;0,0;0,0;0,0;0,0;0,0;0,0;0,0;0,0;0,0;0,0;0,0;0,0;0,0;0,0;0,0;0,0;0,0;0,0;0,0;0,0;0,0;0,0;0,0;0,0;0,0;0,0;0,0;0,0;0,0;0,0;0,0;0,0;0,0;0,0;0,0;0,0;0,0;0,0;0,0;0,0;0,0
49;1;0;0,0;0,0;0,0;0,0;0,0;0,0;0,0;0,0;0,0;0,0;0,0;0,0;0,0;0,0;0,0;0,0;0,0;0,0;0,0;0,0;0,0;0,0;0,0;0,0;0,0;0,0;0,0;0,0;0,0;0,0;0,0;0,0;0,0;0,0;0,0;0,0;0,0;0,0;0,0;0,0;0,0;0,0;0,0;0,0;0,0;0,0;0,0;0,0;0,0;0,0;0,0;0,0;0,0;0,0;0,0;0,0;0,0;0,0;0,0;0,0;0,0;0,0;0,0;0,0;0,0;0,0;0,0;0,0;0,0;0,0;0,0;0,0;0,0;0,0;0,0;0,0;0,0;0,0;0,0;0,0;0,0;0,0;0,0;0,0;0,0;0,0;0,0;0,0;0,0;0,0;0,0;0,0;0,0;0,0;0,0;0,0;0,0;0,0;0,0;0,0;0,0;0,0;0,0;0,0;0,0;0,0;0,0;0,0;0,0;0,0;0,0;0,0;0,0;0,0;0,0;0,0;0,0;0,0;0,0;0,0;0,0;0,0;0,0;0,0;0,0;0,0;0,0;0,0;0,0;0,0;0,0;0,0;0,0;0,0;0,0;0,0;0,0;0,0;0,0;0,0;0,0;0,0;0,0;0,0;0,0;0,0;0,0;0,0;0,0;0,0;0,0;0,0;0,0;0,0;0,0;0,0;0,0;0,0;0,0;0,0;0,0;0,0;0,0;0,0;0,0;0,0;0,0;0,0;0,0;0,0;0,0;0,0;0,0;0,0;0,0;0,0;0,0;0,0;0,0;0,0;0,0;0,0;0,0;0,0;0,0;0,0;0,0;0,0;0,0;0,0;0,0;0,0;0,0;0,0;0,0;0,0;0,0;0,0;0,0;0,0;0,0;0,0;0,0;0,0;0,0;0,0;0,0;0,0;0,0;0,0;0,0;0,0;0,0;0,0;0,0;0,0;0,0;0,0;0,0;0,0;0,0;0,0;0,0;0,0;0,0;0,0;0,0;0,0;0,0;0,0;0,0;0,0;0,0;0,0;0,0;0,0;0,0;0,0;0,0;0,0;0,0;0,0;0,0;0,0;0,0;0,0;0,0;0,0;0,0;0,0;0,0;0,0;0,0;0,0;0,0;0,0;0,0;0,0;0,0;0,0;0,0;0,0;0,0;0,0;0,0;0,0;0,0;0,0;0,0;0,0;0,0;0,0;0,0;0,0;0,0;0,0;0,0;0,0;0,0;0,0;0,0;0,0;0,0;0,0;0,0;0,0;0,0;0,0;0,0;0,0;0,0;0,0;0,0;0,0;0,0;0,0;0,0;0,0;0,0;0,0;0,0;0,0
57;1;0;0,0;0,0;0,0;0,0;0,0;0,0;0,0;0,0;0,0;0,0;0,0;0,0;0,0;0,0;0,0;0,0;0,0;0,0;0,0;0,0;0,0;0,0;0,0;0,0;0,0;0,0;0,0;0,0;0,0;0,0;0,0;0,0;0,0;0,0;0,0;0,0;0,0;0,0;0,0;0,0;0,0;0,0;0,0;0,0;0,0;0,0;0,0;0,0;0,0;0,0;0,0;0,0;0,0;0,0;0,0;0,0;0,0;0,0;0,0;0,0;0,0;0,0;0,0;0,0;0,0;0,0;0,0;0,0;0,0;0,0;0,0;0,0;0,0;0,0;0,0;0,0;0,0;0,0;0,0;0,0;0,0;0,0;0,0;0,0;0,0;0,0;0,0;0,0;0,0;0,0;0,0;0,0;0,0;0,0;0,0;0,0;0,0;0,0;0,0;0,0;0,0;0,0;0,0;0,0;0,0;0,0;0,0;0,0;0,0;0,0;0,0;0,0;0,0;0,0;0,0;0,0;0,0;0,0;0,0;0,0;0,0;0,0;0,0;0,0;0,0;0,0;0,0;0,0;0,0;0,0;0,0;0,0;0,0;0,0;0,0;0,0;0,0;0,0;0,0;0,0;0,0;0,0;0,0;0,0;0,0;0,0;0,0;0,0;0,0;0,0;0,0;0,0;0,0;0,0;0,0;0,0;0,0;0,0;0,0;0,0;0,0;0,0;0,0;0,0;0,0;0,0;0,0;0,0;0,0;0,0;0,0;0,0;0,0;0,0;0,0;0,0;0,0;0,0;0,0;0,0;0,0;0,0;0,0;0,0;0,0;0,0;0,0;0,0;0,0;0,0;0,0;0,0;0,0;0,0;0,0;0,0;0,0;0,0;0,0;0,0;0,0;0,0;0,0;0,0;0,0;0,0;0,0;0,0;0,0;0,0;0,0;0,0;0,0;0,0;0,0;0,0;0,0;0,0;0,0;0,0;0,0;0,0;0,0;0,0;0,0;0,0;0,0;0,0;0,0;0,0;0,0;0,0;0,0;0,0;0,0;0,0;0,0;0,0;0,0;0,0;0,0;0,0;0,0;0,0;0,0;0,0;0,0;0,0;0,0;0,0;0,0;0,0;0,0;0,0;0,0;0,0;0,0;0,0;0,0;0,0;0,0;0,0;0,0;0,0;0,0;0,0;0,0;0,0;0,0;0,0;0,0;0,0;0,0;0,0;0,0;0,0;0,0;0,0;0,0;0,0;0,0;0,0;0,0;0,0;0,0;0,0;0,0;0,0;0,0;0,0;0,0;0,0;0,0;0,0;0,0;0,0;0,0;0,0;0,0;0,0;0,0;0,0
58;1;0;0,0;0,0;0,0;0,0;0,0;0,0;0,0;0,0;0,0;0,0;0,0;0,0;0,0;0,0;0,0;0,0;0,0;0,0;0,0;0,0;0,0;0,0;0,0;0,0;0,0;0,0;0,0;0,0;0,0;0,0;0,0;0,0;0,0;0,0;0,0;0,0;0,0;0,0;0,0;0,0;0,0;0,0;0,0;0,0;0,0;0,0;0,0;0,0;0,0;0,0;0,0;0,0;0,0;0,0;0,0;0,0;0,0;0,0;0,0;0,0;0,0;0,0;0,0;0,0;0,0;0,0;0,0;0,0;0,0;0,0;0,0;0,0;0,0;0,0;0,0;0,0;0,0;0,0;0,0;0,0;0,0;0,0;0,0;0,0;0,0;0,0;0,0;0,0;0,0;0,0;0,0;0,0;0,0;0,0;0,0;0,0;0,0;0,0;0,0;0,0;0,0;0,0;0,0;0,0;0,0;0,0;0,0;0,0;0,0;0,0;0,0;0,0;0,0;0,0;0,0;0,0;0,0;0,0;0,0;0,0;0,0;0,0;0,0;0,0;0,0;0,0;0,0;0,0;0,0;0,0;0,0;0,0;0,0;0,0;0,0;0,0;0,0;0,0;0,0;0,0;0,0;0,0;0,0;0,0;0,0;0,0;0,0;0,0;0,0;0,0;0,0;0,0;0,0;0,0;0,0;0,0;0,0;0,0;0,0;0,0;0,0;0,0;0,0;0,0;0,0;0,0;0,0;0,0;0,0;0,0;0,0;0,0;0,0;0,0;0,0;0,0;0,0;0,0;0,0;0,0;0,0;0,0;0,0;0,0;0,0;0,0;0,0;0,0;0,0;0,0;0,0;0,0;0,0;0,0;0,0;0,0;0,0;0,0;0,0;0,0;0,0;0,0;0,0;0,0;0,0;0,0;0,0;0,0;0,0;0,0;0,0;0,0;0,0;0,0;0,0;0,0;0,0;0,0;0,0;0,0;0,0;0,0;0,0;0,0;0,0;0,0;0,0;0,0;0,0;0,0;0,0;0,0;0,0;0,0;0,0;0,0;0,0;0,0;0,0;0,0;0,0;0,0;0,0;0,0;0,0;0,0;0,0;0,0;0,0;0,0;0,0;0,0;0,0;0,0;0,0;0,0;0,0;0,0;0,0;0,0;0,0;0,0;0,0;0,0;0,0;0,0;0,0;0,0;0,0;0,0;0,0;0,0;0,0;0,0;0,0;0,0;0,0;0,0;0,0;0,0;0,0;0,0;0,0;0,0;0,0;0,0;0,0;0,0;0,0;0,0;0,0;0,0;0,0;0,0;0,0;0,0;0,0;0,0;0,0;0,0;0,0;0,0
59;1;0;0,0;0,0;0,0;0,0;0,0;0,0;0,0;0,0;0,0;0,0;0,0;0,0;0,0;0,0;0,0;0,0;0,0;0,0;0,0;0,0;0,0;0,0;0,0;0,0;0,0;0,0;0,0;0,0;0,0;0,0;0,0;0,0;0,0;0,0;0,0;0,0;0,0;0,0;0,0;0,0;0,0;0,0;0,0;0,0;0,0;0,0;0,0;0,0;0,0;0,0;0,0;0,0;0,0;0,0;0,0;0,0;0,0;0,0;0,0;0,0;0,0;0,0;0,0;0,0;0,0;0,0;0,0;0,0;0,0;0,0;0,0;0,0;0,0;0,0;0,0;0,0;0,0;0,0;0,0;0,0;0,0;0,0;0,0;0,0;0,0;0,0;0,0;0,0;0,0;0,0;0,0;0,0;0,0;0,0;0,0;0,0;0,0;0,0;0,0;0,0;0,0;0,0;0,0;0,0;0,0;0,0;0,0;0,0;0,0;0,0;0,0;0,0;0,0;0,0;0,0;0,0;0,0;0,0;0,0;0,0;0,0;0,0;0,0;0,0;0,0;0,0;0,0;0,0;0,0;0,0;0,0;0,0;0,0;0,0;0,0;0,0;0,0;0,0;0,0;0,0;0,0;0,0;0,0;0,0;0,0;0,0;0,0;0,0;0,0;0,0;0,0;0,0;0,0;0,0;0,0;0,0;0,0;0,0;0,0;0,0;0,0;0,0;0,0;0,0;0,0;0,0;0,0;0,0;0,0;0,0;0,0;0,0;0,0;0,0;0,0;0,0;0,0;0,0;0,0;0,0;0,0;0,0;0,0;0,0;0,0;0,0;0,0;0,0;0,0;0,0;0,0;0,0;0,0;0,0;0,0;0,0;0,0;0,0;0,0;0,0;0,0;0,0;0,0;0,0;0,0;0,0;0,0;0,0;0,0;0,0;0,0;0,0;0,0;0,0;0,0;0,0;0,0;0,0;0,0;0,0;0,0;0,0;0,0;0,0;0,0;0,0;0,0;0,0;0,0;0,0;0,0;0,0;0,0;0,0;0,0;0,0;0,0;0,0;0,0;0,0;0,0;0,0;0,0;0,0;0,0;0,0;0,0;0,0;0,0;0,0;0,0;0,0;0,0;0,0;0,0;0,0;0,0;0,0;0,0;0,0;0,0;0,0;0,0;0,0;0,0;0,0;0,0;0,0;0,0;0,0;0,0;0,0;0,0;0,0;0,0;0,0;0,0;0,0;0,0;0,0;0,0;0,0;0,0;0,0;0,0;0,0;0,0;0,0;0,0;0,0;0,0;0,0;0,0;0,0;0,0;0,0;0,0;0,0;0,0;0,0;0,0;0,0
60;1;0;0,0;0,0;0,0;0,0;0,0;0,0;0,0;0,0;0,0;0,0;0,0;0,0;0,0;0,0;0,0;0,0;0,0;0,0;0,0;0,0;0,0;0,0;0,0;0,0;0,0;0,0;0,0;0,0;0,0;0,0;0,0;0,0;0,0;0,0;0,0;0,0;0,0;0,0;0,0;0,0;0,0;0,0;0,0;0,0;0,0;0,0;0,0;0,0;0,0;0,0;0,0;0,0;0,0;0,0;0,0;0,0;0,0;0,0;0,0;0,0;0,0;0,0;0,0;0,0;0,0;0,0;0,0;0,0;0,0;0,0;0,0;0,0;0,0;0,0;0,0;0,0;0,0;0,0;0,0;0,0;0,0;0,0;0,0;0,0;0,0;0,0;0,0;0,0;0,0;0,0;0,0;0,0;0,0;0,0;0,0;0,0;0,0;0,0;0,0;0,0;0,0;0,0;0,0;0,0;0,0;0,0;0,0;0,0;0,0;0,0;0,0;0,0;0,0;0,0;0,0;0,0;0,0;0,0;0,0;0,0;0,0;0,0;0,0;0,0;0,0;0,0;0,0;0,0;0,0;0,0;0,0;0,0;0,0;0,0;0,0;0,0;0,0;0,0;0,0;0,0;0,0;0,0;0,0;0,0;0,0;0,0;0,0;0,0;0,0;0,0;0,0;0,0;0,0;0,0;0,0;0,0;0,0;0,0;0,0;0,0;0,0;0,0;0,0;0,0;0,0;0,0;0,0;0,0;0,0;0,0;0,0;0,0;0,0;0,0;0,0;0,0;0,0;0,0;0,0;0,0;0,0;0,0;0,0;0,0;0,0;0,0;0,0;0,0;0,0;0,0;0,0;0,0;0,0;0,0;0,0;0,0;0,0;0,0;0,0;0,0;0,0;0,0;0,0;0,0;0,0;0,0;0,0;0,0;0,0;0,0;0,0;0,0;0,0;0,0;0,0;0,0;0,0;0,0;0,0;0,0;0,0;0,0;0,0;0,0;0,0;0,0;0,0;0,0;0,0;0,0;0,0;0,0;0,0;0,0;0,0;0,0;0,0;0,0;0,0;0,0;0,0;0,0;0,0;0,0;0,0;0,0;0,0;0,0;0,0;0,0;0,0;0,0;0,0;0,0;0,0;0,0;0,0;0,0;0,0;0,0;0,0;0,0;0,0;0,0;0,0;0,0;0,0;0,0;0,0;0,0;0,0;0,0;0,0;0,0;0,0;0,0;0,0;0,0;0,0;0,0;0,0;0,0;0,0;0,0;0,0;0,0;0,0;0,0;0,0;0,0;0,0;0,0;0,0;0,0;0,0;0,0;0,0;0,0;0,0;0,0;0,0;0,0
61;1;0;0,0;0,0;0,0;0,0;0,0;0,0;0,0;0,0;0,0;0,0;0,0;0,0;0,0;0,0;0,0;0,0;0,0;0,0;0,0;0,0;0,0;0,0;0,0;0,0;0,0;0,0;0,0;0,0;0,0;0,0;0,0;0,0;0,0;0,0;0,0;0,0;0,0;0,0;0,0;0,0;0,0;0,0;0,0;0,0;0,0;0,0;0,0;0,0;0,0;0,0;0,0;0,0;0,0;0,0;0,0;0,0;0,0;0,0;0,0;0,0;0,0;0,0;0,0;0,0;0,0;0,0;0,0;0,0;0,0;0,0;0,0;0,0;0,0;0,0;0,0;0,0;0,0;0,0;0,0;0,0;0,0;0,0;0,0;0,0;0,0;0,0;0,0;0,0;0,0;0,0;0,0;0,0;0,0;0,0;0,0;0,0;0,0;0,0;0,0;0,0;0,0;0,0;0,0;0,0;0,0;0,0;0,0;0,0;0,0;0,0;0,0;0,0;0,0;0,0;0,0;0,0;0,0;0,0;0,0;0,0;0,0;0,0;0,0;0,0;0,0;0,0;0,0;0,0;0,0;0,0;0,0;0,0;0,0;0,0;0,0;0,0;0,0;0,0;0,0;0,0;0,0;0,0;0,0;0,0;0,0;0,0;0,0;0,0;0,0;0,0;0,0;0,0;0,0;0,0;0,0;0,0;0,0;0,0;0,0;0,0;0,0;0,0;0,0;0,0;0,0;0,0;0,0;0,0;0,0;0,0;0,0;0,0;0,0;0,0;0,0;0,0;0,0;0,0;0,0;0,0;0,0;0,0;0,0;0,0;0,0;0,0;0,0;0,0;0,0;0,0;0,0;0,0;0,0;0,0;0,0;0,0;0,0;0,0;0,0;0,0;0,0;0,0;0,0;0,0;0,0;0,0;0,0;0,0;0,0;0,0;0,0;0,0;0,0;0,0;0,0;0,0;0,0;0,0;0,0;0,0;0,0;0,0;0,0;0,0;0,0;0,0;0,0;0,0;0,0;0,0;0,0;0,0;0,0;0,0;0,0;0,0;0,0;0,0;0,0;0,0;0,0;0,0;0,0;0,0;0,0;0,0;0,0;0,0;0,0;0,0;0,0;0,0;0,0;0,0;0,0;0,0;0,0;0,0;0,0;0,0;0,0;0,0;0,0;0,0;0,0;0,0;0,0;0,0;0,0;0,0;0,0;0,0;0,0;0,0;0,0;0,0;0,0;0,0;0,0;0,0;0,0;0,0;0,0;0,0;0,0;0,0;0,0;0,0;0,0;0,0;0,0;0,0;0,0;0,0;0,0;0,0;0,0;0,0;0,0;0,0;0,0;0,0
64;1;0;0,0;0,0;0,0;0,0;0,0;0,0;0,0;0,0;0,0;0,0;0,0;0,0;0,0;0,0;0,0;0,0;0,0;0,0;0,0;0,0;0,0;0,0;0,0;0,0;0,0;0,0;0,0;0,0;0,0;0,0;0,0;0,0;0,0;0,0;0,0;0,0;0,0;0,0;0,0;0,0;0,0;0,0;0,0;0,0;0,0;0,0;0,0;0,0;0,0;0,0;0,0;0,0;0,0;0,0;0,0;0,0;0,0;0,0;0,0;0,0;0,0;0,0;0,0;0,0;0,0;0,0;0,0;0,0;0,0;0,0;0,0;0,0;0,0;0,0;0,0;0,0;0,0;0,0;0,0;0,0;0,0;0,0;0,0;0,0;0,0;0,0;0,0;0,0;0,0;0,0;0,0;0,0;0,0;0,0;0,0;0,0;0,0;0,0;0,0;0,0;0,0;0,0;0,0;0,0;0,0;0,0;0,0;0,0;0,0;0,0;0,0;0,0;0,0;0,0;0,0;0,0;0,0;0,0;0,0;0,0;0,0;0,0;0,0;0,0;0,0;0,0;0,0;0,0;0,0;0,0;0,0;0,0;0,0;0,0;0,0;0,0;0,0;0,0;0,0;0,0;0,0;0,0;0,0;0,0;0,0;0,0;0,0;0,0;0,0;0,0;0,0;0,0;0,0;0,0;0,0;0,0;0,0;0,0;0,0;0,0;0,0;0,0;0,0;0,0;0,0;0,0;0,0;0,0;0,0;0,0;0,0;0,0;0,0;0,0;0,0;0,0;0,0;0,0;0,0;0,0;0,0;0,0;0,0;0,0;0,0;0,0;0,0;0,0;0,0;0,0;0,0;0,0;0,0;0,0;0,0;0,0;0,0;0,0;0,0;0,0;0,0;0,0;0,0;0,0;0,0;0,0;0,0;0,0;0,0;0,0;0,0;0,0;0,0;0,0;0,0;0,0;0,0;0,0;0,0;0,0;0,0;0,0;0,0;0,0;0,0;0,0;0,0;0,0;0,0;0,0;0,0;0,0;0,0;0,0;0,0;0,0;0,0;0,0;0,0;0,0;0,0;0,0;0,0;0,0;0,0;0,0;0,0;0,0;0,0;0,0;0,0;0,0;0,0;0,0;0,0;0,0;0,0;0,0;0,0;0,0;0,0;0,0;0,0;0,0;0,0;0,0;0,0;0,0;0,0;0,0;0,0;0,0;0,0;0,0;0,0;0,0;0,0;0,0;0,0;0,0;0,0;0,0;0,0;0,0;0,0;0,0;0,0;0,0;0,0;0,0;0,0;0,0;0,0;0,0;0,0;0,0;0,0;0,0;0,0;0,0;0,0;0,0
65;1;0;0,0;0,0;0,0;0,0;0,0;0,0;0,0;0,0;0,0;0,0;0,0;0,0;0,0;0,0;0,0;0,0;0,0;0,0;0,0;0,0;0,0;0,0;0,0;0,0;0,0;0,0;0,0;0,0;0,0;0,0;0,0;0,0;0,0;0,0;0,0;0,0;0,0;0,0;0,0;0,0;0,0;0,0;0,0;0,0;0,0;0,0;0,0;0,0;0,0;0,0;0,0;0,0;0,0;0,0;0,0;0,0;0,0;0,0;0,0;0,0;0,0;0,0;0,0;0,0;0,0;0,0;0,0;0,0;0,0;0,0;0,0;0,0;0,0;0,0;0,0;0,0;0,0;0,0;0,0;0,0;0,0;0,0;0,0;0,0;0,0;0,0;0,0;0,0;0,0;0,0;0,0;0,0;0,0;0,0;0,0;0,0;0,0;0,0;0,0;0,0;0,0;0,0;0,0;0,0;0,0;0,0;0,0;0,0;0,0;0,0;0,0;0,0;0,0;0,0;0,0;0,0;0,0;0,0;0,0;0,0;0,0;0,0;0,0;0,0;0,0;0,0;0,0;0,0;0,0;0,0;0,0;0,0;0,0;0,0;0,0;0,0;0,0;0,0;0,0;0,0;0,0;0,0;0,0;0,0;0,0;0,0;0,0;0,0;0,0;0,0;0,0;0,0;0,0;0,0;0,0;0,0;0,0;0,0;0,0;0,0;0,0;0,0;0,0;0,0;0,0;0,0;0,0;0,0;0,0;0,0;0,0;0,0;0,0;0,0;0,0;0,0;0,0;0,0;0,0;0,0;0,0;0,0;0,0;0,0;0,0;0,0;0,0;0,0;0,0;0,0;0,0;0,0;0,0;0,0;0,0;0,0;0,0;0,0;0,0;0,0;0,0;0,0;0,0;0,0;0,0;0,0;0,0;0,0;0,0;0,0;0,0;0,0;0,0;0,0;0,0;0,0;0,0;0,0;0,0;0,0;0,0;0,0;0,0;0,0;0,0;0,0;0,0;0,0;0,0;0,0;0,0;0,0;0,0;0,0;0,0;0,0;0,0;0,0;0,0;0,0;0,0;0,0;0,0;0,0;0,0;0,0;0,0;0,0;0,0;0,0;0,0;0,0;0,0;0,0;0,0;0,0;0,0;0,0;0,0;0,0;0,0;0,0;0,0;0,0;0,0;0,0;0,0;0,0;0,0;0,0;0,0;0,0;0,0;0,0;0,0;0,0;0,0;0,0;0,0;0,0;0,0;0,0;0,0;0,0;0,0;0,0;0,0;0,0;0,0;0,0;0,0;0,0;0,0;0,0;0,0;0,0;0,0;0,0;0,0;0,0;0,0;0,0
66;1;0;0,0;0,0;0,0;0,0;0,0;0,0;0,0;0,0;0,0;0,0;0,0;0,0;0,0;0,0;0,0;0,0;0,0;0,0;0,0;0,0;0,0;0,0;0,0;0,0;0,0;0,0;0,0;0,0;0,0;0,0;0,0;0,0;0,0;0,0;0,0;0,0;0,0;0,0;0,0;0,0;0,0;0,0;0,0;0,0;0,0;0,0;0,0;0,0;0,0;0,0;0,0;0,0;0,0;0,0;0,0;0,0;0,0;0,0;0,0;0,0;0,0;0,0;0,0;0,0;0,0;0,0;0,0;0,0;0,0;0,0;0,0;0,0;0,0;0,0;0,0;0,0;0,0;0,0;0,0;0,0;0,0;0,0;0,0;0,0;0,0;0,0;0,0;0,0;0,0;0,0;0,0;0,0;0,0;0,0;0,0;0,0;0,0;0,0;0,0;0,0;0,0;0,0;0,0;0,0;0,0;0,0;0,0;0,0;0,0;0,0;0,0;0,0;0,0;0,0;0,0;0,0;0,0;0,0;0,0;0,0;0,0;0,0;0,0;0,0;0,0;0,0;0,0;0,0;0,0;0,0;0,0;0,0;0,0;0,0;0,0;0,0;0,0;0,0;0,0;0,0;0,0;0,0;0,0;0,0;0,0;0,0;0,0;0,0;0,0;0,0;0,0;0,0;0,0;0,0;0,0;0,0;0,0;0,0;0,0;0,0;0,0;0,0;0,0;0,0;0,0;0,0;0,0;0,0;0,0;0,0;0,0;0,0;0,0;0,0;0,0;0,0;0,0;0,0;0,0;0,0;0,0;0,0;0,0;0,0;0,0;0,0;0,0;0,0;0,0;0,0;0,0;0,0;0,0;0,0;0,0;0,0;0,0;0,0;0,0;0,0;0,0;0,0;0,0;0,0;0,0;0,0;0,0;0,0;0,0;0,0;0,0;0,0;0,0;0,0;0,0;0,0;0,0;0,0;0,0;0,0;0,0;0,0;0,0;0,0;0,0;0,0;0,0;0,0;0,0;0,0;0,0;0,0;0,0;0,0;0,0;0,0;0,0;0,0;0,0;0,0;0,0;0,0;0,0;0,0;0,0;0,0;0,0;0,0;0,0;0,0;0,0;0,0;0,0;0,0;0,0;0,0;0,0;0,0;0,0;0,0;0,0;0,0;0,0;0,0;0,0;0,0;0,0;0,0;0,0;0,0;0,0;0,0;0,0;0,0;0,0;0,0;0,0;0,0;0,0;0,0;0,0;0,0;0,0;0,0;0,0;0,0;0,0;0,0;0,0;0,0;0,0;0,0;0,0;0,0;0,0;0,0;0,0;0,0;0,0;0,0;0,0;0,0
67;1;0;0,0;0,0;0,0;0,0;0,0;0,0;0,0;0,0;0,0;0,0;0,0;0,0;0,0;0,0;0,0;0,0;0,0;0,0;0,0;0,0;0,0;0,0;0,0;0,0;0,0;0,0;0,0;0,0;0,0;0,0;0,0;0,0;0,0;0,0;0,0;0,0;0,0;0,0;0,0;0,0;0,0;0,0;0,0;0,0;0,0;0,0;0,0;0,0;0,0;0,0;0,0;0,0;0,0;0,0;0,0;0,0;0,0;0,0;0,0;0,0;0,0;0,0;0,0;0,0;0,0;0,0;0,0;0,0;0,0;0,0;0,0;0,0;0,0;0,0;0,0;0,0;0,0;0,0;0,0;0,0;0,0;0,0;0,0;0,0;0,0;0,0;0,0;0,0;0,0;0,0;0,0;0,0;0,0;0,0;0,0;0,0;0,0;0,0;0,0;0,0;0,0;0,0;0,0;0,0;0,0;0,0;0,0;0,0;0,0;0,0;0,0;0,0;0,0;0,0;0,0;0,0;0,0;0,0;0,0;0,0;0,0;0,0;0,0;0,0;0,0;0,0;0,0;0,0;0,0;0,0;0,0;0,0;0,0;0,0;0,0;0,0;0,0;0,0;0,0;0,0;0,0;0,0;0,0;0,0;0,0;0,0;0,0;0,0;0,0;0,0;0,0;0,0;0,0;0,0;0,0;0,0;0,0;0,0;0,0;0,0;0,0;0,0;0,0;0,0;0,0;0,0;0,0;0,0;0,0;0,0;0,0;0,0;0,0;0,0;0,0;0,0;0,0;0,0;0,0;0,0;0,0;0,0;0,0;0,0;0,0;0,0;0,0;0,0;0,0;0,0;0,0;0,0;0,0;0,0;0,0;0,0;0,0;0,0;0,0;0,0;0,0;0,0;0,0;0,0;0,0;0,0;0,0;0,0;0,0;0,0;0,0;0,0;0,0;0,0;0,0;0,0;0,0;0,0;0,0;0,0;0,0;0,0;0,0;0,0;0,0;0,0;0,0;0,0;0,0;0,0;0,0;0,0;0,0;0,0;0,0;0,0;0,0;0,0;0,0;0,0;0,0;0,0;0,0;0,0;0,0;0,0;0,0;0,0;0,0;0,0;0,0;0,0;0,0;0,0;0,0;0,0;0,0;0,0;0,0;0,0;0,0;0,0;0,0;0,0;0,0;0,0;0,0;0,0;0,0;0,0;0,0;0,0;0,0;0,0;0,0;0,0;0,0;0,0;0,0;0,0;0,0;0,0;0,0;0,0;0,0;0,0;0,0;0,0;0,0;0,0;0,0;0,0;0,0;0,0;0,0;0,0;0,0;0,0;0,0;0,0;0,0;0,0
68;1;0;0,0;0,0;0,0;0,0;0,0;0,0;0,0;0,0;0,0;0,0;0,0;0,0;0,0;0,0;0,0;0,0;0,0;0,0;0,0;0,0;0,0;0,0;0,0;0,0;0,0;0,0;0,0;0,0;0,0;0,0;0,0;0,0;0,0;0,0;0,0;0,0;0,0;0,0;0,0;0,0;0,0;0,0;0,0;0,0;0,0;0,0;0,0;0,0;0,0;0,0;0,0;0,0;0,0;0,0;0,0;0,0;0,0;0,0;0,0;0,0;0,0;0,0;0,0;0,0;0,0;0,0;0,0;0,0;0,0;0,0;0,0;0,0;0,0;0,0;0,0;0,0;0,0;0,0;0,0;0,0;0,0;0,0;0,0;0,0;0,0;0,0;0,0;0,0;0,0;0,0;0,0;0,0;0,0;0,0;0,0;0,0;0,0;0,0;0,0;0,0;0,0;0,0;0,0;0,0;0,0;0,0;0,0;0,0;0,0;0,0;0,0;0,0;0,0;0,0;0,0;0,0;0,0;0,0;0,0;0,0;0,0;0,0;0,0;0,0;0,0;0,0;0,0;0,0;0,0;0,0;0,0;0,0;0,0;0,0;0,0;0,0;0,0;0,0;0,0;0,0;0,0;0,0;0,0;0,0;0,0;0,0;0,0;0,0;0,0;0,0;0,0;0,0;0,0;0,0;0,0;0,0;0,0;0,0;0,0;0,0;0,0;0,0;0,0;0,0;0,0;0,0;0,0;0,0;0,0;0,0;0,0;0,0;0,0;0,0;0,0;0,0;0,0;0,0;0,0;0,0;0,0;0,0;0,0;0,0;0,0;0,0;0,0;0,0;0,0;0,0;0,0;0,0;0,0;0,0;0,0;0,0;0,0;0,0;0,0;0,0;0,0;0,0;0,0;0,0;0,0;0,0;0,0;0,0;0,0;0,0;0,0;0,0;0,0;0,0;0,0;0,0;0,0;0,0;0,0;0,0;0,0;0,0;0,0;0,0;0,0;0,0;0,0;0,0;0,0;0,0;0,0;0,0;0,0;0,0;0,0;0,0;0,0;0,0;0,0;0,0;0,0;0,0;0,0;0,0;0,0;0,0;0,0;0,0;0,0;0,0;0,0;0,0;0,0;0,0;0,0;0,0;0,0;0,0;0,0;0,0;0,0;0,0;0,0;0,0;0,0;0,0;0,0;0,0;0,0;0,0;0,0;0,0;0,0;0,0;0,0;0,0;0,0;0,0;0,0;0,0;0,0;0,0;0,0;0,0;0,0;0,0;0,0;0,0;0,0;0,0;0,0;0,0;0,0;0,0;0,0;0,0;0,0;0,0;0,0;0,0;0,0;0,0
70;1;0;0,0;0,0;0,0;0,0;0,0;0,0;0,0;0,0;0,0;0,0;0,0;0,0;0,0;0,0;0,0;0,0;0,0;0,0;0,0;0,0;0,0;0,0;0,0;0,0;0,0;0,0;0,0;0,0;0,0;0,0;0,0;0,0;0,0;0,0;0,0;0,0;0,0;0,0;0,0;0,0;0,0;0,0;0,0;0,0;0,0;0,0;0,0;0,0;0,0;0,0;0,0;0,0;0,0;0,0;0,0;0,0;0,0;0,0;0,0;0,0;0,0;0,0;0,0;0,0;0,0;0,0;0,0;0,0;0,0;0,0;0,0;0,0;0,0;0,0;0,0;0,0;0,0;0,0;0,0;0,0;0,0;0,0;0,0;0,0;0,0;0,0;0,0;0,0;0,0;0,0;0,0;0,0;0,0;0,0;0,0;0,0;0,0;0,0;0,0;0,0;0,0;0,0;0,0;0,0;0,0;0,0;0,0;0,0;0,0;0,0;0,0;0,0;0,0;0,0;0,0;0,0;0,0;0,0;0,0;0,0;0,0;0,0;0,0;0,0;0,0;0,0;0,0;0,0;0,0;0,0;0,0;0,0;0,0;0,0;0,0;0,0;0,0;0,0;0,0;0,0;0,0;0,0;0,0;0,0;0,0;0,0;0,0;0,0;0,0;0,0;0,0;0,0;0,0;0,0;0,0;0,0;0,0;0,0;0,0;0,0;0,0;0,0;0,0;0,0;0,0;0,0;0,0;0,0;0,0;0,0;0,0;0,0;0,0;0,0;0,0;0,0;0,0;0,0;0,0;0,0;0,0;0,0;0,0;0,0;0,0;0,0;0,0;0,0;0,0;0,0;0,0;0,0;0,0;0,0;0,0;0,0;0,0;0,0;0,0;0,0;0,0;0,0;0,0;0,0;0,0;0,0;0,0;0,0;0,0;0,0;0,0;0,0;0,0;0,0;0,0;0,0;0,0;0,0;0,0;0,0;0,0;0,0;0,0;0,0;0,0;0,0;0,0;0,0;0,0;0,0;0,0;0,0;0,0;0,0;0,0;0,0;0,0;0,0;0,0;0,0;0,0;0,0;0,0;0,0;0,0;0,0;0,0;0,0;0,0;0,0;0,0;0,0;0,0;0,0;0,0;0,0;0,0;0,0;0,0;0,0;0,0;0,0;0,0;0,0;0,0;0,0;0,0;0,0;0,0;0,0;0,0;0,0;0,0;0,0;0,0;0,0;0,0;0,0;0,0;0,0;0,0;0,0;0,0;0,0;0,0;0,0;0,0;0,0;0,0;0,0;0,0;0,0;0,0;0,0;0,0;0,0;0,0;0,0;0,0;0,0;0,0;0,0
72;1;0;0,0;0,0;0,0;0,0;0,0;0,0;0,0;0,0;0,0;0,0;0,0;0,0;0,0;0,0;0,0;0,0;0,0;0,0;0,0;0,0;0,0;0,0;0,0;0,0;0,0;0,0;0,0;0,0;0,0;0,0;0,0;0,0;0,0;0,0;0,0;0,0;0,0;0,0;0,0;0,0;0,0;0,0;0,0;0,0;0,0;0,0;0,0;0,0;0,0;0,0;0,0;0,0;0,0;0,0;0,0;0,0;0,0;0,0;0,0;0,0;0,0;0,0;0,0;0,0;0,0;0,0;0,0;0,0;0,0;0,0;0,0;0,0;0,0;0,0;0,0;0,0;0,0;0,0;0,0;0,0;0,0;0,0;0,0;0,0;0,0;0,0;0,0;0,0;0,0;0,0;0,0;0,0;0,0;0,0;0,0;0,0;0,0;0,0;0,0;0,0;0,0;0,0;0,0;0,0;0,0;0,0;0,0;0,0;0,0;0,0;0,0;0,0;0,0;0,0;0,0;0,0;0,0;0,0;0,0;0,0;0,0;0,0;0,0;0,0;0,0;0,0;0,0;0,0;0,0;0,0;0,0;0,0;0,0;0,0;0,0;0,0;0,0;0,0;0,0;0,0;0,0;0,0;0,0;0,0;0,0;0,0;0,0;0,0;0,0;0,0;0,0;0,0;0,0;0,0;0,0;0,0;0,0;0,0;0,0;0,0;0,0;0,0;0,0;0,0;0,0;0,0;0,0;0,0;0,0;0,0;0,0;0,0;0,0;0,0;0,0;0,0;0,0;0,0;0,0;0,0;0,0;0,0;0,0;0,0;0,0;0,0;0,0;0,0;0,0;0,0;0,0;0,0;0,0;0,0;0,0;0,0;0,0;0,0;0,0;0,0;0,0;0,0;0,0;0,0;0,0;0,0;0,0;0,0;0,0;0,0;0,0;0,0;0,0;0,0;0,0;0,0;0,0;0,0;0,0;0,0;0,0;0,0;0,0;0,0;0,0;0,0;0,0;0,0;0,0;0,0;0,0;0,0;0,0;0,0;0,0;0,0;0,0;0,0;0,0;0,0;0,0;0,0;0,0;0,0;0,0;0,0;0,0;0,0;0,0;0,0;0,0;0,0;0,0;0,0;0,0;0,0;0,0;0,0;0,0;0,0;0,0;0,0;0,0;0,0;0,0;0,0;0,0;0,0;0,0;0,0;0,0;0,0;0,0;0,0;0,0;0,0;0,0;0,0;0,0;0,0;0,0;0,0;0,0;0,0;0,0;0,0;0,0;0,0;0,0;0,0;0,0;0,0;0,0;0,0;0,0;0,0;0,0;0,0;0,0;0,0;0,0;0,0
79;1;0;0,0;0,0;0,0;0,0;0,0;0,0;0,0;0,0;0,0;0,0;0,0;0,0;0,0;0,0;0,0;0,0;0,0;0,0;0,0;0,0;0,0;0,0;0,0;0,0;0,0;0,0;0,0;0,0;0,0;0,0;0,0;0,0;0,0;0,0;0,0;0,0;0,0;0,0;0,0;0,0;0,0;0,0;0,0;0,0;0,0;0,0;0,0;0,0;0,0;0,0;0,0;0,0;0,0;0,0;0,0;0,0;0,0;0,0;0,0;0,0;0,0;0,0;0,0;0,0;0,0;0,0;0,0;0,0;0,0;0,0;0,0;0,0;0,0;0,0;0,0;0,0;0,0;0,0;0,0;0,0;0,0;0,0;0,0;0,0;0,0;0,0;0,0;0,0;0,0;0,0;0,0;0,0;0,0;0,0;0,0;0,0;0,0;0,0;0,0;0,0;0,0;0,0;0,0;0,0;0,0;0,0;0,0;0,0;0,0;0,0;0,0;0,0;0,0;0,0;0,0;0,0;0,0;0,0;0,0;0,0;0,0;0,0;0,0;0,0;0,0;0,0;0,0;0,0;0,0;0,0;0,0;0,0;0,0;0,0;0,0;0,0;0,0;0,0;0,0;0,0;0,0;0,0;0,0;0,0;0,0;0,0;0,0;0,0;0,0;0,0;0,0;0,0;0,0;0,0;0,0;0,0;0,0;0,0;0,0;0,0;0,0;0,0;0,0;0,0;0,0;0,0;0,0;0,0;0,0;0,0;0,0;0,0;0,0;0,0;0,0;0,0;0,0;0,0;0,0;0,0;0,0;0,0;0,0;0,0;0,0;0,0;0,0;0,0;0,0;0,0;0,0;0,0;0,0;0,0;0,0;0,0;0,0;0,0;0,0;0,0;0,0;0,0;0,0;0,0;0,0;0,0;0,0;0,0;0,0;0,0;0,0;0,0;0,0;0,0;0,0;0,0;0,0;0,0;0,0;0,0;0,0;0,0;0,0;0,0;0,0;0,0;0,0;0,0;0,0;0,0;0,0;0,0;0,0;0,0;0,0;0,0;0,0;0,0;0,0;0,0;0,0;0,0;0,0;0,0;0,0;0,0;0,0;0,0;0,0;0,0;0,0;0,0;0,0;0,0;0,0;0,0;0,0;0,0;0,0;0,0;0,0;0,0;0,0;0,0;0,0;0,0;0,0;0,0;0,0;0,0;0,0;0,0;0,0;0,0;0,0;0,0;0,0;0,0;0,0;0,0;0,0;0,0;0,0;0,0;0,0;0,0;0,0;0,0;0,0;0,0;0,0;0,0;0,0;0,0;0,0;0,0;0,0;0,0;0,0;0,0;0,0;0,0
81;1;0;0,0;0,0;0,0;0,0;0,0;0,0;0,0;0,0;0,0;0,0;0,0;0,0;0,0;0,0;0,0;0,0;0,0;0,0;0,0;0,0;0,0;0,0;0,0;0,0;0,0;0,0;0,0;0,0;0,0;0,0;0,0;0,0;0,0;0,0;0,0;0,0;0,0;0,0;0,0;0,0;0,0;0,0;0,0;0,0;0,0;0,0;0,0;0,0;0,0;0,0;0,0;0,0;0,0;0,0;0,0;0,0;0,0;0,0;0,0;0,0;0,0;0,0;0,0;0,0;0,0;0,0;0,0;0,0;0,0;0,0;0,0;0,0;0,0;0,0;0,0;0,0;0,0;0,0;0,0;0,0;0,0;0,0;0,0;0,0;0,0;0,0;0,0;0,0;0,0;0,0;0,0;0,0;0,0;0,0;0,0;0,0;0,0;0,0;0,0;0,0;0,0;0,0;0,0;0,0;0,0;0,0;0,0;0,0;0,0;0,0;0,0;0,0;0,0;0,0;0,0;0,0;0,0;0,0;0,0;0,0;0,0;0,0;0,0;0,0;0,0;0,0;0,0;0,0;0,0;0,0;0,0;0,0;0,0;0,0;0,0;0,0;0,0;0,0;0,0;0,0;0,0;0,0;0,0;0,0;0,0;0,0;0,0;0,0;0,0;0,0;0,0;0,0;0,0;0,0;0,0;0,0;0,0;0,0;0,0;0,0;0,0;0,0;0,0;0,0;0,0;0,0;0,0;0,0;0,0;0,0;0,0;0,0;0,0;0,0;0,0;0,0;0,0;0,0;0,0;0,0;0,0;0,0;0,0;0,0;0,0;0,0;0,0;0,0;0,0;0,0;0,0;0,0;0,0;0,0;0,0;0,0;0,0;0,0;0,0;0,0;0,0;0,0;0,0;0,0;0,0;0,0;0,0;0,0;0,0;0,0;0,0;0,0;0,0;0,0;0,0;0,0;0,0;0,0;0,0;0,0;0,0;0,0;0,0;0,0;0,0;0,0;0,0;0,0;0,0;0,0;0,0;0,0;0,0;0,0;0,0;0,0;0,0;0,0;0,0;0,0;0,0;0,0;0,0;0,0;0,0;0,0;0,0;0,0;0,0;0,0;0,0;0,0;0,0;0,0;0,0;0,0;0,0;0,0;0,0;0,0;0,0;0,0;0,0;0,0;0,0;0,0;0,0;0,0;0,0;0,0;0,0;0,0;0,0;0,0;0,0;0,0;0,0;0,0;0,0;0,0;0,0;0,0;0,0;0,0;0,0;0,0;0,0;0,0;0,0;0,0;0,0;0,0;0,0;0,0;0,0;0,0;0,0;0,0;0,0;0,0;0,0;0,0
83;1;0;0,0;0,0;0,0;0,0;0,0;0,0;0,0;0,0;0,0;0,0;0,0;0,0;0,0;0,0;0,0;0,0;0,0;0,0;0,0;0,0;0,0;0,0;0,0;0,0;0,0;0,0;0,0;0,0;0,0;0,0;0,0;0,0;0,0;0,0;0,0;0,0;0,0;0,0;0,0;0,0;0,0;0,0;0,0;0,0;0,0;0,0;0,0;0,0;0,0;0,0;0,0;0,0;0,0;0,0;0,0;0,0;0,0;0,0;0,0;0,0;0,0;0,0;0,0;0,0;0,0;0,0;0,0;0,0;0,0;0,0;0,0;0,0;0,0;0,0;0,0;0,0;0,0;0,0;0,0;0,0;0,0;0,0;0,0;0,0;0,0;0,0;0,0;0,0;0,0;0,0;0,0;0,0;0,0;0,0;0,0;0,0;0,0;0,0;0,0;0,0;0,0;0,0;0,0;0,0;0,0;0,0;0,0;0,0;0,0;0,0;0,0;0,0;0,0;0,0;0,0;0,0;0,0;0,0;0,0;0,0;0,0;0,0;0,0;0,0;0,0;0,0;0,0;0,0;0,0;0,0;0,0;0,0;0,0;0,0;0,0;0,0;0,0;0,0;0,0;0,0;0,0;0,0;0,0;0,0;0,0;0,0;0,0;0,0;0,0;0,0;0,0;0,0;0,0;0,0;0,0;0,0;0,0;0,0;0,0;0,0;0,0;0,0;0,0;0,0;0,0;0,0;0,0;0,0;0,0;0,0;0,0;0,0;0,0;0,0;0,0;0,0;0,0;0,0;0,0;0,0;0,0;0,0;0,0;0,0;0,0;0,0;0,0;0,0;0,0;0,0;0,0;0,0;0,0;0,0;0,0;0,0;0,0;0,0;0,0;0,0;0,0;0,0;0,0;0,0;0,0;0,0;0,0;0,0;0,0;0,0;0,0;0,0;0,0;0,0;0,0;0,0;0,0;0,0;0,0;0,0;0,0;0,0;0,0;0,0;0,0;0,0;0,0;0,0;0,0;0,0;0,0;0,0;0,0;0,0;0,0;0,0;0,0;0,0;0,0;0,0;0,0;0,0;0,0;0,0;0,0;0,0;0,0;0,0;0,0;0,0;0,0;0,0;0,0;0,0;0,0;0,0;0,0;0,0;0,0;0,0;0,0;0,0;0,0;0,0;0,0;0,0;0,0;0,0;0,0;0,0;0,0;0,0;0,0;0,0;0,0;0,0;0,0;0,0;0,0;0,0;0,0;0,0;0,0;0,0;0,0;0,0;0,0;0,0;0,0;0,0;0,0;0,0;0,0;0,0;0,0;0,0;0,0;0,0;0,0;0,0;0,0;0,0
85;1;0;0,0;0,0;0,0;0,0;0,0;0,0;0,0;0,0;0,0;0,0;0,0;0,0;0,0;0,0;0,0;0,0;0,0;0,0;0,0;0,0;0,0;0,0;0,0;0,0;0,0;0,0;0,0;0,0;0,0;0,0;0,0;0,0;0,0;0,0;0,0;0,0;0,0;0,0;0,0;0,0;0,0;0,0;0,0;0,0;0,0;0,0;0,0;0,0;0,0;0,0;0,0;0,0;0,0;0,0;0,0;0,0;0,0;0,0;0,0;0,0;0,0;0,0;0,0;0,0;0,0;0,0;0,0;0,0;0,0;0,0;0,0;0,0;0,0;0,0;0,0;0,0;0,0;0,0;0,0;0,0;0,0;0,0;0,0;0,0;0,0;0,0;0,0;0,0;0,0;0,0;0,0;0,0;0,0;0,0;0,0;0,0;0,0;0,0;0,0;0,0;0,0;0,0;0,0;0,0;0,0;0,0;0,0;0,0;0,0;0,0;0,0;0,0;0,0;0,0;0,0;0,0;0,0;0,0;0,0;0,0;0,0;0,0;0,0;0,0;0,0;0,0;0,0;0,0;0,0;0,0;0,0;0,0;0,0;0,0;0,0;0,0;0,0;0,0;0,0;0,0;0,0;0,0;0,0;0,0;0,0;0,0;0,0;0,0;0,0;0,0;0,0;0,0;0,0;0,0;0,0;0,0;0,0;0,0;0,0;0,0;0,0;0,0;0,0;0,0;0,0;0,0;0,0;0,0;0,0;0,0;0,0;0,0;0,0;0,0;0,0;0,0;0,0;0,0;0,0;0,0;0,0;0,0;0,0;0,0;0,0;0,0;0,0;0,0;0,0;0,0;0,0;0,0;0,0;0,0;0,0;0,0;0,0;0,0;0,0;0,0;0,0;0,0;0,0;0,0;0,0;0,0;0,0;0,0;0,0;0,0;0,0;0,0;0,0;0,0;0,0;0,0;0,0;0,0;0,0;0,0;0,0;0,0;0,0;0,0;0,0;0,0;0,0;0,0;0,0;0,0;0,0;0,0;0,0;0,0;0,0;0,0;0,0;0,0;0,0;0,0;0,0;0,0;0,0;0,0;0,0;0,0;0,0;0,0;0,0;0,0;0,0;0,0;0,0;0,0;0,0;0,0;0,0;0,0;0,0;0,0;0,0;0,0;0,0;0,0;0,0;0,0;0,0;0,0;0,0;0,0;0,0;0,0;0,0;0,0;0,0;0,0;0,0;0,0;0,0;0,0;0,0;0,0;0,0;0,0;0,0;0,0;0,0;0,0;0,0;0,0;0,0;0,0;0,0;0,0;0,0;0,0;0,0;0,0;0,0;0,0;0,0;0,0
89;1;0;0,0;0,0;0,0;0,0;0,0;0,0;0,0;0,0;0,0;0,0;0,0;0,0;0,0;0,0;0,0;0,0;0,0;0,0;0,0;0,0;0,0;0,0;0,0;0,0;0,0;0,0;0,0;0,0;0,0;0,0;0,0;0,0;0,0;0,0;0,0;0,0;0,0;0,0;0,0;0,0;0,0;0,0;0,0;0,0;0,0;0,0;0,0;0,0;0,0;0,0;0,0;0,0;0,0;0,0;0,0;0,0;0,0;0,0;0,0;0,0;0,0;0,0;0,0;0,0;0,0;0,0;0,0;0,0;0,0;0,0;0,0;0,0;0,0;0,0;0,0;0,0;0,0;0,0;0,0;0,0;0,0;0,0;0,0;0,0;0,0;0,0;0,0;0,0;0,0;0,0;0,0;0,0;0,0;0,0;0,0;0,0;0,0;0,0;0,0;0,0;0,0;0,0;0,0;0,0;0,0;0,0;0,0;0,0;0,0;0,0;0,0;0,0;0,0;0,0;0,0;0,0;0,0;0,0;0,0;0,0;0,0;0,0;0,0;0,0;0,0;0,0;0,0;0,0;0,0;0,0;0,0;0,0;0,0;0,0;0,0;0,0;0,0;0,0;0,0;0,0;0,0;0,0;0,0;0,0;0,0;0,0;0,0;0,0;0,0;0,0;0,0;0,0;0,0;0,0;0,0;0,0;0,0;0,0;0,0;0,0;0,0;0,0;0,0;0,0;0,0;0,0;0,0;0,0;0,0;0,0;0,0;0,0;0,0;0,0;0,0;0,0;0,0;0,0;0,0;0,0;0,0;0,0;0,0;0,0;0,0;0,0;0,0;0,0;0,0;0,0;0,0;0,0;0,0;0,0;0,0;0,0;0,0;0,0;0,0;0,0;0,0;0,0;0,0;0,0;0,0;0,0;0,0;0,0;0,0;0,0;0,0;0,0;0,0;0,0;0,0;0,0;0,0;0,0;0,0;0,0;0,0;0,0;0,0;0,0;0,0;0,0;0,0;0,0;0,0;0,0;0,0;0,0;0,0;0,0;0,0;0,0;0,0;0,0;0,0;0,0;0,0;0,0;0,0;0,0;0,0;0,0;0,0;0,0;0,0;0,0;0,0;0,0;0,0;0,0;0,0;0,0;0,0;0,0;0,0;0,0;0,0;0,0;0,0;0,0;0,0;0,0;0,0;0,0;0,0;0,0;0,0;0,0;0,0;0,0;0,0;0,0;0,0;0,0;0,0;0,0;0,0;0,0;0,0;0,0;0,0;0,0;0,0;0,0;0,0;0,0;0,0;0,0;0,0;0,0;0,0;0,0;0,0;0,0;0,0;0,0;0,0;0,0
93;1;0;0,0;0,0;0,0;0,0;0,0;0,0;0,0;0,0;0,0;0,0;0,0;0,0;0,0;0,0;0,0;0,0;0,0;0,0;0,0;0,0;0,0;0,0;0,0;0,0;0,0;0,0;0,0;0,0;0,0;0,0;0,0;0,0;0,0;0,0;0,0;0,0;0,0;0,0;0,0;0,0;0,0;0,0;0,0;0,0;0,0;0,0;0,0;0,0;0,0;0,0;0,0;0,0;0,0;0,0;0,0;0,0;0,0;0,0;0,0;0,0;0,0;0,0;0,0;0,0;0,0;0,0;0,0;0,0;0,0;0,0;0,0;0,0;0,0;0,0;0,0;0,0;0,0;0,0;0,0;0,0;0,0;0,0;0,0;0,0;0,0;0,0;0,0;0,0;0,0;0,0;0,0;0,0;0,0;0,0;0,0;0,0;0,0;0,0;0,0;0,0;0,0;0,0;0,0;0,0;0,0;0,0;0,0;0,0;0,0;0,0;0,0;0,0;0,0;0,0;0,0;0,0;0,0;0,0;0,0;0,0;0,0;0,0;0,0;0,0;0,0;0,0;0,0;0,0;0,0;0,0;0,0;0,0;0,0;0,0;0,0;0,0;0,0;0,0;0,0;0,0;0,0;0,0;0,0;0,0;0,0;0,0;0,0;0,0;0,0;0,0;0,0;0,0;0,0;0,0;0,0;0,0;0,0;0,0;0,0;0,0;0,0;0,0;0,0;0,0;0,0;0,0;0,0;0,0;0,0;0,0;0,0;0,0;0,0;0,0;0,0;0,0;0,0;0,0;0,0;0,0;0,0;0,0;0,0;0,0;0,0;0,0;0,0;0,0;0,0;0,0;0,0;0,0;0,0;0,0;0,0;0,0;0,0;0,0;0,0;0,0;0,0;0,0;0,0;0,0;0,0;0,0;0,0;0,0;0,0;0,0;0,0;0,0;0,0;0,0;0,0;0,0;0,0;0,0;0,0;0,0;0,0;0,0;0,0;0,0;0,0;0,0;0,0;0,0;0,0;0,0;0,0;0,0;0,0;0,0;0,0;0,0;0,0;0,0;0,0;0,0;0,0;0,0;0,0;0,0;0,0;0,0;0,0;0,0;0,0;0,0;0,0;0,0;0,0;0,0;0,0;0,0;0,0;0,0;0,0;0,0;0,0;0,0;0,0;0,0;0,0;0,0;0,0;0,0;0,0;0,0;0,0;0,0;0,0;0,0;0,0;0,0;0,0;0,0;0,0;0,0;0,0;0,0;0,0;0,0;0,0;0,0;0,0;0,0;0,0;0,0;0,0;0,0;0,0;0,0;0,0;0,0;0,0;0,0;0,0;0,0;0,0;0,0
95;1;0;0,0;0,0;0,0;0,0;0,0;0,0;0,0;0,0;0,0;0,0;0,0;0,0;0,0;0,0;0,0;0,0;0,0;0,0;0,0;0,0;0,0;0,0;0,0;0,0;0,0;0,0;0,0;0,0;0,0;0,0;0,0;0,0;0,0;0,0;0,0;0,0;0,0;0,0;0,0;0,0;0,0;0,0;0,0;0,0;0,0;0,0;0,0;0,0;0,0;0,0;0,0;0,0;0,0;0,0;0,0;0,0;0,0;0,0;0,0;0,0;0,0;0,0;0,0;0,0;0,0;0,0;0,0;0,0;0,0;0,0;0,0;0,0;0,0;0,0;0,0;0,0;0,0;0,0;0,0;0,0;0,0;0,0;0,0;0,0;0,0;0,0;0,0;0,0;0,0;0,0;0,0;0,0;0,0;0,0;0,0;0,0;0,0;0,0;0,0;0,0;0,0;0,0;0,0;0,0;0,0;0,0;0,0;0,0;0,0;0,0;0,0;0,0;0,0;0,0;0,0;0,0;0,0;0,0;0,0;0,0;0,0;0,0;0,0;0,0;0,0;0,0;0,0;0,0;0,0;0,0;0,0;0,0;0,0;0,0;0,0;0,0;0,0;0,0;0,0;0,0;0,0;0,0;0,0;0,0;0,0;0,0;0,0;0,0;0,0;0,0;0,0;0,0;0,0;0,0;0,0;0,0;0,0;0,0;0,0;0,0;0,0;0,0;0,0;0,0;0,0;0,0;0,0;0,0;0,0;0,0;0,0;0,0;0,0;0,0;0,0;0,0;0,0;0,0;0,0;0,0;0,0;0,0;0,0;0,0;0,0;0,0;0,0;0,0;0,0;0,0;0,0;0,0;0,0;0,0;0,0;0,0;0,0;0,0;0,0;0,0;0,0;0,0;0,0;0,0;0,0;0,0;0,0;0,0;0,0;0,0;0,0;0,0;0,0;0,0;0,0;0,0;0,0;0,0;0,0;0,0;0,0;0,0;0,0;0,0;0,0;0,0;0,0;0,0;0,0;0,0;0,0;0,0;0,0;0,0;0,0;0,0;0,0;0,0;0,0;0,0;0,0;0,0;0,0;0,0;0,0;0,0;0,0;0,0;0,0;0,0;0,0;0,0;0,0;0,0;0,0;0,0;0,0;0,0;0,0;0,0;0,0;0,0;0,0;0,0;0,0;0,0;0,0;0,0;0,0;0,0;0,0;0,0;0,0;0,0;0,0;0,0;0,0;0,0;0,0;0,0;0,0;0,0;0,0;0,0;0,0;0,0;0,0;0,0;0,0;0,0;0,0;0,0;0,0;0,0;0,0;0,0;0,0;0,0;0,0;0,0;0,0;0,0
96;1;0;0,0;0,0;0,0;0,0;0,0;0,0;0,0;0,0;0,0;0,0;0,0;0,0;0,0;0,0;0,0;0,0;0,0;0,0;0,0;0,0;0,0;0,0;0,0;0,0;0,0;0,0;0,0;0,0;0,0;0,0;0,0;0,0;0,0;0,0;0,0;0,0;0,0;0,0;0,0;0,0;0,0;0,0;0,0;0,0;0,0;0,0;0,0;0,0;0,0;0,0;0,0;0,0;0,0;0,0;0,0;0,0;0,0;0,0;0,0;0,0;0,0;0,0;0,0;0,0;0,0;0,0;0,0;0,0;0,0;0,0;0,0;0,0;0,0;0,0;0,0;0,0;0,0;0,0;0,0;0,0;0,0;0,0;0,0;0,0;0,0;0,0;0,0;0,0;0,0;0,0;0,0;0,0;0,0;0,0;0,0;0,0;0,0;0,0;0,0;0,0;0,0;0,0;0,0;0,0;0,0;0,0;0,0;0,0;0,0;0,0;0,0;0,0;0,0;0,0;0,0;0,0;0,0;0,0;0,0;0,0;0,0;0,0;0,0;0,0;0,0;0,0;0,0;0,0;0,0;0,0;0,0;0,0;0,0;0,0;0,0;0,0;0,0;0,0;0,0;0,0;0,0;0,0;0,0;0,0;0,0;0,0;0,0;0,0;0,0;0,0;0,0;0,0;0,0;0,0;0,0;0,0;0,0;0,0;0,0;0,0;0,0;0,0;0,0;0,0;0,0;0,0;0,0;0,0;0,0;0,0;0,0;0,0;0,0;0,0;0,0;0,0;0,0;0,0;0,0;0,0;0,0;0,0;0,0;0,0;0,0;0,0;0,0;0,0;0,0;0,0;0,0;0,0;0,0;0,0;0,0;0,0;0,0;0,0;0,0;0,0;0,0;0,0;0,0;0,0;0,0;0,0;0,0;0,0;0,0;0,0;0,0;0,0;0,0;0,0;0,0;0,0;0,0;0,0;0,0;0,0;0,0;0,0;0,0;0,0;0,0;0,0;0,0;0,0;0,0;0,0;0,0;0,0;0,0;0,0;0,0;0,0;0,0;0,0;0,0;0,0;0,0;0,0;0,0;0,0;0,0;0,0;0,0;0,0;0,0;0,0;0,0;0,0;0,0;0,0;0,0;0,0;0,0;0,0;0,0;0,0;0,0;0,0;0,0;0,0;0,0;0,0;0,0;0,0;0,0;0,0;0,0;0,0;0,0;0,0;0,0;0,0;0,0;0,0;0,0;0,0;0,0;0,0;0,0;0,0;0,0;0,0;0,0;0,0;0,0;0,0;0,0;0,0;0,0;0,0;0,0;0,0;0,0;0,0;0,0;0,0;0,0;0,0
98;1;0;0,0;0,0;0,0;0,0;0,0;0,0;0,0;0,0;0,0;0,0;0,0;0,0;0,0;0,0;0,0;0,0;0,0;0,0;0,0;0,0;0,0;0,0;0,0;0,0;0,0;0,0;0,0;0,0;0,0;0,0;0,0;0,0;0,0;0,0;0,0;0,0;0,0;0,0;0,0;0,0;0,0;0,0;0,0;0,0;0,0;0,0;0,0;0,0;0,0;0,0;0,0;0,0;0,0;0,0;0,0;0,0;0,0;0,0;0,0;0,0;0,0;0,0;0,0;0,0;0,0;0,0;0,0;0,0;0,0;0,0;0,0;0,0;0,0;0,0;0,0;0,0;0,0;0,0;0,0;0,0;0,0;0,0;0,0;0,0;0,0;0,0;0,0;0,0;0,0;0,0;0,0;0,0;0,0;0,0;0,0;0,0;0,0;0,0;0,0;0,0;0,0;0,0;0,0;0,0;0,0;0,0;0,0;0,0;0,0;0,0;0,0;0,0;0,0;0,0;0,0;0,0;0,0;0,0;0,0;0,0;0,0;0,0;0,0;0,0;0,0;0,0;0,0;0,0;0,0;0,0;0,0;0,0;0,0;0,0;0,0;0,0;0,0;0,0;0,0;0,0;0,0;0,0;0,0;0,0;0,0;0,0;0,0;0,0;0,0;0,0;0,0;0,0;0,0;0,0;0,0;0,0;0,0;0,0;0,0;0,0;0,0;0,0;0,0;0,0;0,0;0,0;0,0;0,0;0,0;0,0;0,0;0,0;0,0;0,0;0,0;0,0;0,0;0,0;0,0;0,0;0,0;0,0;0,0;0,0;0,0;0,0;0,0;0,0;0,0;0,0;0,0;0,0;0,0;0,0;0,0;0,0;0,0;0,0;0,0;0,0;0,0;0,0;0,0;0,0;0,0;0,0;0,0;0,0;0,0;0,0;0,0;0,0;0,0;0,0;0,0;0,0;0,0;0,0;0,0;0,0;0,0;0,0;0,0;0,0;0,0;0,0;0,0;0,0;0,0;0,0;0,0;0,0;0,0;0,0;0,0;0,0;0,0;0,0;0,0;0,0;0,0;0,0;0,0;0,0;0,0;0,0;0,0;0,0;0,0;0,0;0,0;0,0;0,0;0,0;0,0;0,0;0,0;0,0;0,0;0,0;0,0;0,0;0,0;0,0;0,0;0,0;0,0;0,0;0,0;0,0;0,0;0,0;0,0;0,0;0,0;0,0;0,0;0,0;0,0;0,0;0,0;0,0;0,0;0,0;0,0;0,0;0,0;0,0;0,0;0,0;0,0;0,0;0,0;0,0;0,0;0,0;0,0;0,0;0,0;0,0;0,0;0,0
99;1;0;0,0;0,0;0,0;0,0;0,0;0,0;0,0;0,0;0,0;0,0;0,0;0,0;0,0;0,0;0,0;0,0;0,0;0,0;0,0;0,0;0,0;0,0;0,0;0,0;0,0;0,0;0,0;0,0;0,0;0,0;0,0;0,0;0,0;0,0;0,0;0,0;0,0;0,0;0,0;0,0;0,0;0,0;0,0;0,0;0,0;0,0;0,0;0,0;0,0;0,0;0,0;0,0;0,0;0,0;0,0;0,0;0,0;0,0;0,0;0,0;0,0;0,0;0,0;0,0;0,0;0,0;0,0;0,0;0,0;0,0;0,0;0,0;0,0;0,0;0,0;0,0;0,0;0,0;0,0;0,0;0,0;0,0;0,0;0,0;0,0;0,0;0,0;0,0;0,0;0,0;0,0;0,0;0,0;0,0;0,0;0,0;0,0;0,0;0,0;0,0;0,0;0,0;0,0;0,0;0,0;0,0;0,0;0,0;0,0;0,0;0,0;0,0;0,0;0,0;0,0;0,0;0,0;0,0;0,0;0,0;0,0;0,0;0,0;0,0;0,0;0,0;0,0;0,0;0,0;0,0;0,0;0,0;0,0;0,0;0,0;0,0;0,0;0,0;0,0;0,0;0,0;0,0;0,0;0,0;0,0;0,0;0,0;0,0;0,0;0,0;0,0;0,0;0,0;0,0;0,0;0,0;0,0;0,0;0,0;0,0;0,0;0,0;0,0;0,0;0,0;0,0;0,0;0,0;0,0;0,0;0,0;0,0;0,0;0,0;0,0;0,0;0,0;0,0;0,0;0,0;0,0;0,0;0,0;0,0;0,0;0,0;0,0;0,0;0,0;0,0;0,0;0,0;0,0;0,0;0,0;0,0;0,0;0,0;0,0;0,0;0,0;0,0;0,0;0,0;0,0;0,0;0,0;0,0;0,0;0,0;0,0;0,0;0,0;0,0;0,0;0,0;0,0;0,0;0,0;0,0;0,0;0,0;0,0;0,0;0,0;0,0;0,0;0,0;0,0;0,0;0,0;0,0;0,0;0,0;0,0;0,0;0,0;0,0;0,0;0,0;0,0;0,0;0,0;0,0;0,0;0,0;0,0;0,0;0,0;0,0;0,0;0,0;0,0;0,0;0,0;0,0;0,0;0,0;0,0;0,0;0,0;0,0;0,0;0,0;0,0;0,0;0,0;0,0;0,0;0,0;0,0;0,0;0,0;0,0;0,0;0,0;0,0;0,0;0,0;0,0;0,0;0,0;0,0;0,0;0,0;0,0;0,0;0,0;0,0;0,0;0,0;0,0;0,0;0,0;0,0;0,0;0,0;0,0;0,0;0,0;0,0;0,0
100;1;0;0,0;0,0;0,0;0,0;0,0;0,0;0,0;0,0;0,0;0,0;0,0;0,0;0,0;0,0;0,0;0,0;0,0;0,0;0,0;0,0;0,0;0,0;0,0;0,0;0,0;0,0;0,0;0,0;0,0;0,0;0,0;0,0;0,0;0,0;0,0;0,0;0,0;0,0;0,0;0,0;0,0;0,0;0,0;0,0;0,0;0,0;0,0;0,0;0,0;0,0;0,0;0,0;0,0;0,0;0,0;0,0;0,0;0,0;0,0;0,0;0,0;0,0;0,0;0,0;0,0;0,0;0,0;0,0;0,0;0,0;0,0;0,0;0,0;0,0;0,0;0,0;0,0;0,0;0,0;0,0;0,0;0,0;0,0;0,0;0,0;0,0;0,0;0,0;0,0;0,0;0,0;0,0;0,0;0,0;0,0;0,0;0,0;0,0;0,0;0,0;0,0;0,0;0,0;0,0;0,0;0,0;0,0;0,0;0,0;0,0;0,0;0,0;0,0;0,0;0,0;0,0;0,0;0,0;0,0;0,0;0,0;0,0;0,0;0,0;0,0;0,0;0,0;0,0;0,0;0,0;0,0;0,0;0,0;0,0;0,0;0,0;0,0;0,0;0,0;0,0;0,0;0,0;0,0;0,0;0,0;0,0;0,0;0,0;0,0;0,0;0,0;0,0;0,0;0,0;0,0;0,0;0,0;0,0;0,0;0,0;0,0;0,0;0,0;0,0;0,0;0,0;0,0;0,0;0,0;0,0;0,0;0,0;0,0;0,0;0,0;0,0;0,0;0,0;0,0;0,0;0,0;0,0;0,0;0,0;0,0;0,0;0,0;0,0;0,0;0,0;0,0;0,0;0,0;0,0;0,0;0,0;0,0;0,0;0,0;0,0;0,0;0,0;0,0;0,0;0,0;0,0;0,0;0,0;0,0;0,0;0,0;0,0;0,0;0,0;0,0;0,0;0,0;0,0;0,0;0,0;0,0;0,0;0,0;0,0;0,0;0,0;0,0;0,0;0,0;0,0;0,0;0,0;0,0;0,0;0,0;0,0;0,0;0,0;0,0;0,0;0,0;0,0;0,0;0,0;0,0;0,0;0,0;0,0;0,0;0,0;0,0;0,0;0,0;0,0;0,0;0,0;0,0;0,0;0,0;0,0;0,0;0,0;0,0;0,0;0,0;0,0;0,0;0,0;0,0;0,0;0,0;0,0;0,0;0,0;0,0;0,0;0,0;0,0;0,0;0,0;0,0;0,0;0,0;0,0;0,0;0,0;0,0;0,0;0,0;0,0;0,0;0,0;0,0;0,0;0,0;0,0;0,0;0,0;0,0;0,0;0,0;0,0
106;1;0;0,0;0,0;0,0;0,0;0,0;0,0;0,0;0,0;0,0;0,0;0,0;0,0;0,0;0,0;0,0;0,0;0,0;0,0;0,0;0,0;0,0;0,0;0,0;0,0;0,0;0,0;0,0;0,0;0,0;0,0;0,0;0,0;0,0;0,0;0,0;0,0;0,0;0,0;0,0;0,0;0,0;0,0;0,0;0,0;0,0;0,0;0,0;0,0;0,0;0,0;0,0;0,0;0,0;0,0;0,0;0,0;0,0;0,0;0,0;0,0;0,0;0,0;0,0;0,0;0,0;0,0;0,0;0,0;0,0;0,0;0,0;0,0;0,0;0,0;0,0;0,0;0,0;0,0;0,0;0,0;0,0;0,0;0,0;0,0;0,0;0,0;0,0;0,0;0,0;0,0;0,0;0,0;0,0;0,0;0,0;0,0;0,0;0,0;0,0;0,0;0,0;0,0;0,0;0,0;0,0;0,0;0,0;0,0;0,0;0,0;0,0;0,0;0,0;0,0;0,0;0,0;0,0;0,0;0,0;0,0;0,0;0,0;0,0;0,0;0,0;0,0;0,0;0,0;0,0;0,0;0,0;0,0;0,0;0,0;0,0;0,0;0,0;0,0;0,0;0,0;0,0;0,0;0,0;0,0;0,0;0,0;0,0;0,0;0,0;0,0;0,0;0,0;0,0;0,0;0,0;0,0;0,0;0,0;0,0;0,0;0,0;0,0;0,0;0,0;0,0;0,0;0,0;0,0;0,0;0,0;0,0;0,0;0,0;0,0;0,0;0,0;0,0;0,0;0,0;0,0;0,0;0,0;0,0;0,0;0,0;0,0;0,0;0,0;0,0;0,0;0,0;0,0;0,0;0,0;0,0;0,0;0,0;0,0;0,0;0,0;0,0;0,0;0,0;0,0;0,0;0,0;0,0;0,0;0,0;0,0;0,0;0,0;0,0;0,0;0,0;0,0;0,0;0,0;0,0;0,0;0,0;0,0;0,0;0,0;0,0;0,0;0,0;0,0;0,0;0,0;0,0;0,0;0,0;0,0;0,0;0,0;0,0;0,0;0,0;0,0;0,0;0,0;0,0;0,0;0,0;0,0;0,0;0,0;0,0;0,0;0,0;0,0;0,0;0,0;0,0;0,0;0,0;0,0;0,0;0,0;0,0;0,0;0,0;0,0;0,0;0,0;0,0;0,0;0,0;0,0;0,0;0,0;0,0;0,0;0,0;0,0;0,0;0,0;0,0;0,0;0,0;0,0;0,0;0,0;0,0;0,0;0,0;0,0;0,0;0,0;0,0;0,0;0,0;0,0;0,0;0,0;0,0;0,0;0,0;0,0;0,0;0,0
108;1;0;0,0;0,0;0,0;0,0;0,0;0,0;0,0;0,0;0,0;0,0;0,0;0,0;0,0;0,0;0,0;0,0;0,0;0,0;0,0;0,0;0,0;0,0;0,0;0,0;0,0;0,0;0,0;0,0;0,0;0,0;0,0;0,0;0,0;0,0;0,0;0,0;0,0;0,0;0,0;0,0;0,0;0,0;0,0;0,0;0,0;0,0;0,0;0,0;0,0;0,0;0,0;0,0;0,0;0,0;0,0;0,0;0,0;0,0;0,0;0,0;0,0;0,0;0,0;0,0;0,0;0,0;0,0;0,0;0,0;0,0;0,0;0,0;0,0;0,0;0,0;0,0;0,0;0,0;0,0;0,0;0,0;0,0;0,0;0,0;0,0;0,0;0,0;0,0;0,0;0,0;0,0;0,0;0,0;0,0;0,0;0,0;0,0;0,0;0,0;0,0;0,0;0,0;0,0;0,0;0,0;0,0;0,0;0,0;0,0;0,0;0,0;0,0;0,0;0,0;0,0;0,0;0,0;0,0;0,0;0,0;0,0;0,0;0,0;0,0;0,0;0,0;0,0;0,0;0,0;0,0;0,0;0,0;0,0;0,0;0,0;0,0;0,0;0,0;0,0;0,0;0,0;0,0;0,0;0,0;0,0;0,0;0,0;0,0;0,0;0,0;0,0;0,0;0,0;0,0;0,0;0,0;0,0;0,0;0,0;0,0;0,0;0,0;0,0;0,0;0,0;0,0;0,0;0,0;0,0;0,0;0,0;0,0;0,0;0,0;0,0;0,0;0,0;0,0;0,0;0,0;0,0;0,0;0,0;0,0;0,0;0,0;0,0;0,0;0,0;0,0;0,0;0,0;0,0;0,0;0,0;0,0;0,0;0,0;0,0;0,0;0,0;0,0;0,0;0,0;0,0;0,0;0,0;0,0;0,0;0,0;0,0;0,0;0,0;0,0;0,0;0,0;0,0;0,0;0,0;0,0;0,0;0,0;0,0;0,0;0,0;0,0;0,0;0,0;0,0;0,0;0,0;0,0;0,0;0,0;0,0;0,0;0,0;0,0;0,0;0,0;0,0;0,0;0,0;0,0;0,0;0,0;0,0;0,0;0,0;0,0;0,0;0,0;0,0;0,0;0,0;0,0;0,0;0,0;0,0;0,0;0,0;0,0;0,0;0,0;0,0;0,0;0,0;0,0;0,0;0,0;0,0;0,0;0,0;0,0;0,0;0,0;0,0;0,0;0,0;0,0;0,0;0,0;0,0;0,0;0,0;0,0;0,0;0,0;0,0;0,0;0,0;0,0;0,0;0,0;0,0;0,0;0,0;0,0;0,0;0,0;0,0;0,0
111;1;0;0,0;0,0;0,0;0,0;0,0;0,0;0,0;0,0;0,0;0,0;0,0;0,0;0,0;0,0;0,0;0,0;0,0;0,0;0,0;0,0;0,0;0,0;0,0;0,0;0,0;0,0;0,0;0,0;0,0;0,0;0,0;0,0;0,0;0,0;0,0;0,0;0,0;0,0;0,0;0,0;0,0;0,0;0,0;0,0;0,0;0,0;0,0;0,0;0,0;0,0;0,0;0,0;0,0;0,0;0,0;0,0;0,0;0,0;0,0;0,0;0,0;0,0;0,0;0,0;0,0;0,0;0,0;0,0;0,0;0,0;0,0;0,0;0,0;0,0;0,0;0,0;0,0;0,0;0,0;0,0;0,0;0,0;0,0;0,0;0,0;0,0;0,0;0,0;0,0;0,0;0,0;0,0;0,0;0,0;0,0;0,0;0,0;0,0;0,0;0,0;0,0;0,0;0,0;0,0;0,0;0,0;0,0;0,0;0,0;0,0;0,0;0,0;0,0;0,0;0,0;0,0;0,0;0,0;0,0;0,0;0,0;0,0;0,0;0,0;0,0;0,0;0,0;0,0;0,0;0,0;0,0;0,0;0,0;0,0;0,0;0,0;0,0;0,0;0,0;0,0;0,0;0,0;0,0;0,0;0,0;0,0;0,0;0,0;0,0;0,0;0,0;0,0;0,0;0,0;0,0;0,0;0,0;0,0;0,0;0,0;0,0;0,0;0,0;0,0;0,0;0,0;0,0;0,0;0,0;0,0;0,0;0,0;0,0;0,0;0,0;0,0;0,0;0,0;0,0;0,0;0,0;0,0;0,0;0,0;0,0;0,0;0,0;0,0;0,0;0,0;0,0;0,0;0,0;0,0;0,0;0,0;0,0;0,0;0,0;0,0;0,0;0,0;0,0;0,0;0,0;0,0;0,0;0,0;0,0;0,0;0,0;0,0;0,0;0,0;0,0;0,0;0,0;0,0;0,0;0,0;0,0;0,0;0,0;0,0;0,0;0,0;0,0;0,0;0,0;0,0;0,0;0,0;0,0;0,0;0,0;0,0;0,0;0,0;0,0;0,0;0,0;0,0;0,0;0,0;0,0;0,0;0,0;0,0;0,0;0,0;0,0;0,0;0,0;0,0;0,0;0,0;0,0;0,0;0,0;0,0;0,0;0,0;0,0;0,0;0,0;0,0;0,0;0,0;0,0;0,0;0,0;0,0;0,0;0,0;0,0;0,0;0,0;0,0;0,0;0,0;0,0;0,0;0,0;0,0;0,0;0,0;0,0;0,0;0,0;0,0;0,0;0,0;0,0;0,0;0,0;0,0;0,0;0,0;0,0;0,0;0,0;0,0
112;1;0;0,0;0,0;0,0;0,0;0,0;0,0;0,0;0,0;0,0;0,0;0,0;0,0;0,0;0,0;0,0;0,0;0,0;0,0;0,0;0,0;0,0;0,0;0,0;0,0;0,0;0,0;0,0;0,0;0,0;0,0;0,0;0,0;0,0;0,0;0,0;0,0;0,0;0,0;0,0;0,0;0,0;0,0;0,0;0,0;0,0;0,0;0,0;0,0;0,0;0,0;0,0;0,0;0,0;0,0;0,0;0,0;0,0;0,0;0,0;0,0;0,0;0,0;0,0;0,0;0,0;0,0;0,0;0,0;0,0;0,0;0,0;0,0;0,0;0,0;0,0;0,0;0,0;0,0;0,0;0,0;0,0;0,0;0,0;0,0;0,0;0,0;0,0;0,0;0,0;0,0;0,0;0,0;0,0;0,0;0,0;0,0;0,0;0,0;0,0;0,0;0,0;0,0;0,0;0,0;0,0;0,0;0,0;0,0;0,0;0,0;0,0;0,0;0,0;0,0;0,0;0,0;0,0;0,0;0,0;0,0;0,0;0,0;0,0;0,0;0,0;0,0;0,0;0,0;0,0;0,0;0,0;0,0;0,0;0,0;0,0;0,0;0,0;0,0;0,0;0,0;0,0;0,0;0,0;0,0;0,0;0,0;0,0;0,0;0,0;0,0;0,0;0,0;0,0;0,0;0,0;0,0;0,0;0,0;0,0;0,0;0,0;0,0;0,0;0,0;0,0;0,0;0,0;0,0;0,0;0,0;0,0;0,0;0,0;0,0;0,0;0,0;0,0;0,0;0,0;0,0;0,0;0,0;0,0;0,0;0,0;0,0;0,0;0,0;0,0;0,0;0,0;0,0;0,0;0,0;0,0;0,0;0,0;0,0;0,0;0,0;0,0;0,0;0,0;0,0;0,0;0,0;0,0;0,0;0,0;0,0;0,0;0,0;0,0;0,0;0,0;0,0;0,0;0,0;0,0;0,0;0,0;0,0;0,0;0,0;0,0;0,0;0,0;0,0;0,0;0,0;0,0;0,0;0,0;0,0;0,0;0,0;0,0;0,0;0,0;0,0;0,0;0,0;0,0;0,0;0,0;0,0;0,0;0,0;0,0;0,0;0,0;0,0;0,0;0,0;0,0;0,0;0,0;0,0;0,0;0,0;0,0;0,0;0,0;0,0;0,0;0,0;0,0;0,0;0,0;0,0;0,0;0,0;0,0;0,0;0,0;0,0;0,0;0,0;0,0;0,0;0,0;0,0;0,0;0,0;0,0;0,0;0,0;0,0;0,0;0,0;0,0;0,0;0,0;0,0;0,0;0,0;0,0;0,0;0,0;0,0;0,0;0,0
113;1;0;0,0;0,0;0,0;0,0;0,0;0,0;0,0;0,0;0,0;0,0;0,0;0,0;0,0;0,0;0,0;0,0;0,0;0,0;0,0;0,0;0,0;0,0;0,0;0,0;0,0;0,0;0,0;0,0;0,0;0,0;0,0;0,0;0,0;0,0;0,0;0,0;0,0;0,0;0,0;0,0;0,0;0,0;0,0;0,0;0,0;0,0;0,0;0,0;0,0;0,0;0,0;0,0;0,0;0,0;0,0;0,0;0,0;0,0;0,0;0,0;0,0;0,0;0,0;0,0;0,0;0,0;0,0;0,0;0,0;0,0;0,0;0,0;0,0;0,0;0,0;0,0;0,0;0,0;0,0;0,0;0,0;0,0;0,0;0,0;0,0;0,0;0,0;0,0;0,0;0,0;0,0;0,0;0,0;0,0;0,0;0,0;0,0;0,0;0,0;0,0;0,0;0,0;0,0;0,0;0,0;0,0;0,0;0,0;0,0;0,0;0,0;0,0;0,0;0,0;0,0;0,0;0,0;0,0;0,0;0,0;0,0;0,0;0,0;0,0;0,0;0,0;0,0;0,0;0,0;0,0;0,0;0,0;0,0;0,0;0,0;0,0;0,0;0,0;0,0;0,0;0,0;0,0;0,0;0,0;0,0;0,0;0,0;0,0;0,0;0,0;0,0;0,0;0,0;0,0;0,0;0,0;0,0;0,0;0,0;0,0;0,0;0,0;0,0;0,0;0,0;0,0;0,0;0,0;0,0;0,0;0,0;0,0;0,0;0,0;0,0;0,0;0,0;0,0;0,0;0,0;0,0;0,0;0,0;0,0;0,0;0,0;0,0;0,0;0,0;0,0;0,0;0,0;0,0;0,0;0,0;0,0;0,0;0,0;0,0;0,0;0,0;0,0;0,0;0,0;0,0;0,0;0,0;0,0;0,0;0,0;0,0;0,0;0,0;0,0;0,0;0,0;0,0;0,0;0,0;0,0;0,0;0,0;0,0;0,0;0,0;0,0;0,0;0,0;0,0;0,0;0,0;0,0;0,0;0,0;0,0;0,0;0,0;0,0;0,0;0,0;0,0;0,0;0,0;0,0;0,0;0,0;0,0;0,0;0,0;0,0;0,0;0,0;0,0;0,0;0,0;0,0;0,0;0,0;0,0;0,0;0,0;0,0;0,0;0,0;0,0;0,0;0,0;0,0;0,0;0,0;0,0;0,0;0,0;0,0;0,0;0,0;0,0;0,0;0,0;0,0;0,0;0,0;0,0;0,0;0,0;0,0;0,0;0,0;0,0;0,0;0,0;0,0;0,0;0,0;0,0;0,0;0,0;0,0;0,0;0,0;0,0;0,0
114;1;0;0,0;0,0;0,0;0,0;0,0;0,0;0,0;0,0;0,0;0,0;0,0;0,0;0,0;0,0;0,0;0,0;0,0;0,0;0,0;0,0;0,0;0,0;0,0;0,0;0,0;0,0;0,0;0,0;0,0;0,0;0,0;0,0;0,0;0,0;0,0;0,0;0,0;0,0;0,0;0,0;0,0;0,0;0,0;0,0;0,0;0,0;0,0;0,0;0,0;0,0;0,0;0,0;0,0;0,0;0,0;0,0;0,0;0,0;0,0;0,0;0,0;0,0;0,0;0,0;0,0;0,0;0,0;0,0;0,0;0,0;0,0;0,0;0,0;0,0;0,0;0,0;0,0;0,0;0,0;0,0;0,0;0,0;0,0;0,0;0,0;0,0;0,0;0,0;0,0;0,0;0,0;0,0;0,0;0,0;0,0;0,0;0,0;0,0;0,0;0,0;0,0;0,0;0,0;0,0;0,0;0,0;0,0;0,0;0,0;0,0;0,0;0,0;0,0;0,0;0,0;0,0;0,0;0,0;0,0;0,0;0,0;0,0;0,0;0,0;0,0;0,0;0,0;0,0;0,0;0,0;0,0;0,0;0,0;0,0;0,0;0,0;0,0;0,0;0,0;0,0;0,0;0,0;0,0;0,0;0,0;0,0;0,0;0,0;0,0;0,0;0,0;0,0;0,0;0,0;0,0;0,0;0,0;0,0;0,0;0,0;0,0;0,0;0,0;0,0;0,0;0,0;0,0;0,0;0,0;0,0;0,0;0,0;0,0;0,0;0,0;0,0;0,0;0,0;0,0;0,0;0,0;0,0;0,0;0,0;0,0;0,0;0,0;0,0;0,0;0,0;0,0;0,0;0,0;0,0;0,0;0,0;0,0;0,0;0,0;0,0;0,0;0,0;0,0;0,0;0,0;0,0;0,0;0,0;0,0;0,0;0,0;0,0;0,0;0,0;0,0;0,0;0,0;0,0;0,0;0,0;0,0;0,0;0,0;0,0;0,0;0,0;0,0;0,0;0,0;0,0;0,0;0,0;0,0;0,0;0,0;0,0;0,0;0,0;0,0;0,0;0,0;0,0;0,0;0,0;0,0;0,0;0,0;0,0;0,0;0,0;0,0;0,0;0,0;0,0;0,0;0,0;0,0;0,0;0,0;0,0;0,0;0,0;0,0;0,0;0,0;0,0;0,0;0,0;0,0;0,0;0,0;0,0;0,0;0,0;0,0;0,0;0,0;0,0;0,0;0,0;0,0;0,0;0,0;0,0;0,0;0,0;0,0;0,0;0,0;0,0;0,0;0,0;0,0;0,0;0,0;0,0;0,0;0,0;0,0;0,0;0,0;0,0
117;1;0;0,0;0,0;0,0;0,0;0,0;0,0;0,0;0,0;0,0;0,0;0,0;0,0;0,0;0,0;0,0;0,0;0,0;0,0;0,0;0,0;0,0;0,0;0,0;0,0;0,0;0,0;0,0;0,0;0,0;0,0;0,0;0,0;0,0;0,0;0,0;0,0;0,0;0,0;0,0;0,0;0,0;0,0;0,0;0,0;0,0;0,0;0,0;0,0;0,0;0,0;0,0;0,0;0,0;0,0;0,0;0,0;0,0;0,0;0,0;0,0;0,0;0,0;0,0;0,0;0,0;0,0;0,0;0,0;0,0;0,0;0,0;0,0;0,0;0,0;0,0;0,0;0,0;0,0;0,0;0,0;0,0;0,0;0,0;0,0;0,0;0,0;0,0;0,0;0,0;0,0;0,0;0,0;0,0;0,0;0,0;0,0;0,0;0,0;0,0;0,0;0,0;0,0;0,0;0,0;0,0;0,0;0,0;0,0;0,0;0,0;0,0;0,0;0,0;0,0;0,0;0,0;0,0;0,0;0,0;0,0;0,0;0,0;0,0;0,0;0,0;0,0;0,0;0,0;0,0;0,0;0,0;0,0;0,0;0,0;0,0;0,0;0,0;0,0;0,0;0,0;0,0;0,0;0,0;0,0;0,0;0,0;0,0;0,0;0,0;0,0;0,0;0,0;0,0;0,0;0,0;0,0;0,0;0,0;0,0;0,0;0,0;0,0;0,0;0,0;0,0;0,0;0,0;0,0;0,0;0,0;0,0;0,0;0,0;0,0;0,0;0,0;0,0;0,0;0,0;0,0;0,0;0,0;0,0;0,0;0,0;0,0;0,0;0,0;0,0;0,0;0,0;0,0;0,0;0,0;0,0;0,0;0,0;0,0;0,0;0,0;0,0;0,0;0,0;0,0;0,0;0,0;0,0;0,0;0,0;0,0;0,0;0,0;0,0;0,0;0,0;0,0;0,0;0,0;0,0;0,0;0,0;0,0;0,0;0,0;0,0;0,0;0,0;0,0;0,0;0,0;0,0;0,0;0,0;0,0;0,0;0,0;0,0;0,0;0,0;0,0;0,0;0,0;0,0;0,0;0,0;0,0;0,0;0,0;0,0;0,0;0,0;0,0;0,0;0,0;0,0;0,0;0,0;0,0;0,0;0,0;0,0;0,0;0,0;0,0;0,0;0,0;0,0;0,0;0,0;0,0;0,0;0,0;0,0;0,0;0,0;0,0;0,0;0,0;0,0;0,0;0,0;0,0;0,0;0,0;0,0;0,0;0,0;0,0;0,0;0,0;0,0;0,0;0,0;0,0;0,0;0,0;0,0;0,0;0,0;0,0;0,0;0,0
118;1;0;0,0;0,0;0,0;0,0;0,0;0,0;0,0;0,0;0,0;0,0;0,0;0,0;0,0;0,0;0,0;0,0;0,0;0,0;0,0;0,0;0,0;0,0;0,0;0,0;0,0;0,0;0,0;0,0;0,0;0,0;0,0;0,0;0,0;0,0;0,0;0,0;0,0;0,0;0,0;0,0;0,0;0,0;0,0;0,0;0,0;0,0;0,0;0,0;0,0;0,0;0,0;0,0;0,0;0,0;0,0;0,0;0,0;0,0;0,0;0,0;0,0;0,0;0,0;0,0;0,0;0,0;0,0;0,0;0,0;0,0;0,0;0,0;0,0;0,0;0,0;0,0;0,0;0,0;0,0;0,0;0,0;0,0;0,0;0,0;0,0;0,0;0,0;0,0;0,0;0,0;0,0;0,0;0,0;0,0;0,0;0,0;0,0;0,0;0,0;0,0;0,0;0,0;0,0;0,0;0,0;0,0;0,0;0,0;0,0;0,0;0,0;0,0;0,0;0,0;0,0;0,0;0,0;0,0;0,0;0,0;0,0;0,0;0,0;0,0;0,0;0,0;0,0;0,0;0,0;0,0;0,0;0,0;0,0;0,0;0,0;0,0;0,0;0,0;0,0;0,0;0,0;0,0;0,0;0,0;0,0;0,0;0,0;0,0;0,0;0,0;0,0;0,0;0,0;0,0;0,0;0,0;0,0;0,0;0,0;0,0;0,0;0,0;0,0;0,0;0,0;0,0;0,0;0,0;0,0;0,0;0,0;0,0;0,0;0,0;0,0;0,0;0,0;0,0;0,0;0,0;0,0;0,0;0,0;0,0;0,0;0,0;0,0;0,0;0,0;0,0;0,0;0,0;0,0;0,0;0,0;0,0;0,0;0,0;0,0;0,0;0,0;0,0;0,0;0,0;0,0;0,0;0,0;0,0;0,0;0,0;0,0;0,0;0,0;0,0;0,0;0,0;0,0;0,0;0,0;0,0;0,0;0,0;0,0;0,0;0,0;0,0;0,0;0,0;0,0;0,0;0,0;0,0;0,0;0,0;0,0;0,0;0,0;0,0;0,0;0,0;0,0;0,0;0,0;0,0;0,0;0,0;0,0;0,0;0,0;0,0;0,0;0,0;0,0;0,0;0,0;0,0;0,0;0,0;0,0;0,0;0,0;0,0;0,0;0,0;0,0;0,0;0,0;0,0;0,0;0,0;0,0;0,0;0,0;0,0;0,0;0,0;0,0;0,0;0,0;0,0;0,0;0,0;0,0;0,0;0,0;0,0;0,0;0,0;0,0;0,0;0,0;0,0;0,0;0,0;0,0;0,0;0,0;0,0;0,0;0,0;0,0;0,0
120;1;0;0,0;0,0;0,0;0,0;0,0;0,0;0,0;0,0;0,0;0,0;0,0;0,0;0,0;0,0;0,0;0,0;0,0;0,0;0,0;0,0;0,0;0,0;0,0;0,0;0,0;0,0;0,0;0,0;0,0;0,0;0,0;0,0;0,0;0,0;0,0;0,0;0,0;0,0;0,0;0,0;0,0;0,0;0,0;0,0;0,0;0,0;0,0;0,0;0,0;0,0;0,0;0,0;0,0;0,0;0,0;0,0;0,0;0,0;0,0;0,0;0,0;0,0;0,0;0,0;0,0;0,0;0,0;0,0;0,0;0,0;0,0;0,0;0,0;0,0;0,0;0,0;0,0;0,0;0,0;0,0;0,0;0,0;0,0;0,0;0,0;0,0;0,0;0,0;0,0;0,0;0,0;0,0;0,0;0,0;0,0;0,0;0,0;0,0;0,0;0,0;0,0;0,0;0,0;0,0;0,0;0,0;0,0;0,0;0,0;0,0;0,0;0,0;0,0;0,0;0,0;0,0;0,0;0,0;0,0;0,0;0,0;0,0;0,0;0,0;0,0;0,0;0,0;0,0;0,0;0,0;0,0;0,0;0,0;0,0;0,0;0,0;0,0;0,0;0,0;0,0;0,0;0,0;0,0;0,0;0,0;0,0;0,0;0,0;0,0;0,0;0,0;0,0;0,0;0,0;0,0;0,0;0,0;0,0;0,0;0,0;0,0;0,0;0,0;0,0;0,0;0,0;0,0;0,0;0,0;0,0;0,0;0,0;0,0;0,0;0,0;0,0;0,0;0,0;0,0;0,0;0,0;0,0;0,0;0,0;0,0;0,0;0,0;0,0;0,0;0,0;0,0;0,0;0,0;0,0;0,0;0,0;0,0;0,0;0,0;0,0;0,0;0,0;0,0;0,0;0,0;0,0;0,0;0,0;0,0;0,0;0,0;0,0;0,0;0,0;0,0;0,0;0,0;0,0;0,0;0,0;0,0;0,0;0,0;0,0;0,0;0,0;0,0;0,0;0,0;0,0;0,0;0,0;0,0;0,0;0,0;0,0;0,0;0,0;0,0;0,0;0,0;0,0;0,0;0,0;0,0;0,0;0,0;0,0;0,0;0,0;0,0;0,0;0,0;0,0;0,0;0,0;0,0;0,0;0,0;0,0;0,0;0,0;0,0;0,0;0,0;0,0;0,0;0,0;0,0;0,0;0,0;0,0;0,0;0,0;0,0;0,0;0,0;0,0;0,0;0,0;0,0;0,0;0,0;0,0;0,0;0,0;0,0;0,0;0,0;0,0;0,0;0,0;0,0;0,0;0,0;0,0;0,0;0,0;0,0;0,0;0,0;0,0
121;1;0;0,0;0,0;0,0;0,0;0,0;0,0;0,0;0,0;0,0;0,0;0,0;0,0;0,0;0,0;0,0;0,0;0,0;0,0;0,0;0,0;0,0;0,0;0,0;0,0;0,0;0,0;0,0;0,0;0,0;0,0;0,0;0,0;0,0;0,0;0,0;0,0;0,0;0,0;0,0;0,0;0,0;0,0;0,0;0,0;0,0;0,0;0,0;0,0;0,0;0,0;0,0;0,0;0,0;0,0;0,0;0,0;0,0;0,0;0,0;0,0;0,0;0,0;0,0;0,0;0,0;0,0;0,0;0,0;0,0;0,0;0,0;0,0;0,0;0,0;0,0;0,0;0,0;0,0;0,0;0,0;0,0;0,0;0,0;0,0;0,0;0,0;0,0;0,0;0,0;0,0;0,0;0,0;0,0;0,0;0,0;0,0;0,0;0,0;0,0;0,0;0,0;0,0;0,0;0,0;0,0;0,0;0,0;0,0;0,0;0,0;0,0;0,0;0,0;0,0;0,0;0,0;0,0;0,0;0,0;0,0;0,0;0,0;0,0;0,0;0,0;0,0;0,0;0,0;0,0;0,0;0,0;0,0;0,0;0,0;0,0;0,0;0,0;0,0;0,0;0,0;0,0;0,0;0,0;0,0;0,0;0,0;0,0;0,0;0,0;0,0;0,0;0,0;0,0;0,0;0,0;0,0;0,0;0,0;0,0;0,0;0,0;0,0;0,0;0,0;0,0;0,0;0,0;0,0;0,0;0,0;0,0;0,0;0,0;0,0;0,0;0,0;0,0;0,0;0,0;0,0;0,0;0,0;0,0;0,0;0,0;0,0;0,0;0,0;0,0;0,0;0,0;0,0;0,0;0,0;0,0;0,0;0,0;0,0;0,0;0,0;0,0;0,0;0,0;0,0;0,0;0,0;0,0;0,0;0,0;0,0;0,0;0,0;0,0;0,0;0,0;0,0;0,0;0,0;0,0;0,0;0,0;0,0;0,0;0,0;0,0;0,0;0,0;0,0;0,0;0,0;0,0;0,0;0,0;0,0;0,0;0,0;0,0;0,0;0,0;0,0;0,0;0,0;0,0;0,0;0,0;0,0;0,0;0,0;0,0;0,0;0,0;0,0;0,0;0,0;0,0;0,0;0,0;0,0;0,0;0,0;0,0;0,0;0,0;0,0;0,0;0,0;0,0;0,0;0,0;0,0;0,0;0,0;0,0;0,0;0,0;0,0;0,0;0,0;0,0;0,0;0,0;0,0;0,0;0,0;0,0;0,0;0,0;0,0;0,0;0,0;0,0;0,0;0,0;0,0;0,0;0,0;0,0;0,0;0,0;0,0;0,0;0,0
122;1;0;0,0;0,0;0,0;0,0;0,0;0,0;0,0;0,0;0,0;0,0;0,0;0,0;0,0;0,0;0,0;0,0;0,0;0,0;0,0;0,0;0,0;0,0;0,0;0,0;0,0;0,0;0,0;0,0;0,0;0,0;0,0;0,0;0,0;0,0;0,0;0,0;0,0;0,0;0,0;0,0;0,0;0,0;0,0;0,0;0,0;0,0;0,0;0,0;0,0;0,0;0,0;0,0;0,0;0,0;0,0;0,0;0,0;0,0;0,0;0,0;0,0;0,0;0,0;0,0;0,0;0,0;0,0;0,0;0,0;0,0;0,0;0,0;0,0;0,0;0,0;0,0;0,0;0,0;0,0;0,0;0,0;0,0;0,0;0,0;0,0;0,0;0,0;0,0;0,0;0,0;0,0;0,0;0,0;0,0;0,0;0,0;0,0;0,0;0,0;0,0;0,0;0,0;0,0;0,0;0,0;0,0;0,0;0,0;0,0;0,0;0,0;0,0;0,0;0,0;0,0;0,0;0,0;0,0;0,0;0,0;0,0;0,0;0,0;0,0;0,0;0,0;0,0;0,0;0,0;0,0;0,0;0,0;0,0;0,0;0,0;0,0;0,0;0,0;0,0;0,0;0,0;0,0;0,0;0,0;0,0;0,0;0,0;0,0;0,0;0,0;0,0;0,0;0,0;0,0;0,0;0,0;0,0;0,0;0,0;0,0;0,0;0,0;0,0;0,0;0,0;0,0;0,0;0,0;0,0;0,0;0,0;0,0;0,0;0,0;0,0;0,0;0,0;0,0;0,0;0,0;0,0;0,0;0,0;0,0;0,0;0,0;0,0;0,0;0,0;0,0;0,0;0,0;0,0;0,0;0,0;0,0;0,0;0,0;0,0;0,0;0,0;0,0;0,0;0,0;0,0;0,0;0,0;0,0;0,0;0,0;0,0;0,0;0,0;0,0;0,0;0,0;0,0;0,0;0,0;0,0;0,0;0,0;0,0;0,0;0,0;0,0;0,0;0,0;0,0;0,0;0,0;0,0;0,0;0,0;0,0;0,0;0,0;0,0;0,0;0,0;0,0;0,0;0,0;0,0;0,0;0,0;0,0;0,0;0,0;0,0;0,0;0,0;0,0;0,0;0,0;0,0;0,0;0,0;0,0;0,0;0,0;0,0;0,0;0,0;0,0;0,0;0,0;0,0;0,0;0,0;0,0;0,0;0,0;0,0;0,0;0,0;0,0;0,0;0,0;0,0;0,0;0,0;0,0;0,0;0,0;0,0;0,0;0,0;0,0;0,0;0,0;0,0;0,0;0,0;0,0;0,0;0,0;0,0;0,0;0,0;0,0;0,0
123;1;0;0,0;0,0;0,0;0,0;0,0;0,0;0,0;0,0;0,0;0,0;0,0;0,0;0,0;0,0;0,0;0,0;0,0;0,0;0,0;0,0;0,0;0,0;0,0;0,0;0,0;0,0;0,0;0,0;0,0;0,0;0,0;0,0;0,0;0,0;0,0;0,0;0,0;0,0;0,0;0,0;0,0;0,0;0,0;0,0;0,0;0,0;0,0;0,0;0,0;0,0;0,0;0,0;0,0;0,0;0,0;0,0;0,0;0,0;0,0;0,0;0,0;0,0;0,0;0,0;0,0;0,0;0,0;0,0;0,0;0,0;0,0;0,0;0,0;0,0;0,0;0,0;0,0;0,0;0,0;0,0;0,0;0,0;0,0;0,0;0,0;0,0;0,0;0,0;0,0;0,0;0,0;0,0;0,0;0,0;0,0;0,0;0,0;0,0;0,0;0,0;0,0;0,0;0,0;0,0;0,0;0,0;0,0;0,0;0,0;0,0;0,0;0,0;0,0;0,0;0,0;0,0;0,0;0,0;0,0;0,0;0,0;0,0;0,0;0,0;0,0;0,0;0,0;0,0;0,0;0,0;0,0;0,0;0,0;0,0;0,0;0,0;0,0;0,0;0,0;0,0;0,0;0,0;0,0;0,0;0,0;0,0;0,0;0,0;0,0;0,0;0,0;0,0;0,0;0,0;0,0;0,0;0,0;0,0;0,0;0,0;0,0;0,0;0,0;0,0;0,0;0,0;0,0;0,0;0,0;0,0;0,0;0,0;0,0;0,0;0,0;0,0;0,0;0,0;0,0;0,0;0,0;0,0;0,0;0,0;0,0;0,0;0,0;0,0;0,0;0,0;0,0;0,0;0,0;0,0;0,0;0,0;0,0;0,0;0,0;0,0;0,0;0,0;0,0;0,0;0,0;0,0;0,0;0,0;0,0;0,0;0,0;0,0;0,0;0,0;0,0;0,0;0,0;0,0;0,0;0,0;0,0;0,0;0,0;0,0;0,0;0,0;0,0;0,0;0,0;0,0;0,0;0,0;0,0;0,0;0,0;0,0;0,0;0,0;0,0;0,0;0,0;0,0;0,0;0,0;0,0;0,0;0,0;0,0;0,0;0,0;0,0;0,0;0,0;0,0;0,0;0,0;0,0;0,0;0,0;0,0;0,0;0,0;0,0;0,0;0,0;0,0;0,0;0,0;0,0;0,0;0,0;0,0;0,0;0,0;0,0;0,0;0,0;0,0;0,0;0,0;0,0;0,0;0,0;0,0;0,0;0,0;0,0;0,0;0,0;0,0;0,0;0,0;0,0;0,0;0,0;0,0;0,0;0,0;0,0;0,0;0,0;0,0
125;1;0;0,0;0,0;0,0;0,0;0,0;0,0;0,0;0,0;0,0;0,0;0,0;0,0;0,0;0,0;0,0;0,0;0,0;0,0;0,0;0,0;0,0;0,0;0,0;0,0;0,0;0,0;0,0;0,0;0,0;0,0;0,0;0,0;0,0;0,0;0,0;0,0;0,0;0,0;0,0;0,0;0,0;0,0;0,0;0,0;0,0;0,0;0,0;0,0;0,0;0,0;0,0;0,0;0,0;0,0;0,0;0,0;0,0;0,0;0,0;0,0;0,0;0,0;0,0;0,0;0,0;0,0;0,0;0,0;0,0;0,0;0,0;0,0;0,0;0,0;0,0;0,0;0,0;0,0;0,0;0,0;0,0;0,0;0,0;0,0;0,0;0,0;0,0;0,0;0,0;0,0;0,0;0,0;0,0;0,0;0,0;0,0;0,0;0,0;0,0;0,0;0,0;0,0;0,0;0,0;0,0;0,0;0,0;0,0;0,0;0,0;0,0;0,0;0,0;0,0;0,0;0,0;0,0;0,0;0,0;0,0;0,0;0,0;0,0;0,0;0,0;0,0;0,0;0,0;0,0;0,0;0,0;0,0;0,0;0,0;0,0;0,0;0,0;0,0;0,0;0,0;0,0;0,0;0,0;0,0;0,0;0,0;0,0;0,0;0,0;0,0;0,0;0,0;0,0;0,0;0,0;0,0;0,0;0,0;0,0;0,0;0,0;0,0;0,0;0,0;0,0;0,0;0,0;0,0;0,0;0,0;0,0;0,0;0,0;0,0;0,0;0,0;0,0;0,0;0,0;0,0;0,0;0,0;0,0;0,0;0,0;0,0;0,0;0,0;0,0;0,0;0,0;0,0;0,0;0,0;0,0;0,0;0,0;0,0;0,0;0,0;0,0;0,0;0,0;0,0;0,0;0,0;0,0;0,0;0,0;0,0;0,0;0,0;0,0;0,0;0,0;0,0;0,0;0,0;0,0;0,0;0,0;0,0;0,0;0,0;0,0;0,0;0,0;0,0;0,0;0,0;0,0;0,0;0,0;0,0;0,0;0,0;0,0;0,0;0,0;0,0;0,0;0,0;0,0;0,0;0,0;0,0;0,0;0,0;0,0;0,0;0,0;0,0;0,0;0,0;0,0;0,0;0,0;0,0;0,0;0,0;0,0;0,0;0,0;0,0;0,0;0,0;0,0;0,0;0,0;0,0;0,0;0,0;0,0;0,0;0,0;0,0;0,0;0,0;0,0;0,0;0,0;0,0;0,0;0,0;0,0;0,0;0,0;0,0;0,0;0,0;0,0;0,0;0,0;0,0;0,0;0,0;0,0;0,0;0,0;0,0;0,0;0,0
127;1;0;0,0;0,0;0,0;0,0;0,0;0,0;0,0;0,0;0,0;0,0;0,0;0,0;0,0;0,0;0,0;0,0;0,0;0,0;0,0;0,0;0,0;0,0;0,0;0,0;0,0;0,0;0,0;0,0;0,0;0,0;0,0;0,0;0,0;0,0;0,0;0,0;0,0;0,0;0,0;0,0;0,0;0,0;0,0;0,0;0,0;0,0;0,0;0,0;0,0;0,0;0,0;0,0;0,0;0,0;0,0;0,0;0,0;0,0;0,0;0,0;0,0;0,0;0,0;0,0;0,0;0,0;0,0;0,0;0,0;0,0;0,0;0,0;0,0;0,0;0,0;0,0;0,0;0,0;0,0;0,0;0,0;0,0;0,0;0,0;0,0;0,0;0,0;0,0;0,0;0,0;0,0;0,0;0,0;0,0;0,0;0,0;0,0;0,0;0,0;0,0;0,0;0,0;0,0;0,0;0,0;0,0;0,0;0,0;0,0;0,0;0,0;0,0;0,0;0,0;0,0;0,0;0,0;0,0;0,0;0,0;0,0;0,0;0,0;0,0;0,0;0,0;0,0;0,0;0,0;0,0;0,0;0,0;0,0;0,0;0,0;0,0;0,0;0,0;0,0;0,0;0,0;0,0;0,0;0,0;0,0;0,0;0,0;0,0;0,0;0,0;0,0;0,0;0,0;0,0;0,0;0,0;0,0;0,0;0,0;0,0;0,0;0,0;0,0;0,0;0,0;0,0;0,0;0,0;0,0;0,0;0,0;0,0;0,0;0,0;0,0;0,0;0,0;0,0;0,0;0,0;0,0;0,0;0,0;0,0;0,0;0,0;0,0;0,0;0,0;0,0;0,0;0,0;0,0;0,0;0,0;0,0;0,0;0,0;0,0;0,0;0,0;0,0;0,0;0,0;0,0;0,0;0,0;0,0;0,0;0,0;0,0;0,0;0,0;0,0;0,0;0,0;0,0;0,0;0,0;0,0;0,0;0,0;0,0;0,0;0,0;0,0;0,0;0,0;0,0;0,0;0,0;0,0;0,0;0,0;0,0;0,0;0,0;0,0;0,0;0,0;0,0;0,0;0,0;0,0;0,0;0,0;0,0;0,0;0,0;0,0;0,0;0,0;0,0;0,0;0,0;0,0;0,0;0,0;0,0;0,0;0,0;0,0;0,0;0,0;0,0;0,0;0,0;0,0;0,0;0,0;0,0;0,0;0,0;0,0;0,0;0,0;0,0;0,0;0,0;0,0;0,0;0,0;0,0;0,0;0,0;0,0;0,0;0,0;0,0;0,0;0,0;0,0;0,0;0,0;0,0;0,0;0,0;0,0;0,0;0,0;0,0;0,0
128;1;0;0,0;0,0;0,0;0,0;0,0;0,0;0,0;0,0;0,0;0,0;0,0;0,0;0,0;0,0;0,0;0,0;0,0;0,0;0,0;0,0;0,0;0,0;0,0;0,0;0,0;0,0;0,0;0,0;0,0;0,0;0,0;0,0;0,0;0,0;0,0;0,0;0,0;0,0;0,0;0,0;0,0;0,0;0,0;0,0;0,0;0,0;0,0;0,0;0,0;0,0;0,0;0,0;0,0;0,0;0,0;0,0;0,0;0,0;0,0;0,0;0,0;0,0;0,0;0,0;0,0;0,0;0,0;0,0;0,0;0,0;0,0;0,0;0,0;0,0;0,0;0,0;0,0;0,0;0,0;0,0;0,0;0,0;0,0;0,0;0,0;0,0;0,0;0,0;0,0;0,0;0,0;0,0;0,0;0,0;0,0;0,0;0,0;0,0;0,0;0,0;0,0;0,0;0,0;0,0;0,0;0,0;0,0;0,0;0,0;0,0;0,0;0,0;0,0;0,0;0,0;0,0;0,0;0,0;0,0;0,0;0,0;0,0;0,0;0,0;0,0;0,0;0,0;0,0;0,0;0,0;0,0;0,0;0,0;0,0;0,0;0,0;0,0;0,0;0,0;0,0;0,0;0,0;0,0;0,0;0,0;0,0;0,0;0,0;0,0;0,0;0,0;0,0;0,0;0,0;0,0;0,0;0,0;0,0;0,0;0,0;0,0;0,0;0,0;0,0;0,0;0,0;0,0;0,0;0,0;0,0;0,0;0,0;0,0;0,0;0,0;0,0;0,0;0,0;0,0;0,0;0,0;0,0;0,0;0,0;0,0;0,0;0,0;0,0;0,0;0,0;0,0;0,0;0,0;0,0;0,0;0,0;0,0;0,0;0,0;0,0;0,0;0,0;0,0;0,0;0,0;0,0;0,0;0,0;0,0;0,0;0,0;0,0;0,0;0,0;0,0;0,0;0,0;0,0;0,0;0,0;0,0;0,0;0,0;0,0;0,0;0,0;0,0;0,0;0,0;0,0;0,0;0,0;0,0;0,0;0,0;0,0;0,0;0,0;0,0;0,0;0,0;0,0;0,0;0,0;0,0;0,0;0,0;0,0;0,0;0,0;0,0;0,0;0,0;0,0;0,0;0,0;0,0;0,0;0,0;0,0;0,0;0,0;0,0;0,0;0,0;0,0;0,0;0,0;0,0;0,0;0,0;0,0;0,0;0,0;0,0;0,0;0,0;0,0;0,0;0,0;0,0;0,0;0,0;0,0;0,0;0,0;0,0;0,0;0,0;0,0;0,0;0,0;0,0;0,0;0,0;0,0;0,0;0,0;0,0;0,0;0,0;0,0
131;1;0;0,0;0,0;0,0;0,0;0,0;0,0;0,0;0,0;0,0;0,0;0,0;0,0;0,0;0,0;0,0;0,0;0,0;0,0;0,0;0,0;0,0;0,0;0,0;0,0;0,0;0,0;0,0;0,0;0,0;0,0;0,0;0,0;0,0;0,0;0,0;0,0;0,0;0,0;0,0;0,0;0,0;0,0;0,0;0,0;0,0;0,0;0,0;0,0;0,0;0,0;0,0;0,0;0,0;0,0;0,0;0,0;0,0;0,0;0,0;0,0;0,0;0,0;0,0;0,0;0,0;0,0;0,0;0,0;0,0;0,0;0,0;0,0;0,0;0,0;0,0;0,0;0,0;0,0;0,0;0,0;0,0;0,0;0,0;0,0;0,0;0,0;0,0;0,0;0,0;0,0;0,0;0,0;0,0;0,0;0,0;0,0;0,0;0,0;0,0;0,0;0,0;0,0;0,0;0,0;0,0;0,0;0,0;0,0;0,0;0,0;0,0;0,0;0,0;0,0;0,0;0,0;0,0;0,0;0,0;0,0;0,0;0,0;0,0;0,0;0,0;0,0;0,0;0,0;0,0;0,0;0,0;0,0;0,0;0,0;0,0;0,0;0,0;0,0;0,0;0,0;0,0;0,0;0,0;0,0;0,0;0,0;0,0;0,0;0,0;0,0;0,0;0,0;0,0;0,0;0,0;0,0;0,0;0,0;0,0;0,0;0,0;0,0;0,0;0,0;0,0;0,0;0,0;0,0;0,0;0,0;0,0;0,0;0,0;0,0;0,0;0,0;0,0;0,0;0,0;0,0;0,0;0,0;0,0;0,0;0,0;0,0;0,0;0,0;0,0;0,0;0,0;0,0;0,0;0,0;0,0;0,0;0,0;0,0;0,0;0,0;0,0;0,0;0,0;0,0;0,0;0,0;0,0;0,0;0,0;0,0;0,0;0,0;0,0;0,0;0,0;0,0;0,0;0,0;0,0;0,0;0,0;0,0;0,0;0,0;0,0;0,0;0,0;0,0;0,0;0,0;0,0;0,0;0,0;0,0;0,0;0,0;0,0;0,0;0,0;0,0;0,0;0,0;0,0;0,0;0,0;0,0;0,0;0,0;0,0;0,0;0,0;0,0;0,0;0,0;0,0;0,0;0,0;0,0;0,0;0,0;0,0;0,0;0,0;0,0;0,0;0,0;0,0;0,0;0,0;0,0;0,0;0,0;0,0;0,0;0,0;0,0;0,0;0,0;0,0;0,0;0,0;0,0;0,0;0,0;0,0;0,0;0,0;0,0;0,0;0,0;0,0;0,0;0,0;0,0;0,0;0,0;0,0;0,0;0,0;0,0;0,0;0,0
135;1;0;0,0;0,0;0,0;0,0;0,0;0,0;0,0;0,0;0,0;0,0;0,0;0,0;0,0;0,0;0,0;0,0;0,0;0,0;0,0;0,0;0,0;0,0;0,0;0,0;0,0;0,0;0,0;0,0;0,0;0,0;0,0;0,0;0,0;0,0;0,0;0,0;0,0;0,0;0,0;0,0;0,0;0,0;0,0;0,0;0,0;0,0;0,0;0,0;0,0;0,0;0,0;0,0;0,0;0,0;0,0;0,0;0,0;0,0;0,0;0,0;0,0;0,0;0,0;0,0;0,0;0,0;0,0;0,0;0,0;0,0;0,0;0,0;0,0;0,0;0,0;0,0;0,0;0,0;0,0;0,0;0,0;0,0;0,0;0,0;0,0;0,0;0,0;0,0;0,0;0,0;0,0;0,0;0,0;0,0;0,0;0,0;0,0;0,0;0,0;0,0;0,0;0,0;0,0;0,0;0,0;0,0;0,0;0,0;0,0;0,0;0,0;0,0;0,0;0,0;0,0;0,0;0,0;0,0;0,0;0,0;0,0;0,0;0,0;0,0;0,0;0,0;0,0;0,0;0,0;0,0;0,0;0,0;0,0;0,0;0,0;0,0;0,0;0,0;0,0;0,0;0,0;0,0;0,0;0,0;0,0;0,0;0,0;0,0;0,0;0,0;0,0;0,0;0,0;0,0;0,0;0,0;0,0;0,0;0,0;0,0;0,0;0,0;0,0;0,0;0,0;0,0;0,0;0,0;0,0;0,0;0,0;0,0;0,0;0,0;0,0;0,0;0,0;0,0;0,0;0,0;0,0;0,0;0,0;0,0;0,0;0,0;0,0;0,0;0,0;0,0;0,0;0,0;0,0;0,0;0,0;0,0;0,0;0,0;0,0;0,0;0,0;0,0;0,0;0,0;0,0;0,0;0,0;0,0;0,0;0,0;0,0;0,0;0,0;0,0;0,0;0,0;0,0;0,0;0,0;0,0;0,0;0,0;0,0;0,0;0,0;0,0;0,0;0,0;0,0;0,0;0,0;0,0;0,0;0,0;0,0;0,0;0,0;0,0;0,0;0,0;0,0;0,0;0,0;0,0;0,0;0,0;0,0;0,0;0,0;0,0;0,0;0,0;0,0;0,0;0,0;0,0;0,0;0,0;0,0;0,0;0,0;0,0;0,0;0,0;0,0;0,0;0,0;0,0;0,0;0,0;0,0;0,0;0,0;0,0;0,0;0,0;0,0;0,0;0,0;0,0;0,0;0,0;0,0;0,0;0,0;0,0;0,0;0,0;0,0;0,0;0,0;0,0;0,0;0,0;0,0;0,0;0,0;0,0;0,0;0,0;0,0;0,0
136;1;0;0,0;0,0;0,0;0,0;0,0;0,0;0,0;0,0;0,0;0,0;0,0;0,0;0,0;0,0;0,0;0,0;0,0;0,0;0,0;0,0;0,0;0,0;0,0;0,0;0,0;0,0;0,0;0,0;0,0;0,0;0,0;0,0;0,0;0,0;0,0;0,0;0,0;0,0;0,0;0,0;0,0;0,0;0,0;0,0;0,0;0,0;0,0;0,0;0,0;0,0;0,0;0,0;0,0;0,0;0,0;0,0;0,0;0,0;0,0;0,0;0,0;0,0;0,0;0,0;0,0;0,0;0,0;0,0;0,0;0,0;0,0;0,0;0,0;0,0;0,0;0,0;0,0;0,0;0,0;0,0;0,0;0,0;0,0;0,0;0,0;0,0;0,0;0,0;0,0;0,0;0,0;0,0;0,0;0,0;0,0;0,0;0,0;0,0;0,0;0,0;0,0;0,0;0,0;0,0;0,0;0,0;0,0;0,0;0,0;0,0;0,0;0,0;0,0;0,0;0,0;0,0;0,0;0,0;0,0;0,0;0,0;0,0;0,0;0,0;0,0;0,0;0,0;0,0;0,0;0,0;0,0;0,0;0,0;0,0;0,0;0,0;0,0;0,0;0,0;0,0;0,0;0,0;0,0;0,0;0,0;0,0;0,0;0,0;0,0;0,0;0,0;0,0;0,0;0,0;0,0;0,0;0,0;0,0;0,0;0,0;0,0;0,0;0,0;0,0;0,0;0,0;0,0;0,0;0,0;0,0;0,0;0,0;0,0;0,0;0,0;0,0;0,0;0,0;0,0;0,0;0,0;0,0;0,0;0,0;0,0;0,0;0,0;0,0;0,0;0,0;0,0;0,0;0,0;0,0;0,0;0,0;0,0;0,0;0,0;0,0;0,0;0,0;0,0;0,0;0,0;0,0;0,0;0,0;0,0;0,0;0,0;0,0;0,0;0,0;0,0;0,0;0,0;0,0;0,0;0,0;0,0;0,0;0,0;0,0;0,0;0,0;0,0;0,0;0,0;0,0;0,0;0,0;0,0;0,0;0,0;0,0;0,0;0,0;0,0;0,0;0,0;0,0;0,0;0,0;0,0;0,0;0,0;0,0;0,0;0,0;0,0;0,0;0,0;0,0;0,0;0,0;0,0;0,0;0,0;0,0;0,0;0,0;0,0;0,0;0,0;0,0;0,0;0,0;0,0;0,0;0,0;0,0;0,0;0,0;0,0;0,0;0,0;0,0;0,0;0,0;0,0;0,0;0,0;0,0;0,0;0,0;0,0;0,0;0,0;0,0;0,0;0,0;0,0;0,0;0,0;0,0;0,0;0,0;0,0;0,0;0,0;0,0
141;1;0;0,0;0,0;0,0;0,0;0,0;0,0;0,0;0,0;0,0;0,0;0,0;0,0;0,0;0,0;0,0;0,0;0,0;0,0;0,0;0,0;0,0;0,0;0,0;0,0;0,0;0,0;0,0;0,0;0,0;0,0;0,0;0,0;0,0;0,0;0,0;0,0;0,0;0,0;0,0;0,0;0,0;0,0;0,0;0,0;0,0;0,0;0,0;0,0;0,0;0,0;0,0;0,0;0,0;0,0;0,0;0,0;0,0;0,0;0,0;0,0;0,0;0,0;0,0;0,0;0,0;0,0;0,0;0,0;0,0;0,0;0,0;0,0;0,0;0,0;0,0;0,0;0,0;0,0;0,0;0,0;0,0;0,0;0,0;0,0;0,0;0,0;0,0;0,0;0,0;0,0;0,0;0,0;0,0;0,0;0,0;0,0;0,0;0,0;0,0;0,0;0,0;0,0;0,0;0,0;0,0;0,0;0,0;0,0;0,0;0,0;0,0;0,0;0,0;0,0;0,0;0,0;0,0;0,0;0,0;0,0;0,0;0,0;0,0;0,0;0,0;0,0;0,0;0,0;0,0;0,0;0,0;0,0;0,0;0,0;0,0;0,0;0,0;0,0;0,0;0,0;0,0;0,0;0,0;0,0;0,0;0,0;0,0;0,0;0,0;0,0;0,0;0,0;0,0;0,0;0,0;0,0;0,0;0,0;0,0;0,0;0,0;0,0;0,0;0,0;0,0;0,0;0,0;0,0;0,0;0,0;0,0;0,0;0,0;0,0;0,0;0,0;0,0;0,0;0,0;0,0;0,0;0,0;0,0;0,0;0,0;0,0;0,0;0,0;0,0;0,0;0,0;0,0;0,0;0,0;0,0;0,0;0,0;0,0;0,0;0,0;0,0;0,0;0,0;0,0;0,0;0,0;0,0;0,0;0,0;0,0;0,0;0,0;0,0;0,0;0,0;0,0;0,0;0,0;0,0;0,0;0,0;0,0;0,0;0,0;0,0;0,0;0,0;0,0;0,0;0,0;0,0;0,0;0,0;0,0;0,0;0,0;0,0;0,0;0,0;0,0;0,0;0,0;0,0;0,0;0,0;0,0;0,0;0,0;0,0;0,0;0,0;0,0;0,0;0,0;0,0;0,0;0,0;0,0;0,0;0,0;0,0;0,0;0,0;0,0;0,0;0,0;0,0;0,0;0,0;0,0;0,0;0,0;0,0;0,0;0,0;0,0;0,0;0,0;0,0;0,0;0,0;0,0;0,0;0,0;0,0;0,0;0,0;0,0;0,0;0,0;0,0;0,0;0,0;0,0;0,0;0,0;0,0;0,0;0,0;0,0;0,0;0,0
144;1;0;0,0;0,0;0,0;0,0;0,0;0,0;0,0;0,0;0,0;0,0;0,0;0,0;0,0;0,0;0,0;0,0;0,0;0,0;0,0;0,0;0,0;0,0;0,0;0,0;0,0;0,0;0,0;0,0;0,0;0,0;0,0;0,0;0,0;0,0;0,0;0,0;0,0;0,0;0,0;0,0;0,0;0,0;0,0;0,0;0,0;0,0;0,0;0,0;0,0;0,0;0,0;0,0;0,0;0,0;0,0;0,0;0,0;0,0;0,0;0,0;0,0;0,0;0,0;0,0;0,0;0,0;0,0;0,0;0,0;0,0;0,0;0,0;0,0;0,0;0,0;0,0;0,0;0,0;0,0;0,0;0,0;0,0;0,0;0,0;0,0;0,0;0,0;0,0;0,0;0,0;0,0;0,0;0,0;0,0;0,0;0,0;0,0;0,0;0,0;0,0;0,0;0,0;0,0;0,0;0,0;0,0;0,0;0,0;0,0;0,0;0,0;0,0;0,0;0,0;0,0;0,0;0,0;0,0;0,0;0,0;0,0;0,0;0,0;0,0;0,0;0,0;0,0;0,0;0,0;0,0;0,0;0,0;0,0;0,0;0,0;0,0;0,0;0,0;0,0;0,0;0,0;0,0;0,0;0,0;0,0;0,0;0,0;0,0;0,0;0,0;0,0;0,0;0,0;0,0;0,0;0,0;0,0;0,0;0,0;0,0;0,0;0,0;0,0;0,0;0,0;0,0;0,0;0,0;0,0;0,0;0,0;0,0;0,0;0,0;0,0;0,0;0,0;0,0;0,0;0,0;0,0;0,0;0,0;0,0;0,0;0,0;0,0;0,0;0,0;0,0;0,0;0,0;0,0;0,0;0,0;0,0;0,0;0,0;0,0;0,0;0,0;0,0;0,0;0,0;0,0;0,0;0,0;0,0;0,0;0,0;0,0;0,0;0,0;0,0;0,0;0,0;0,0;0,0;0,0;0,0;0,0;0,0;0,0;0,0;0,0;0,0;0,0;0,0;0,0;0,0;0,0;0,0;0,0;0,0;0,0;0,0;0,0;0,0;0,0;0,0;0,0;0,0;0,0;0,0;0,0;0,0;0,0;0,0;0,0;0,0;0,0;0,0;0,0;0,0;0,0;0,0;0,0;0,0;0,0;0,0;0,0;0,0;0,0;0,0;0,0;0,0;0,0;0,0;0,0;0,0;0,0;0,0;0,0;0,0;0,0;0,0;0,0;0,0;0,0;0,0;0,0;0,0;0,0;0,0;0,0;0,0;0,0;0,0;0,0;0,0;0,0;0,0;0,0;0,0;0,0;0,0;0,0;0,0;0,0;0,0;0,0;0,0
145;1;0;0,0;0,0;0,0;0,0;0,0;0,0;0,0;0,0;0,0;0,0;0,0;0,0;0,0;0,0;0,0;0,0;0,0;0,0;0,0;0,0;0,0;0,0;0,0;0,0;0,0;0,0;0,0;0,0;0,0;0,0;0,0;0,0;0,0;0,0;0,0;0,0;0,0;0,0;0,0;0,0;0,0;0,0;0,0;0,0;0,0;0,0;0,0;0,0;0,0;0,0;0,0;0,0;0,0;0,0;0,0;0,0;0,0;0,0;0,0;0,0;0,0;0,0;0,0;0,0;0,0;0,0;0,0;0,0;0,0;0,0;0,0;0,0;0,0;0,0;0,0;0,0;0,0;0,0;0,0;0,0;0,0;0,0;0,0;0,0;0,0;0,0;0,0;0,0;0,0;0,0;0,0;0,0;0,0;0,0;0,0;0,0;0,0;0,0;0,0;0,0;0,0;0,0;0,0;0,0;0,0;0,0;0,0;0,0;0,0;0,0;0,0;0,0;0,0;0,0;0,0;0,0;0,0;0,0;0,0;0,0;0,0;0,0;0,0;0,0;0,0;0,0;0,0;0,0;0,0;0,0;0,0;0,0;0,0;0,0;0,0;0,0;0,0;0,0;0,0;0,0;0,0;0,0;0,0;0,0;0,0;0,0;0,0;0,0;0,0;0,0;0,0;0,0;0,0;0,0;0,0;0,0;0,0;0,0;0,0;0,0;0,0;0,0;0,0;0,0;0,0;0,0;0,0;0,0;0,0;0,0;0,0;0,0;0,0;0,0;0,0;0,0;0,0;0,0;0,0;0,0;0,0;0,0;0,0;0,0;0,0;0,0;0,0;0,0;0,0;0,0;0,0;0,0;0,0;0,0;0,0;0,0;0,0;0,0;0,0;0,0;0,0;0,0;0,0;0,0;0,0;0,0;0,0;0,0;0,0;0,0;0,0;0,0;0,0;0,0;0,0;0,0;0,0;0,0;0,0;0,0;0,0;0,0;0,0;0,0;0,0;0,0;0,0;0,0;0,0;0,0;0,0;0,0;0,0;0,0;0,0;0,0;0,0;0,0;0,0;0,0;0,0;0,0;0,0;0,0;0,0;0,0;0,0;0,0;0,0;0,0;0,0;0,0;0,0;0,0;0,0;0,0;0,0;0,0;0,0;0,0;0,0;0,0;0,0;0,0;0,0;0,0;0,0;0,0;0,0;0,0;0,0;0,0;0,0;0,0;0,0;0,0;0,0;0,0;0,0;0,0;0,0;0,0;0,0;0,0;0,0;0,0;0,0;0,0;0,0;0,0;0,0;0,0;0,0;0,0;0,0;0,0;0,0;0,0;0,0;0,0;0,0;0,0
148;1;0;0,0;0,0;0,0;0,0;0,0;0,0;0,0;0,0;0,0;0,0;0,0;0,0;0,0;0,0;0,0;0,0;0,0;0,0;0,0;0,0;0,0;0,0;0,0;0,0;0,0;0,0;0,0;0,0;0,0;0,0;0,0;0,0;0,0;0,0;0,0;0,0;0,0;0,0;0,0;0,0;0,0;0,0;0,0;0,0;0,0;0,0;0,0;0,0;0,0;0,0;0,0;0,0;0,0;0,0;0,0;0,0;0,0;0,0;0,0;0,0;0,0;0,0;0,0;0,0;0,0;0,0;0,0;0,0;0,0;0,0;0,0;0,0;0,0;0,0;0,0;0,0;0,0;0,0;0,0;0,0;0,0;0,0;0,0;0,0;0,0;0,0;0,0;0,0;0,0;0,0;0,0;0,0;0,0;0,0;0,0;0,0;0,0;0,0;0,0;0,0;0,0;0,0;0,0;0,0;0,0;0,0;0,0;0,0;0,0;0,0;0,0;0,0;0,0;0,0;0,0;0,0;0,0;0,0;0,0;0,0;0,0;0,0;0,0;0,0;0,0;0,0;0,0;0,0;0,0;0,0;0,0;0,0;0,0;0,0;0,0;0,0;0,0;0,0;0,0;0,0;0,0;0,0;0,0;0,0;0,0;0,0;0,0;0,0;0,0;0,0;0,0;0,0;0,0;0,0;0,0;0,0;0,0;0,0;0,0;0,0;0,0;0,0;0,0;0,0;0,0;0,0;0,0;0,0;0,0;0,0;0,0;0,0;0,0;0,0;0,0;0,0;0,0;0,0;0,0;0,0;0,0;0,0;0,0;0,0;0,0;0,0;0,0;0,0;0,0;0,0;0,0;0,0;0,0;0,0;0,0;0,0;0,0;0,0;0,0;0,0;0,0;0,0;0,0;0,0;0,0;0,0;0,0;0,0;0,0;0,0;0,0;0,0;0,0;0,0;0,0;0,0;0,0;0,0;0,0;0,0;0,0;0,0;0,0;0,0;0,0;0,0;0,0;0,0;0,0;0,0;0,0;0,0;0,0;0,0;0,0;0,0;0,0;0,0;0,0;0,0;0,0;0,0;0,0;0,0;0,0;0,0;0,0;0,0;0,0;0,0;0,0;0,0;0,0;0,0;0,0;0,0;0,0;0,0;0,0;0,0;0,0;0,0;0,0;0,0;0,0;0,0;0,0;0,0;0,0;0,0;0,0;0,0;0,0;0,0;0,0;0,0;0,0;0,0;0,0;0,0;0,0;0,0;0,0;0,0;0,0;0,0;0,0;0,0;0,0;0,0;0,0;0,0;0,0;0,0;0,0;0,0;0,0;0,0;0,0;0,0;0,0;0,0
151;1;0;0,0;0,0;0,0;0,0;0,0;0,0;0,0;0,0;0,0;0,0;0,0;0,0;0,0;0,0;0,0;0,0;0,0;0,0;0,0;0,0;0,0;0,0;0,0;0,0;0,0;0,0;0,0;0,0;0,0;0,0;0,0;0,0;0,0;0,0;0,0;0,0;0,0;0,0;0,0;0,0;0,0;0,0;0,0;0,0;0,0;0,0;0,0;0,0;0,0;0,0;0,0;0,0;0,0;0,0;0,0;0,0;0,0;0,0;0,0;0,0;0,0;0,0;0,0;0,0;0,0;0,0;0,0;0,0;0,0;0,0;0,0;0,0;0,0;0,0;0,0;0,0;0,0;0,0;0,0;0,0;0,0;0,0;0,0;0,0;0,0;0,0;0,0;0,0;0,0;0,0;0,0;0,0;0,0;0,0;0,0;0,0;0,0;0,0;0,0;0,0;0,0;0,0;0,0;0,0;0,0;0,0;0,0;0,0;0,0;0,0;0,0;0,0;0,0;0,0;0,0;0,0;0,0;0,0;0,0;0,0;0,0;0,0;0,0;0,0;0,0;0,0;0,0;0,0;0,0;0,0;0,0;0,0;0,0;0,0;0,0;0,0;0,0;0,0;0,0;0,0;0,0;0,0;0,0;0,0;0,0;0,0;0,0;0,0;0,0;0,0;0,0;0,0;0,0;0,0;0,0;0,0;0,0;0,0;0,0;0,0;0,0;0,0;0,0;0,0;0,0;0,0;0,0;0,0;0,0;0,0;0,0;0,0;0,0;0,0;0,0;0,0;0,0;0,0;0,0;0,0;0,0;0,0;0,0;0,0;0,0;0,0;0,0;0,0;0,0;0,0;0,0;0,0;0,0;0,0;0,0;0,0;0,0;0,0;0,0;0,0;0,0;0,0;0,0;0,0;0,0;0,0;0,0;0,0;0,0;0,0;0,0;0,0;0,0;0,0;0,0;0,0;0,0;0,0;0,0;0,0;0,0;0,0;0,0;0,0;0,0;0,0;0,0;0,0;0,0;0,0;0,0;0,0;0,0;0,0;0,0;0,0;0,0;0,0;0,0;0,0;0,0;0,0;0,0;0,0;0,0;0,0;0,0;0,0;0,0;0,0;0,0;0,0;0,0;0,0;0,0;0,0;0,0;0,0;0,0;0,0;0,0;0,0;0,0;0,0;0,0;0,0;0,0;0,0;0,0;0,0;0,0;0,0;0,0;0,0;0,0;0,0;0,0;0,0;0,0;0,0;0,0;0,0;0,0;0,0;0,0;0,0;0,0;0,0;0,0;0,0;0,0;0,0;0,0;0,0;0,0;0,0;0,0;0,0;0,0;0,0;0,0;0,0
168;1;0;0,0;0,0;0,0;0,0;0,0;0,0;0,0;0,0;0,0;0,0;0,0;0,0;0,0;0,0;0,0;0,0;0,0;0,0;0,0;0,0;0,0;0,0;0,0;0,0;0,0;0,0;0,0;0,0;0,0;0,0;0,0;0,0;0,0;0,0;0,0;0,0;0,0;0,0;0,0;0,0;0,0;0,0;0,0;0,0;0,0;0,0;0,0;0,0;0,0;0,0;0,0;0,0;0,0;0,0;0,0;0,0;0,0;0,0;0,0;0,0;0,0;0,0;0,0;0,0;0,0;0,0;0,0;0,0;0,0;0,0;0,0;0,0;0,0;0,0;0,0;0,0;0,0;0,0;0,0;0,0;0,0;0,0;0,0;0,0;0,0;0,0;0,0;0,0;0,0;0,0;0,0;0,0;0,0;0,0;0,0;0,0;0,0;0,0;0,0;0,0;0,0;0,0;0,0;0,0;0,0;0,0;0,0;0,0;0,0;0,0;0,0;0,0;0,0;0,0;0,0;0,0;0,0;0,0;0,0;0,0;0,0;0,0;0,0;0,0;0,0;0,0;0,0;0,0;0,0;0,0;0,0;0,0;0,0;0,0;0,0;0,0;0,0;0,0;0,0;0,0;0,0;0,0;0,0;0,0;0,0;0,0;0,0;0,0;0,0;0,0;0,0;0,0;0,0;0,0;0,0;0,0;0,0;0,0;0,0;0,0;0,0;0,0;0,0;0,0;0,0;0,0;0,0;0,0;0,0;0,0;0,0;0,0;0,0;0,0;0,0;0,0;0,0;0,0;0,0;0,0;0,0;0,0;0,0;0,0;0,0;0,0;0,0;0,0;0,0;0,0;0,0;0,0;0,0;0,0;0,0;0,0;0,0;0,0;0,0;0,0;0,0;0,0;0,0;0,0;0,0;0,0;0,0;0,0;0,0;0,0;0,0;0,0;0,0;0,0;0,0;0,0;0,0;0,0;0,0;0,0;0,0;0,0;0,0;0,0;0,0;0,0;0,0;0,0;0,0;0,0;0,0;0,0;0,0;0,0;0,0;0,0;0,0;0,0;0,0;0,0;0,0;0,0;0,0;0,0;0,0;0,0;0,0;0,0;0,0;0,0;0,0;0,0;0,0;0,0;0,0;0,0;0,0;0,0;0,0;0,0;0,0;0,0;0,0;0,0;0,0;0,0;0,0;0,0;0,0;0,0;0,0;0,0;0,0;0,0;0,0;0,0;0,0;0,0;0,0;0,0;0,0;0,0;0,0;0,0;0,0;0,0;0,0;0,0;0,0;0,0;0,0;0,0;0,0;0,0;0,0;0,0;0,0;0,0;0,0;0,0;0,0;0,0
169;1;0;0,0;0,0;0,0;0,0;0,0;0,0;0,0;0,0;0,0;0,0;0,0;0,0;0,0;0,0;0,0;0,0;0,0;0,0;0,0;0,0;0,0;0,0;0,0;0,0;0,0;0,0;0,0;0,0;0,0;0,0;0,0;0,0;0,0;0,0;0,0;0,0;0,0;0,0;0,0;0,0;0,0;0,0;0,0;0,0;0,0;0,0;0,0;0,0;0,0;0,0;0,0;0,0;0,0;0,0;0,0;0,0;0,0;0,0;0,0;0,0;0,0;0,0;0,0;0,0;0,0;0,0;0,0;0,0;0,0;0,0;0,0;0,0;0,0;0,0;0,0;0,0;0,0;0,0;0,0;0,0;0,0;0,0;0,0;0,0;0,0;0,0;0,0;0,0;0,0;0,0;0,0;0,0;0,0;0,0;0,0;0,0;0,0;0,0;0,0;0,0;0,0;0,0;0,0;0,0;0,0;0,0;0,0;0,0;0,0;0,0;0,0;0,0;0,0;0,0;0,0;0,0;0,0;0,0;0,0;0,0;0,0;0,0;0,0;0,0;0,0;0,0;0,0;0,0;0,0;0,0;0,0;0,0;0,0;0,0;0,0;0,0;0,0;0,0;0,0;0,0;0,0;0,0;0,0;0,0;0,0;0,0;0,0;0,0;0,0;0,0;0,0;0,0;0,0;0,0;0,0;0,0;0,0;0,0;0,0;0,0;0,0;0,0;0,0;0,0;0,0;0,0;0,0;0,0;0,0;0,0;0,0;0,0;0,0;0,0;0,0;0,0;0,0;0,0;0,0;0,0;0,0;0,0;0,0;0,0;0,0;0,0;0,0;0,0;0,0;0,0;0,0;0,0;0,0;0,0;0,0;0,0;0,0;0,0;0,0;0,0;0,0;0,0;0,0;0,0;0,0;0,0;0,0;0,0;0,0;0,0;0,0;0,0;0,0;0,0;0,0;0,0;0,0;0,0;0,0;0,0;0,0;0,0;0,0;0,0;0,0;0,0;0,0;0,0;0,0;0,0;0,0;0,0;0,0;0,0;0,0;0,0;0,0;0,0;0,0;0,0;0,0;0,0;0,0;0,0;0,0;0,0;0,0;0,0;0,0;0,0;0,0;0,0;0,0;0,0;0,0;0,0;0,0;0,0;0,0;0,0;0,0;0,0;0,0;0,0;0,0;0,0;0,0;0,0;0,0;0,0;0,0;0,0;0,0;0,0;0,0;0,0;0,0;0,0;0,0;0,0;0,0;0,0;0,0;0,0;0,0;0,0;0,0;0,0;0,0;0,0;0,0;0,0;0,0;0,0;0,0;0,0;0,0;0,0;0,0;0,0;0,0;0,0
170;1;0;0,0;0,0;0,0;0,0;0,0;0,0;0,0;0,0;0,0;0,0;0,0;0,0;0,0;0,0;0,0;0,0;0,0;0,0;0,0;0,0;0,0;0,0;0,0;0,0;0,0;0,0;0,0;0,0;0,0;0,0;0,0;0,0;0,0;0,0;0,0;0,0;0,0;0,0;0,0;0,0;0,0;0,0;0,0;0,0;0,0;0,0;0,0;0,0;0,0;0,0;0,0;0,0;0,0;0,0;0,0;0,0;0,0;0,0;0,0;0,0;0,0;0,0;0,0;0,0;0,0;0,0;0,0;0,0;0,0;0,0;0,0;0,0;0,0;0,0;0,0;0,0;0,0;0,0;0,0;0,0;0,0;0,0;0,0;0,0;0,0;0,0;0,0;0,0;0,0;0,0;0,0;0,0;0,0;0,0;0,0;0,0;0,0;0,0;0,0;0,0;0,0;0,0;0,0;0,0;0,0;0,0;0,0;0,0;0,0;0,0;0,0;0,0;0,0;0,0;0,0;0,0;0,0;0,0;0,0;0,0;0,0;0,0;0,0;0,0;0,0;0,0;0,0;0,0;0,0;0,0;0,0;0,0;0,0;0,0;0,0;0,0;0,0;0,0;0,0;0,0;0,0;0,0;0,0;0,0;0,0;0,0;0,0;0,0;0,0;0,0;0,0;0,0;0,0;0,0;0,0;0,0;0,0;0,0;0,0;0,0;0,0;0,0;0,0;0,0;0,0;0,0;0,0;0,0;0,0;0,0;0,0;0,0;0,0;0,0;0,0;0,0;0,0;0,0;0,0;0,0;0,0;0,0;0,0;0,0;0,0;0,0;0,0;0,0;0,0;0,0;0,0;0,0;0,0;0,0;0,0;0,0;0,0;0,0;0,0;0,0;0,0;0,0;0,0;0,0;0,0;0,0;0,0;0,0;0,0;0,0;0,0;0,0;0,0;0,0;0,0;0,0;0,0;0,0;0,0;0,0;0,0;0,0;0,0;0,0;0,0;0,0;0,0;0,0;0,0;0,0;0,0;0,0;0,0;0,0;0,0;0,0;0,0;0,0;0,0;0,0;0,0;0,0;0,0;0,0;0,0;0,0;0,0;0,0;0,0;0,0;0,0;0,0;0,0;0,0;0,0;0,0;0,0;0,0;0,0;0,0;0,0;0,0;0,0;0,0;0,0;0,0;0,0;0,0;0,0;0,0;0,0;0,0;0,0;0,0;0,0;0,0;0,0;0,0;0,0;0,0;0,0;0,0;0,0;0,0;0,0;0,0;0,0;0,0;0,0;0,0;0,0;0,0;0,0;0,0;0,0;0,0;0,0;0,0;0,0;0,0;0,0;0,0
176;1;0;0,0;0,0;0,0;0,0;0,0;0,0;0,0;0,0;0,0;0,0;0,0;0,0;0,0;0,0;0,0;0,0;0,0;0,0;0,0;0,0;0,0;0,0;0,0;0,0;0,0;0,0;0,0;0,0;0,0;0,0;0,0;0,0;0,0;0,0;0,0;0,0;0,0;0,0;0,0;0,0;0,0;0,0;0,0;0,0;0,0;0,0;0,0;0,0;0,0;0,0;0,0;0,0;0,0;0,0;0,0;0,0;0,0;0,0;0,0;0,0;0,0;0,0;0,0;0,0;0,0;0,0;0,0;0,0;0,0;0,0;0,0;0,0;0,0;0,0;0,0;0,0;0,0;0,0;0,0;0,0;0,0;0,0;0,0;0,0;0,0;0,0;0,0;0,0;0,0;0,0;0,0;0,0;0,0;0,0;0,0;0,0;0,0;0,0;0,0;0,0;0,0;0,0;0,0;0,0;0,0;0,0;0,0;0,0;0,0;0,0;0,0;0,0;0,0;0,0;0,0;0,0;0,0;0,0;0,0;0,0;0,0;0,0;0,0;0,0;0,0;0,0;0,0;0,0;0,0;0,0;0,0;0,0;0,0;0,0;0,0;0,0;0,0;0,0;0,0;0,0;0,0;0,0;0,0;0,0;0,0;0,0;0,0;0,0;0,0;0,0;0,0;0,0;0,0;0,0;0,0;0,0;0,0;0,0;0,0;0,0;0,0;0,0;0,0;0,0;0,0;0,0;0,0;0,0;0,0;0,0;0,0;0,0;0,0;0,0;0,0;0,0;0,0;0,0;0,0;0,0;0,0;0,0;0,0;0,0;0,0;0,0;0,0;0,0;0,0;0,0;0,0;0,0;0,0;0,0;0,0;0,0;0,0;0,0;0,0;0,0;0,0;0,0;0,0;0,0;0,0;0,0;0,0;0,0;0,0;0,0;0,0;0,0;0,0;0,0;0,0;0,0;0,0;0,0;0,0;0,0;0,0;0,0;0,0;0,0;0,0;0,0;0,0;0,0;0,0;0,0;0,0;0,0;0,0;0,0;0,0;0,0;0,0;0,0;0,0;0,0;0,0;0,0;0,0;0,0;0,0;0,0;0,0;0,0;0,0;0,0;0,0;0,0;0,0;0,0;0,0;0,0;0,0;0,0;0,0;0,0;0,0;0,0;0,0;0,0;0,0;0,0;0,0;0,0;0,0;0,0;0,0;0,0;0,0;0,0;0,0;0,0;0,0;0,0;0,0;0,0;0,0;0,0;0,0;0,0;0,0;0,0;0,0;0,0;0,0;0,0;0,0;0,0;0,0;0,0;0,0;0,0;0,0;0,0;0,0;0,0;0,0;0,0
177;1;0;0,0;0,0;0,0;0,0;0,0;0,0;0,0;0,0;0,0;0,0;0,0;0,0;0,0;0,0;0,0;0,0;0,0;0,0;0,0;0,0;0,0;0,0;0,0;0,0;0,0;0,0;0,0;0,0;0,0;0,0;0,0;0,0;0,0;0,0;0,0;0,0;0,0;0,0;0,0;0,0;0,0;0,0;0,0;0,0;0,0;0,0;0,0;0,0;0,0;0,0;0,0;0,0;0,0;0,0;0,0;0,0;0,0;0,0;0,0;0,0;0,0;0,0;0,0;0,0;0,0;0,0;0,0;0,0;0,0;0,0;0,0;0,0;0,0;0,0;0,0;0,0;0,0;0,0;0,0;0,0;0,0;0,0;0,0;0,0;0,0;0,0;0,0;0,0;0,0;0,0;0,0;0,0;0,0;0,0;0,0;0,0;0,0;0,0;0,0;0,0;0,0;0,0;0,0;0,0;0,0;0,0;0,0;0,0;0,0;0,0;0,0;0,0;0,0;0,0;0,0;0,0;0,0;0,0;0,0;0,0;0,0;0,0;0,0;0,0;0,0;0,0;0,0;0,0;0,0;0,0;0,0;0,0;0,0;0,0;0,0;0,0;0,0;0,0;0,0;0,0;0,0;0,0;0,0;0,0;0,0;0,0;0,0;0,0;0,0;0,0;0,0;0,0;0,0;0,0;0,0;0,0;0,0;0,0;0,0;0,0;0,0;0,0;0,0;0,0;0,0;0,0;0,0;0,0;0,0;0,0;0,0;0,0;0,0;0,0;0,0;0,0;0,0;0,0;0,0;0,0;0,0;0,0;0,0;0,0;0,0;0,0;0,0;0,0;0,0;0,0;0,0;0,0;0,0;0,0;0,0;0,0;0,0;0,0;0,0;0,0;0,0;0,0;0,0;0,0;0,0;0,0;0,0;0,0;0,0;0,0;0,0;0,0;0,0;0,0;0,0;0,0;0,0;0,0;0,0;0,0;0,0;0,0;0,0;0,0;0,0;0,0;0,0;0,0;0,0;0,0;0,0;0,0;0,0;0,0;0,0;0,0;0,0;0,0;0,0;0,0;0,0;0,0;0,0;0,0;0,0;0,0;0,0;0,0;0,0;0,0;0,0;0,0;0,0;0,0;0,0;0,0;0,0;0,0;0,0;0,0;0,0;0,0;0,0;0,0;0,0;0,0;0,0;0,0;0,0;0,0;0,0;0,0;0,0;0,0;0,0;0,0;0,0;0,0;0,0;0,0;0,0;0,0;0,0;0,0;0,0;0,0;0,0;0,0;0,0;0,0;0,0;0,0;0,0;0,0;0,0;0,0;0,0;0,0;0,0;0,0;0,0;0,0
181;1;0;0,0;0,0;0,0;0,0;0,0;0,0;0,0;0,0;0,0;0,0;0,0;0,0;0,0;0,0;0,0;0,0;0,0;0,0;0,0;0,0;0,0;0,0;0,0;0,0;0,0;0,0;0,0;0,0;0,0;0,0;0,0;0,0;0,0;0,0;0,0;0,0;0,0;0,0;0,0;0,0;0,0;0,0;0,0;0,0;0,0;0,0;0,0;0,0;0,0;0,0;0,0;0,0;0,0;0,0;0,0;0,0;0,0;0,0;0,0;0,0;0,0;0,0;0,0;0,0;0,0;0,0;0,0;0,0;0,0;0,0;0,0;0,0;0,0;0,0;0,0;0,0;0,0;0,0;0,0;0,0;0,0;0,0;0,0;0,0;0,0;0,0;0,0;0,0;0,0;0,0;0,0;0,0;0,0;0,0;0,0;0,0;0,0;0,0;0,0;0,0;0,0;0,0;0,0;0,0;0,0;0,0;0,0;0,0;0,0;0,0;0,0;0,0;0,0;0,0;0,0;0,0;0,0;0,0;0,0;0,0;0,0;0,0;0,0;0,0;0,0;0,0;0,0;0,0;0,0;0,0;0,0;0,0;0,0;0,0;0,0;0,0;0,0;0,0;0,0;0,0;0,0;0,0;0,0;0,0;0,0;0,0;0,0;0,0;0,0;0,0;0,0;0,0;0,0;0,0;0,0;0,0;0,0;0,0;0,0;0,0;0,0;0,0;0,0;0,0;0,0;0,0;0,0;0,0;0,0;0,0;0,0;0,0;0,0;0,0;0,0;0,0;0,0;0,0;0,0;0,0;0,0;0,0;0,0;0,0;0,0;0,0;0,0;0,0;0,0;0,0;0,0;0,0;0,0;0,0;0,0;0,0;0,0;0,0;0,0;0,0;0,0;0,0;0,0;0,0;0,0;0,0;0,0;0,0;0,0;0,0;0,0;0,0;0,0;0,0;0,0;0,0;0,0;0,0;0,0;0,0;0,0;0,0;0,0;0,0;0,0;0,0;0,0;0,0;0,0;0,0;0,0;0,0;0,0;0,0;0,0;0,0;0,0;0,0;0,0;0,0;0,0;0,0;0,0;0,0;0,0;0,0;0,0;0,0;0,0;0,0;0,0;0,0;0,0;0,0;0,0;0,0;0,0;0,0;0,0;0,0;0,0;0,0;0,0;0,0;0,0;0,0;0,0;0,0;0,0;0,0;0,0;0,0;0,0;0,0;0,0;0,0;0,0;0,0;0,0;0,0;0,0;0,0;0,0;0,0;0,0;0,0;0,0;0,0;0,0;0,0;0,0;0,0;0,0;0,0;0,0;0,0;0,0;0,0;0,0;0,0;0,0;0,0
184;1;0;0,0;0,0;0,0;0,0;0,0;0,0;0,0;0,0;0,0;0,0;0,0;0,0;0,0;0,0;0,0;0,0;0,0;0,0;0,0;0,0;0,0;0,0;0,0;0,0;0,0;0,0;0,0;0,0;0,0;0,0;0,0;0,0;0,0;0,0;0,0;0,0;0,0;0,0;0,0;0,0;0,0;0,0;0,0;0,0;0,0;0,0;0,0;0,0;0,0;0,0;0,0;0,0;0,0;0,0;0,0;0,0;0,0;0,0;0,0;0,0;0,0;0,0;0,0;0,0;0,0;0,0;0,0;0,0;0,0;0,0;0,0;0,0;0,0;0,0;0,0;0,0;0,0;0,0;0,0;0,0;0,0;0,0;0,0;0,0;0,0;0,0;0,0;0,0;0,0;0,0;0,0;0,0;0,0;0,0;0,0;0,0;0,0;0,0;0,0;0,0;0,0;0,0;0,0;0,0;0,0;0,0;0,0;0,0;0,0;0,0;0,0;0,0;0,0;0,0;0,0;0,0;0,0;0,0;0,0;0,0;0,0;0,0;0,0;0,0;0,0;0,0;0,0;0,0;0,0;0,0;0,0;0,0;0,0;0,0;0,0;0,0;0,0;0,0;0,0;0,0;0,0;0,0;0,0;0,0;0,0;0,0;0,0;0,0;0,0;0,0;0,0;0,0;0,0;0,0;0,0;0,0;0,0;0,0;0,0;0,0;0,0;0,0;0,0;0,0;0,0;0,0;0,0;0,0;0,0;0,0;0,0;0,0;0,0;0,0;0,0;0,0;0,0;0,0;0,0;0,0;0,0;0,0;0,0;0,0;0,0;0,0;0,0;0,0;0,0;0,0;0,0;0,0;0,0;0,0;0,0;0,0;0,0;0,0;0,0;0,0;0,0;0,0;0,0;0,0;0,0;0,0;0,0;0,0;0,0;0,0;0,0;0,0;0,0;0,0;0,0;0,0;0,0;0,0;0,0;0,0;0,0;0,0;0,0;0,0;0,0;0,0;0,0;0,0;0,0;0,0;0,0;0,0;0,0;0,0;0,0;0,0;0,0;0,0;0,0;0,0;0,0;0,0;0,0;0,0;0,0;0,0;0,0;0,0;0,0;0,0;0,0;0,0;0,0;0,0;0,0;0,0;0,0;0,0;0,0;0,0;0,0;0,0;0,0;0,0;0,0;0,0;0,0;0,0;0,0;0,0;0,0;0,0;0,0;0,0;0,0;0,0;0,0;0,0;0,0;0,0;0,0;0,0;0,0;0,0;0,0;0,0;0,0;0,0;0,0;0,0;0,0;0,0;0,0;0,0;0,0;0,0;0,0;0,0;0,0;0,0;0,0;0,0
185;1;0;0,0;0,0;0,0;0,0;0,0;0,0;0,0;0,0;0,0;0,0;0,0;0,0;0,0;0,0;0,0;0,0;0,0;0,0;0,0;0,0;0,0;0,0;0,0;0,0;0,0;0,0;0,0;0,0;0,0;0,0;0,0;0,0;0,0;0,0;0,0;0,0;0,0;0,0;0,0;0,0;0,0;0,0;0,0;0,0;0,0;0,0;0,0;0,0;0,0;0,0;0,0;0,0;0,0;0,0;0,0;0,0;0,0;0,0;0,0;0,0;0,0;0,0;0,0;0,0;0,0;0,0;0,0;0,0;0,0;0,0;0,0;0,0;0,0;0,0;0,0;0,0;0,0;0,0;0,0;0,0;0,0;0,0;0,0;0,0;0,0;0,0;0,0;0,0;0,0;0,0;0,0;0,0;0,0;0,0;0,0;0,0;0,0;0,0;0,0;0,0;0,0;0,0;0,0;0,0;0,0;0,0;0,0;0,0;0,0;0,0;0,0;0,0;0,0;0,0;0,0;0,0;0,0;0,0;0,0;0,0;0,0;0,0;0,0;0,0;0,0;0,0;0,0;0,0;0,0;0,0;0,0;0,0;0,0;0,0;0,0;0,0;0,0;0,0;0,0;0,0;0,0;0,0;0,0;0,0;0,0;0,0;0,0;0,0;0,0;0,0;0,0;0,0;0,0;0,0;0,0;0,0;0,0;0,0;0,0;0,0;0,0;0,0;0,0;0,0;0,0;0,0;0,0;0,0;0,0;0,0;0,0;0,0;0,0;0,0;0,0;0,0;0,0;0,0;0,0;0,0;0,0;0,0;0,0;0,0;0,0;0,0;0,0;0,0;0,0;0,0;0,0;0,0;0,0;0,0;0,0;0,0;0,0;0,0;0,0;0,0;0,0;0,0;0,0;0,0;0,0;0,0;0,0;0,0;0,0;0,0;0,0;0,0;0,0;0,0;0,0;0,0;0,0;0,0;0,0;0,0;0,0;0,0;0,0;0,0;0,0;0,0;0,0;0,0;0,0;0,0;0,0;0,0;0,0;0,0;0,0;0,0;0,0;0,0;0,0;0,0;0,0;0,0;0,0;0,0;0,0;0,0;0,0;0,0;0,0;0,0;0,0;0,0;0,0;0,0;0,0;0,0;0,0;0,0;0,0;0,0;0,0;0,0;0,0;0,0;0,0;0,0;0,0;0,0;0,0;0,0;0,0;0,0;0,0;0,0;0,0;0,0;0,0;0,0;0,0;0,0;0,0;0,0;0,0;0,0;0,0;0,0;0,0;0,0;0,0;0,0;0,0;0,0;0,0;0,0;0,0;0,0;0,0;0,0;0,0;0,0;0,0;0,0
191;1;0;0,0;0,0;0,0;0,0;0,0;0,0;0,0;0,0;0,0;0,0;0,0;0,0;0,0;0,0;0,0;0,0;0,0;0,0;0,0;0,0;0,0;0,0;0,0;0,0;0,0;0,0;0,0;0,0;0,0;0,0;0,0;0,0;0,0;0,0;0,0;0,0;0,0;0,0;0,0;0,0;0,0;0,0;0,0;0,0;0,0;0,0;0,0;0,0;0,0;0,0;0,0;0,0;0,0;0,0;0,0;0,0;0,0;0,0;0,0;0,0;0,0;0,0;0,0;0,0;0,0;0,0;0,0;0,0;0,0;0,0;0,0;0,0;0,0;0,0;0,0;0,0;0,0;0,0;0,0;0,0;0,0;0,0;0,0;0,0;0,0;0,0;0,0;0,0;0,0;0,0;0,0;0,0;0,0;0,0;0,0;0,0;0,0;0,0;0,0;0,0;0,0;0,0;0,0;0,0;0,0;0,0;0,0;0,0;0,0;0,0;0,0;0,0;0,0;0,0;0,0;0,0;0,0;0,0;0,0;0,0;0,0;0,0;0,0;0,0;0,0;0,0;0,0;0,0;0,0;0,0;0,0;0,0;0,0;0,0;0,0;0,0;0,0;0,0;0,0;0,0;0,0;0,0;0,0;0,0;0,0;0,0;0,0;0,0;0,0;0,0;0,0;0,0;0,0;0,0;0,0;0,0;0,0;0,0;0,0;0,0;0,0;0,0;0,0;0,0;0,0;0,0;0,0;0,0;0,0;0,0;0,0;0,0;0,0;0,0;0,0;0,0;0,0;0,0;0,0;0,0;0,0;0,0;0,0;0,0;0,0;0,0;0,0;0,0;0,0;0,0;0,0;0,0;0,0;0,0;0,0;0,0;0,0;0,0;0,0;0,0;0,0;0,0;0,0;0,0;0,0;0,0;0,0;0,0;0,0;0,0;0,0;0,0;0,0;0,0;0,0;0,0;0,0;0,0;0,0;0,0;0,0;0,0;0,0;0,0;0,0;0,0;0,0;0,0;0,0;0,0;0,0;0,0;0,0;0,0;0,0;0,0;0,0;0,0;0,0;0,0;0,0;0,0;0,0;0,0;0,0;0,0;0,0;0,0;0,0;0,0;0,0;0,0;0,0;0,0;0,0;0,0;0,0;0,0;0,0;0,0;0,0;0,0;0,0;0,0;0,0;0,0;0,0;0,0;0,0;0,0;0,0;0,0;0,0;0,0;0,0;0,0;0,0;0,0;0,0;0,0;0,0;0,0;0,0;0,0;0,0;0,0;0,0;0,0;0,0;0,0;0,0;0,0;0,0;0,0;0,0;0,0;0,0;0,0;0,0;0,0;0,0;0,0
192;1;0;0,0;0,0;0,0;0,0;0,0;0,0;0,0;0,0;0,0;0,0;0,0;0,0;0,0;0,0;0,0;0,0;0,0;0,0;0,0;0,0;0,0;0,0;0,0;0,0;0,0;0,0;0,0;0,0;0,0;0,0;0,0;0,0;0,0;0,0;0,0;0,0;0,0;0,0;0,0;0,0;0,0;0,0;0,0;0,0;0,0;0,0;0,0;0,0;0,0;0,0;0,0;0,0;0,0;0,0;0,0;0,0;0,0;0,0;0,0;0,0;0,0;0,0;0,0;0,0;0,0;0,0;0,0;0,0;0,0;0,0;0,0;0,0;0,0;0,0;0,0;0,0;0,0;0,0;0,0;0,0;0,0;0,0;0,0;0,0;0,0;0,0;0,0;0,0;0,0;0,0;0,0;0,0;0,0;0,0;0,0;0,0;0,0;0,0;0,0;0,0;0,0;0,0;0,0;0,0;0,0;0,0;0,0;0,0;0,0;0,0;0,0;0,0;0,0;0,0;0,0;0,0;0,0;0,0;0,0;0,0;0,0;0,0;0,0;0,0;0,0;0,0;0,0;0,0;0,0;0,0;0,0;0,0;0,0;0,0;0,0;0,0;0,0;0,0;0,0;0,0;0,0;0,0;0,0;0,0;0,0;0,0;0,0;0,0;0,0;0,0;0,0;0,0;0,0;0,0;0,0;0,0;0,0;0,0;0,0;0,0;0,0;0,0;0,0;0,0;0,0;0,0;0,0;0,0;0,0;0,0;0,0;0,0;0,0;0,0;0,0;0,0;0,0;0,0;0,0;0,0;0,0;0,0;0,0;0,0;0,0;0,0;0,0;0,0;0,0;0,0;0,0;0,0;0,0;0,0;0,0;0,0;0,0;0,0;0,0;0,0;0,0;0,0;0,0;0,0;0,0;0,0;0,0;0,0;0,0;0,0;0,0;0,0;0,0;0,0;0,0;0,0;0,0;0,0;0,0;0,0;0,0;0,0;0,0;0,0;0,0;0,0;0,0;0,0;0,0;0,0;0,0;0,0;0,0;0,0;0,0;0,0;0,0;0,0;0,0;0,0;0,0;0,0;0,0;0,0;0,0;0,0;0,0;0,0;0,0;0,0;0,0;0,0;0,0;0,0;0,0;0,0;0,0;0,0;0,0;0,0;0,0;0,0;0,0;0,0;0,0;0,0;0,0;0,0;0,0;0,0;0,0;0,0;0,0;0,0;0,0;0,0;0,0;0,0;0,0;0,0;0,0;0,0;0,0;0,0;0,0;0,0;0,0;0,0;0,0;0,0;0,0;0,0;0,0;0,0;0,0;0,0;0,0;0,0;0,0;0,0;0,0;0,0
195;1;0;0,0;0,0;0,0;0,0;0,0;0,0;0,0;0,0;0,0;0,0;0,0;0,0;0,0;0,0;0,0;0,0;0,0;0,0;0,0;0,0;0,0;0,0;0,0;0,0;0,0;0,0;0,0;0,0;0,0;0,0;0,0;0,0;0,0;0,0;0,0;0,0;0,0;0,0;0,0;0,0;0,0;0,0;0,0;0,0;0,0;0,0;0,0;0,0;0,0;0,0;0,0;0,0;0,0;0,0;0,0;0,0;0,0;0,0;0,0;0,0;0,0;0,0;0,0;0,0;0,0;0,0;0,0;0,0;0,0;0,0;0,0;0,0;0,0;0,0;0,0;0,0;0,0;0,0;0,0;0,0;0,0;0,0;0,0;0,0;0,0;0,0;0,0;0,0;0,0;0,0;0,0;0,0;0,0;0,0;0,0;0,0;0,0;0,0;0,0;0,0;0,0;0,0;0,0;0,0;0,0;0,0;0,0;0,0;0,0;0,0;0,0;0,0;0,0;0,0;0,0;0,0;0,0;0,0;0,0;0,0;0,0;0,0;0,0;0,0;0,0;0,0;0,0;0,0;0,0;0,0;0,0;0,0;0,0;0,0;0,0;0,0;0,0;0,0;0,0;0,0;0,0;0,0;0,0;0,0;0,0;0,0;0,0;0,0;0,0;0,0;0,0;0,0;0,0;0,0;0,0;0,0;0,0;0,0;0,0;0,0;0,0;0,0;0,0;0,0;0,0;0,0;0,0;0,0;0,0;0,0;0,0;0,0;0,0;0,0;0,0;0,0;0,0;0,0;0,0;0,0;0,0;0,0;0,0;0,0;0,0;0,0;0,0;0,0;0,0;0,0;0,0;0,0;0,0;0,0;0,0;0,0;0,0;0,0;0,0;0,0;0,0;0,0;0,0;0,0;0,0;0,0;0,0;0,0;0,0;0,0;0,0;0,0;0,0;0,0;0,0;0,0;0,0;0,0;0,0;0,0;0,0;0,0;0,0;0,0;0,0;0,0;0,0;0,0;0,0;0,0;0,0;0,0;0,0;0,0;0,0;0,0;0,0;0,0;0,0;0,0;0,0;0,0;0,0;0,0;0,0;0,0;0,0;0,0;0,0;0,0;0,0;0,0;0,0;0,0;0,0;0,0;0,0;0,0;0,0;0,0;0,0;0,0;0,0;0,0;0,0;0,0;0,0;0,0;0,0;0,0;0,0;0,0;0,0;0,0;0,0;0,0;0,0;0,0;0,0;0,0;0,0;0,0;0,0;0,0;0,0;0,0;0,0;0,0;0,0;0,0;0,0;0,0;0,0;0,0;0,0;0,0;0,0;0,0;0,0;0,0;0,0;0,0
197;1;0;0,0;0,0;0,0;0,0;0,0;0,0;0,0;0,0;0,0;0,0;0,0;0,0;0,0;0,0;0,0;0,0;0,0;0,0;0,0;0,0;0,0;0,0;0,0;0,0;0,0;0,0;0,0;0,0;0,0;0,0;0,0;0,0;0,0;0,0;0,0;0,0;0,0;0,0;0,0;0,0;0,0;0,0;0,0;0,0;0,0;0,0;0,0;0,0;0,0;0,0;0,0;0,0;0,0;0,0;0,0;0,0;0,0;0,0;0,0;0,0;0,0;0,0;0,0;0,0;0,0;0,0;0,0;0,0;0,0;0,0;0,0;0,0;0,0;0,0;0,0;0,0;0,0;0,0;0,0;0,0;0,0;0,0;0,0;0,0;0,0;0,0;0,0;0,0;0,0;0,0;0,0;0,0;0,0;0,0;0,0;0,0;0,0;0,0;0,0;0,0;0,0;0,0;0,0;0,0;0,0;0,0;0,0;0,0;0,0;0,0;0,0;0,0;0,0;0,0;0,0;0,0;0,0;0,0;0,0;0,0;0,0;0,0;0,0;0,0;0,0;0,0;0,0;0,0;0,0;0,0;0,0;0,0;0,0;0,0;0,0;0,0;0,0;0,0;0,0;0,0;0,0;0,0;0,0;0,0;0,0;0,0;0,0;0,0;0,0;0,0;0,0;0,0;0,0;0,0;0,0;0,0;0,0;0,0;0,0;0,0;0,0;0,0;0,0;0,0;0,0;0,0;0,0;0,0;0,0;0,0;0,0;0,0;0,0;0,0;0,0;0,0;0,0;0,0;0,0;0,0;0,0;0,0;0,0;0,0;0,0;0,0;0,0;0,0;0,0;0,0;0,0;0,0;0,0;0,0;0,0;0,0;0,0;0,0;0,0;0,0;0,0;0,0;0,0;0,0;0,0;0,0;0,0;0,0;0,0;0,0;0,0;0,0;0,0;0,0;0,0;0,0;0,0;0,0;0,0;0,0;0,0;0,0;0,0;0,0;0,0;0,0;0,0;0,0;0,0;0,0;0,0;0,0;0,0;0,0;0,0;0,0;0,0;0,0;0,0;0,0;0,0;0,0;0,0;0,0;0,0;0,0;0,0;0,0;0,0;0,0;0,0;0,0;0,0;0,0;0,0;0,0;0,0;0,0;0,0;0,0;0,0;0,0;0,0;0,0;0,0;0,0;0,0;0,0;0,0;0,0;0,0;0,0;0,0;0,0;0,0;0,0;0,0;0,0;0,0;0,0;0,0;0,0;0,0;0,0;0,0;0,0;0,0;0,0;0,0;0,0;0,0;0,0;0,0;0,0;0,0;0,0;0,0;0,0;0,0;0,0;0,0;0,0
199;1;0;0,0;0,0;0,0;0,0;0,0;0,0;0,0;0,0;0,0;0,0;0,0;0,0;0,0;0,0;0,0;0,0;0,0;0,0;0,0;0,0;0,0;0,0;0,0;0,0;0,0;0,0;0,0;0,0;0,0;0,0;0,0;0,0;0,0;0,0;0,0;0,0;0,0;0,0;0,0;0,0;0,0;0,0;0,0;0,0;0,0;0,0;0,0;0,0;0,0;0,0;0,0;0,0;0,0;0,0;0,0;0,0;0,0;0,0;0,0;0,0;0,0;0,0;0,0;0,0;0,0;0,0;0,0;0,0;0,0;0,0;0,0;0,0;0,0;0,0;0,0;0,0;0,0;0,0;0,0;0,0;0,0;0,0;0,0;0,0;0,0;0,0;0,0;0,0;0,0;0,0;0,0;0,0;0,0;0,0;0,0;0,0;0,0;0,0;0,0;0,0;0,0;0,0;0,0;0,0;0,0;0,0;0,0;0,0;0,0;0,0;0,0;0,0;0,0;0,0;0,0;0,0;0,0;0,0;0,0;0,0;0,0;0,0;0,0;0,0;0,0;0,0;0,0;0,0;0,0;0,0;0,0;0,0;0,0;0,0;0,0;0,0;0,0;0,0;0,0;0,0;0,0;0,0;0,0;0,0;0,0;0,0;0,0;0,0;0,0;0,0;0,0;0,0;0,0;0,0;0,0;0,0;0,0;0,0;0,0;0,0;0,0;0,0;0,0;0,0;0,0;0,0;0,0;0,0;0,0;0,0;0,0;0,0;0,0;0,0;0,0;0,0;0,0;0,0;0,0;0,0;0,0;0,0;0,0;0,0;0,0;0,0;0,0;0,0;0,0;0,0;0,0;0,0;0,0;0,0;0,0;0,0;0,0;0,0;0,0;0,0;0,0;0,0;0,0;0,0;0,0;0,0;0,0;0,0;0,0;0,0;0,0;0,0;0,0;0,0;0,0;0,0;0,0;0,0;0,0;0,0;0,0;0,0;0,0;0,0;0,0;0,0;0,0;0,0;0,0;0,0;0,0;0,0;0,0;0,0;0,0;0,0;0,0;0,0;0,0;0,0;0,0;0,0;0,0;0,0;0,0;0,0;0,0;0,0;0,0;0,0;0,0;0,0;0,0;0,0;0,0;0,0;0,0;0,0;0,0;0,0;0,0;0,0;0,0;0,0;0,0;0,0;0,0;0,0;0,0;0,0;0,0;0,0;0,0;0,0;0,0;0,0;0,0;0,0;0,0;0,0;0,0;0,0;0,0;0,0;0,0;0,0;0,0;0,0;0,0;0,0;0,0;0,0;0,0;0,0;0,0;0,0;0,0;0,0;0,0;0,0;0,0;0,0
201;1;0;0,0;0,0;0,0;0,0;0,0;0,0;0,0;0,0;0,0;0,0;0,0;0,0;0,0;0,0;0,0;0,0;0,0;0,0;0,0;0,0;0,0;0,0;0,0;0,0;0,0;0,0;0,0;0,0;0,0;0,0;0,0;0,0;0,0;0,0;0,0;0,0;0,0;0,0;0,0;0,0;0,0;0,0;0,0;0,0;0,0;0,0;0,0;0,0;0,0;0,0;0,0;0,0;0,0;0,0;0,0;0,0;0,0;0,0;0,0;0,0;0,0;0,0;0,0;0,0;0,0;0,0;0,0;0,0;0,0;0,0;0,0;0,0;0,0;0,0;0,0;0,0;0,0;0,0;0,0;0,0;0,0;0,0;0,0;0,0;0,0;0,0;0,0;0,0;0,0;0,0;0,0;0,0;0,0;0,0;0,0;0,0;0,0;0,0;0,0;0,0;0,0;0,0;0,0;0,0;0,0;0,0;0,0;0,0;0,0;0,0;0,0;0,0;0,0;0,0;0,0;0,0;0,0;0,0;0,0;0,0;0,0;0,0;0,0;0,0;0,0;0,0;0,0;0,0;0,0;0,0;0,0;0,0;0,0;0,0;0,0;0,0;0,0;0,0;0,0;0,0;0,0;0,0;0,0;0,0;0,0;0,0;0,0;0,0;0,0;0,0;0,0;0,0;0,0;0,0;0,0;0,0;0,0;0,0;0,0;0,0;0,0;0,0;0,0;0,0;0,0;0,0;0,0;0,0;0,0;0,0;0,0;0,0;0,0;0,0;0,0;0,0;0,0;0,0;0,0;0,0;0,0;0,0;0,0;0,0;0,0;0,0;0,0;0,0;0,0;0,0;0,0;0,0;0,0;0,0;0,0;0,0;0,0;0,0;0,0;0,0;0,0;0,0;0,0;0,0;0,0;0,0;0,0;0,0;0,0;0,0;0,0;0,0;0,0;0,0;0,0;0,0;0,0;0,0;0,0;0,0;0,0;0,0;0,0;0,0;0,0;0,0;0,0;0,0;0,0;0,0;0,0;0,0;0,0;0,0;0,0;0,0;0,0;0,0;0,0;0,0;0,0;0,0;0,0;0,0;0,0;0,0;0,0;0,0;0,0;0,0;0,0;0,0;0,0;0,0;0,0;0,0;0,0;0,0;0,0;0,0;0,0;0,0;0,0;0,0;0,0;0,0;0,0;0,0;0,0;0,0;0,0;0,0;0,0;0,0;0,0;0,0;0,0;0,0;0,0;0,0;0,0;0,0;0,0;0,0;0,0;0,0;0,0;0,0;0,0;0,0;0,0;0,0;0,0;0,0;0,0;0,0;0,0;0,0;0,0;0,0;0,0;0,0
202;1;0;0,0;0,0;0,0;0,0;0,0;0,0;0,0;0,0;0,0;0,0;0,0;0,0;0,0;0,0;0,0;0,0;0,0;0,0;0,0;0,0;0,0;0,0;0,0;0,0;0,0;0,0;0,0;0,0;0,0;0,0;0,0;0,0;0,0;0,0;0,0;0,0;0,0;0,0;0,0;0,0;0,0;0,0;0,0;0,0;0,0;0,0;0,0;0,0;0,0;0,0;0,0;0,0;0,0;0,0;0,0;0,0;0,0;0,0;0,0;0,0;0,0;0,0;0,0;0,0;0,0;0,0;0,0;0,0;0,0;0,0;0,0;0,0;0,0;0,0;0,0;0,0;0,0;0,0;0,0;0,0;0,0;0,0;0,0;0,0;0,0;0,0;0,0;0,0;0,0;0,0;0,0;0,0;0,0;0,0;0,0;0,0;0,0;0,0;0,0;0,0;0,0;0,0;0,0;0,0;0,0;0,0;0,0;0,0;0,0;0,0;0,0;0,0;0,0;0,0;0,0;0,0;0,0;0,0;0,0;0,0;0,0;0,0;0,0;0,0;0,0;0,0;0,0;0,0;0,0;0,0;0,0;0,0;0,0;0,0;0,0;0,0;0,0;0,0;0,0;0,0;0,0;0,0;0,0;0,0;0,0;0,0;0,0;0,0;0,0;0,0;0,0;0,0;0,0;0,0;0,0;0,0;0,0;0,0;0,0;0,0;0,0;0,0;0,0;0,0;0,0;0,0;0,0;0,0;0,0;0,0;0,0;0,0;0,0;0,0;0,0;0,0;0,0;0,0;0,0;0,0;0,0;0,0;0,0;0,0;0,0;0,0;0,0;0,0;0,0;0,0;0,0;0,0;0,0;0,0;0,0;0,0;0,0;0,0;0,0;0,0;0,0;0,0;0,0;0,0;0,0;0,0;0,0;0,0;0,0;0,0;0,0;0,0;0,0;0,0;0,0;0,0;0,0;0,0;0,0;0,0;0,0;0,0;0,0;0,0;0,0;0,0;0,0;0,0;0,0;0,0;0,0;0,0;0,0;0,0;0,0;0,0;0,0;0,0;0,0;0,0;0,0;0,0;0,0;0,0;0,0;0,0;0,0;0,0;0,0;0,0;0,0;0,0;0,0;0,0;0,0;0,0;0,0;0,0;0,0;0,0;0,0;0,0;0,0;0,0;0,0;0,0;0,0;0,0;0,0;0,0;0,0;0,0;0,0;0,0;0,0;0,0;0,0;0,0;0,0;0,0;0,0;0,0;0,0;0,0;0,0;0,0;0,0;0,0;0,0;0,0;0,0;0,0;0,0;0,0;0,0;0,0;0,0;0,0;0,0;0,0;0,0;0,0
203;1;0;0,0;0,0;0,0;0,0;0,0;0,0;0,0;0,0;0,0;0,0;0,0;0,0;0,0;0,0;0,0;0,0;0,0;0,0;0,0;0,0;0,0;0,0;0,0;0,0;0,0;0,0;0,0;0,0;0,0;0,0;0,0;0,0;0,0;0,0;0,0;0,0;0,0;0,0;0,0;0,0;0,0;0,0;0,0;0,0;0,0;0,0;0,0;0,0;0,0;0,0;0,0;0,0;0,0;0,0;0,0;0,0;0,0;0,0;0,0;0,0;0,0;0,0;0,0;0,0;0,0;0,0;0,0;0,0;0,0;0,0;0,0;0,0;0,0;0,0;0,0;0,0;0,0;0,0;0,0;0,0;0,0;0,0;0,0;0,0;0,0;0,0;0,0;0,0;0,0;0,0;0,0;0,0;0,0;0,0;0,0;0,0;0,0;0,0;0,0;0,0;0,0;0,0;0,0;0,0;0,0;0,0;0,0;0,0;0,0;0,0;0,0;0,0;0,0;0,0;0,0;0,0;0,0;0,0;0,0;0,0;0,0;0,0;0,0;0,0;0,0;0,0;0,0;0,0;0,0;0,0;0,0;0,0;0,0;0,0;0,0;0,0;0,0;0,0;0,0;0,0;0,0;0,0;0,0;0,0;0,0;0,0;0,0;0,0;0,0;0,0;0,0;0,0;0,0;0,0;0,0;0,0;0,0;0,0;0,0;0,0;0,0;0,0;0,0;0,0;0,0;0,0;0,0;0,0;0,0;0,0;0,0;0,0;0,0;0,0;0,0;0,0;0,0;0,0;0,0;0,0;0,0;0,0;0,0;0,0;0,0;0,0;0,0;0,0;0,0;0,0;0,0;0,0;0,0;0,0;0,0;0,0;0,0;0,0;0,0;0,0;0,0;0,0;0,0;0,0;0,0;0,0;0,0;0,0;0,0;0,0;0,0;0,0;0,0;0,0;0,0;0,0;0,0;0,0;0,0;0,0;0,0;0,0;0,0;0,0;0,0;0,0;0,0;0,0;0,0;0,0;0,0;0,0;0,0;0,0;0,0;0,0;0,0;0,0;0,0;0,0;0,0;0,0;0,0;0,0;0,0;0,0;0,0;0,0;0,0;0,0;0,0;0,0;0,0;0,0;0,0;0,0;0,0;0,0;0,0;0,0;0,0;0,0;0,0;0,0;0,0;0,0;0,0;0,0;0,0;0,0;0,0;0,0;0,0;0,0;0,0;0,0;0,0;0,0;0,0;0,0;0,0;0,0;0,0;0,0;0,0;0,0;0,0;0,0;0,0;0,0;0,0;0,0;0,0;0,0;0,0;0,0;0,0;0,0;0,0;0,0;0,0;0,0
204;1;0;0,0;0,0;0,0;0,0;0,0;0,0;0,0;0,0;0,0;0,0;0,0;0,0;0,0;0,0;0,0;0,0;0,0;0,0;0,0;0,0;0,0;0,0;0,0;0,0;0,0;0,0;0,0;0,0;0,0;0,0;0,0;0,0;0,0;0,0;0,0;0,0;0,0;0,0;0,0;0,0;0,0;0,0;0,0;0,0;0,0;0,0;0,0;0,0;0,0;0,0;0,0;0,0;0,0;0,0;0,0;0,0;0,0;0,0;0,0;0,0;0,0;0,0;0,0;0,0;0,0;0,0;0,0;0,0;0,0;0,0;0,0;0,0;0,0;0,0;0,0;0,0;0,0;0,0;0,0;0,0;0,0;0,0;0,0;0,0;0,0;0,0;0,0;0,0;0,0;0,0;0,0;0,0;0,0;0,0;0,0;0,0;0,0;0,0;0,0;0,0;0,0;0,0;0,0;0,0;0,0;0,0;0,0;0,0;0,0;0,0;0,0;0,0;0,0;0,0;0,0;0,0;0,0;0,0;0,0;0,0;0,0;0,0;0,0;0,0;0,0;0,0;0,0;0,0;0,0;0,0;0,0;0,0;0,0;0,0;0,0;0,0;0,0;0,0;0,0;0,0;0,0;0,0;0,0;0,0;0,0;0,0;0,0;0,0;0,0;0,0;0,0;0,0;0,0;0,0;0,0;0,0;0,0;0,0;0,0;0,0;0,0;0,0;0,0;0,0;0,0;0,0;0,0;0,0;0,0;0,0;0,0;0,0;0,0;0,0;0,0;0,0;0,0;0,0;0,0;0,0;0,0;0,0;0,0;0,0;0,0;0,0;0,0;0,0;0,0;0,0;0,0;0,0;0,0;0,0;0,0;0,0;0,0;0,0;0,0;0,0;0,0;0,0;0,0;0,0;0,0;0,0;0,0;0,0;0,0;0,0;0,0;0,0;0,0;0,0;0,0;0,0;0,0;0,0;0,0;0,0;0,0;0,0;0,0;0,0;0,0;0,0;0,0;0,0;0,0;0,0;0,0;0,0;0,0;0,0;0,0;0,0;0,0;0,0;0,0;0,0;0,0;0,0;0,0;0,0;0,0;0,0;0,0;0,0;0,0;0,0;0,0;0,0;0,0;0,0;0,0;0,0;0,0;0,0;0,0;0,0;0,0;0,0;0,0;0,0;0,0;0,0;0,0;0,0;0,0;0,0;0,0;0,0;0,0;0,0;0,0;0,0;0,0;0,0;0,0;0,0;0,0;0,0;0,0;0,0;0,0;0,0;0,0;0,0;0,0;0,0;0,0;0,0;0,0;0,0;0,0;0,0;0,0;0,0;0,0;0,0;0,0;0,0
207;1;0;0,0;0,0;0,0;0,0;0,0;0,0;0,0;0,0;0,0;0,0;0,0;0,0;0,0;0,0;0,0;0,0;0,0;0,0;0,0;0,0;0,0;0,0;0,0;0,0;0,0;0,0;0,0;0,0;0,0;0,0;0,0;0,0;0,0;0,0;0,0;0,0;0,0;0,0;0,0;0,0;0,0;0,0;0,0;0,0;0,0;0,0;0,0;0,0;0,0;0,0;0,0;0,0;0,0;0,0;0,0;0,0;0,0;0,0;0,0;0,0;0,0;0,0;0,0;0,0;0,0;0,0;0,0;0,0;0,0;0,0;0,0;0,0;0,0;0,0;0,0;0,0;0,0;0,0;0,0;0,0;0,0;0,0;0,0;0,0;0,0;0,0;0,0;0,0;0,0;0,0;0,0;0,0;0,0;0,0;0,0;0,0;0,0;0,0;0,0;0,0;0,0;0,0;0,0;0,0;0,0;0,0;0,0;0,0;0,0;0,0;0,0;0,0;0,0;0,0;0,0;0,0;0,0;0,0;0,0;0,0;0,0;0,0;0,0;0,0;0,0;0,0;0,0;0,0;0,0;0,0;0,0;0,0;0,0;0,0;0,0;0,0;0,0;0,0;0,0;0,0;0,0;0,0;0,0;0,0;0,0;0,0;0,0;0,0;0,0;0,0;0,0;0,0;0,0;0,0;0,0;0,0;0,0;0,0;0,0;0,0;0,0;0,0;0,0;0,0;0,0;0,0;0,0;0,0;0,0;0,0;0,0;0,0;0,0;0,0;0,0;0,0;0,0;0,0;0,0;0,0;0,0;0,0;0,0;0,0;0,0;0,0;0,0;0,0;0,0;0,0;0,0;0,0;0,0;0,0;0,0;0,0;0,0;0,0;0,0;0,0;0,0;0,0;0,0;0,0;0,0;0,0;0,0;0,0;0,0;0,0;0,0;0,0;0,0;0,0;0,0;0,0;0,0;0,0;0,0;0,0;0,0;0,0;0,0;0,0;0,0;0,0;0,0;0,0;0,0;0,0;0,0;0,0;0,0;0,0;0,0;0,0;0,0;0,0;0,0;0,0;0,0;0,0;0,0;0,0;0,0;0,0;0,0;0,0;0,0;0,0;0,0;0,0;0,0;0,0;0,0;0,0;0,0;0,0;0,0;0,0;0,0;0,0;0,0;0,0;0,0;0,0;0,0;0,0;0,0;0,0;0,0;0,0;0,0;0,0;0,0;0,0;0,0;0,0;0,0;0,0;0,0;0,0;0,0;0,0;0,0;0,0;0,0;0,0;0,0;0,0;0,0;0,0;0,0;0,0;0,0;0,0;0,0;0,0;0,0;0,0;0,0;0,0
208;1;0;0,0;0,0;0,0;0,0;0,0;0,0;0,0;0,0;0,0;0,0;0,0;0,0;0,0;0,0;0,0;0,0;0,0;0,0;0,0;0,0;0,0;0,0;0,0;0,0;0,0;0,0;0,0;0,0;0,0;0,0;0,0;0,0;0,0;0,0;0,0;0,0;0,0;0,0;0,0;0,0;0,0;0,0;0,0;0,0;0,0;0,0;0,0;0,0;0,0;0,0;0,0;0,0;0,0;0,0;0,0;0,0;0,0;0,0;0,0;0,0;0,0;0,0;0,0;0,0;0,0;0,0;0,0;0,0;0,0;0,0;0,0;0,0;0,0;0,0;0,0;0,0;0,0;0,0;0,0;0,0;0,0;0,0;0,0;0,0;0,0;0,0;0,0;0,0;0,0;0,0;0,0;0,0;0,0;0,0;0,0;0,0;0,0;0,0;0,0;0,0;0,0;0,0;0,0;0,0;0,0;0,0;0,0;0,0;0,0;0,0;0,0;0,0;0,0;0,0;0,0;0,0;0,0;0,0;0,0;0,0;0,0;0,0;0,0;0,0;0,0;0,0;0,0;0,0;0,0;0,0;0,0;0,0;0,0;0,0;0,0;0,0;0,0;0,0;0,0;0,0;0,0;0,0;0,0;0,0;0,0;0,0;0,0;0,0;0,0;0,0;0,0;0,0;0,0;0,0;0,0;0,0;0,0;0,0;0,0;0,0;0,0;0,0;0,0;0,0;0,0;0,0;0,0;0,0;0,0;0,0;0,0;0,0;0,0;0,0;0,0;0,0;0,0;0,0;0,0;0,0;0,0;0,0;0,0;0,0;0,0;0,0;0,0;0,0;0,0;0,0;0,0;0,0;0,0;0,0;0,0;0,0;0,0;0,0;0,0;0,0;0,0;0,0;0,0;0,0;0,0;0,0;0,0;0,0;0,0;0,0;0,0;0,0;0,0;0,0;0,0;0,0;0,0;0,0;0,0;0,0;0,0;0,0;0,0;0,0;0,0;0,0;0,0;0,0;0,0;0,0;0,0;0,0;0,0;0,0;0,0;0,0;0,0;0,0;0,0;0,0;0,0;0,0;0,0;0,0;0,0;0,0;0,0;0,0;0,0;0,0;0,0;0,0;0,0;0,0;0,0;0,0;0,0;0,0;0,0;0,0;0,0;0,0;0,0;0,0;0,0;0,0;0,0;0,0;0,0;0,0;0,0;0,0;0,0;0,0;0,0;0,0;0,0;0,0;0,0;0,0;0,0;0,0;0,0;0,0;0,0;0,0;0,0;0,0;0,0;0,0;0,0;0,0;0,0;0,0;0,0;0,0;0,0;0,0;0,0;0,0;0,0;0,0
209;1;0;0,0;0,0;0,0;0,0;0,0;0,0;0,0;0,0;0,0;0,0;0,0;0,0;0,0;0,0;0,0;0,0;0,0;0,0;0,0;0,0;0,0;0,0;0,0;0,0;0,0;0,0;0,0;0,0;0,0;0,0;0,0;0,0;0,0;0,0;0,0;0,0;0,0;0,0;0,0;0,0;0,0;0,0;0,0;0,0;0,0;0,0;0,0;0,0;0,0;0,0;0,0;0,0;0,0;0,0;0,0;0,0;0,0;0,0;0,0;0,0;0,0;0,0;0,0;0,0;0,0;0,0;0,0;0,0;0,0;0,0;0,0;0,0;0,0;0,0;0,0;0,0;0,0;0,0;0,0;0,0;0,0;0,0;0,0;0,0;0,0;0,0;0,0;0,0;0,0;0,0;0,0;0,0;0,0;0,0;0,0;0,0;0,0;0,0;0,0;0,0;0,0;0,0;0,0;0,0;0,0;0,0;0,0;0,0;0,0;0,0;0,0;0,0;0,0;0,0;0,0;0,0;0,0;0,0;0,0;0,0;0,0;0,0;0,0;0,0;0,0;0,0;0,0;0,0;0,0;0,0;0,0;0,0;0,0;0,0;0,0;0,0;0,0;0,0;0,0;0,0;0,0;0,0;0,0;0,0;0,0;0,0;0,0;0,0;0,0;0,0;0,0;0,0;0,0;0,0;0,0;0,0;0,0;0,0;0,0;0,0;0,0;0,0;0,0;0,0;0,0;0,0;0,0;0,0;0,0;0,0;0,0;0,0;0,0;0,0;0,0;0,0;0,0;0,0;0,0;0,0;0,0;0,0;0,0;0,0;0,0;0,0;0,0;0,0;0,0;0,0;0,0;0,0;0,0;0,0;0,0;0,0;0,0;0,0;0,0;0,0;0,0;0,0;0,0;0,0;0,0;0,0;0,0;0,0;0,0;0,0;0,0;0,0;0,0;0,0;0,0;0,0;0,0;0,0;0,0;0,0;0,0;0,0;0,0;0,0;0,0;0,0;0,0;0,0;0,0;0,0;0,0;0,0;0,0;0,0;0,0;0,0;0,0;0,0;0,0;0,0;0,0;0,0;0,0;0,0;0,0;0,0;0,0;0,0;0,0;0,0;0,0;0,0;0,0;0,0;0,0;0,0;0,0;0,0;0,0;0,0;0,0;0,0;0,0;0,0;0,0;0,0;0,0;0,0;0,0;0,0;0,0;0,0;0,0;0,0;0,0;0,0;0,0;0,0;0,0;0,0;0,0;0,0;0,0;0,0;0,0;0,0;0,0;0,0;0,0;0,0;0,0;0,0;0,0;0,0;0,0;0,0;0,0;0,0;0,0;0,0;0,0;0,0
210;1;0;0,0;0,0;0,0;0,0;0,0;0,0;0,0;0,0;0,0;0,0;0,0;0,0;0,0;0,0;0,0;0,0;0,0;0,0;0,0;0,0;0,0;0,0;0,0;0,0;0,0;0,0;0,0;0,0;0,0;0,0;0,0;0,0;0,0;0,0;0,0;0,0;0,0;0,0;0,0;0,0;0,0;0,0;0,0;0,0;0,0;0,0;0,0;0,0;0,0;0,0;0,0;0,0;0,0;0,0;0,0;0,0;0,0;0,0;0,0;0,0;0,0;0,0;0,0;0,0;0,0;0,0;0,0;0,0;0,0;0,0;0,0;0,0;0,0;0,0;0,0;0,0;0,0;0,0;0,0;0,0;0,0;0,0;0,0;0,0;0,0;0,0;0,0;0,0;0,0;0,0;0,0;0,0;0,0;0,0;0,0;0,0;0,0;0,0;0,0;0,0;0,0;0,0;0,0;0,0;0,0;0,0;0,0;0,0;0,0;0,0;0,0;0,0;0,0;0,0;0,0;0,0;0,0;0,0;0,0;0,0;0,0;0,0;0,0;0,0;0,0;0,0;0,0;0,0;0,0;0,0;0,0;0,0;0,0;0,0;0,0;0,0;0,0;0,0;0,0;0,0;0,0;0,0;0,0;0,0;0,0;0,0;0,0;0,0;0,0;0,0;0,0;0,0;0,0;0,0;0,0;0,0;0,0;0,0;0,0;0,0;0,0;0,0;0,0;0,0;0,0;0,0;0,0;0,0;0,0;0,0;0,0;0,0;0,0;0,0;0,0;0,0;0,0;0,0;0,0;0,0;0,0;0,0;0,0;0,0;0,0;0,0;0,0;0,0;0,0;0,0;0,0;0,0;0,0;0,0;0,0;0,0;0,0;0,0;0,0;0,0;0,0;0,0;0,0;0,0;0,0;0,0;0,0;0,0;0,0;0,0;0,0;0,0;0,0;0,0;0,0;0,0;0,0;0,0;0,0;0,0;0,0;0,0;0,0;0,0;0,0;0,0;0,0;0,0;0,0;0,0;0,0;0,0;0,0;0,0;0,0;0,0;0,0;0,0;0,0;0,0;0,0;0,0;0,0;0,0;0,0;0,0;0,0;0,0;0,0;0,0;0,0;0,0;0,0;0,0;0,0;0,0;0,0;0,0;0,0;0,0;0,0;0,0;0,0;0,0;0,0;0,0;0,0;0,0;0,0;0,0;0,0;0,0;0,0;0,0;0,0;0,0;0,0;0,0;0,0;0,0;0,0;0,0;0,0;0,0;0,0;0,0;0,0;0,0;0,0;0,0;0,0;0,0;0,0;0,0;0,0;0,0;0,0;0,0;0,0;0,0;0,0;0,0
215;1;0;0,0;0,0;0,0;0,0;0,0;0,0;0,0;0,0;0,0;0,0;0,0;0,0;0,0;0,0;0,0;0,0;0,0;0,0;0,0;0,0;0,0;0,0;0,0;0,0;0,0;0,0;0,0;0,0;0,0;0,0;0,0;0,0;0,0;0,0;0,0;0,0;0,0;0,0;0,0;0,0;0,0;0,0;0,0;0,0;0,0;0,0;0,0;0,0;0,0;0,0;0,0;0,0;0,0;0,0;0,0;0,0;0,0;0,0;0,0;0,0;0,0;0,0;0,0;0,0;0,0;0,0;0,0;0,0;0,0;0,0;0,0;0,0;0,0;0,0;0,0;0,0;0,0;0,0;0,0;0,0;0,0;0,0;0,0;0,0;0,0;0,0;0,0;0,0;0,0;0,0;0,0;0,0;0,0;0,0;0,0;0,0;0,0;0,0;0,0;0,0;0,0;0,0;0,0;0,0;0,0;0,0;0,0;0,0;0,0;0,0;0,0;0,0;0,0;0,0;0,0;0,0;0,0;0,0;0,0;0,0;0,0;0,0;0,0;0,0;0,0;0,0;0,0;0,0;0,0;0,0;0,0;0,0;0,0;0,0;0,0;0,0;0,0;0,0;0,0;0,0;0,0;0,0;0,0;0,0;0,0;0,0;0,0;0,0;0,0;0,0;0,0;0,0;0,0;0,0;0,0;0,0;0,0;0,0;0,0;0,0;0,0;0,0;0,0;0,0;0,0;0,0;0,0;0,0;0,0;0,0;0,0;0,0;0,0;0,0;0,0;0,0;0,0;0,0;0,0;0,0;0,0;0,0;0,0;0,0;0,0;0,0;0,0;0,0;0,0;0,0;0,0;0,0;0,0;0,0;0,0;0,0;0,0;0,0;0,0;0,0;0,0;0,0;0,0;0,0;0,0;0,0;0,0;0,0;0,0;0,0;0,0;0,0;0,0;0,0;0,0;0,0;0,0;0,0;0,0;0,0;0,0;0,0;0,0;0,0;0,0;0,0;0,0;0,0;0,0;0,0;0,0;0,0;0,0;0,0;0,0;0,0;0,0;0,0;0,0;0,0;0,0;0,0;0,0;0,0;0,0;0,0;0,0;0,0;0,0;0,0;0,0;0,0;0,0;0,0;0,0;0,0;0,0;0,0;0,0;0,0;0,0;0,0;0,0;0,0;0,0;0,0;0,0;0,0;0,0;0,0;0,0;0,0;0,0;0,0;0,0;0,0;0,0;0,0;0,0;0,0;0,0;0,0;0,0;0,0;0,0;0,0;0,0;0,0;0,0;0,0;0,0;0,0;0,0;0,0;0,0;0,0;0,0;0,0;0,0;0,0;0,0;0,0
216;1;0;0,0;0,0;0,0;0,0;0,0;0,0;0,0;0,0;0,0;0,0;0,0;0,0;0,0;0,0;0,0;0,0;0,0;0,0;0,0;0,0;0,0;0,0;0,0;0,0;0,0;0,0;0,0;0,0;0,0;0,0;0,0;0,0;0,0;0,0;0,0;0,0;0,0;0,0;0,0;0,0;0,0;0,0;0,0;0,0;0,0;0,0;0,0;0,0;0,0;0,0;0,0;0,0;0,0;0,0;0,0;0,0;0,0;0,0;0,0;0,0;0,0;0,0;0,0;0,0;0,0;0,0;0,0;0,0;0,0;0,0;0,0;0,0;0,0;0,0;0,0;0,0;0,0;0,0;0,0;0,0;0,0;0,0;0,0;0,0;0,0;0,0;0,0;0,0;0,0;0,0;0,0;0,0;0,0;0,0;0,0;0,0;0,0;0,0;0,0;0,0;0,0;0,0;0,0;0,0;0,0;0,0;0,0;0,0;0,0;0,0;0,0;0,0;0,0;0,0;0,0;0,0;0,0;0,0;0,0;0,0;0,0;0,0;0,0;0,0;0,0;0,0;0,0;0,0;0,0;0,0;0,0;0,0;0,0;0,0;0,0;0,0;0,0;0,0;0,0;0,0;0,0;0,0;0,0;0,0;0,0;0,0;0,0;0,0;0,0;0,0;0,0;0,0;0,0;0,0;0,0;0,0;0,0;0,0;0,0;0,0;0,0;0,0;0,0;0,0;0,0;0,0;0,0;0,0;0,0;0,0;0,0;0,0;0,0;0,0;0,0;0,0;0,0;0,0;0,0;0,0;0,0;0,0;0,0;0,0;0,0;0,0;0,0;0,0;0,0;0,0;0,0;0,0;0,0;0,0;0,0;0,0;0,0;0,0;0,0;0,0;0,0;0,0;0,0;0,0;0,0;0,0;0,0;0,0;0,0;0,0;0,0;0,0;0,0;0,0;0,0;0,0;0,0;0,0;0,0;0,0;0,0;0,0;0,0;0,0;0,0;0,0;0,0;0,0;0,0;0,0;0,0;0,0;0,0;0,0;0,0;0,0;0,0;0,0;0,0;0,0;0,0;0,0;0,0;0,0;0,0;0,0;0,0;0,0;0,0;0,0;0,0;0,0;0,0;0,0;0,0;0,0;0,0;0,0;0,0;0,0;0,0;0,0;0,0;0,0;0,0;0,0;0,0;0,0;0,0;0,0;0,0;0,0;0,0;0,0;0,0;0,0;0,0;0,0;0,0;0,0;0,0;0,0;0,0;0,0;0,0;0,0;0,0;0,0;0,0;0,0;0,0;0,0;0,0;0,0;0,0;0,0;0,0;0,0;0,0;0,0;0,0;0,0
217;1;0;0,0;0,0;0,0;0,0;0,0;0,0;0,0;0,0;0,0;0,0;0,0;0,0;0,0;0,0;0,0;0,0;0,0;0,0;0,0;0,0;0,0;0,0;0,0;0,0;0,0;0,0;0,0;0,0;0,0;0,0;0,0;0,0;0,0;0,0;0,0;0,0;0,0;0,0;0,0;0,0;0,0;0,0;0,0;0,0;0,0;0,0;0,0;0,0;0,0;0,0;0,0;0,0;0,0;0,0;0,0;0,0;0,0;0,0;0,0;0,0;0,0;0,0;0,0;0,0;0,0;0,0;0,0;0,0;0,0;0,0;0,0;0,0;0,0;0,0;0,0;0,0;0,0;0,0;0,0;0,0;0,0;0,0;0,0;0,0;0,0;0,0;0,0;0,0;0,0;0,0;0,0;0,0;0,0;0,0;0,0;0,0;0,0;0,0;0,0;0,0;0,0;0,0;0,0;0,0;0,0;0,0;0,0;0,0;0,0;0,0;0,0;0,0;0,0;0,0;0,0;0,0;0,0;0,0;0,0;0,0;0,0;0,0;0,0;0,0;0,0;0,0;0,0;0,0;0,0;0,0;0,0;0,0;0,0;0,0;0,0;0,0;0,0;0,0;0,0;0,0;0,0;0,0;0,0;0,0;0,0;0,0;0,0;0,0;0,0;0,0;0,0;0,0;0,0;0,0;0,0;0,0;0,0;0,0;0,0;0,0;0,0;0,0;0,0;0,0;0,0;0,0;0,0;0,0;0,0;0,0;0,0;0,0;0,0;0,0;0,0;0,0;0,0;0,0;0,0;0,0;0,0;0,0;0,0;0,0;0,0;0,0;0,0;0,0;0,0;0,0;0,0;0,0;0,0;0,0;0,0;0,0;0,0;0,0;0,0;0,0;0,0;0,0;0,0;0,0;0,0;0,0;0,0;0,0;0,0;0,0;0,0;0,0;0,0;0,0;0,0;0,0;0,0;0,0;0,0;0,0;0,0;0,0;0,0;0,0;0,0;0,0;0,0;0,0;0,0;0,0;0,0;0,0;0,0;0,0;0,0;0,0;0,0;0,0;0,0;0,0;0,0;0,0;0,0;0,0;0,0;0,0;0,0;0,0;0,0;0,0;0,0;0,0;0,0;0,0;0,0;0,0;0,0;0,0;0,0;0,0;0,0;0,0;0,0;0,0;0,0;0,0;0,0;0,0;0,0;0,0;0,0;0,0;0,0;0,0;0,0;0,0;0,0;0,0;0,0;0,0;0,0;0,0;0,0;0,0;0,0;0,0;0,0;0,0;0,0;0,0;0,0;0,0;0,0;0,0;0,0;0,0;0,0;0,0;0,0;0,0;0,0;0,0
225;1;0;0,0;0,0;0,0;0,0;0,0;0,0;0,0;0,0;0,0;0,0;0,0;0,0;0,0;0,0;0,0;0,0;0,0;0,0;0,0;0,0;0,0;0,0;0,0;0,0;0,0;0,0;0,0;0,0;0,0;0,0;0,0;0,0;0,0;0,0;0,0;0,0;0,0;0,0;0,0;0,0;0,0;0,0;0,0;0,0;0,0;0,0;0,0;0,0;0,0;0,0;0,0;0,0;0,0;0,0;0,0;0,0;0,0;0,0;0,0;0,0;0,0;0,0;0,0;0,0;0,0;0,0;0,0;0,0;0,0;0,0;0,0;0,0;0,0;0,0;0,0;0,0;0,0;0,0;0,0;0,0;0,0;0,0;0,0;0,0;0,0;0,0;0,0;0,0;0,0;0,0;0,0;0,0;0,0;0,0;0,0;0,0;0,0;0,0;0,0;0,0;0,0;0,0;0,0;0,0;0,0;0,0;0,0;0,0;0,0;0,0;0,0;0,0;0,0;0,0;0,0;0,0;0,0;0,0;0,0;0,0;0,0;0,0;0,0;0,0;0,0;0,0;0,0;0,0;0,0;0,0;0,0;0,0;0,0;0,0;0,0;0,0;0,0;0,0;0,0;0,0;0,0;0,0;0,0;0,0;0,0;0,0;0,0;0,0;0,0;0,0;0,0;0,0;0,0;0,0;0,0;0,0;0,0;0,0;0,0;0,0;0,0;0,0;0,0;0,0;0,0;0,0;0,0;0,0;0,0;0,0;0,0;0,0;0,0;0,0;0,0;0,0;0,0;0,0;0,0;0,0;0,0;0,0;0,0;0,0;0,0;0,0;0,0;0,0;0,0;0,0;0,0;0,0;0,0;0,0;0,0;0,0;0,0;0,0;0,0;0,0;0,0;0,0;0,0;0,0;0,0;0,0;0,0;0,0;0,0;0,0;0,0;0,0;0,0;0,0;0,0;0,0;0,0;0,0;0,0;0,0;0,0;0,0;0,0;0,0;0,0;0,0;0,0;0,0;0,0;0,0;0,0;0,0;0,0;0,0;0,0;0,0;0,0;0,0;0,0;0,0;0,0;0,0;0,0;0,0;0,0;0,0;0,0;0,0;0,0;0,0;0,0;0,0;0,0;0,0;0,0;0,0;0,0;0,0;0,0;0,0;0,0;0,0;0,0;0,0;0,0;0,0;0,0;0,0;0,0;0,0;0,0;0,0;0,0;0,0;0,0;0,0;0,0;0,0;0,0;0,0;0,0;0,0;0,0;0,0;0,0;0,0;0,0;0,0;0,0;0,0;0,0;0,0;0,0;0,0;0,0;0,0;0,0;0,0;0,0;0,0;0,0;0,0
226;1;0;0,0;0,0;0,0;0,0;0,0;0,0;0,0;0,0;0,0;0,0;0,0;0,0;0,0;0,0;0,0;0,0;0,0;0,0;0,0;0,0;0,0;0,0;0,0;0,0;0,0;0,0;0,0;0,0;0,0;0,0;0,0;0,0;0,0;0,0;0,0;0,0;0,0;0,0;0,0;0,0;0,0;0,0;0,0;0,0;0,0;0,0;0,0;0,0;0,0;0,0;0,0;0,0;0,0;0,0;0,0;0,0;0,0;0,0;0,0;0,0;0,0;0,0;0,0;0,0;0,0;0,0;0,0;0,0;0,0;0,0;0,0;0,0;0,0;0,0;0,0;0,0;0,0;0,0;0,0;0,0;0,0;0,0;0,0;0,0;0,0;0,0;0,0;0,0;0,0;0,0;0,0;0,0;0,0;0,0;0,0;0,0;0,0;0,0;0,0;0,0;0,0;0,0;0,0;0,0;0,0;0,0;0,0;0,0;0,0;0,0;0,0;0,0;0,0;0,0;0,0;0,0;0,0;0,0;0,0;0,0;0,0;0,0;0,0;0,0;0,0;0,0;0,0;0,0;0,0;0,0;0,0;0,0;0,0;0,0;0,0;0,0;0,0;0,0;0,0;0,0;0,0;0,0;0,0;0,0;0,0;0,0;0,0;0,0;0,0;0,0;0,0;0,0;0,0;0,0;0,0;0,0;0,0;0,0;0,0;0,0;0,0;0,0;0,0;0,0;0,0;0,0;0,0;0,0;0,0;0,0;0,0;0,0;0,0;0,0;0,0;0,0;0,0;0,0;0,0;0,0;0,0;0,0;0,0;0,0;0,0;0,0;0,0;0,0;0,0;0,0;0,0;0,0;0,0;0,0;0,0;0,0;0,0;0,0;0,0;0,0;0,0;0,0;0,0;0,0;0,0;0,0;0,0;0,0;0,0;0,0;0,0;0,0;0,0;0,0;0,0;0,0;0,0;0,0;0,0;0,0;0,0;0,0;0,0;0,0;0,0;0,0;0,0;0,0;0,0;0,0;0,0;0,0;0,0;0,0;0,0;0,0;0,0;0,0;0,0;0,0;0,0;0,0;0,0;0,0;0,0;0,0;0,0;0,0;0,0;0,0;0,0;0,0;0,0;0,0;0,0;0,0;0,0;0,0;0,0;0,0;0,0;0,0;0,0;0,0;0,0;0,0;0,0;0,0;0,0;0,0;0,0;0,0;0,0;0,0;0,0;0,0;0,0;0,0;0,0;0,0;0,0;0,0;0,0;0,0;0,0;0,0;0,0;0,0;0,0;0,0;0,0;0,0;0,0;0,0;0,0;0,0;0,0;0,0;0,0;0,0;0,0;0,0
227;1;0;0,0;0,0;0,0;0,0;0,0;0,0;0,0;0,0;0,0;0,0;0,0;0,0;0,0;0,0;0,0;0,0;0,0;0,0;0,0;0,0;0,0;0,0;0,0;0,0;0,0;0,0;0,0;0,0;0,0;0,0;0,0;0,0;0,0;0,0;0,0;0,0;0,0;0,0;0,0;0,0;0,0;0,0;0,0;0,0;0,0;0,0;0,0;0,0;0,0;0,0;0,0;0,0;0,0;0,0;0,0;0,0;0,0;0,0;0,0;0,0;0,0;0,0;0,0;0,0;0,0;0,0;0,0;0,0;0,0;0,0;0,0;0,0;0,0;0,0;0,0;0,0;0,0;0,0;0,0;0,0;0,0;0,0;0,0;0,0;0,0;0,0;0,0;0,0;0,0;0,0;0,0;0,0;0,0;0,0;0,0;0,0;0,0;0,0;0,0;0,0;0,0;0,0;0,0;0,0;0,0;0,0;0,0;0,0;0,0;0,0;0,0;0,0;0,0;0,0;0,0;0,0;0,0;0,0;0,0;0,0;0,0;0,0;0,0;0,0;0,0;0,0;0,0;0,0;0,0;0,0;0,0;0,0;0,0;0,0;0,0;0,0;0,0;0,0;0,0;0,0;0,0;0,0;0,0;0,0;0,0;0,0;0,0;0,0;0,0;0,0;0,0;0,0;0,0;0,0;0,0;0,0;0,0;0,0;0,0;0,0;0,0;0,0;0,0;0,0;0,0;0,0;0,0;0,0;0,0;0,0;0,0;0,0;0,0;0,0;0,0;0,0;0,0;0,0;0,0;0,0;0,0;0,0;0,0;0,0;0,0;0,0;0,0;0,0;0,0;0,0;0,0;0,0;0,0;0,0;0,0;0,0;0,0;0,0;0,0;0,0;0,0;0,0;0,0;0,0;0,0;0,0;0,0;0,0;0,0;0,0;0,0;0,0;0,0;0,0;0,0;0,0;0,0;0,0;0,0;0,0;0,0;0,0;0,0;0,0;0,0;0,0;0,0;0,0;0,0;0,0;0,0;0,0;0,0;0,0;0,0;0,0;0,0;0,0;0,0;0,0;0,0;0,0;0,0;0,0;0,0;0,0;0,0;0,0;0,0;0,0;0,0;0,0;0,0;0,0;0,0;0,0;0,0;0,0;0,0;0,0;0,0;0,0;0,0;0,0;0,0;0,0;0,0;0,0;0,0;0,0;0,0;0,0;0,0;0,0;0,0;0,0;0,0;0,0;0,0;0,0;0,0;0,0;0,0;0,0;0,0;0,0;0,0;0,0;0,0;0,0;0,0;0,0;0,0;0,0;0,0;0,0;0,0;0,0;0,0;0,0;0,0;0,0
228;1;0;0,0;0,0;0,0;0,0;0,0;0,0;0,0;0,0;0,0;0,0;0,0;0,0;0,0;0,0;0,0;0,0;0,0;0,0;0,0;0,0;0,0;0,0;0,0;0,0;0,0;0,0;0,0;0,0;0,0;0,0;0,0;0,0;0,0;0,0;0,0;0,0;0,0;0,0;0,0;0,0;0,0;0,0;0,0;0,0;0,0;0,0;0,0;0,0;0,0;0,0;0,0;0,0;0,0;0,0;0,0;0,0;0,0;0,0;0,0;0,0;0,0;0,0;0,0;0,0;0,0;0,0;0,0;0,0;0,0;0,0;0,0;0,0;0,0;0,0;0,0;0,0;0,0;0,0;0,0;0,0;0,0;0,0;0,0;0,0;0,0;0,0;0,0;0,0;0,0;0,0;0,0;0,0;0,0;0,0;0,0;0,0;0,0;0,0;0,0;0,0;0,0;0,0;0,0;0,0;0,0;0,0;0,0;0,0;0,0;0,0;0,0;0,0;0,0;0,0;0,0;0,0;0,0;0,0;0,0;0,0;0,0;0,0;0,0;0,0;0,0;0,0;0,0;0,0;0,0;0,0;0,0;0,0;0,0;0,0;0,0;0,0;0,0;0,0;0,0;0,0;0,0;0,0;0,0;0,0;0,0;0,0;0,0;0,0;0,0;0,0;0,0;0,0;0,0;0,0;0,0;0,0;0,0;0,0;0,0;0,0;0,0;0,0;0,0;0,0;0,0;0,0;0,0;0,0;0,0;0,0;0,0;0,0;0,0;0,0;0,0;0,0;0,0;0,0;0,0;0,0;0,0;0,0;0,0;0,0;0,0;0,0;0,0;0,0;0,0;0,0;0,0;0,0;0,0;0,0;0,0;0,0;0,0;0,0;0,0;0,0;0,0;0,0;0,0;0,0;0,0;0,0;0,0;0,0;0,0;0,0;0,0;0,0;0,0;0,0;0,0;0,0;0,0;0,0;0,0;0,0;0,0;0,0;0,0;0,0;0,0;0,0;0,0;0,0;0,0;0,0;0,0;0,0;0,0;0,0;0,0;0,0;0,0;0,0;0,0;0,0;0,0;0,0;0,0;0,0;0,0;0,0;0,0;0,0;0,0;0,0;0,0;0,0;0,0;0,0;0,0;0,0;0,0;0,0;0,0;0,0;0,0;0,0;0,0;0,0;0,0;0,0;0,0;0,0;0,0;0,0;0,0;0,0;0,0;0,0;0,0;0,0;0,0;0,0;0,0;0,0;0,0;0,0;0,0;0,0;0,0;0,0;0,0;0,0;0,0;0,0;0,0;0,0;0,0;0,0;0,0;0,0;0,0;0,0;0,0;0,0;0,0;0,0
232;1;0;0,0;0,0;0,0;0,0;0,0;0,0;0,0;0,0;0,0;0,0;0,0;0,0;0,0;0,0;0,0;0,0;0,0;0,0;0,0;0,0;0,0;0,0;0,0;0,0;0,0;0,0;0,0;0,0;0,0;0,0;0,0;0,0;0,0;0,0;0,0;0,0;0,0;0,0;0,0;0,0;0,0;0,0;0,0;0,0;0,0;0,0;0,0;0,0;0,0;0,0;0,0;0,0;0,0;0,0;0,0;0,0;0,0;0,0;0,0;0,0;0,0;0,0;0,0;0,0;0,0;0,0;0,0;0,0;0,0;0,0;0,0;0,0;0,0;0,0;0,0;0,0;0,0;0,0;0,0;0,0;0,0;0,0;0,0;0,0;0,0;0,0;0,0;0,0;0,0;0,0;0,0;0,0;0,0;0,0;0,0;0,0;0,0;0,0;0,0;0,0;0,0;0,0;0,0;0,0;0,0;0,0;0,0;0,0;0,0;0,0;0,0;0,0;0,0;0,0;0,0;0,0;0,0;0,0;0,0;0,0;0,0;0,0;0,0;0,0;0,0;0,0;0,0;0,0;0,0;0,0;0,0;0,0;0,0;0,0;0,0;0,0;0,0;0,0;0,0;0,0;0,0;0,0;0,0;0,0;0,0;0,0;0,0;0,0;0,0;0,0;0,0;0,0;0,0;0,0;0,0;0,0;0,0;0,0;0,0;0,0;0,0;0,0;0,0;0,0;0,0;0,0;0,0;0,0;0,0;0,0;0,0;0,0;0,0;0,0;0,0;0,0;0,0;0,0;0,0;0,0;0,0;0,0;0,0;0,0;0,0;0,0;0,0;0,0;0,0;0,0;0,0;0,0;0,0;0,0;0,0;0,0;0,0;0,0;0,0;0,0;0,0;0,0;0,0;0,0;0,0;0,0;0,0;0,0;0,0;0,0;0,0;0,0;0,0;0,0;0,0;0,0;0,0;0,0;0,0;0,0;0,0;0,0;0,0;0,0;0,0;0,0;0,0;0,0;0,0;0,0;0,0;0,0;0,0;0,0;0,0;0,0;0,0;0,0;0,0;0,0;0,0;0,0;0,0;0,0;0,0;0,0;0,0;0,0;0,0;0,0;0,0;0,0;0,0;0,0;0,0;0,0;0,0;0,0;0,0;0,0;0,0;0,0;0,0;0,0;0,0;0,0;0,0;0,0;0,0;0,0;0,0;0,0;0,0;0,0;0,0;0,0;0,0;0,0;0,0;0,0;0,0;0,0;0,0;0,0;0,0;0,0;0,0;0,0;0,0;0,0;0,0;0,0;0,0;0,0;0,0;0,0;0,0;0,0;0,0;0,0;0,0;0,0
235;1;0;0,0;0,0;0,0;0,0;0,0;0,0;0,0;0,0;0,0;0,0;0,0;0,0;0,0;0,0;0,0;0,0;0,0;0,0;0,0;0,0;0,0;0,0;0,0;0,0;0,0;0,0;0,0;0,0;0,0;0,0;0,0;0,0;0,0;0,0;0,0;0,0;0,0;0,0;0,0;0,0;0,0;0,0;0,0;0,0;0,0;0,0;0,0;0,0;0,0;0,0;0,0;0,0;0,0;0,0;0,0;0,0;0,0;0,0;0,0;0,0;0,0;0,0;0,0;0,0;0,0;0,0;0,0;0,0;0,0;0,0;0,0;0,0;0,0;0,0;0,0;0,0;0,0;0,0;0,0;0,0;0,0;0,0;0,0;0,0;0,0;0,0;0,0;0,0;0,0;0,0;0,0;0,0;0,0;0,0;0,0;0,0;0,0;0,0;0,0;0,0;0,0;0,0;0,0;0,0;0,0;0,0;0,0;0,0;0,0;0,0;0,0;0,0;0,0;0,0;0,0;0,0;0,0;0,0;0,0;0,0;0,0;0,0;0,0;0,0;0,0;0,0;0,0;0,0;0,0;0,0;0,0;0,0;0,0;0,0;0,0;0,0;0,0;0,0;0,0;0,0;0,0;0,0;0,0;0,0;0,0;0,0;0,0;0,0;0,0;0,0;0,0;0,0;0,0;0,0;0,0;0,0;0,0;0,0;0,0;0,0;0,0;0,0;0,0;0,0;0,0;0,0;0,0;0,0;0,0;0,0;0,0;0,0;0,0;0,0;0,0;0,0;0,0;0,0;0,0;0,0;0,0;0,0;0,0;0,0;0,0;0,0;0,0;0,0;0,0;0,0;0,0;0,0;0,0;0,0;0,0;0,0;0,0;0,0;0,0;0,0;0,0;0,0;0,0;0,0;0,0;0,0;0,0;0,0;0,0;0,0;0,0;0,0;0,0;0,0;0,0;0,0;0,0;0,0;0,0;0,0;0,0;0,0;0,0;0,0;0,0;0,0;0,0;0,0;0,0;0,0;0,0;0,0;0,0;0,0;0,0;0,0;0,0;0,0;0,0;0,0;0,0;0,0;0,0;0,0;0,0;0,0;0,0;0,0;0,0;0,0;0,0;0,0;0,0;0,0;0,0;0,0;0,0;0,0;0,0;0,0;0,0;0,0;0,0;0,0;0,0;0,0;0,0;0,0;0,0;0,0;0,0;0,0;0,0;0,0;0,0;0,0;0,0;0,0;0,0;0,0;0,0;0,0;0,0;0,0;0,0;0,0;0,0;0,0;0,0;0,0;0,0;0,0;0,0;0,0;0,0;0,0;0,0;0,0;0,0;0,0;0,0;0,0
236;1;0;0,0;0,0;0,0;0,0;0,0;0,0;0,0;0,0;0,0;0,0;0,0;0,0;0,0;0,0;0,0;0,0;0,0;0,0;0,0;0,0;0,0;0,0;0,0;0,0;0,0;0,0;0,0;0,0;0,0;0,0;0,0;0,0;0,0;0,0;0,0;0,0;0,0;0,0;0,0;0,0;0,0;0,0;0,0;0,0;0,0;0,0;0,0;0,0;0,0;0,0;0,0;0,0;0,0;0,0;0,0;0,0;0,0;0,0;0,0;0,0;0,0;0,0;0,0;0,0;0,0;0,0;0,0;0,0;0,0;0,0;0,0;0,0;0,0;0,0;0,0;0,0;0,0;0,0;0,0;0,0;0,0;0,0;0,0;0,0;0,0;0,0;0,0;0,0;0,0;0,0;0,0;0,0;0,0;0,0;0,0;0,0;0,0;0,0;0,0;0,0;0,0;0,0;0,0;0,0;0,0;0,0;0,0;0,0;0,0;0,0;0,0;0,0;0,0;0,0;0,0;0,0;0,0;0,0;0,0;0,0;0,0;0,0;0,0;0,0;0,0;0,0;0,0;0,0;0,0;0,0;0,0;0,0;0,0;0,0;0,0;0,0;0,0;0,0;0,0;0,0;0,0;0,0;0,0;0,0;0,0;0,0;0,0;0,0;0,0;0,0;0,0;0,0;0,0;0,0;0,0;0,0;0,0;0,0;0,0;0,0;0,0;0,0;0,0;0,0;0,0;0,0;0,0;0,0;0,0;0,0;0,0;0,0;0,0;0,0;0,0;0,0;0,0;0,0;0,0;0,0;0,0;0,0;0,0;0,0;0,0;0,0;0,0;0,0;0,0;0,0;0,0;0,0;0,0;0,0;0,0;0,0;0,0;0,0;0,0;0,0;0,0;0,0;0,0;0,0;0,0;0,0;0,0;0,0;0,0;0,0;0,0;0,0;0,0;0,0;0,0;0,0;0,0;0,0;0,0;0,0;0,0;0,0;0,0;0,0;0,0;0,0;0,0;0,0;0,0;0,0;0,0;0,0;0,0;0,0;0,0;0,0;0,0;0,0;0,0;0,0;0,0;0,0;0,0;0,0;0,0;0,0;0,0;0,0;0,0;0,0;0,0;0,0;0,0;0,0;0,0;0,0;0,0;0,0;0,0;0,0;0,0;0,0;0,0;0,0;0,0;0,0;0,0;0,0;0,0;0,0;0,0;0,0;0,0;0,0;0,0;0,0;0,0;0,0;0,0;0,0;0,0;0,0;0,0;0,0;0,0;0,0;0,0;0,0;0,0;0,0;0,0;0,0;0,0;0,0;0,0;0,0;0,0;0,0;0,0;0,0;0,0;0,0
237;1;0;0,0;0,0;0,0;0,0;0,0;0,0;0,0;0,0;0,0;0,0;0,0;0,0;0,0;0,0;0,0;0,0;0,0;0,0;0,0;0,0;0,0;0,0;0,0;0,0;0,0;0,0;0,0;0,0;0,0;0,0;0,0;0,0;0,0;0,0;0,0;0,0;0,0;0,0;0,0;0,0;0,0;0,0;0,0;0,0;0,0;0,0;0,0;0,0;0,0;0,0;0,0;0,0;0,0;0,0;0,0;0,0;0,0;0,0;0,0;0,0;0,0;0,0;0,0;0,0;0,0;0,0;0,0;0,0;0,0;0,0;0,0;0,0;0,0;0,0;0,0;0,0;0,0;0,0;0,0;0,0;0,0;0,0;0,0;0,0;0,0;0,0;0,0;0,0;0,0;0,0;0,0;0,0;0,0;0,0;0,0;0,0;0,0;0,0;0,0;0,0;0,0;0,0;0,0;0,0;0,0;0,0;0,0;0,0;0,0;0,0;0,0;0,0;0,0;0,0;0,0;0,0;0,0;0,0;0,0;0,0;0,0;0,0;0,0;0,0;0,0;0,0;0,0;0,0;0,0;0,0;0,0;0,0;0,0;0,0;0,0;0,0;0,0;0,0;0,0;0,0;0,0;0,0;0,0;0,0;0,0;0,0;0,0;0,0;0,0;0,0;0,0;0,0;0,0;0,0;0,0;0,0;0,0;0,0;0,0;0,0;0,0;0,0;0,0;0,0;0,0;0,0;0,0;0,0;0,0;0,0;0,0;0,0;0,0;0,0;0,0;0,0;0,0;0,0;0,0;0,0;0,0;0,0;0,0;0,0;0,0;0,0;0,0;0,0;0,0;0,0;0,0;0,0;0,0;0,0;0,0;0,0;0,0;0,0;0,0;0,0;0,0;0,0;0,0;0,0;0,0;0,0;0,0;0,0;0,0;0,0;0,0;0,0;0,0;0,0;0,0;0,0;0,0;0,0;0,0;0,0;0,0;0,0;0,0;0,0;0,0;0,0;0,0;0,0;0,0;0,0;0,0;0,0;0,0;0,0;0,0;0,0;0,0;0,0;0,0;0,0;0,0;0,0;0,0;0,0;0,0;0,0;0,0;0,0;0,0;0,0;0,0;0,0;0,0;0,0;0,0;0,0;0,0;0,0;0,0;0,0;0,0;0,0;0,0;0,0;0,0;0,0;0,0;0,0;0,0;0,0;0,0;0,0;0,0;0,0;0,0;0,0;0,0;0,0;0,0;0,0;0,0;0,0;0,0;0,0;0,0;0,0;0,0;0,0;0,0;0,0;0,0;0,0;0,0;0,0;0,0;0,0;0,0;0,0;0,0;0,0;0,0;0,0
244;1;0;0,0;0,0;0,0;0,0;0,0;0,0;0,0;0,0;0,0;0,0;0,0;0,0;0,0;0,0;0,0;0,0;0,0;0,0;0,0;0,0;0,0;0,0;0,0;0,0;0,0;0,0;0,0;0,0;0,0;0,0;0,0;0,0;0,0;0,0;0,0;0,0;0,0;0,0;0,0;0,0;0,0;0,0;0,0;0,0;0,0;0,0;0,0;0,0;0,0;0,0;0,0;0,0;0,0;0,0;0,0;0,0;0,0;0,0;0,0;0,0;0,0;0,0;0,0;0,0;0,0;0,0;0,0;0,0;0,0;0,0;0,0;0,0;0,0;0,0;0,0;0,0;0,0;0,0;0,0;0,0;0,0;0,0;0,0;0,0;0,0;0,0;0,0;0,0;0,0;0,0;0,0;0,0;0,0;0,0;0,0;0,0;0,0;0,0;0,0;0,0;0,0;0,0;0,0;0,0;0,0;0,0;0,0;0,0;0,0;0,0;0,0;0,0;0,0;0,0;0,0;0,0;0,0;0,0;0,0;0,0;0,0;0,0;0,0;0,0;0,0;0,0;0,0;0,0;0,0;0,0;0,0;0,0;0,0;0,0;0,0;0,0;0,0;0,0;0,0;0,0;0,0;0,0;0,0;0,0;0,0;0,0;0,0;0,0;0,0;0,0;0,0;0,0;0,0;0,0;0,0;0,0;0,0;0,0;0,0;0,0;0,0;0,0;0,0;0,0;0,0;0,0;0,0;0,0;0,0;0,0;0,0;0,0;0,0;0,0;0,0;0,0;0,0;0,0;0,0;0,0;0,0;0,0;0,0;0,0;0,0;0,0;0,0;0,0;0,0;0,0;0,0;0,0;0,0;0,0;0,0;0,0;0,0;0,0;0,0;0,0;0,0;0,0;0,0;0,0;0,0;0,0;0,0;0,0;0,0;0,0;0,0;0,0;0,0;0,0;0,0;0,0;0,0;0,0;0,0;0,0;0,0;0,0;0,0;0,0;0,0;0,0;0,0;0,0;0,0;0,0;0,0;0,0;0,0;0,0;0,0;0,0;0,0;0,0;0,0;0,0;0,0;0,0;0,0;0,0;0,0;0,0;0,0;0,0;0,0;0,0;0,0;0,0;0,0;0,0;0,0;0,0;0,0;0,0;0,0;0,0;0,0;0,0;0,0;0,0;0,0;0,0;0,0;0,0;0,0;0,0;0,0;0,0;0,0;0,0;0,0;0,0;0,0;0,0;0,0;0,0;0,0;0,0;0,0;0,0;0,0;0,0;0,0;0,0;0,0;0,0;0,0;0,0;0,0;0,0;0,0;0,0;0,0;0,0;0,0;0,0;0,0;0,0
245;1;0;0,0;0,0;0,0;0,0;0,0;0,0;0,0;0,0;0,0;0,0;0,0;0,0;0,0;0,0;0,0;0,0;0,0;0,0;0,0;0,0;0,0;0,0;0,0;0,0;0,0;0,0;0,0;0,0;0,0;0,0;0,0;0,0;0,0;0,0;0,0;0,0;0,0;0,0;0,0;0,0;0,0;0,0;0,0;0,0;0,0;0,0;0,0;0,0;0,0;0,0;0,0;0,0;0,0;0,0;0,0;0,0;0,0;0,0;0,0;0,0;0,0;0,0;0,0;0,0;0,0;0,0;0,0;0,0;0,0;0,0;0,0;0,0;0,0;0,0;0,0;0,0;0,0;0,0;0,0;0,0;0,0;0,0;0,0;0,0;0,0;0,0;0,0;0,0;0,0;0,0;0,0;0,0;0,0;0,0;0,0;0,0;0,0;0,0;0,0;0,0;0,0;0,0;0,0;0,0;0,0;0,0;0,0;0,0;0,0;0,0;0,0;0,0;0,0;0,0;0,0;0,0;0,0;0,0;0,0;0,0;0,0;0,0;0,0;0,0;0,0;0,0;0,0;0,0;0,0;0,0;0,0;0,0;0,0;0,0;0,0;0,0;0,0;0,0;0,0;0,0;0,0;0,0;0,0;0,0;0,0;0,0;0,0;0,0;0,0;0,0;0,0;0,0;0,0;0,0;0,0;0,0;0,0;0,0;0,0;0,0;0,0;0,0;0,0;0,0;0,0;0,0;0,0;0,0;0,0;0,0;0,0;0,0;0,0;0,0;0,0;0,0;0,0;0,0;0,0;0,0;0,0;0,0;0,0;0,0;0,0;0,0;0,0;0,0;0,0;0,0;0,0;0,0;0,0;0,0;0,0;0,0;0,0;0,0;0,0;0,0;0,0;0,0;0,0;0,0;0,0;0,0;0,0;0,0;0,0;0,0;0,0;0,0;0,0;0,0;0,0;0,0;0,0;0,0;0,0;0,0;0,0;0,0;0,0;0,0;0,0;0,0;0,0;0,0;0,0;0,0;0,0;0,0;0,0;0,0;0,0;0,0;0,0;0,0;0,0;0,0;0,0;0,0;0,0;0,0;0,0;0,0;0,0;0,0;0,0;0,0;0,0;0,0;0,0;0,0;0,0;0,0;0,0;0,0;0,0;0,0;0,0;0,0;0,0;0,0;0,0;0,0;0,0;0,0;0,0;0,0;0,0;0,0;0,0;0,0;0,0;0,0;0,0;0,0;0,0;0,0;0,0;0,0;0,0;0,0;0,0;0,0;0,0;0,0;0,0;0,0;0,0;0,0;0,0;0,0;0,0;0,0;0,0;0,0;0,0;0,0;0,0;0,0
247;1;0;0,0;0,0;0,0;0,0;0,0;0,0;0,0;0,0;0,0;0,0;0,0;0,0;0,0;0,0;0,0;0,0;0,0;0,0;0,0;0,0;0,0;0,0;0,0;0,0;0,0;0,0;0,0;0,0;0,0;0,0;0,0;0,0;0,0;0,0;0,0;0,0;0,0;0,0;0,0;0,0;0,0;0,0;0,0;0,0;0,0;0,0;0,0;0,0;0,0;0,0;0,0;0,0;0,0;0,0;0,0;0,0;0,0;0,0;0,0;0,0;0,0;0,0;0,0;0,0;0,0;0,0;0,0;0,0;0,0;0,0;0,0;0,0;0,0;0,0;0,0;0,0;0,0;0,0;0,0;0,0;0,0;0,0;0,0;0,0;0,0;0,0;0,0;0,0;0,0;0,0;0,0;0,0;0,0;0,0;0,0;0,0;0,0;0,0;0,0;0,0;0,0;0,0;0,0;0,0;0,0;0,0;0,0;0,0;0,0;0,0;0,0;0,0;0,0;0,0;0,0;0,0;0,0;0,0;0,0;0,0;0,0;0,0;0,0;0,0;0,0;0,0;0,0;0,0;0,0;0,0;0,0;0,0;0,0;0,0;0,0;0,0;0,0;0,0;0,0;0,0;0,0;0,0;0,0;0,0;0,0;0,0;0,0;0,0;0,0;0,0;0,0;0,0;0,0;0,0;0,0;0,0;0,0;0,0;0,0;0,0;0,0;0,0;0,0;0,0;0,0;0,0;0,0;0,0;0,0;0,0;0,0;0,0;0,0;0,0;0,0;0,0;0,0;0,0;0,0;0,0;0,0;0,0;0,0;0,0;0,0;0,0;0,0;0,0;0,0;0,0;0,0;0,0;0,0;0,0;0,0;0,0;0,0;0,0;0,0;0,0;0,0;0,0;0,0;0,0;0,0;0,0;0,0;0,0;0,0;0,0;0,0;0,0;0,0;0,0;0,0;0,0;0,0;0,0;0,0;0,0;0,0;0,0;0,0;0,0;0,0;0,0;0,0;0,0;0,0;0,0;0,0;0,0;0,0;0,0;0,0;0,0;0,0;0,0;0,0;0,0;0,0;0,0;0,0;0,0;0,0;0,0;0,0;0,0;0,0;0,0;0,0;0,0;0,0;0,0;0,0;0,0;0,0;0,0;0,0;0,0;0,0;0,0;0,0;0,0;0,0;0,0;0,0;0,0;0,0;0,0;0,0;0,0;0,0;0,0;0,0;0,0;0,0;0,0;0,0;0,0;0,0;0,0;0,0;0,0;0,0;0,0;0,0;0,0;0,0;0,0;0,0;0,0;0,0;0,0;0,0;0,0;0,0;0,0;0,0;0,0;0,0;0,0
248;1;0;0,0;0,0;0,0;0,0;0,0;0,0;0,0;0,0;0,0;0,0;0,0;0,0;0,0;0,0;0,0;0,0;0,0;0,0;0,0;0,0;0,0;0,0;0,0;0,0;0,0;0,0;0,0;0,0;0,0;0,0;0,0;0,0;0,0;0,0;0,0;0,0;0,0;0,0;0,0;0,0;0,0;0,0;0,0;0,0;0,0;0,0;0,0;0,0;0,0;0,0;0,0;0,0;0,0;0,0;0,0;0,0;0,0;0,0;0,0;0,0;0,0;0,0;0,0;0,0;0,0;0,0;0,0;0,0;0,0;0,0;0,0;0,0;0,0;0,0;0,0;0,0;0,0;0,0;0,0;0,0;0,0;0,0;0,0;0,0;0,0;0,0;0,0;0,0;0,0;0,0;0,0;0,0;0,0;0,0;0,0;0,0;0,0;0,0;0,0;0,0;0,0;0,0;0,0;0,0;0,0;0,0;0,0;0,0;0,0;0,0;0,0;0,0;0,0;0,0;0,0;0,0;0,0;0,0;0,0;0,0;0,0;0,0;0,0;0,0;0,0;0,0;0,0;0,0;0,0;0,0;0,0;0,0;0,0;0,0;0,0;0,0;0,0;0,0;0,0;0,0;0,0;0,0;0,0;0,0;0,0;0,0;0,0;0,0;0,0;0,0;0,0;0,0;0,0;0,0;0,0;0,0;0,0;0,0;0,0;0,0;0,0;0,0;0,0;0,0;0,0;0,0;0,0;0,0;0,0;0,0;0,0;0,0;0,0;0,0;0,0;0,0;0,0;0,0;0,0;0,0;0,0;0,0;0,0;0,0;0,0;0,0;0,0;0,0;0,0;0,0;0,0;0,0;0,0;0,0;0,0;0,0;0,0;0,0;0,0;0,0;0,0;0,0;0,0;0,0;0,0;0,0;0,0;0,0;0,0;0,0;0,0;0,0;0,0;0,0;0,0;0,0;0,0;0,0;0,0;0,0;0,0;0,0;0,0;0,0;0,0;0,0;0,0;0,0;0,0;0,0;0,0;0,0;0,0;0,0;0,0;0,0;0,0;0,0;0,0;0,0;0,0;0,0;0,0;0,0;0,0;0,0;0,0;0,0;0,0;0,0;0,0;0,0;0,0;0,0;0,0;0,0;0,0;0,0;0,0;0,0;0,0;0,0;0,0;0,0;0,0;0,0;0,0;0,0;0,0;0,0;0,0;0,0;0,0;0,0;0,0;0,0;0,0;0,0;0,0;0,0;0,0;0,0;0,0;0,0;0,0;0,0;0,0;0,0;0,0;0,0;0,0;0,0;0,0;0,0;0,0;0,0;0,0;0,0;0,0;0,0;0,0;0,0
249;1;0;0,0;0,0;0,0;0,0;0,0;0,0;0,0;0,0;0,0;0,0;0,0;0,0;0,0;0,0;0,0;0,0;0,0;0,0;0,0;0,0;0,0;0,0;0,0;0,0;0,0;0,0;0,0;0,0;0,0;0,0;0,0;0,0;0,0;0,0;0,0;0,0;0,0;0,0;0,0;0,0;0,0;0,0;0,0;0,0;0,0;0,0;0,0;0,0;0,0;0,0;0,0;0,0;0,0;0,0;0,0;0,0;0,0;0,0;0,0;0,0;0,0;0,0;0,0;0,0;0,0;0,0;0,0;0,0;0,0;0,0;0,0;0,0;0,0;0,0;0,0;0,0;0,0;0,0;0,0;0,0;0,0;0,0;0,0;0,0;0,0;0,0;0,0;0,0;0,0;0,0;0,0;0,0;0,0;0,0;0,0;0,0;0,0;0,0;0,0;0,0;0,0;0,0;0,0;0,0;0,0;0,0;0,0;0,0;0,0;0,0;0,0;0,0;0,0;0,0;0,0;0,0;0,0;0,0;0,0;0,0;0,0;0,0;0,0;0,0;0,0;0,0;0,0;0,0;0,0;0,0;0,0;0,0;0,0;0,0;0,0;0,0;0,0;0,0;0,0;0,0;0,0;0,0;0,0;0,0;0,0;0,0;0,0;0,0;0,0;0,0;0,0;0,0;0,0;0,0;0,0;0,0;0,0;0,0;0,0;0,0;0,0;0,0;0,0;0,0;0,0;0,0;0,0;0,0;0,0;0,0;0,0;0,0;0,0;0,0;0,0;0,0;0,0;0,0;0,0;0,0;0,0;0,0;0,0;0,0;0,0;0,0;0,0;0,0;0,0;0,0;0,0;0,0;0,0;0,0;0,0;0,0;0,0;0,0;0,0;0,0;0,0;0,0;0,0;0,0;0,0;0,0;0,0;0,0;0,0;0,0;0,0;0,0;0,0;0,0;0,0;0,0;0,0;0,0;0,0;0,0;0,0;0,0;0,0;0,0;0,0;0,0;0,0;0,0;0,0;0,0;0,0;0,0;0,0;0,0;0,0;0,0;0,0;0,0;0,0;0,0;0,0;0,0;0,0;0,0;0,0;0,0;0,0;0,0;0,0;0,0;0,0;0,0;0,0;0,0;0,0;0,0;0,0;0,0;0,0;0,0;0,0;0,0;0,0;0,0;0,0;0,0;0,0;0,0;0,0;0,0;0,0;0,0;0,0;0,0;0,0;0,0;0,0;0,0;0,0;0,0;0,0;0,0;0,0;0,0;0,0;0,0;0,0;0,0;0,0;0,0;0,0;0,0;0,0;0,0;0,0;0,0;0,0;0,0;0,0;0,0;0,0;0,0
