ID_Edificio;coeff_dom;D_an2023;D_ms1;D_ms2;D_ms3;D_ms4;D_ms5;D_ms6;D_ms7;D_ms8;D_ms9;D_ms10;D_ms11;D_ms12;D_or0_ms1;D_or1_ms1;D_or2_ms1;D_or3_ms1;D_or4_ms1;D_or5_ms1;D_or6_ms1;D_or7_ms1;D_or8_ms1;D_or9_ms1;D_or10_ms1;D_or11_ms1;D_or12_ms1;D_or13_ms1;D_or14_ms1;D_or15_ms1;D_or16_ms1;D_or17_ms1;D_or18_ms1;D_or19_ms1;D_or20_ms1;D_or21_ms1;D_or22_ms1;D_or23_ms1;D_or0_ms2;D_or1_ms2;D_or2_ms2;D_or3_ms2;D_or4_ms2;D_or5_ms2;D_or6_ms2;D_or7_ms2;D_or8_ms2;D_or9_ms2;D_or10_ms2;D_or11_ms2;D_or12_ms2;D_or13_ms2;D_or14_ms2;D_or15_ms2;D_or16_ms2;D_or17_ms2;D_or18_ms2;D_or19_ms2;D_or20_ms2;D_or21_ms2;D_or22_ms2;D_or23_ms2;D_or0_ms3;D_or1_ms3;D_or2_ms3;D_or3_ms3;D_or4_ms3;D_or5_ms3;D_or6_ms3;D_or7_ms3;D_or8_ms3;D_or9_ms3;D_or10_ms3;D_or11_ms3;D_or12_ms3;D_or13_ms3;D_or14_ms3;D_or15_ms3;D_or16_ms3;D_or17_ms3;D_or18_ms3;D_or19_ms3;D_or20_ms3;D_or21_ms3;D_or22_ms3;D_or23_ms3;D_or0_ms4;D_or1_ms4;D_or2_ms4;D_or3_ms4;D_or4_ms4;D_or5_ms4;D_or6_ms4;D_or7_ms4;D_or8_ms4;D_or9_ms4;D_or10_ms4;D_or11_ms4;D_or12_ms4;D_or13_ms4;D_or14_ms4;D_or15_ms4;D_or16_ms4;D_or17_ms4;D_or18_ms4;D_or19_ms4;D_or20_ms4;D_or21_ms4;D_or22_ms4;D_or23_ms4;D_or0_ms5;D_or1_ms5;D_or2_ms5;D_or3_ms5;D_or4_ms5;D_or5_ms5;D_or6_ms5;D_or7_ms5;D_or8_ms5;D_or9_ms5;D_or10_ms5;D_or11_ms5;D_or12_ms5;D_or13_ms5;D_or14_ms5;D_or15_ms5;D_or16_ms5;D_or17_ms5;D_or18_ms5;D_or19_ms5;D_or20_ms5;D_or21_ms5;D_or22_ms5;D_or23_ms5;D_or0_ms6;D_or1_ms6;D_or2_ms6;D_or3_ms6;D_or4_ms6;D_or5_ms6;D_or6_ms6;D_or7_ms6;D_or8_ms6;D_or9_ms6;D_or10_ms6;D_or11_ms6;D_or12_ms6;D_or13_ms6;D_or14_ms6;D_or15_ms6;D_or16_ms6;D_or17_ms6;D_or18_ms6;D_or19_ms6;D_or20_ms6;D_or21_ms6;D_or22_ms6;D_or23_ms6;D_or0_ms7;D_or1_ms7;D_or2_ms7;D_or3_ms7;D_or4_ms7;D_or5_ms7;D_or6_ms7;D_or7_ms7;D_or8_ms7;D_or9_ms7;D_or10_ms7;D_or11_ms7;D_or12_ms7;D_or13_ms7;D_or14_ms7;D_or15_ms7;D_or16_ms7;D_or17_ms7;D_or18_ms7;D_or19_ms7;D_or20_ms7;D_or21_ms7;D_or22_ms7;D_or23_ms7;D_or0_ms8;D_or1_ms8;D_or2_ms8;D_or3_ms8;D_or4_ms8;D_or5_ms8;D_or6_ms8;D_or7_ms8;D_or8_ms8;D_or9_ms8;D_or10_ms8;D_or11_ms8;D_or12_ms8;D_or13_ms8;D_or14_ms8;D_or15_ms8;D_or16_ms8;D_or17_ms8;D_or18_ms8;D_or19_ms8;D_or20_ms8;D_or21_ms8;D_or22_ms8;D_or23_ms8;D_or0_ms9;D_or1_ms9;D_or2_ms9;D_or3_ms9;D_or4_ms9;D_or5_ms9;D_or6_ms9;D_or7_ms9;D_or8_ms9;D_or9_ms9;D_or10_ms9;D_or11_ms9;D_or12_ms9;D_or13_ms9;D_or14_ms9;D_or15_ms9;D_or16_ms9;D_or17_ms9;D_or18_ms9;D_or19_ms9;D_or20_ms9;D_or21_ms9;D_or22_ms9;D_or23_ms9;D_or0_ms10;D_or1_ms10;D_or2_ms10;D_or3_ms10;D_or4_ms10;D_or5_ms10;D_or6_ms10;D_or7_ms10;D_or8_ms10;D_or9_ms10;D_or10_ms10;D_or11_ms10;D_or12_ms10;D_or13_ms10;D_or14_ms10;D_or15_ms10;D_or16_ms10;D_or17_ms10;D_or18_ms10;D_or19_ms10;D_or20_ms10;D_or21_ms10;D_or22_ms10;D_or23_ms10;D_or0_ms11;D_or1_ms11;D_or2_ms11;D_or3_ms11;D_or4_ms11;D_or5_ms11;D_or6_ms11;D_or7_ms11;D_or8_ms11;D_or9_ms11;D_or10_ms11;D_or11_ms11;D_or12_ms11;D_or13_ms11;D_or14_ms11;D_or15_ms11;D_or16_ms11;D_or17_ms11;D_or18_ms11;D_or19_ms11;D_or20_ms11;D_or21_ms11;D_or22_ms11;D_or23_ms11;D_or0_ms12;D_or1_ms12;D_or2_ms12;D_or3_ms12;D_or4_ms12;D_or5_ms12;D_or6_ms12;D_or7_ms12;D_or8_ms12;D_or9_ms12;D_or10_ms12;D_or11_ms12;D_or12_ms12;D_or13_ms12;D_or14_ms12;D_or15_ms12;D_or16_ms12;D_or17_ms12;D_or18_ms12;D_or19_ms12;D_or20_ms12;D_or21_ms12;D_or22_ms12;D_or23_ms12
0;172,85;43421,2666;4433,3113;3960,0195;3682,1234;3395,543;3052,515;2961,3304;4472,3905;3855,8085;3104,6206;2987,3831;3352,1218;4155,4152;5,1484;3,9328;3,2606;2,9603;2,8316;2,9174;3,4465;5,1913;5,4916;5,6346;5,6918;5,7204;6,1351;6,4355;6,4927;6,4784;6,321;6,8645;7,7511;9,2957;9,7676;9,596;8,4805;7,1505;5,0915;3,8893;3,2246;2,9276;2,8003;2,8852;3,4084;5,1339;5,4309;5,5723;5,6289;5,6572;6,0673;6,3643;6,4209;6,4067;6,2512;6,7886;7,6655;9,1929;9,6596;9,4899;8,3868;7,0715;4,5017;3,5158;2,9457;2,7081;2,6012;2,625;3,0645;4,3592;4,6561;4,6561;4,668;4,668;5,0481;5,345;5,4163;5,3688;5,1193;5,2619;5,7845;7,1861;7,9819;8,0888;7,2336;5,9508;4,2897;3,3503;2,807;2,5806;2,4787;2,5014;2,9202;4,1539;4,4368;4,4368;4,4482;4,4482;4,8104;5,0933;5,1612;5,116;4,8783;5,0141;5,5121;6,8477;7,606;7,7079;6,893;5,6706;3,7319;2,9147;2,442;2,2451;2,1565;2,1761;2,5405;3,6138;3,86;3,86;3,8698;3,8698;4,1849;4,4311;4,4902;4,4508;4,244;4,3621;4,7954;5,9573;6,6171;6,7057;5,9967;4,9333;4,136;3,3463;2,8429;2,6158;2,4875;2,4382;2,6652;3,2772;3,6523;3,7609;3,8596;3,8892;4,2347;4,5407;4,6197;4,5407;4,3334;4,2939;4,4815;5,2909;5,9621;6,3372;5,9523;5,1428;6,0449;4,8908;4,155;3,8232;3,6356;3,5635;3,8953;4,7898;5,338;5,4967;5,641;5,6843;6,1892;6,6365;6,7519;6,6365;6,3335;6,2758;6,5499;7,7329;8,7139;9,2622;8,6995;7,5165;5,2116;4,2165;3,5822;3,2961;3,1344;3,0722;3,3583;4,1294;4,6021;4,7389;4,8633;4,9006;5,3359;5,7215;5,821;5,7215;5,4603;5,4106;5,6469;6,6668;7,5126;7,9853;7,5002;6,4802;4,3361;3,5082;2,9804;2,7424;2,6079;2,5561;2,7942;3,4358;3,829;3,9429;4,0464;4,0774;4,4396;4,7604;4,8432;4,7604;4,5431;4,5017;4,6983;5,5469;6,2506;6,6439;6,2403;5,3917;3,6523;2,8525;2,3899;2,1972;2,1104;2,1297;2,4863;3,5367;3,7776;3,7776;3,7872;3,7872;4,0956;4,3365;4,3943;4,3558;4,1534;4,2691;4,6931;5,8302;6,4759;6,5626;5,8688;4,828;4,2348;3,3074;2,7711;2,5476;2,447;2,4694;2,8828;4,1008;4,3801;4,3801;4,3913;4,3913;4,7488;5,0282;5,0952;5,0505;4,8159;4,95;5,4416;6,7601;7,5088;7,6093;6,8048;5,598;4,8256;3,6863;3,0562;2,7747;2,6541;2,7345;3,2305;4,8659;5,1474;5,2814;5,335;5,3618;5,7506;6,0321;6,0857;6,0723;5,9248;6,4342;7,2653;8,713;9,1553;8,9945;7,9489;6,7023
1;172,85;5453,4969;556,802;497,3589;462,4565;426,4635;383,3808;371,9285;561,7102;484,2705;389,925;375,2006;421,01;521,8997;0,6466;0,4939;0,4095;0,3718;0,3556;0,3664;0,4329;0,652;0,6897;0,7077;0,7149;0,7185;0,7705;0,8083;0,8154;0,8136;0,7939;0,8621;0,9735;1,1675;1,2268;1,2052;1,0651;0,8981;0,6395;0,4885;0,405;0,3677;0,3517;0,3624;0,4281;0,6448;0,6821;0,6999;0,707;0,7105;0,762;0,7993;0,8064;0,8047;0,7851;0,8526;0,9627;1,1546;1,2132;1,1919;1,0533;0,8881;0,5654;0,4416;0,37;0,3401;0,3267;0,3297;0,3849;0,5475;0,5848;0,5848;0,5863;0,5863;0,634;0,6713;0,6803;0,6743;0,643;0,6609;0,7265;0,9025;1,0025;1,0159;0,9085;0,7474;0,5388;0,4208;0,3525;0,3241;0,3113;0,3142;0,3668;0,5217;0,5572;0,5572;0,5587;0,5587;0,6042;0,6397;0,6482;0,6425;0,6127;0,6297;0,6923;0,86;0,9553;0,9681;0,8657;0,7122;0,4687;0,3661;0,3067;0,282;0,2708;0,2733;0,3191;0,4539;0,4848;0,4848;0,486;0,486;0,5256;0,5565;0,5639;0,559;0,533;0,5479;0,6023;0,7482;0,8311;0,8422;0,7532;0,6196;0,5195;0,4203;0,3571;0,3285;0,3124;0,3062;0,3347;0,4116;0,4587;0,4723;0,4847;0,4885;0,5319;0,5703;0,5802;0,5703;0,5443;0,5393;0,5629;0,6645;0,7488;0,7959;0,7476;0,6459;0,7592;0,6143;0,5218;0,4802;0,4566;0,4476;0,4892;0,6016;0,6704;0,6904;0,7085;0,7139;0,7773;0,8335;0,848;0,8335;0,7955;0,7882;0,8226;0,9712;1,0944;1,1633;1,0926;0,944;0,6545;0,5296;0,4499;0,414;0,3937;0,3859;0,4218;0,5186;0,578;0,5952;0,6108;0,6155;0,6702;0,7186;0,7311;0,7186;0,6858;0,6795;0,7092;0,8373;0,9435;1,0029;0,942;0,8139;0,5446;0,4406;0,3743;0,3444;0,3275;0,321;0,3509;0,4315;0,4809;0,4952;0,5082;0,5121;0,5576;0,5979;0,6083;0,5979;0,5706;0,5654;0,5901;0,6967;0,785;0,8344;0,7837;0,6772;0,4587;0,3583;0,3002;0,276;0,2651;0,2675;0,3123;0,4442;0,4744;0,4744;0,4757;0,4757;0,5144;0,5446;0,5519;0,5471;0,5216;0,5362;0,5894;0,7322;0,8133;0,8242;0,7371;0,6064;0,5319;0,4154;0,348;0,32;0,3073;0,3101;0,3621;0,515;0,5501;0,5501;0,5515;0,5515;0,5964;0,6315;0,6399;0,6343;0,6049;0,6217;0,6834;0,849;0,9431;0,9557;0,8547;0,7031;0,6061;0,463;0,3838;0,3485;0,3333;0,3434;0,4057;0,6111;0,6465;0,6633;0,6701;0,6734;0,7222;0,7576;0,7643;0,7626;0,7441;0,8081;0,9125;1,0943;1,1499;1,1297;0,9983;0,8418
2;172,85;14776,1093;1508,6408;1347,5812;1253,0141;1155,4917;1038,7605;1007,7307;1521,9393;1312,1185;1056,4918;1016,5963;1140,7156;1414,0737;1,752;1,3383;1,1096;1,0074;0,9636;0,9928;1,1728;1,7666;1,8688;1,9174;1,9369;1,9466;2,0878;2,19;2,2094;2,2046;2,151;2,336;2,6377;3,1633;3,3239;3,2655;2,8859;2,4333;1,7326;1,3235;1,0973;0,9962;0,9529;0,9818;1,1599;1,747;1,8481;1,8962;1,9155;1,9251;2,0647;2,1658;2,185;2,1802;2,1273;2,3101;2,6085;3,1283;3,2871;3,2294;2,854;2,4064;1,5319;1,1964;1,0024;0,9216;0,8852;0,8933;1,0428;1,4834;1,5845;1,5845;1,5885;1,5885;1,7178;1,8189;1,8431;1,827;1,7421;1,7906;1,9684;2,4454;2,7162;2,7526;2,4616;2,025;1,4598;1,1401;0,9552;0,8782;0,8435;0,8512;0,9937;1,4136;1,5098;1,5098;1,5137;1,5137;1,6369;1,7332;1,7563;1,7409;1,6601;1,7063;1,8757;2,3302;2,5883;2,623;2,3456;1,9297;1,27;0,9918;0,831;0,764;0,7338;0,7405;0,8645;1,2298;1,3135;1,3135;1,3169;1,3169;1,4241;1,5079;1,528;1,5146;1,4442;1,4844;1,6319;2,0273;2,2518;2,2819;2,0407;1,6788;1,4075;1,1387;0,9674;0,8902;0,8465;0,8297;0,907;1,1152;1,2429;1,2798;1,3134;1,3235;1,4411;1,5452;1,5721;1,5452;1,4746;1,4612;1,525;1,8005;2,0289;2,1565;2,0255;1,7501;2,0571;1,6643;1,4139;1,301;1,2372;1,2126;1,3256;1,6299;1,8165;1,8705;1,9196;1,9343;2,1062;2,2584;2,2976;2,2584;2,1553;2,1356;2,2289;2,6315;2,9653;3,1519;2,9604;2,5578;1,7735;1,4349;1,219;1,1216;1,0666;1,0455;1,1428;1,4052;1,5661;1,6126;1,655;1,6677;1,8158;1,947;1,9809;1,947;1,8581;1,8412;1,9216;2,2687;2,5565;2,7174;2,5523;2,2052;1,4756;1,1938;1,0142;0,9332;0,8875;0,8698;0,9508;1,1692;1,303;1,3417;1,377;1,3875;1,5108;1,62;1,6481;1,62;1,546;1,5319;1,5988;1,8876;2,1271;2,2609;2,1235;1,8348;1,2429;0,9707;0,8133;0,7477;0,7182;0,7247;0,8461;1,2035;1,2855;1,2855;1,2888;1,2888;1,3937;1,4757;1,4954;1,4823;1,4134;1,4527;1,597;1,984;2,2037;2,2332;1,9971;1,643;1,4411;1,1255;0,943;0,8669;0,8327;0,8403;0,981;1,3955;1,4905;1,4905;1,4943;1,4943;1,616;1,7111;1,7339;1,7187;1,6388;1,6845;1,8518;2,3004;2,5552;2,5894;2,3157;1,905;1,6422;1,2544;1,04;0,9442;0,9032;0,9306;1,0993;1,6558;1,7516;1,7972;1,8155;1,8246;1,9569;2,0527;2,0709;2,0664;2,0162;2,1895;2,4723;2,965;3,1155;3,0608;2,705;2,2808
3;168,43;33270,3643;3396,9042;3034,2572;2821,3269;2601,7425;2338,9066;2269,0388;3426,8475;2954,4083;2378,831;2289,0011;2568,4721;3183,9739;3,9448;3,0134;2,4984;2,2683;2,1696;2,2354;2,6408;3,9777;4,2078;4,3174;4,3612;4,3831;4,7009;4,931;4,9748;4,9639;4,8433;5,2597;5,9391;7,1225;7,4841;7,3527;6,4979;5,4789;3,9012;2,9801;2,4708;2,2432;2,1457;2,2107;2,6116;3,9337;4,1613;4,2696;4,313;4,3347;4,6489;4,8765;4,9198;4,909;4,7898;5,2016;5,8735;7,0438;7,4014;7,2714;6,4261;5,4183;3,4493;2,6939;2,2571;2,075;1,9931;2,0113;2,3481;3,3401;3,5676;3,5676;3,5767;3,5767;3,8679;4,0955;4,1501;4,1137;3,9226;4,0318;4,4322;5,5061;6,1159;6,1978;5,5425;4,5596;3,2869;2,5671;2,1508;1,9773;1,8993;1,9166;2,2375;3,1828;3,3996;3,3996;3,4083;3,4083;3,6858;3,9026;3,9546;3,92;3,7378;3,8419;4,2235;5,2468;5,8279;5,906;5,2815;4,3449;2,8595;2,2333;1,8711;1,7202;1,6523;1,6674;1,9466;2,769;2,9576;2,9576;2,9651;2,9651;3,2066;3,3952;3,4405;3,4103;3,2518;3,3424;3,6743;4,5646;5,0701;5,138;4,5948;3,78;3,1691;2,564;2,1783;2,0043;1,906;1,8682;2,0421;2,5111;2,7985;2,8817;2,9573;2,98;3,2447;3,4792;3,5397;3,4792;3,3204;3,2901;3,4338;4,054;4,5683;4,8557;4,5608;3,9406;4,6318;3,7474;3,1837;2,9294;2,7857;2,7304;2,9847;3,67;4,0901;4,2117;4,3222;4,3554;4,7423;5,085;5,1734;5,085;4,8529;4,8086;5,0187;5,9251;6,6768;7,0969;6,6658;5,7593;3,9932;3,2308;2,7447;2,5255;2,4016;2,354;2,5732;3,1641;3,5262;3,6311;3,7264;3,755;4,0885;4,384;4,4602;4,384;4,1838;4,1457;4,3268;5,1083;5,7563;6,1185;5,7468;4,9653;3,3224;2,6881;2,2837;2,1013;1,9982;1,9586;2,1409;2,6326;2,9339;3,0211;3,1004;3,1242;3,4017;3,6475;3,711;3,6475;3,481;3,4493;3,6;4,2502;4,7894;5,0907;4,7815;4,1312;2,7985;2,1856;1,8312;1,6835;1,6171;1,6318;1,905;2,7099;2,8945;2,8945;2,9019;2,9019;3,1381;3,3227;3,367;3,3375;3,1824;3,2711;3,5959;4,4672;4,962;5,0284;4,4968;3,6993;3,2448;2,5342;2,1233;1,952;1,875;1,8921;2,2089;3,1421;3,3561;3,3561;3,3647;3,3647;3,6387;3,8527;3,9041;3,8698;3,69;3,7928;4,1695;5,1798;5,7534;5,8304;5,214;4,2893;3,6975;2,8245;2,3418;2,1261;2,0336;2,0953;2,4753;3,7283;3,944;4,0467;4,0878;4,1084;4,4062;4,6219;4,663;4,6527;4,5397;4,93;5,5668;6,6761;7,015;6,8918;6,0906;5,1354
4;178,27;94335,0677;9631,6104;8603,3582;7999,6137;7377,0023;6631,7553;6433,6516;9716,512;8376,954;6744,9573;6490,2527;7282,6672;9027,866;11,1851;8,5442;7,0839;6,4314;6,1518;6,3382;7,4878;11,2783;11,9308;12,2415;12,3657;12,4279;13,3289;13,9814;14,1056;14,0746;13,7328;14,9135;16,8398;20,1953;21,2206;20,8478;18,4243;15,5349;11,0615;8,4497;7,0056;6,3603;6,0838;6,2682;7,405;11,1536;11,7989;12,1062;12,2291;12,2905;13,1816;13,8268;13,9497;13,919;13,581;14,7486;16,6536;19,9721;20,986;20,6173;18,2207;15,3631;9,7802;7,6383;6,3997;5,8836;5,6513;5,703;6,6577;9,4705;10,1156;10,1156;10,1414;10,1414;10,9672;11,6123;11,7672;11,664;11,122;11,4317;12,5671;15,6121;17,3411;17,5733;15,7154;12,9284;9,3196;7,2786;6,0983;5,6065;5,3852;5,4344;6,3442;9,0245;9,6393;9,6393;9,6639;9,6639;10,4508;11,0655;11,213;11,1147;10,5983;10,8934;11,9753;14,877;16,5245;16,7458;14,9753;12,3196;8,1079;6,3323;5,3054;4,8775;4,685;4,7278;5,5193;7,8511;8,386;8,386;8,4074;8,4074;9,0919;9,6267;9,7551;9,6695;9,2203;9,477;10,4183;12,9426;14,3759;14,5685;13,0282;10,7178;8,9857;7,27;6,1763;5,6831;5,4043;5,297;5,7903;7,1199;7,9348;8,1707;8,3852;8,4495;9,2001;9,8649;10,0365;9,8649;9,4146;9,3288;9,7363;11,4948;12,9531;13,768;12,9316;11,1731;13,133;10,6255;9,027;8,3061;7,8986;7,7419;8,4628;10,4061;11,5971;11,9419;12,2553;12,3494;13,4464;14,4181;14,6688;14,4181;13,7598;13,6345;14,23;16,8002;18,9315;20,1226;18,9002;16,33;11,3224;9,1606;7,7825;7,1609;6,8097;6,6745;7,2961;8,9714;9,9983;10,2955;10,5658;10,6468;11,5926;12,4303;12,6465;12,4303;11,8628;11,7548;12,2682;14,484;16,3215;17,3484;16,2945;14,0787;9,4205;7,6218;6,4752;5,958;5,6658;5,5533;6,0705;7,4644;8,3188;8,5661;8,7909;8,8584;9,6453;10,3423;10,5221;10,3423;9,8701;9,7802;10,2074;12,051;13,5798;14,4342;13,5574;11,7137;7,9349;6,1971;5,1922;4,7735;4,585;4,6269;5,4016;7,6836;8,207;8,207;8,228;8,228;8,8979;9,4213;9,547;9,4632;9,0235;9,2748;10,196;12,6665;14,0692;14,2576;12,7502;10,4891;9,2004;7,1856;6,0203;5,5348;5,3163;5,3649;6,2631;8,9091;9,516;9,516;9,5403;9,5403;10,3171;10,924;11,0697;10,9726;10,4628;10,7541;11,8222;14,6867;16,3132;16,5317;14,7838;12,1621;10,484;8,0086;6,6398;6,0283;5,7662;5,9409;7,0184;10,5713;11,1829;11,4741;11,5906;11,6489;12,4934;13,105;13,2215;13,1923;12,872;13,9786;15,7842;18,9294;19,8904;19,541;17,2694;14,5611
5;178,27;37931,4881;3872,8049;3459,3517;3216,5902;2966,2424;2666,5836;2586,9275;3906,9433;3368,3161;2712,1014;2609,6864;2928,3109;3630,0434;4,4975;3,4356;2,8484;2,586;2,4736;2,5486;3,0108;4,5349;4,7973;4,9222;4,9722;4,9972;5,3595;5,6218;5,6718;5,6593;5,5219;5,9966;6,7712;8,1204;8,5327;8,3827;7,4083;6,2465;4,4477;3,3976;2,8169;2,5574;2,4463;2,5204;2,9775;4,4848;4,7443;4,8678;4,9172;4,9419;5,3002;5,5597;5,6091;5,5967;5,4608;5,9303;6,6963;8,0306;8,4383;8,2901;7,3264;6,1774;3,9325;3,0713;2,5733;2,3658;2,2724;2,2931;2,677;3,808;4,0674;4,0674;4,0778;4,0778;4,4098;4,6692;4,7315;4,69;4,4721;4,5966;5,0532;6,2775;6,9727;7,0661;6,319;5,1984;3,7474;2,9267;2,4521;2,2543;2,1654;2,1851;2,551;3,6287;3,8759;3,8759;3,8858;3,8858;4,2022;4,4494;4,5087;4,4691;4,2615;4,3802;4,8152;5,9819;6,6444;6,7334;6,0215;4,9536;3,2601;2,5462;2,1333;1,9612;1,8838;1,901;2,2193;3,1569;3,3719;3,3719;3,3805;3,3805;3,6558;3,8708;3,9225;3,8881;3,7074;3,8106;4,1891;5,2041;5,7805;5,8579;5,2385;4,3095;3,6131;2,9232;2,4835;2,2851;2,173;2,1299;2,3282;2,8629;3,1905;3,2854;3,3716;3,3975;3,6993;3,9666;4,0356;3,9666;3,7855;3,751;3,9149;4,622;5,2083;5,536;5,1997;4,4926;5,2807;4,2724;3,6297;3,3398;3,176;3,113;3,4028;4,1842;4,6631;4,8018;4,9278;4,9656;5,4067;5,7974;5,8982;5,7974;5,5327;5,4823;5,7218;6,7552;7,6122;8,0912;7,5996;6,5662;4,5527;3,6834;3,1293;2,8794;2,7381;2,6838;2,9337;3,6074;4,0202;4,1398;4,2484;4,281;4,6613;4,9981;5,0851;4,9981;4,77;4,7265;4,933;5,8239;6,5628;6,9757;6,5519;5,6609;3,7879;3,0647;2,6036;2,3957;2,2782;2,233;2,4409;3,0014;3,3449;3,4444;3,5348;3,5619;3,8783;4,1586;4,2309;4,1586;3,9687;3,9325;4,1043;4,8456;5,4604;5,8039;5,4513;4,71;3,1906;2,4918;2,0877;1,9194;1,8436;1,8605;2,1719;3,0895;3,3;3,3;3,3084;3,3084;3,5778;3,7883;3,8388;3,8051;3,6283;3,7293;4,0997;5,0931;5,6571;5,7329;5,1268;4,2176;3,6994;2,8893;2,4207;2,2255;2,1377;2,1572;2,5183;3,5823;3,8263;3,8263;3,8361;3,8361;4,1484;4,3925;4,451;4,412;4,207;4,3241;4,7536;5,9054;6,5594;6,6473;5,9445;4,8903;4,2155;3,2202;2,6698;2,4239;2,3185;2,3888;2,8221;4,2507;4,4966;4,6137;4,6605;4,6839;5,0235;5,2694;5,3163;5,3045;5,1757;5,6207;6,3467;7,6114;7,9978;7,8573;6,9439;5,8549
6;172,85;34608,3513;3533,5127;3156,2816;2934,7882;2706,3731;2432,9671;2360,2896;3564,6602;3073,2216;2474,4971;2381,0546;2671,7647;3312,0192;4,1034;3,1346;2,5988;2,3595;2,2569;2,3253;2,747;4,1376;4,377;4,491;4,5366;4,5594;4,8899;5,1293;5,1749;5,1635;5,0381;5,4712;6,1779;7,409;7,7851;7,6483;6,7593;5,6992;4,0581;3,0999;2,5701;2,3334;2,2319;2,2996;2,7167;4,0919;4,3286;4,4413;4,4864;4,509;4,8359;5,0726;5,1177;5,1064;4,9824;5,4108;6,1097;7,3271;7,6991;7,5638;6,6846;5,6362;3,588;2,8022;2,3478;2,1585;2,0733;2,0922;2,4425;3,4744;3,7111;3,7111;3,7206;3,7206;4,0235;4,2602;4,317;4,2791;4,0803;4,1939;4,6105;5,7276;6,3619;6,4471;5,7654;4,743;3,4191;2,6703;2,2373;2,0568;1,9757;1,9937;2,3275;3,3108;3,5363;3,5363;3,5453;3,5453;3,834;4,0596;4,1137;4,0776;3,8882;3,9964;4,3933;5,4579;6,0623;6,1435;5,4939;4,5196;2,9745;2,3231;1,9464;1,7894;1,7188;1,7345;2,0249;2,8803;3,0765;3,0765;3,0844;3,0844;3,3355;3,5317;3,5788;3,5474;3,3826;3,4768;3,8221;4,7482;5,274;5,3447;4,7796;3,932;3,2965;2,6671;2,2659;2,0849;1,9826;1,9433;2,1243;2,6121;2,911;2,9976;3,0762;3,0998;3,3752;3,6191;3,6821;3,6191;3,4539;3,4224;3,5719;4,2171;4,752;5,051;4,7442;4,099;4,818;3,8981;3,3117;3,0472;2,8977;2,8402;3,1047;3,8176;4,2546;4,3811;4,4961;4,5306;4,933;5,2895;5,3815;5,2895;5,048;5,002;5,2205;6,1634;6,9453;7,3823;6,9338;5,9909;4,1538;3,3607;2,8551;2,6271;2,4982;2,4487;2,6767;3,2913;3,668;3,7771;3,8762;3,906;4,2529;4,5603;4,6396;4,5603;4,3521;4,3124;4,5008;5,3137;5,9878;6,3645;5,9779;5,165;3,456;2,7962;2,3755;2,1858;2,0786;2,0373;2,227;2,7384;3,0519;3,1426;3,2251;3,2498;3,5385;3,7942;3,8602;3,7942;3,621;3,588;3,7447;4,4211;4,982;5,2954;4,9737;4,2974;2,911;2,2735;1,9048;1,7512;1,6821;1,6975;1,9817;2,8189;3,0109;3,0109;3,0186;3,0186;3,2643;3,4564;3,5025;3,4717;3,3104;3,4026;3,7406;4,6469;5,1615;5,2306;4,6776;3,8481;3,3753;2,6361;2,2087;2,0305;1,9504;1,9682;2,2977;3,2685;3,4911;3,4911;3,5;3,5;3,785;4,0076;4,0611;4,0255;3,8384;3,9453;4,3372;5,3881;5,9848;6,0649;5,4237;4,4618;3,8462;2,9381;2,4359;2,2116;2,1154;2,1795;2,5748;3,8783;4,1026;4,2095;4,2522;4,2736;4,5834;4,8078;4,8505;4,8398;4,7223;5,1283;5,7907;6,9446;7,2971;7,1689;6,3356;5,342
7;168,43;7338,0963;749,2196;669,2344;622,2706;573,8391;515,8682;500,4582;755,8239;651,623;524,6739;504,861;566,501;702,2558;0,8701;0,6646;0,551;0,5003;0,4785;0,493;0,5825;0,8773;0,9281;0,9522;0,9619;0,9667;1,0368;1,0876;1,0972;1,0948;1,0682;1,1601;1,3099;1,5709;1,6507;1,6217;1,4332;1,2084;0,8604;0,6573;0,5449;0,4948;0,4732;0,4876;0,576;0,8676;0,9178;0,9417;0,9513;0,956;1,0254;1,0756;1,0851;1,0827;1,0564;1,1473;1,2954;1,5536;1,6325;1,6038;1,4173;1,1951;0,7608;0,5942;0,4978;0,4577;0,4396;0,4436;0,5179;0,7367;0,7869;0,7869;0,7889;0,7889;0,8531;0,9033;0,9153;0,9073;0,8652;0,8892;0,9776;1,2144;1,3489;1,367;1,2225;1,0057;0,725;0,5662;0,4744;0,4361;0,4189;0,4227;0,4935;0,702;0,7498;0,7498;0,7517;0,7517;0,8129;0,8608;0,8722;0,8646;0,8244;0,8474;0,9315;1,1572;1,2854;1,3026;1,1649;0,9583;0,6307;0,4926;0,4127;0,3794;0,3644;0,3678;0,4293;0,6107;0,6523;0,6523;0,654;0,654;0,7072;0,7488;0,7588;0,7522;0,7172;0,7372;0,8104;1,0068;1,1183;1,1332;1,0134;0,8337;0,699;0,5655;0,4804;0,4421;0,4204;0,412;0,4504;0,5538;0,6172;0,6356;0,6523;0,6573;0,7157;0,7674;0,7807;0,7674;0,7323;0,7257;0,7574;0,8942;1,0076;1,071;1,0059;0,8691;1,0216;0,8265;0,7022;0,6461;0,6144;0,6022;0,6583;0,8095;0,9021;0,9289;0,9533;0,9606;1,046;1,1215;1,1411;1,1215;1,0703;1,0606;1,1069;1,3068;1,4726;1,5653;1,4702;1,2703;0,8807;0,7126;0,6054;0,557;0,5297;0,5192;0,5675;0,6979;0,7777;0,8009;0,8219;0,8282;0,9018;0,9669;0,9837;0,9669;0,9228;0,9144;0,9543;1,1267;1,2696;1,3495;1,2675;1,0951;0,7328;0,5929;0,5037;0,4635;0,4407;0,432;0,4722;0,5806;0,6471;0,6663;0,6838;0,6891;0,7503;0,8045;0,8185;0,8045;0,7678;0,7608;0,794;0,9374;1,0563;1,1228;1,0546;0,9112;0,6172;0,4821;0,4039;0,3713;0,3567;0,3599;0,4202;0,5977;0,6384;0,6384;0,64;0,64;0,6921;0,7329;0,7426;0,7361;0,7019;0,7215;0,7931;0,9853;1,0944;1,1091;0,9918;0,8159;0,7157;0,5589;0,4683;0,4305;0,4135;0,4173;0,4872;0,693;0,7402;0,7402;0,7421;0,7421;0,8025;0,8498;0,8611;0,8535;0,8139;0,8365;0,9196;1,1424;1,269;1,286;1,15;0,9461;0,8155;0,623;0,5165;0,4689;0,4485;0,4621;0,5459;0,8223;0,8699;0,8925;0,9016;0,9061;0,9718;1,0194;1,0285;1,0262;1,0013;1,0874;1,2278;1,4725;1,5472;1,52;1,3433;1,1327
8;172,85;35827,9162;3658,0302;3267,506;3038,2073;2801,743;2518,7025;2443,4639;3690,2754;3181,519;2561,696;2464,9606;2765,9151;3428,7316;4,248;3,245;2,6904;2,4426;2,3364;2,4072;2,8438;4,2834;4,5312;4,6492;4,6964;4,72;5,0622;5,31;5,3572;5,3454;5,2156;5,664;6,3957;7,6701;8,0595;7,9179;6,9975;5,9;4,2011;3,2092;2,6607;2,4156;2,3106;2,3806;2,8124;4,2361;4,4812;4,5978;4,6445;4,6679;5,0063;5,2513;5,298;5,2864;5,158;5,6014;6,325;7,5853;7,9704;7,8303;6,9201;5,8348;3,7145;2,901;2,4306;2,2346;2,1463;2,1659;2,5286;3,5968;3,8419;3,8419;3,8517;3,8517;4,1653;4,4103;4,4691;4,4299;4,2241;4,3417;4,7729;5,9294;6,586;6,6743;5,9686;4,9101;3,5395;2,7644;2,3161;2,1293;2,0453;2,064;2,4095;3,4275;3,6609;3,6609;3,6703;3,6703;3,9691;4,2026;4,2586;4,2213;4,0252;4,1372;4,5482;5,6502;6,2759;6,36;5,6875;4,6789;3,0793;2,405;2,015;1,8525;1,7793;1,7956;2,0962;2,9818;3,1849;3,1849;3,1931;3,1931;3,4531;3,6562;3,7049;3,6724;3,5018;3,5993;3,9568;4,9155;5,4599;5,533;4,948;4,0705;3,4127;2,7611;2,3457;2,1584;2,0525;2,0118;2,1991;2,7041;3,0136;3,1032;3,1846;3,2091;3,4942;3,7466;3,8118;3,7466;3,5756;3,543;3,6978;4,3657;4,9195;5,229;4,9114;4,2435;4,9878;4,0355;3,4284;3,1546;2,9998;2,9403;3,2141;3,9522;4,4045;4,5355;4,6545;4,6902;5,1069;5,4759;5,5711;5,4759;5,2259;5,1783;5,4045;6,3806;7,1901;7,6424;7,1782;6,202;4,3002;3,4791;2,9557;2,7197;2,5863;2,535;2,771;3,4073;3,7973;3,9102;4,0128;4,0436;4,4028;4,721;4,8031;4,721;4,5054;4,4644;4,6594;5,5009;6,1988;6,5888;6,1886;5,347;3,5778;2,8947;2,4592;2,2628;2,1518;2,1091;2,3055;2,8349;3,1594;3,2534;3,3387;3,3644;3,6632;3,9279;3,9962;3,9279;3,7486;3,7145;3,8767;4,5769;5,1575;5,482;5,149;4,4488;3,0136;2,3536;1,972;1,8129;1,7414;1,7573;2,0515;2,9182;3,117;3,117;3,1249;3,1249;3,3794;3,5782;3,6259;3,5941;3,4271;3,5225;3,8724;4,8106;5,3434;5,415;4,8425;3,9837;3,4943;2,729;2,2865;2,1021;2,0191;2,0376;2,3787;3,3836;3,6141;3,6141;3,6233;3,6233;3,9184;4,1489;4,2042;4,1673;3,9737;4,0843;4,49;5,5779;6,1956;6,2786;5,6148;4,6191;3,9818;3,0416;2,5218;2,2895;2,19;2,2563;2,6656;4,0149;4,2472;4,3578;4,402;4,4242;4,7449;4,9772;5,0214;5,0104;4,8887;5,309;5,9948;7,1893;7,5543;7,4215;6,5588;5,5302
9;172,85;46250,2764;4722,1532;4218,0252;3922,0234;3616,7716;3251,3944;3154,2689;4763,7785;4107,0245;3306,8948;3182,019;3570,5213;4426,1515;5,4838;4,189;3,4731;3,1532;3,0161;3,1075;3,6711;5,5295;5,8494;6,0017;6,0626;6,0931;6,5349;6,8547;6,9157;6,9004;6,7329;7,3117;8,2562;9,9013;10,404;10,2212;9,033;7,6164;5,4232;4,1427;3,4347;3,1183;2,9827;3,0731;3,6305;5,4684;5,7847;5,9354;5,9956;6,0258;6,4626;6,779;6,8392;6,8242;6,6585;7,2309;8,1649;9,7918;10,289;10,1082;8,9332;7,5322;4,795;3,7449;3,1376;2,8846;2,7707;2,796;3,2641;4,6432;4,9595;4,9595;4,9721;4,9721;5,377;5,6933;5,7692;5,7186;5,4529;5,6047;6,1614;7,6543;8,5019;8,6158;7,7049;6,3385;4,5692;3,5685;2,9899;2,7487;2,6402;2,6644;3,1104;4,4245;4,7259;4,7259;4,738;4,738;5,1238;5,4252;5,4975;5,4493;5,1961;5,3408;5,8712;7,2938;8,1016;8,2101;7,342;6,04;3,9751;3,1046;2,6011;2,3913;2,297;2,3179;2,706;3,8492;4,1114;4,1114;4,1219;4,1219;4,4576;4,7198;4,7827;4,7407;4,5205;4,6463;5,1078;6,3455;7,0482;7,1426;6,3874;5,2547;4,4055;3,5643;3,0281;2,7863;2,6496;2,597;2,8388;3,4907;3,8903;4,0059;4,1111;4,1426;4,5106;4,8365;4,9207;4,8365;4,6157;4,5737;4,7735;5,6356;6,3506;6,7501;6,3401;5,4779;6,4388;5,2094;4,4257;4,0723;3,8725;3,7957;4,1491;5,1019;5,6858;5,8548;6,0085;6,0546;6,5925;7,0688;7,1918;7,0688;6,7461;6,6847;6,9766;8,2367;9,2817;9,8656;9,2663;8,0062;5,5511;4,4912;3,8156;3,5108;3,3386;3,2724;3,5771;4,3985;4,9019;5,0477;5,1802;5,2199;5,6836;6,0943;6,2003;6,0943;5,8161;5,7631;6,0148;7,1012;8,0021;8,5055;7,9888;6,9025;4,6186;3,7368;3,1746;2,9211;2,7778;2,7227;2,9762;3,6596;4,0785;4,1998;4,31;4,3431;4,7289;5,0706;5,1588;5,0706;4,8391;4,795;5,0044;5,9083;6,6579;7,0768;6,6469;5,743;3,8903;3,0383;2,5456;2,3403;2,2479;2,2685;2,6483;3,7671;4,0237;4,0237;4,034;4,034;4,3624;4,6191;4,6806;4,6396;4,424;4,5472;4,9988;6,2101;6,8978;6,9902;6,2511;5,1426;4,5108;3,5229;2,9516;2,7136;2,6065;2,6303;3,0706;4,3679;4,6655;4,6655;4,6774;4,6774;5,0582;5,3558;5,4272;5,3796;5,1296;5,2725;5,7961;7,2006;7,998;8,1051;7,2482;5,9628;5,14;3,9264;3,2554;2,9555;2,827;2,9127;3,441;5,1829;5,4827;5,6255;5,6826;5,7112;6,1252;6,4251;6,4822;6,4679;6,3108;6,8534;7,7386;9,2806;9,7518;9,5805;8,4668;7,139
10;172,33;5161,8933;527,0293;470,7647;437,7286;403,6601;362,8811;352,0411;531,675;458,3761;369,0754;355,1383;398,4982;493,9932;0,612;0,4675;0,3876;0,3519;0,3366;0,3468;0,4097;0,6171;0,6528;0,6698;0,6766;0,68;0,7293;0,765;0,7718;0,7701;0,7514;0,816;0,9215;1,1051;1,1612;1,1408;1,0082;0,85;0,6053;0,4624;0,3833;0,348;0,3329;0,343;0,4052;0,6103;0,6456;0,6624;0,6692;0,6725;0,7213;0,7566;0,7633;0,7616;0,7431;0,807;0,9113;1,0928;1,1483;1,1282;0,997;0,8407;0,5352;0,418;0,3502;0,3219;0,3092;0,3121;0,3643;0,5182;0,5535;0,5535;0,5549;0,5549;0,6001;0,6354;0,6439;0,6382;0,6086;0,6255;0,6877;0,8543;0,9489;0,9616;0,8599;0,7074;0,51;0,3983;0,3337;0,3068;0,2947;0,2974;0,3471;0,4938;0,5274;0,5274;0,5288;0,5288;0,5719;0,6055;0,6136;0,6082;0,5799;0,5961;0,6553;0,814;0,9042;0,9163;0,8194;0,6741;0,4437;0,3465;0,2903;0,2669;0,2564;0,2587;0,302;0,4296;0,4589;0,4589;0,46;0,46;0,4975;0,5268;0,5338;0,5291;0,5045;0,5186;0,5701;0,7082;0,7866;0,7972;0,7129;0,5865;0,4917;0,3978;0,338;0,311;0,2957;0,2898;0,3168;0,3896;0,4342;0,4471;0,4588;0,4623;0,5034;0,5398;0,5492;0,5398;0,5152;0,5105;0,5328;0,629;0,7088;0,7534;0,7076;0,6114;0,7186;0,5814;0,4939;0,4545;0,4322;0,4236;0,4631;0,5694;0,6346;0,6534;0,6706;0,6757;0,7358;0,7889;0,8027;0,7889;0,7529;0,7461;0,7786;0,9193;1,0359;1,1011;1,0342;0,8936;0,6195;0,5013;0,4258;0,3918;0,3726;0,3652;0,3992;0,4909;0,5471;0,5634;0,5781;0,5826;0,6343;0,6802;0,692;0,6802;0,6491;0,6432;0,6713;0,7925;0,8931;0,9493;0,8916;0,7704;0,5155;0,4171;0,3543;0,326;0,31;0,3039;0,3322;0,4084;0,4552;0,4687;0,481;0,4847;0,5278;0,5659;0,5758;0,5659;0,5401;0,5352;0,5585;0,6594;0,7431;0,7898;0,7418;0,641;0,4342;0,3391;0,2841;0,2612;0,2509;0,2532;0,2956;0,4204;0,4491;0,4491;0,4502;0,4502;0,4869;0,5155;0,5224;0,5178;0,4938;0,5075;0,5579;0,6931;0,7698;0,7802;0,6977;0,5739;0,5034;0,3932;0,3294;0,3029;0,2909;0,2936;0,3427;0,4875;0,5207;0,5207;0,522;0,522;0,5645;0,5977;0,6057;0,6004;0,5725;0,5884;0,6469;0,8036;0,8926;0,9046;0,809;0,6655;0,5737;0,4382;0,3633;0,3299;0,3155;0,3251;0,384;0,5785;0,6119;0,6278;0,6342;0,6374;0,6836;0,7171;0,7235;0,7219;0,7043;0,7649;0,8637;1,0358;1,0884;1,0693;0,945;0,7968
11;172,85;19333,9411;1973,9954;1763,2554;1639,5182;1511,9142;1359,1761;1318,5748;1991,3959;1716,854;1382,3768;1330,1751;1492,5803;1850,2582;2,2924;1,7511;1,4518;1,3181;1,2608;1,299;1,5346;2,3115;2,4452;2,5089;2,5344;2,5471;2,7318;2,8655;2,8909;2,8846;2,8145;3,0565;3,4513;4,139;4,3492;4,2727;3,7761;3,1839;2,267;1,7318;1,4358;1,3035;1,2469;1,2847;1,5177;2,2859;2,4182;2,4812;2,5063;2,5189;2,7016;2,8338;2,859;2,8527;2,7834;3,0227;3,4132;4,0933;4,3011;4,2255;3,7343;3,1487;2,0044;1,5655;1,3116;1,2058;1,1582;1,1688;1,3645;1,941;2,0732;2,0732;2,0785;2,0785;2,2477;2,3799;2,4117;2,3905;2,2795;2,3429;2,5756;3,1997;3,5541;3,6017;3,2209;2,6497;1,9101;1,4918;1,2498;1,1491;1,1037;1,1138;1,3002;1,8496;1,9756;1,9756;1,9806;1,9806;2,1419;2,2679;2,2981;2,278;2,1721;2,2326;2,4543;3,049;3,3867;3,432;3,0692;2,5249;1,6617;1,2978;1,0873;0,9997;0,9602;0,969;1,1312;1,6091;1,7187;1,7187;1,7231;1,7231;1,8634;1,973;1,9993;1,9818;1,8897;1,9423;2,1352;2,6526;2,9463;2,9858;2,6701;2,1966;1,8416;1,49;1,2658;1,1647;1,1076;1,0856;1,1867;1,4592;1,6262;1,6746;1,7185;1,7317;1,8856;2,0218;2,057;2,0218;1,9295;1,9119;1,9954;2,3559;2,6547;2,8218;2,6503;2,2899;2,6916;2,1777;1,8501;1,7023;1,6188;1,5867;1,7344;2,1327;2,3768;2,4475;2,5117;2,531;2,7558;2,955;3,0064;2,955;2,8201;2,7944;2,9164;3,4432;3,88;4,1241;3,8736;3,3468;2,3205;1,8775;1,595;1,4676;1,3956;1,3679;1,4953;1,8387;2,0491;2,1101;2,1655;2,1821;2,3759;2,5476;2,5919;2,5476;2,4313;2,4091;2,5144;2,9685;3,3451;3,5555;3,3396;2,8854;1,9307;1,5621;1,3271;1,2211;1,1612;1,1382;1,2441;1,5298;1,7049;1,7556;1,8017;1,8155;1,9768;2,1196;2,1565;2,1196;2,0229;2,0044;2,092;2,4698;2,7832;2,9583;2,7786;2,4007;1,6262;1,2701;1,0641;0,9783;0,9397;0,9483;1,107;1,5748;1,682;1,682;1,6863;1,6863;1,8236;1,9309;1,9566;1,9395;1,8494;1,9009;2,0897;2,596;2,8835;2,9221;2,6132;2,1497;1,8856;1,4727;1,2339;1,1344;1,0896;1,0995;1,2836;1,8259;1,9503;1,9503;1,9553;1,9553;2,1145;2,2389;2,2687;2,2488;2,1443;2,204;2,423;3,01;3,3434;3,3882;3,0299;2,4926;2,1487;1,6414;1,3608;1,2355;1,1818;1,2176;1,4384;2,1666;2,2919;2,3516;2,3755;2,3874;2,5605;2,6859;2,7097;2,7038;2,6381;2,8649;3,235;3,8796;4,0765;4,0049;3,5394;2,9843
12;172,85;36970,1232;3774,6496;3371,6752;3135,0664;2891,0636;2598,9997;2521,3624;3807,9227;3282,9469;2643,3638;2543,5445;2854,0935;3538,0408;4,3835;3,3485;2,7762;2,5205;2,4109;2,484;2,9345;4,42;4,6757;4,7975;4,8462;4,8705;5,2236;5,4793;5,528;5,5159;5,3819;5,8446;6,5995;7,9146;8,3164;8,1703;7,2205;6,0881;4,335;3,3115;2,7455;2,4926;2,3843;2,4565;2,902;4,3711;4,624;4,7444;4,7926;4,8167;5,1659;5,4188;5,4669;5,4549;5,3224;5,78;6,5266;7,8271;8,2245;8,08;7,1407;6,0208;3,8329;2,9935;2,5081;2,3058;2,2148;2,235;2,6092;3,7115;3,9643;3,9643;3,9745;3,9745;4,2981;4,5509;4,6116;4,5711;4,3588;4,4801;4,9251;6,1184;6,796;6,887;6,1589;5,0667;3,6524;2,8525;2,3899;2,1972;2,1105;2,1298;2,4863;3,5367;3,7777;3,7777;3,7873;3,7873;4,0957;4,3366;4,3944;4,3559;4,1535;4,2691;4,6932;5,8303;6,476;6,5627;5,8689;4,8281;3,1775;2,4816;2,0792;1,9115;1,8361;1,8528;2,163;3,0769;3,2865;3,2865;3,2949;3,2949;3,5631;3,7727;3,823;3,7895;3,6134;3,7141;4,0829;5,0722;5,634;5,7094;5,1058;4,2003;3,5215;2,8491;2,4205;2,2272;2,1179;2,0759;2,2692;2,7903;3,1097;3,2021;3,2862;3,3114;3,6055;3,8661;3,9333;3,8661;3,6896;3,656;3,8157;4,5048;5,0763;5,3957;5,0679;4,3788;5,1468;4,1641;3,5377;3,2552;3,0955;3,0341;3,3166;4,0782;4,5449;4,6801;4,8029;4,8397;5,2697;5,6505;5,7487;5,6505;5,3925;5,3434;5,5768;6,584;7,4193;7,8861;7,407;6,3998;4,4373;3,5901;3,05;2,8064;2,6687;2,6158;2,8593;3,5159;3,9184;4,0348;4,1407;4,1725;4,5432;4,8715;4,9562;4,8715;4,6491;4,6067;4,8079;5,6763;6,3965;6,7989;6,3859;5,5175;3,6919;2,987;2,5376;2,335;2,2204;2,1764;2,379;2,9253;3,2601;3,3571;3,4452;3,4716;3,78;4,0532;4,1236;4,0532;3,8681;3,8329;4,0003;4,7228;5,322;5,6568;5,3132;4,5906;3,1097;2,4287;2,0348;1,8707;1,7969;1,8133;2,1169;3,0112;3,2164;3,2164;3,2246;3,2246;3,4871;3,6922;3,7415;3,7087;3,5363;3,6348;3,9958;4,964;5,5137;5,5876;4,9968;4,1107;3,6057;2,816;2,3594;2,1691;2,0835;2,1025;2,4545;3,4915;3,7293;3,7293;3,7389;3,7389;4,0433;4,2811;4,3382;4,3002;4,1004;4,2145;4,6331;5,7558;6,3932;6,4788;5,7938;4,7663;4,1087;3,1386;2,6022;2,3625;2,2598;2,3283;2,7505;4,1429;4,3826;4,4967;4,5424;4,5652;4,8962;5,1359;5,1815;5,1701;5,0446;5,4783;6,1859;7,4185;7,7951;7,6581;6,7679;5,7065
13;172,85;11814,4593;1206,2563;1077,4787;1001,8661;923,8907;830,5565;805,7461;1216,8893;1049,124;844,7338;812,8348;912,0763;1130,6438;1,4008;1,0701;0,8872;0,8055;0,7704;0,7938;0,9378;1,4125;1,4942;1,5331;1,5487;1,5565;1,6693;1,751;1,7666;1,7627;1,7199;1,8678;2,109;2,5292;2,6577;2,611;2,3075;1,9456;1,3853;1,0582;0,8774;0,7966;0,7619;0,785;0,9274;1,3969;1,4777;1,5162;1,5316;1,5393;1,6509;1,7317;1,7471;1,7432;1,7009;1,8471;2,0857;2,5013;2,6283;2,5821;2,2819;1,9241;1,2249;0,9566;0,8015;0,7369;0,7078;0,7142;0,8338;1,1861;1,2669;1,2669;1,2701;1,2701;1,3735;1,4543;1,4737;1,4608;1,3929;1,4317;1,5739;1,9553;2,1718;2,2009;1,9682;1,6191;1,1672;0,9116;0,7637;0,7022;0,6744;0,6806;0,7945;1,1302;1,2072;1,2072;1,2103;1,2103;1,3088;1,3858;1,4043;1,392;1,3273;1,3643;1,4998;1,8632;2,0695;2,0972;1,8755;1,5429;1,0154;0,793;0,6644;0,6109;0,5867;0,5921;0,6912;0,9833;1,0503;1,0503;1,0529;1,0529;1,1387;1,2056;1,2217;1,211;1,1547;1,1869;1,3048;1,6209;1,8004;1,8245;1,6316;1,3423;1,1254;0,9105;0,7735;0,7117;0,6768;0,6634;0,7252;0,8917;0,9938;1,0233;1,0502;1,0582;1,1522;1,2355;1,257;1,2355;1,1791;1,1683;1,2194;1,4396;1,6222;1,7243;1,6195;1,3993;1,6448;1,3307;1,1305;1,0402;0,9892;0,9696;1,0599;1,3032;1,4524;1,4956;1,5349;1,5466;1,684;1,8057;1,8371;1,8057;1,7233;1,7076;1,7822;2,104;2,371;2,5201;2,367;2,0452;1,418;1,1473;0,9747;0,8968;0,8528;0,8359;0,9138;1,1236;1,2522;1,2894;1,3232;1,3334;1,4519;1,5568;1,5838;1,5568;1,4857;1,4722;1,5365;1,814;2,0441;2,1727;2,0407;1,7632;1,1798;0,9545;0,8109;0,7462;0,7096;0,6955;0,7603;0,9348;1,0418;1,0728;1,101;1,1094;1,208;1,2953;1,3178;1,2953;1,2361;1,2249;1,2784;1,5093;1,7007;1,8077;1,6979;1,467;0,9938;0,7761;0,6503;0,5978;0,5742;0,5795;0,6765;0,9623;1,0278;1,0278;1,0305;1,0305;1,1144;1,1799;1,1957;1,1852;1,1301;1,1616;1,2769;1,5863;1,762;1,7856;1,5968;1,3136;1,1523;0,8999;0,754;0,6932;0,6658;0,6719;0,7844;1,1158;1,1918;1,1918;1,1948;1,1948;1,2921;1,3681;1,3864;1,3742;1,3103;1,3468;1,4806;1,8394;2,0431;2,0704;1,8515;1,5232;1,313;1,003;0,8316;0,755;0,7222;0,744;0,879;1,3239;1,4005;1,437;1,4516;1,4589;1,5647;1,6413;1,6558;1,6522;1,6121;1,7507;1,9768;2,3707;2,4911;2,4473;2,1628;1,8236
14;172,33;16594,5542;1694,304;1513,4233;1407,2182;1297,6941;1166,5972;1131,7486;1709,2391;1473,5964;1186,5106;1141,7053;1281,0996;1588,0988;1,9676;1,503;1,2461;1,1314;1,0822;1,115;1,3172;1,984;2,0988;2,1534;2,1753;2,1862;2,3447;2,4595;2,4813;2,4759;2,4157;2,6234;2,9623;3,5526;3,7329;3,6673;3,241;2,7327;1,9458;1,4864;1,2324;1,1189;1,0702;1,1026;1,3026;1,962;2,0756;2,1296;2,1512;2,162;2,3188;2,4323;2,4539;2,4485;2,389;2,5944;2,9296;3,5133;3,6917;3,6268;3,2052;2,7025;1,7204;1,3437;1,1258;1,035;0,9941;1,0032;1,1712;1,666;1,7795;1,7795;1,784;1,784;1,9293;2,0427;2,07;2,0518;1,9565;2,011;2,2107;2,7463;3,0505;3,0913;2,7645;2,2742;1,6394;1,2804;1,0728;0,9862;0,9473;0,956;1,116;1,5875;1,6957;1,6957;1,7;1,7;1,8384;1,9465;1,9725;1,9552;1,8644;1,9163;2,1066;2,617;2,9068;2,9458;2,6343;2,1671;1,4263;1,1139;0,9333;0,858;0,8241;0,8317;0,9709;1,3811;1,4752;1,4752;1,4789;1,4789;1,5994;1,6934;1,716;1,701;1,6219;1,6671;1,8327;2,2767;2,5289;2,5628;2,2918;1,8854;1,5807;1,2789;1,0865;0,9997;0,9507;0,9318;1,0186;1,2525;1,3958;1,4373;1,475;1,4864;1,6184;1,7353;1,7655;1,7353;1,6561;1,641;1,7127;2,0221;2,2786;2,4219;2,2748;1,9655;2,3102;1,8691;1,5879;1,4611;1,3894;1,3619;1,4887;1,8305;2,0401;2,1007;2,1558;2,1724;2,3654;2,5363;2,5804;2,5363;2,4205;2,3984;2,5032;2,9553;3,3303;3,5398;3,3247;2,8726;1,9917;1,6114;1,369;1,2597;1,1979;1,1741;1,2835;1,5782;1,7588;1,8111;1,8586;1,8729;2,0393;2,1866;2,2247;2,1866;2,0868;2,0678;2,1581;2,5479;2,8711;3,0518;2,8664;2,4766;1,6572;1,3408;1,1391;1,0481;0,9967;0,9769;1,0679;1,3131;1,4634;1,5069;1,5464;1,5583;1,6967;1,8193;1,851;1,8193;1,7363;1,7204;1,7956;2,1199;2,3888;2,5391;2,3849;2,0606;1,3958;1,0901;0,9134;0,8397;0,8066;0,8139;0,9502;1,3516;1,4437;1,4437;1,4474;1,4474;1,5652;1,6573;1,6794;1,6647;1,5873;1,6315;1,7936;2,2282;2,4749;2,5081;2,2429;1,8451;1,6185;1,264;1,059;0,9736;0,9352;0,9437;1,1017;1,5672;1,674;1,674;1,6782;1,6782;1,8149;1,9216;1,9473;1,9302;1,8405;1,8918;2,0797;2,5836;2,8697;2,9081;2,6006;2,1394;1,8442;1,4088;1,168;1,0604;1,0143;1,0451;1,2346;1,8596;1,9672;2,0184;2,0389;2,0492;2,1977;2,3053;2,3258;2,3207;2,2643;2,459;2,7766;3,3299;3,4989;3,4375;3,0379;2,5614
15;172,85;18470,5711;1885,8453;1684,5161;1566,3044;1444,3987;1298,4812;1259,693;1902,4688;1640,1867;1320,6458;1270,7753;1425,9281;1767,6337;2,19;1,6729;1,387;1,2593;1,2045;1,241;1,4661;2,2083;2,336;2,3968;2,4212;2,4333;2,6098;2,7375;2,7619;2,7558;2,6889;2,92;3,2972;3,9542;4,1549;4,0819;3,6074;3,0417;2,1658;1,6544;1,3717;1,2453;1,1912;1,2273;1,4499;2,1839;2,3102;2,3704;2,3944;2,4065;2,5809;2,7073;2,7313;2,7253;2,6591;2,8877;3,2607;3,9105;4,109;4,0368;3,5676;3,0081;1,9149;1,4956;1,253;1,152;1,1065;1,1166;1,3036;1,8543;1,9806;1,9806;1,9857;1,9857;2,1474;2,2737;2,304;2,2838;2,1777;2,2383;2,4606;3,0568;3,3953;3,4408;3,077;2,5314;1,8248;1,4251;1,194;1,0977;1,0544;1,064;1,2422;1,767;1,8873;1,8873;1,8922;1,8922;2,0462;2,1666;2,1955;2,1762;2,0751;2,1329;2,3447;2,9129;3,2355;3,2788;2,9321;2,4121;1,5875;1,2398;1,0388;0,955;0,9173;0,9257;1,0807;1,5372;1,642;1,642;1,6461;1,6461;1,7802;1,8849;1,91;1,8933;1,8053;1,8556;2,0399;2,5341;2,8148;2,8525;2,5509;2,0985;1,7594;1,4235;1,2093;1,1127;1,0581;1,0371;1,1337;1,3941;1,5536;1,5998;1,6418;1,6544;1,8014;1,9315;1,9651;1,9315;1,8434;1,8266;1,9063;2,2507;2,5362;2,6957;2,532;2,1877;2,5714;2,0804;1,7675;1,6263;1,5465;1,5158;1,657;2,0375;2,2707;2,3382;2,3996;2,418;2,6328;2,823;2,8721;2,823;2,6941;2,6696;2,7862;3,2894;3,7067;3,94;3,7006;3,1974;2,2169;1,7936;1,5238;1,4021;1,3333;1,3069;1,4285;1,7566;1,9576;2,0158;2,0688;2,0846;2,2698;2,4338;2,4762;2,4338;2,3227;2,3016;2,4021;2,8359;3,1957;3,3968;3,1904;2,7566;1,8445;1,4923;1,2678;1,1666;1,1093;1,0873;1,1886;1,4615;1,6288;1,6772;1,7212;1,7344;1,8885;2,025;2,0602;2,025;1,9325;1,9149;1,9986;2,3596;2,6589;2,8262;2,6545;2,2935;1,5536;1,2134;1,0166;0,9346;0,8977;0,9059;1,0576;1,5044;1,6069;1,6069;1,611;1,611;1,7422;1,8447;1,8693;1,8529;1,7668;1,816;1,9963;2,4801;2,7547;2,7916;2,4965;2,0537;1,8014;1,4069;1,1788;1,0837;1,0409;1,0504;1,2263;1,7444;1,8632;1,8632;1,868;1,868;2,0201;2,1389;2,1674;2,1484;2,0486;2,1056;2,3148;2,8756;3,1941;3,2369;2,8946;2,3813;2,0527;1,5681;1,3001;1,1803;1,129;1,1632;1,3742;2,0698;2,1896;2,2466;2,2694;2,2808;2,4462;2,5659;2,5887;2,583;2,5203;2,737;3,0905;3,7063;3,8945;3,8261;3,3813;2,851
16;172,85;19792,2538;2020,7891;1805,0535;1678,3831;1547,7542;1391,3954;1349,8317;2038,6021;1757,5521;1415,1461;1361,7071;1527,962;1894,1187;2,3467;1,7926;1,4863;1,3494;1,2907;1,3298;1,571;2,3663;2,5032;2,5684;2,5944;2,6075;2,7965;2,9334;2,9595;2,953;2,8813;3,129;3,5331;4,2371;4,4523;4,374;3,8656;3,2593;2,3208;1,7728;1,4698;1,3345;1,2764;1,3151;1,5536;2,3401;2,4755;2,54;2,5658;2,5786;2,7656;2,901;2,9268;2,9203;2,8494;3,0944;3,4941;4,1903;4,403;4,3257;3,8228;3,2233;2,052;1,6026;1,3427;1,2344;1,1857;1,1965;1,3968;1,987;2,1223;2,1223;2,1278;2,1278;2,301;2,4364;2,4688;2,4472;2,3335;2,3985;2,6367;3,2756;3,6383;3,687;3,2972;2,7125;1,9553;1,5271;1,2795;1,1763;1,1299;1,1402;1,3311;1,8934;2,0224;2,0224;2,0276;2,0276;2,1927;2,3216;2,3526;2,3319;2,2236;2,2855;2,5125;3,1213;3,467;3,5134;3,1419;2,5847;1,7011;1,3286;1,1131;1,0233;0,983;0,9919;1,158;1,6472;1,7594;1,7594;1,7639;1,7639;1,9076;2,0198;2,0467;2,0287;1,9345;1,9883;2,1858;2,7155;3,0162;3,0566;2,7334;2,2487;1,8853;1,5253;1,2958;1,1924;1,1339;1,1114;1,2148;1,4938;1,6648;1,7143;1,7593;1,7728;1,9303;2,0697;2,1057;2,0697;1,9753;1,9573;2,0427;2,4117;2,7177;2,8886;2,7132;2,3442;2,7554;2,2293;1,8939;1,7427;1,6572;1,6243;1,7756;2,1833;2,4332;2,5055;2,5713;2,591;2,8212;3,025;3,0776;3,025;2,8869;2,8606;2,9856;3,5248;3,972;4,2219;3,9654;3,4262;2,3755;1,922;1,6328;1,5024;1,4287;1,4004;1,5308;1,8823;2,0977;2,1601;2,2168;2,2338;2,4322;2,608;2,6533;2,608;2,4889;2,4662;2,574;3,0389;3,4244;3,6398;3,4187;2,9538;1,9765;1,5991;1,3585;1,25;1,1887;1,1651;1,2736;1,5661;1,7453;1,7972;1,8444;1,8586;2,0237;2,1699;2,2076;2,1699;2,0708;2,052;2,1416;2,5284;2,8492;3,0284;2,8444;2,4576;1,6648;1,3002;1,0894;1,0015;0,962;0,9708;1,1333;1,6121;1,7219;1,7219;1,7263;1,7263;1,8669;1,9767;2,003;1,9855;1,8932;1,9459;2,1392;2,6575;2,9518;2,9914;2,6751;2,2007;1,9303;1,5076;1,2631;1,1613;1,1154;1,1256;1,314;1,8692;1,9965;1,9965;2,0016;2,0016;2,1646;2,2919;2,3225;2,3021;2,1952;2,2563;2,4804;3,0814;3,4226;3,4685;3,1018;2,5517;2,1996;1,6803;1,3931;1,2648;1,2098;1,2465;1,4725;2,218;2,3463;2,4074;2,4318;2,444;2,6212;2,7495;2,774;2,7679;2,7006;2,9328;3,3117;3,9715;4,1732;4,0999;3,6233;3,055
17;168,43;6825,7542;696,9095;622,5088;578,824;533,774;479,8505;465,5164;703,0527;606,127;488,0414;469,6119;526,9482;653,2247;0,8093;0,6182;0,5126;0,4654;0,4451;0,4586;0,5418;0,8161;0,8633;0,8857;0,8947;0,8992;0,9644;1,0116;1,0206;1,0184;0,9937;1,0791;1,2185;1,4613;1,5354;1,5085;1,3331;1,124;0,8004;0,6114;0,5069;0,4602;0,4402;0,4535;0,5358;0,807;0,8537;0,876;0,8849;0,8893;0,9538;1,0005;1,0094;1,0071;0,9827;1,0672;1,205;1,4451;1,5185;1,4918;1,3184;1,1116;0,7077;0,5527;0,4631;0,4257;0,4089;0,4126;0,4817;0,6853;0,7319;0,7319;0,7338;0,7338;0,7935;0,8402;0,8514;0,844;0,8048;0,8272;0,9093;1,1296;1,2547;1,2715;1,1371;0,9355;0,6743;0,5267;0,4413;0,4057;0,3897;0,3932;0,459;0,653;0,6975;0,6975;0,6992;0,6992;0,7562;0,8007;0,8113;0,8042;0,7669;0,7882;0,8665;1,0764;1,1957;1,2117;1,0836;0,8914;0,5867;0,4582;0,3839;0,3529;0,339;0,3421;0,3994;0,5681;0,6068;0,6068;0,6083;0,6083;0,6579;0,6966;0,7058;0,6997;0,6671;0,6857;0,7538;0,9365;1,0402;1,0541;0,9427;0,7755;0,6502;0,526;0,4469;0,4112;0,391;0,3833;0,419;0,5152;0,5741;0,5912;0,6067;0,6114;0,6657;0,7138;0,7262;0,7138;0,6812;0,675;0,7045;0,8317;0,9372;0,9962;0,9357;0,8084;0,9503;0,7688;0,6532;0,601;0,5715;0,5602;0,6123;0,7529;0,8391;0,8641;0,8868;0,8936;0,9729;1,0432;1,0614;1,0432;0,9956;0,9865;1,0296;1,2156;1,3698;1,456;1,3676;1,1816;0,8192;0,6628;0,5631;0,5181;0,4927;0,4829;0,5279;0,6491;0,7234;0,7449;0,7645;0,7704;0,8388;0,8994;0,9151;0,8994;0,8584;0,8505;0,8877;1,048;1,181;1,2553;1,179;1,0187;0,6816;0,5515;0,4685;0,4311;0,41;0,4018;0,4392;0,5401;0,6019;0,6198;0,6361;0,641;0,6979;0,7483;0,7613;0,7483;0,7142;0,7077;0,7386;0,872;0,9826;1,0444;0,981;0,8476;0,5741;0,4484;0,3757;0,3454;0,3318;0,3348;0,3908;0,556;0,5938;0,5938;0,5953;0,5953;0,6438;0,6817;0,6908;0,6847;0,6529;0,6711;0,7377;0,9165;1,018;1,0316;0,9226;0,759;0,6657;0,5199;0,4356;0,4005;0,3847;0,3882;0,4532;0,6446;0,6885;0,6885;0,6903;0,6903;0,7465;0,7904;0,801;0,7939;0,757;0,7781;0,8554;1,0627;1,1804;1,1962;1,0697;0,88;0,7586;0,5795;0,4804;0,4362;0,4172;0,4299;0,5078;0,7649;0,8092;0,8302;0,8387;0,8429;0,904;0,9482;0,9567;0,9546;0,9314;1,0114;1,1421;1,3697;1,4392;1,4139;1,2496;1,0536
18;178,27;27761,0055;2834,3987;2531,8037;2354,1333;2170,9106;1951,5987;1893,3006;2859,3836;2465,1773;1984,9119;1909,9572;2143,1496;2656,7282;3,2916;2,5144;2,0847;1,8926;1,8104;1,8652;2,2035;3,319;3,511;3,6024;3,639;3,6573;3,9224;4,1144;4,151;4,1419;4,0413;4,3887;4,9556;5,9431;6,2448;6,1351;5,4219;4,5716;3,2552;2,4866;2,0616;1,8717;1,7903;1,8446;2,1792;3,2823;3,4722;3,5626;3,5988;3,6169;3,8791;4,069;4,1051;4,0961;3,9966;4,3402;4,9008;5,8774;6,1758;6,0673;5,362;4,5211;2,8781;2,2478;1,8833;1,7314;1,6631;1,6783;1,9592;2,787;2,9768;2,9768;2,9844;2,9844;3,2274;3,4173;3,4629;3,4325;3,273;3,3641;3,6983;4,5944;5,1032;5,1715;4,6247;3,8046;2,7426;2,142;1,7946;1,6499;1,5848;1,5992;1,867;2,6557;2,8367;2,8367;2,8439;2,8439;3,0755;3,2564;3,2998;3,2708;3,1189;3,2057;3,5241;4,378;4,8628;4,928;4,4069;3,6254;2,386;1,8635;1,5613;1,4354;1,3787;1,3913;1,6242;2,3104;2,4678;2,4678;2,4741;2,4741;2,6756;2,833;2,8707;2,8456;2,7134;2,7889;3,0659;3,8088;4,2306;4,2872;3,8339;3,154;2,6443;2,1394;1,8176;1,6724;1,5904;1,5588;1,704;2,0953;2,3351;2,4045;2,4676;2,4865;2,7074;2,9031;2,9535;2,9031;2,7705;2,7453;2,8652;3,3827;3,8118;4,0517;3,8055;3,288;3,8648;3,1269;2,6565;2,4443;2,3244;2,2783;2,4904;3,0623;3,4128;3,5143;3,6065;3,6342;3,957;4,243;4,3167;4,243;4,0493;4,0124;4,1876;4,944;5,5712;5,9217;5,562;4,8056;3,332;2,6958;2,2902;2,1073;2,004;1,9642;2,1471;2,6401;2,9423;3,0298;3,1093;3,1332;3,4115;3,658;3,7216;3,658;3,491;3,4592;3,6103;4,2624;4,8031;5,1053;4,7952;4,1431;2,7723;2,243;1,9055;1,7533;1,6673;1,6342;1,7864;2,1966;2,4481;2,5208;2,587;2,6069;2,8384;3,0435;3,0965;3,0435;2,9046;2,8781;3,0038;3,5464;3,9963;4,2477;3,9897;3,4471;2,3351;1,8237;1,528;1,4047;1,3493;1,3616;1,5896;2,2611;2,4152;2,4152;2,4213;2,4213;2,6185;2,7725;2,8095;2,7848;2,6555;2,7294;3,0005;3,7275;4,1403;4,1957;3,7521;3,0867;2,7075;2,1146;1,7717;1,6288;1,5645;1,5788;1,8431;2,6218;2,8004;2,8004;2,8075;2,8075;3,0361;3,2147;3,2576;3,229;3,079;3,1647;3,479;4,322;4,8007;4,8649;4,3506;3,5791;3,0852;2,3568;1,954;1,774;1,6969;1,7483;2,0654;3,1109;3,2909;3,3766;3,4109;3,428;3,6766;3,8565;3,8908;3,8823;3,788;4,1136;4,645;5,5706;5,8534;5,7505;5,0821;4,285
19;168,43;15354,9381;1567,7392;1400,3704;1302,0988;1200,7562;1079,4522;1047,2068;1581,5586;1363,5185;1097,8781;1056,4197;1185,4012;1469,4676;1,8206;1,3907;1,153;1,0468;1,0013;1,0317;1,2188;1,8358;1,942;1,9925;2,0128;2,0229;2,1695;2,2758;2,296;2,2909;2,2353;2,4275;2,741;3,2872;3,4541;3,3934;2,9989;2,5286;1,8005;1,3754;1,1403;1,0353;0,9903;1,0203;1,2053;1,8155;1,9205;1,9705;1,9905;2,0005;2,1456;2,2506;2,2706;2,2656;2,2106;2,4006;2,7107;3,2509;3,4159;3,3559;2,9658;2,5007;1,5919;1,2433;1,0417;0,9577;0,9199;0,9283;1,0837;1,5415;1,6465;1,6465;1,6507;1,6507;1,7851;1,8901;1,9153;1,8985;1,8103;1,8607;2,0456;2,5412;2,8226;2,8604;2,558;2,1044;1,517;1,1847;0,9926;0,9126;0,8766;0,8846;1,0327;1,4689;1,569;1,569;1,573;1,573;1,7011;1,8011;1,8251;1,8091;1,7251;1,7731;1,9492;2,4215;2,6897;2,7257;2,4375;2,0053;1,3197;1,0307;0,8636;0,7939;0,7626;0,7695;0,8984;1,2779;1,365;1,365;1,3685;1,3685;1,4799;1,5669;1,5878;1,5739;1,5008;1,5426;1,6958;2,1067;2,34;2,3713;2,1206;1,7445;1,4626;1,1833;1,0053;0,925;0,8797;0,8622;0,9425;1,1589;1,2916;1,33;1,3649;1,3753;1,4975;1,6057;1,6336;1,6057;1,5324;1,5184;1,5848;1,871;2,1084;2,241;2,1049;1,8186;2,1377;1,7295;1,4693;1,352;1,2857;1,2601;1,3775;1,6938;1,8877;1,9438;1,9948;2,0101;2,1887;2,3468;2,3876;2,3468;2,2397;2,2193;2,3162;2,7346;3,0815;3,2754;3,0764;2,658;1,8429;1,4911;1,2668;1,1656;1,1084;1,0864;1,1876;1,4603;1,6274;1,6758;1,7198;1,733;1,8869;2,0233;2,0585;2,0233;1,9309;1,9133;1,9969;2,3576;2,6567;2,8238;2,6523;2,2916;1,5334;1,2406;1,054;0,9698;0,9222;0,9039;0,9881;1,215;1,354;1,3943;1,4309;1,4419;1,57;1,6834;1,7127;1,6834;1,6066;1,5919;1,6615;1,9615;2,2104;2,3495;2,2067;1,9066;1,2916;1,0087;0,8451;0,777;0,7463;0,7531;0,8792;1,2507;1,3359;1,3359;1,3393;1,3393;1,4483;1,5335;1,554;1,5403;1,4688;1,5097;1,6596;2,0617;2,29;2,3207;2,0754;1,7073;1,4976;1,1696;0,9799;0,9009;0,8653;0,8732;1,0194;1,4501;1,5489;1,5489;1,5529;1,5529;1,6793;1,7781;1,8018;1,786;1,703;1,7504;1,9243;2,3906;2,6553;2,6909;2,4064;1,9796;1,7065;1,3036;1,0808;0,9812;0,9386;0,967;1,1424;1,7207;1,8202;1,8676;1,8866;1,8961;2,0336;2,1331;2,1521;2,1473;2,0952;2,2753;2,5692;3,0811;3,2376;3,1807;2,8109;2,3701
20;178,27;277802,3905;28363,6241;25335,578;23557,6427;21724,1469;19529,5081;18946,123;28613,6462;24668,8523;19862,8709;19112,8045;21446,3445;26585,6888;32,9384;25,1613;20,861;18,9396;18,1161;18,6651;22,0504;33,2129;35,1343;36,0493;36,4152;36,5982;39,2516;41,173;41,539;41,4475;40,441;43,9179;49,5906;59,4721;62,4915;61,3935;54,2569;45,7478;32,5743;24,8832;20,6304;18,7302;17,9159;18,4588;21,8067;32,8458;34,7459;35,6508;36,0127;36,1937;38,8177;40,7179;41,0798;40,9893;39,994;43,4324;49,0424;58,8147;61,8007;60,7149;53,6571;45,2421;28,8011;22,4937;18,8461;17,3263;16,6423;16,7943;19,606;27,8892;29,789;29,789;29,865;29,865;32,2968;34,1966;34,6525;34,3486;32,7527;33,6646;37,0083;45,9754;51,0669;51,7508;46,2794;38,0722;27,4448;21,4345;17,9586;16,5104;15,8586;16,0035;18,6828;26,5759;28,3862;28,3862;28,4586;28,4586;30,7759;32,5862;33,0207;32,731;31,2104;32,0793;35,2655;43,8104;48,6621;49,3138;44,1;36,2793;23,8764;18,6475;15,6236;14,3636;13,7967;13,9226;16,2536;23,1204;24,6954;24,6954;24,7584;24,7584;26,7743;28,3493;28,7273;28,4753;27,1523;27,9083;30,6802;38,114;42,3349;42,9019;38,366;31,5622;26,4614;21,4091;18,1883;16,7357;15,9147;15,599;17,0515;20,967;23,3669;24,0616;24,6931;24,8826;27,093;29,0507;29,556;29,0507;27,7245;27,4719;28,6718;33,8504;38,1449;40,5447;38,0817;32,9031;38,6746;31,2904;26,583;24,4601;23,2601;22,7986;24,9216;30,6443;34,1518;35,1671;36,0901;36,367;39,5976;42,459;43,1974;42,459;40,5206;40,1514;41,9051;49,4739;55,7505;59,2579;55,6582;48,0894;33,3427;26,9766;22,9182;21,0879;20,0534;19,6555;21,4858;26,4195;29,4435;30,3188;31,1146;31,3533;34,1385;36,6054;37,242;36,6054;34,9343;34,616;36,1279;42,6532;48,0645;51,0884;47,9849;41,4596;27,7418;22,445;19,0684;17,5455;16,6848;16,3538;17,8766;21,9816;24,4975;25,2258;25,8879;26,0866;28,4039;30,4564;30,9861;30,4564;29,066;28,8012;30,0591;35,4883;39,9906;42,5065;39,9244;34,4952;23,3669;18,2496;15,2902;14,0572;13,5023;13,6256;15,9068;22,6271;24,1684;24,1684;24,2301;24,2301;26,203;27,7444;28,1143;27,8677;26,573;27,3128;30,0256;37,3008;41,4316;41,9865;37,5474;30,8888;27,0939;21,1604;17,729;16,2992;15,6558;15,7988;18,4439;26,236;28,0232;28,0232;28,0947;28,0947;30,3823;32,1695;32,5984;32,3125;30,8112;31,6691;34,8146;43,2501;48,0398;48,6832;43,5361;35,8154;30,8737;23,5841;19,5533;17,7524;16,9805;17,4951;20,6682;31,131;32,9319;33,7896;34,1326;34,3041;36,7912;38,5921;38,9352;38,8494;37,906;41,1649;46,4821;55,7442;58,5743;57,5452;50,8558;42,8801
21;172,85;24970,3657;2549,4743;2277,2974;2117,487;1952,6826;1755,4167;1702,9789;2571,9477;2217,3685;1785,3811;1717,9612;1927,7122;2389,664;2,9607;2,2616;1,8751;1,7024;1,6284;1,6777;1,982;2,9854;3,1581;3,2403;3,2732;3,2896;3,5281;3,7008;3,7337;3,7255;3,6351;3,9476;4,4575;5,3457;5,6171;5,5184;4,8769;4,1121;2,928;2,2366;1,8544;1,6836;1,6104;1,6592;1,9601;2,9524;3,1232;3,2045;3,237;3,2533;3,4891;3,6599;3,6925;3,6843;3,5949;3,9039;4,4082;5,2866;5,555;5,4574;4,823;4,0666;2,5888;2,0219;1,694;1,5574;1,4959;1,5096;1,7623;2,5068;2,6776;2,6776;2,6844;2,6844;2,903;3,0738;3,1148;3,0874;2,944;3,026;3,3265;4,1325;4,5902;4,6516;4,1598;3,4221;2,4669;1,9266;1,6142;1,484;1,4255;1,4385;1,6793;2,3888;2,5515;2,5515;2,558;2,558;2,7663;2,929;2,9681;2,942;2,8054;2,8835;3,1699;3,9379;4,374;4,4326;3,9639;3,261;2,1461;1,6761;1,4043;1,2911;1,2401;1,2514;1,461;2,0782;2,2198;2,2198;2,2254;2,2254;2,4066;2,5482;2,5822;2,5595;2,4406;2,5085;2,7577;3,4259;3,8053;3,8563;3,4485;2,837;2,3785;1,9244;1,6349;1,5043;1,4305;1,4021;1,5327;1,8846;2,1003;2,1628;2,2195;2,2366;2,4353;2,6112;2,6566;2,6112;2,492;2,4693;2,5772;3,0427;3,4287;3,6444;3,423;2,9575;3,4763;2,8125;2,3894;2,1986;2,0907;2,0493;2,2401;2,7545;3,0697;3,161;3,244;3,2689;3,5592;3,8164;3,8828;3,8164;3,6422;3,609;3,7667;4,447;5,0111;5,3264;5,0029;4,3225;2,997;2,4248;2,06;1,8955;1,8025;1,7667;1,9313;2,3747;2,6465;2,7252;2,7967;2,8182;3,0686;3,2903;3,3475;3,2903;3,1401;3,1115;3,2474;3,8339;4,3203;4,5921;4,3131;3,7266;2,4936;2,0175;1,714;1,5771;1,4997;1,47;1,6068;1,9758;2,202;2,2674;2,3269;2,3448;2,5531;2,7376;2,7852;2,7376;2,6126;2,5888;2,7019;3,1899;3,5946;3,8207;3,5886;3,1006;2,1003;1,6404;1,3744;1,2635;1,2137;1,2247;1,4298;2,0338;2,1724;2,1724;2,1779;2,1779;2,3553;2,4938;2,5271;2,5049;2,3885;2,455;2,6989;3,3528;3,7241;3,774;3,375;2,7764;2,4353;1,902;1,5936;1,4651;1,4072;1,4201;1,6578;2,3582;2,5189;2,5189;2,5253;2,5253;2,7309;2,8916;2,9301;2,9044;2,7695;2,8466;3,1293;3,8876;4,3181;4,3759;3,9133;3,2193;2,7751;2,1199;1,7576;1,5957;1,5263;1,5726;1,8578;2,7982;2,9601;3,0372;3,068;3,0834;3,307;3,4689;3,4997;3,492;3,4072;3,7001;4,1781;5,0106;5,265;5,1725;4,5712;3,8543
22;172,85;55780,1677;5695,1551;5087,1513;4730,1582;4362,0091;3921,3458;3804,2074;5745,3573;4953,2789;3988,282;3837,6755;4306,2289;5338,162;6,6137;5,0522;4,1887;3,8029;3,6376;3,7478;4,4275;6,6688;7,0546;7,2384;7,3118;7,3486;7,8814;8,2672;8,3406;8,3223;8,1202;8,8183;9,9573;11,9415;12,5477;12,3273;10,8943;9,1857;6,5406;4,9963;4,1424;3,7609;3,5973;3,7064;4,3786;6,5951;6,9767;7,1583;7,231;7,2674;7,7942;8,1758;8,2485;8,2303;8,0304;8,7208;9,8473;11,8095;12,409;12,191;10,7739;9,0842;5,783;4,5165;3,7841;3,479;3,3416;3,3721;3,9367;5,5999;5,9814;5,9814;5,9966;5,9966;6,4849;6,8664;6,9579;6,8969;6,5764;6,7595;7,4309;9,2314;10,2538;10,3911;9,2925;7,6445;5,5107;4,3038;3,6059;3,3151;3,1843;3,2133;3,7513;5,3362;5,6997;5,6997;5,7142;5,7142;6,1795;6,543;6,6303;6,5721;6,2668;6,4412;7,081;8,7967;9,7709;9,9018;8,8549;7,2846;4,7942;3,7443;3,1371;2,8841;2,7702;2,7955;3,2636;4,6424;4,9586;4,9586;4,9713;4,9713;5,376;5,6923;5,7682;5,7176;5,4519;5,6037;6,1603;7,6529;8,5005;8,6143;7,7035;6,3374;5,3132;4,2988;3,652;3,3604;3,1955;3,1321;3,4238;4,21;4,6919;4,8313;4,9582;4,9962;5,44;5,8331;5,9346;5,8331;5,5668;5,5161;5,757;6,7969;7,6591;8,141;7,6465;6,6066;7,7655;6,2828;5,3376;4,9114;4,6704;4,5778;5,004;6,1531;6,8574;7,0612;7,2466;7,3022;7,9508;8,5254;8,6736;8,5254;8,1362;8,062;8,4142;9,9339;11,1942;11,8984;11,1756;9,6559;6,6949;5,4167;4,6018;4,2343;4,0265;3,9466;4,3141;5,3048;5,912;6,0877;6,2475;6,2955;6,8547;7,35;7,4779;7,35;7,0145;6,9506;7,2542;8,5644;9,6509;10,2581;9,6349;8,3247;5,5703;4,5068;3,8288;3,523;3,3502;3,2837;3,5895;4,4137;4,9189;5,0651;5,1981;5,2379;5,7032;6,1154;6,2217;6,1154;5,8362;5,783;6,0356;7,1257;8,0297;8,5349;8,0164;6,9263;4,6919;3,6644;3,0701;2,8225;2,7111;2,7359;3,1939;4,5433;4,8528;4,8528;4,8652;4,8652;5,2613;5,5708;5,6451;5,5956;5,3356;5,4842;6,0289;7,4897;8,3191;8,4305;7,5392;6,2022;5,4402;4,2488;3,5598;3,2727;3,1435;3,1723;3,7034;5,268;5,6268;5,6268;5,6412;5,6412;6,1005;6,4593;6,5455;6,4881;6,1866;6,3589;6,9904;8,6842;9,646;9,7751;8,7416;7,1914;6,1992;4,7355;3,9261;3,5645;3,4095;3,5129;4,15;6,2508;6,6124;6,7846;6,8535;6,888;7,3873;7,7489;7,8178;7,8006;7,6112;8,2655;9,3332;11,1929;11,7612;11,5545;10,2114;8,6099
23;168,43;21035,669;2147,7418;1918,453;1783,8247;1644,9893;1478,8075;1434,6326;2166,6739;1867,9674;1504,0503;1447,254;1623,9536;2013,1135;2,4942;1,9053;1,5796;1,4341;1,3718;1,4134;1,6697;2,5149;2,6604;2,7297;2,7574;2,7713;2,9722;3,1177;3,1454;3,1385;3,0623;3,3255;3,7551;4,5033;4,732;4,6488;4,1084;3,4641;2,4666;1,8842;1,5622;1,4183;1,3566;1,3977;1,6512;2,4871;2,631;2,6995;2,7269;2,7406;2,9393;3,0832;3,1106;3,1038;3,0284;3,2888;3,7136;4,4536;4,6797;4,5974;4,063;3,4258;2,1809;1,7033;1,4271;1,312;1,2602;1,2717;1,4846;2,1118;2,2557;2,2557;2,2614;2,2614;2,4456;2,5894;2,6239;2,6009;2,4801;2,5491;2,8023;3,4813;3,8669;3,9187;3,5044;2,8829;2,0782;1,6231;1,3599;1,2502;1,2008;1,2118;1,4147;2,0124;2,1495;2,1495;2,1549;2,1549;2,3304;2,4675;2,5004;2,4785;2,3633;2,4291;2,6704;3,3174;3,6848;3,7341;3,3393;2,7471;1,808;1,412;1,183;1,0876;1,0447;1,0542;1,2307;1,7507;1,87;1,87;1,8747;1,8747;2,0274;2,1467;2,1753;2,1562;2,056;2,1133;2,3232;2,8861;3,2057;3,2486;2,9051;2,3899;2,0037;1,6211;1,3772;1,2673;1,2051;1,1812;1,2912;1,5877;1,7694;1,822;1,8698;1,8842;2,0515;2,1998;2,238;2,1998;2,0993;2,0802;2,1711;2,5632;2,8884;3,0701;2,8836;2,4915;2,9285;2,3694;2,0129;1,8522;1,7613;1,7263;1,8871;2,3204;2,586;2,6629;2,7328;2,7538;2,9984;3,2151;3,271;3,2151;3,0683;3,0403;3,1731;3,7462;4,2215;4,4871;4,2145;3,6414;2,5248;2,0427;1,7354;1,5968;1,5185;1,4883;1,6269;2,0005;2,2295;2,2958;2,356;2,3741;2,585;2,7718;2,82;2,7718;2,6453;2,6212;2,7357;3,2298;3,6395;3,8685;3,6335;3,1394;2,1007;1,6996;1,4439;1,3286;1,2634;1,2383;1,3536;1,6645;1,855;1,9101;1,9603;1,9753;2,1508;2,3062;2,3463;2,3062;2,2009;2,1809;2,2761;2,6872;3,0282;3,2187;3,0231;2,612;1,7694;1,3819;1,1578;1,0644;1,0224;1,0318;1,2045;1,7134;1,8301;1,8301;1,8347;1,8347;1,9841;2,1009;2,1289;2,1102;2,0121;2,0682;2,2736;2,8245;3,1373;3,1793;2,8432;2,3389;2,0516;1,6023;1,3425;1,2342;1,1855;1,1963;1,3966;1,9866;2,122;2,122;2,1274;2,1274;2,3006;2,4359;2,4684;2,4468;2,3331;2,398;2,6362;3,275;3,6377;3,6864;3,2966;2,712;2,3378;1,7858;1,4806;1,3442;1,2858;1,3248;1,565;2,3573;2,4937;2,5586;2,5846;2,5976;2,7859;2,9223;2,9482;2,9417;2,8703;3,1171;3,5197;4,221;4,4353;4,3574;3,8509;3,247
24;168,43;24585,5008;2510,1796;2242,1977;2084,8505;1922,5862;1728,3607;1676,7312;2532,3066;2183,1925;1757,8633;1691,4825;1898,0007;2352,8324;2,915;2,2268;1,8462;1,6762;1,6033;1,6519;1,9515;2,9393;3,1094;3,1904;3,2227;3,2389;3,4738;3,6438;3,6762;3,6681;3,579;3,8867;4,3888;5,2633;5,5305;5,4333;4,8017;4,0487;2,8828;2,2022;1,8258;1,6576;1,5856;1,6336;1,9299;2,9068;3,075;3,1551;3,1871;3,2031;3,4354;3,6035;3,6356;3,6276;3,5395;3,8438;4,3403;5,2051;5,4694;5,3733;4,7487;4,0039;2,5489;1,9907;1,6679;1,5334;1,4728;1,4863;1,7351;2,4682;2,6363;2,6363;2,6431;2,6431;2,8583;3,0264;3,0667;3,0398;2,8986;2,9793;3,2752;4,0688;4,5194;4,5799;4,0957;3,3694;2,4289;1,897;1,5893;1,4612;1,4035;1,4163;1,6534;2,352;2,5122;2,5122;2,5186;2,5186;2,7237;2,8839;2,9223;2,8967;2,7621;2,839;3,121;3,8772;4,3066;4,3643;3,9028;3,2107;2,1131;1,6503;1,3827;1,2712;1,221;1,2322;1,4384;2,0462;2,1855;2,1855;2,1911;2,1911;2,3695;2,5089;2,5424;2,5201;2,403;2,4699;2,7152;3,3731;3,7466;3,7968;3,3954;2,7933;2,3418;1,8947;1,6097;1,4811;1,4085;1,3805;1,5091;1,8556;2,068;2,1294;2,1853;2,2021;2,3977;2,571;2,6157;2,571;2,4536;2,4313;2,5375;2,9958;3,3758;3,5882;3,3702;2,9119;3,4227;2,7692;2,3526;2,1647;2,0585;2,0177;2,2056;2,712;3,0224;3,1123;3,194;3,2185;3,5044;3,7576;3,823;3,7576;3,5861;3,5534;3,7086;4,3784;4,9339;5,2443;4,9257;4,2559;2,9508;2,3874;2,0283;1,8663;1,7747;1,7395;1,9015;2,3381;2,6057;2,6832;2,7536;2,7748;3,0213;3,2396;3,2959;3,2396;3,0917;3,0635;3,1973;3,7748;4,2537;4,5213;4,2467;3,6692;2,4551;1,9864;1,6875;1,5528;1,4766;1,4473;1,5821;1,9454;2,168;2,2325;2,2911;2,3087;2,5137;2,6954;2,7423;2,6954;2,5723;2,5489;2,6602;3,1407;3,5392;3,7618;3,5333;3,0528;2,068;1,6151;1,3532;1,2441;1,195;1,2059;1,4077;2,0025;2,1389;2,1389;2,1444;2,1444;2,319;2,4554;2,4881;2,4663;2,3517;2,4172;2,6573;3,3011;3,6667;3,7158;3,3229;2,7337;2,3978;1,8727;1,569;1,4425;1,3855;1,3982;1,6323;2,3219;2,4801;2,4801;2,4864;2,4864;2,6888;2,847;2,885;2,8597;2,7268;2,8027;3,0811;3,8276;4,2515;4,3085;3,8529;3,1697;2,7323;2,0872;1,7305;1,5711;1,5028;1,5483;1,8291;2,7551;2,9145;2,9904;3,0207;3,0359;3,256;3,4154;3,4458;3,4382;3,3547;3,6431;4,1137;4,9334;5,1838;5,0927;4,5007;3,7949
25;172,85;59095,8014;6033,6813;5389,5371;5011,324;4621,2917;4154,4348;4030,3337;6086,8675;5247,7072;4225,3498;4065,7911;4562,1959;5655,4682;7,0069;5,3525;4,4377;4,0289;3,8538;3,9706;4,6907;7,0652;7,474;7,6686;7,7465;7,7854;8,3498;8,7586;8,8364;8,817;8,6029;9,3425;10,5492;12,6513;13,2936;13,06;11,5418;9,7317;6,9294;5,2933;4,3886;3,9844;3,8112;3,9267;4,6389;6,9871;7,3914;7,5838;7,6608;7,6993;8,2575;8,6618;8,7387;8,7195;8,5078;9,2392;10,4326;12,5114;13,1466;12,9156;11,4143;9,6242;6,1267;4,785;4,0091;3,6857;3,5403;3,5726;4,1707;5,9328;6,3369;6,3369;6,3531;6,3531;6,8704;7,2745;7,3715;7,3068;6,9674;7,1613;7,8726;9,7802;10,8633;11,0087;9,8448;8,0989;5,8382;4,5597;3,8203;3,5122;3,3735;3,4044;3,9743;5,6534;6,0385;6,0385;6,0539;6,0539;6,5468;6,9319;7,0244;6,9627;6,6393;6,8241;7,5019;9,3196;10,3517;10,4903;9,3812;7,7176;5,0791;3,9668;3,3235;3,0555;2,9349;2,9617;3,4576;4,9183;5,2533;5,2533;5,2668;5,2668;5,6956;6,0306;6,111;6,0574;5,776;5,9368;6,5265;8,1078;9,0057;9,1264;8,1615;6,7141;5,629;4,5543;3,8691;3,5601;3,3855;3,3183;3,6273;4,4602;4,9707;5,1185;5,2529;5,2932;5,7634;6,1798;6,2873;6,1798;5,8977;5,844;6,0992;7,2009;8,1144;8,6249;8,101;6,9993;8,2271;6,6563;5,6549;5,2033;4,948;4,8499;5,3015;6,5188;7,265;7,481;7,6773;7,7362;8,4234;9,0321;9,1892;9,0321;8,6198;8,5412;8,9143;10,5244;11,8596;12,6057;11,8399;10,2299;7,0929;5,7386;4,8753;4,4859;4,2659;4,1812;4,5706;5,6201;6,2634;6,4496;6,6189;6,6697;7,2621;7,7869;7,9223;7,7869;7,4314;7,3637;7,6854;9,0735;10,2246;10,8678;10,2076;8,8195;5,9014;4,7746;4,0563;3,7324;3,5493;3,4789;3,8028;4,6761;5,2113;5,3662;5,507;5,5493;6,0423;6,4789;6,5915;6,4789;6,1831;6,1268;6,3944;7,5493;8,507;9,0422;8,493;7,338;4,9708;3,8822;3,2526;2,9903;2,8723;2,8985;3,3838;4,8134;5,1413;5,1413;5,1544;5,1544;5,5741;5,902;5,9806;5,9282;5,6528;5,8101;6,3872;7,9349;8,8136;8,9316;7,9873;6,5708;5,7636;4,5014;3,7714;3,4673;3,3304;3,3608;3,9235;5,5811;5,9613;5,9613;5,9765;5,9765;6,4631;6,8433;6,9345;6,8737;6,5544;6,7368;7,406;9,2004;10,2193;10,3562;9,2613;7,6189;6,5676;5,0169;4,1595;3,7764;3,6122;3,7217;4,3967;6,6224;7,0055;7,1879;7,2609;7,2974;7,8264;8,2096;8,2825;8,2643;8,0636;8,7569;9,8879;11,8582;12,4603;12,2414;10,8184;9,1217
26;168,43;10682,7501;1090,7088;974,2668;905,8972;835,3911;750,9973;728,5636;1100,3233;948,6282;763,8166;734,9732;824,7083;1022,3392;1,2666;0,9676;0,8022;0,7283;0,6966;0,7178;0,8479;1,2772;1,3511;1,3863;1,4003;1,4074;1,5094;1,5833;1,5974;1,5938;1,5551;1,6888;1,907;2,287;2,4031;2,3609;2,0864;1,7592;1,2526;0,9569;0,7933;0,7203;0,6889;0,7098;0,8386;1,2631;1,3361;1,3709;1,3849;1,3918;1,4927;1,5658;1,5797;1,5762;1,5379;1,6702;1,8859;2,2617;2,3765;2,3348;2,0634;1,7398;1,1075;0,865;0,7247;0,6663;0,64;0,6458;0,7539;1,0725;1,1455;1,1455;1,1484;1,1484;1,242;1,315;1,3325;1,3209;1,2595;1,2946;1,4231;1,768;1,9638;1,9901;1,7796;1,464;1,0554;0,8243;0,6906;0,6349;0,6098;0,6154;0,7184;1,022;1,0916;1,0916;1,0944;1,0944;1,1835;1,2531;1,2698;1,2587;1,2002;1,2336;1,3561;1,6847;1,8713;1,8963;1,6958;1,3951;0,9182;0,7171;0,6008;0,5523;0,5305;0,5354;0,625;0,8891;0,9496;0,9496;0,9521;0,9521;1,0296;1,0902;1,1047;1,095;1,0441;1,0732;1,1798;1,4657;1,628;1,6498;1,4753;1,2137;1,0176;0,8233;0,6994;0,6436;0,612;0,5999;0,6557;0,8063;0,8986;0,9253;0,9496;0,9568;1,0418;1,1171;1,1366;1,1171;1,0661;1,0564;1,1026;1,3017;1,4668;1,5591;1,4644;1,2653;1,4872;1,2033;1,0222;0,9406;0,8945;0,8767;0,9583;1,1784;1,3133;1,3523;1,3878;1,3985;1,5227;1,6327;1,6611;1,6327;1,5582;1,544;1,6114;1,9025;2,1439;2,2787;2,1403;1,8493;1,2822;1,0374;0,8813;0,8109;0,7711;0,7558;0,8262;1,016;1,1322;1,1659;1,1965;1,2057;1,3128;1,4076;1,4321;1,4076;1,3434;1,3311;1,3893;1,6402;1,8483;1,9646;1,8452;1,5943;1,0668;0,8631;0,7333;0,6747;0,6416;0,6289;0,6874;0,8453;0,942;0,97;0,9955;1,0031;1,0923;1,1712;1,1916;1,1712;1,1177;1,1075;1,1559;1,3647;1,5378;1,6346;1,5353;1,3265;0,8986;0,7018;0,588;0,5406;0,5192;0,524;0,6117;0,8701;0,9294;0,9294;0,9318;0,9318;1,0076;1,0669;1,0811;1,0716;1,0218;1,0503;1,1546;1,4344;1,5932;1,6146;1,4439;1,1878;1,0419;0,8137;0,6818;0,6268;0,602;0,6075;0,7092;1,0089;1,0776;1,0776;1,0804;1,0804;1,1683;1,2371;1,2536;1,2426;1,1848;1,2178;1,3388;1,6632;1,8473;1,8721;1,6742;1,3773;1,1872;0,9069;0,7519;0,6827;0,653;0,6728;0,7948;1,1971;1,2664;1,2994;1,3126;1,3191;1,4148;1,484;1,4972;1,4939;1,4577;1,583;1,7874;2,1436;2,2524;2,2129;1,9556;1,6489
27;172,85;3896,4993;397,8326;355,3607;330,4231;304,7062;273,9239;265,7413;401,3394;346,0091;278,5997;268,0792;300,8097;372,895;0,462;0,3529;0,2926;0,2656;0,2541;0,2618;0,3093;0,4658;0,4928;0,5056;0,5108;0,5133;0,5505;0,5775;0,5826;0,5813;0,5672;0,616;0,6956;0,8342;0,8765;0,8611;0,761;0,6417;0,4569;0,349;0,2894;0,2627;0,2513;0,2589;0,3059;0,4607;0,4874;0,5;0,5051;0,5077;0,5445;0,5711;0,5762;0,5749;0,561;0,6092;0,6879;0,8249;0,8668;0,8516;0,7526;0,6346;0,404;0,3155;0,2643;0,243;0,2334;0,2356;0,275;0,3912;0,4178;0,4178;0,4189;0,4189;0,453;0,4796;0,486;0,4818;0,4594;0,4722;0,5191;0,6449;0,7163;0,7259;0,6491;0,534;0,3849;0,3006;0,2519;0,2316;0,2224;0,2245;0,262;0,3728;0,3981;0,3981;0,3992;0,3992;0,4317;0,4571;0,4632;0,4591;0,4378;0,4499;0,4946;0,6145;0,6825;0,6917;0,6186;0,5089;0,3349;0,2616;0,2191;0,2015;0,1935;0,1953;0,228;0,3243;0,3464;0,3464;0,3473;0,3473;0,3755;0,3976;0,4029;0,3994;0,3808;0,3914;0,4303;0,5346;0,5938;0,6017;0,5381;0,4427;0,3712;0,3003;0,2551;0,2347;0,2232;0,2188;0,2392;0,2941;0,3277;0,3375;0,3463;0,349;0,38;0,4075;0,4146;0,4075;0,3889;0,3853;0,4022;0,4748;0,535;0,5687;0,5341;0,4615;0,5425;0,4389;0,3729;0,3431;0,3263;0,3198;0,3496;0,4298;0,479;0,4933;0,5062;0,5101;0,5554;0,5955;0,6059;0,5955;0,5683;0,5632;0,5878;0,6939;0,782;0,8312;0,7807;0,6745;0,4677;0,3784;0,3215;0,2958;0,2813;0,2757;0,3014;0,3706;0,413;0,4253;0,4364;0,4398;0,4788;0,5134;0,5224;0,5134;0,49;0,4855;0,5067;0,5983;0,6742;0,7166;0,673;0,5815;0,3891;0,3148;0,2675;0,2461;0,234;0,2294;0,2507;0,3083;0,3436;0,3538;0,3631;0,3659;0,3984;0,4272;0,4346;0,4272;0,4077;0,404;0,4216;0,4978;0,5609;0,5962;0,56;0,4838;0,3277;0,256;0,2145;0,1972;0,1894;0,1911;0,2231;0,3174;0,339;0,339;0,3399;0,3399;0,3675;0,3891;0,3943;0,3909;0,3727;0,3831;0,4211;0,5232;0,5811;0,5889;0,5266;0,4333;0,38;0,2968;0,2487;0,2286;0,2196;0,2216;0,2587;0,368;0,3931;0,3931;0,3941;0,3941;0,4261;0,4512;0,4572;0,4532;0,4322;0,4442;0,4883;0,6066;0,6738;0,6828;0,6106;0,5024;0,433;0,3308;0,2743;0,249;0,2382;0,2454;0,2899;0,4366;0,4619;0,4739;0,4787;0,4812;0,516;0,5413;0,5461;0,5449;0,5317;0,5774;0,652;0,7819;0,8216;0,8071;0,7133;0,6014
28;172,85;62195,3212;6350,1423;5672,2133;5274,1632;4863,6741;4372,3311;4241,7209;6406,1181;5522,9445;4446,9655;4279,0381;4801,4788;5952,0922;7,3744;5,6332;4,6704;4,2403;4,0559;4,1788;4,9367;7,4358;7,866;8,0708;8,1528;8,1937;8,7878;9,2179;9,2999;9,2794;9,0541;9,8325;11,1025;13,3148;13,9908;13,745;12,1472;10,2422;7,2928;5,5709;4,6188;4,1934;4,0111;4,1326;4,8822;7,3536;7,779;7,9816;8,0626;8,1032;8,6906;9,1161;9,1971;9,1768;8,954;9,7238;10,9798;13,1676;13,8361;13,5931;12,0129;10,129;6,4481;5,036;4,2193;3,8791;3,7259;3,76;4,3895;6,2439;6,6693;6,6693;6,6863;6,6863;7,2307;7,656;7,7581;7,6901;7,3328;7,5369;8,2855;10,2931;11,433;11,5861;10,3612;8,5237;6,1444;4,7988;4,0206;3,6964;3,5505;3,5829;4,1828;5,9499;6,3552;6,3552;6,3714;6,3714;6,8902;7,2955;7,3928;7,3279;6,9875;7,182;7,8954;9,8084;10,8946;11,0405;9,8733;8,1223;5,3455;4,1749;3,4979;3,2158;3,0888;3,117;3,6389;5,1763;5,5289;5,5289;5,543;5,543;5,9943;6,3469;6,4316;6,3751;6,079;6,2482;6,8688;8,5331;9,4781;9,605;8,5895;7,0663;5,9243;4,7931;4,0721;3,7469;3,563;3,4924;3,8175;4,6942;5,2315;5,387;5,5284;5,5708;6,0657;6,504;6,6171;6,504;6,2071;6,1505;6,4191;7,5785;8,54;9,0773;8,5259;7,3665;8,6586;7,0054;5,9515;5,4762;5,2076;5,1042;5,5795;6,8607;7,646;7,8733;8,08;8,142;8,8652;9,5059;9,6712;9,5059;9,0719;8,9892;9,3819;11,0764;12,4816;13,2669;12,4609;10,7664;7,4649;6,0396;5,131;4,7212;4,4896;4,4005;4,8103;5,9149;6,5919;6,7879;6,966;7,0195;7,643;8,1953;8,3379;8,1953;7,8212;7,7499;8,0884;9,5493;10,7608;11,4378;10,743;9,2821;6,2109;5,0251;4,2691;3,9282;3,7355;3,6613;4,0023;4,9213;5,4846;5,6476;5,7959;5,8403;6,3592;6,8187;6,9373;6,8187;6,5074;6,4481;6,7297;7,9452;8,9532;9,5165;8,9384;7,7229;5,2315;4,0858;3,4232;3,1472;3,0229;3,0505;3,5613;5,0658;5,4109;5,4109;5,4247;5,4247;5,8664;6,2115;6,2943;6,2391;5,9492;6,1149;6,7222;8,351;9,2759;9,4001;8,4062;6,9155;6,0659;4,7375;3,9692;3,6491;3,5051;3,5371;4,1293;5,8738;6,2739;6,2739;6,2899;6,2899;6,8021;7,2022;7,2982;7,2342;6,8981;7,0902;7,7944;9,683;10,7553;10,8994;9,747;8,0185;6,9121;5,2801;4,3777;3,9745;3,8017;3,9169;4,6273;6,9697;7,3729;7,5649;7,6417;7,6801;8,2369;8,6401;8,7169;8,6977;8,4865;9,2161;10,4066;12,4802;13,1138;12,8834;11,3858;9,6001
29;172,85;50347,3739;5140,4669;4591,6805;4269,4573;3937,1646;3539,4204;3433,6909;5185,7795;4470,8468;3599,8372;3463,8993;3886,8173;4818,2437;5,9696;4,5601;3,7807;3,4325;3,2833;3,3828;3,9963;6,0193;6,3675;6,5334;6,5997;6,6329;7,1137;7,462;7,5283;7,5117;7,3293;7,9594;8,9875;10,7784;11,3256;11,1266;9,8332;8,2911;5,9036;4,5097;3,7389;3,3946;3,247;3,3454;3,9521;5,9528;6,2972;6,4612;6,5267;6,5595;7,0351;7,3795;7,4451;7,4287;7,2483;7,8715;8,8882;10,6593;11,2004;11,0036;9,7245;8,1994;5,2198;4,0766;3,4156;3,1401;3,0162;3,0437;3,5533;5,0545;5,3988;5,3988;5,4126;5,4126;5,8533;6,1976;6,2802;6,2251;5,9359;6,1012;6,7072;8,3323;9,2551;9,379;8,3874;6,9;4,974;3,8847;3,2547;2,9922;2,8741;2,9004;3,386;4,8165;5,1446;5,1446;5,1577;5,1577;5,5776;5,9057;5,9845;5,932;5,6564;5,8139;6,3913;7,9399;8,8192;8,9374;7,9924;6,5751;4,3272;3,3796;2,8315;2,6032;2,5004;2,5233;2,9457;4,1902;4,4757;4,4757;4,4871;4,4871;4,8524;5,1379;5,2064;5,1607;4,9209;5,0579;5,5603;6,9076;7,6725;7,7753;6,9532;5,7202;4,7957;3,8801;3,2963;3,0331;2,8843;2,8271;3,0903;3,8;4,2349;4,3608;4,4752;4,5096;4,9102;5,265;5,3566;5,265;5,0246;4,9789;5,1963;6,1349;6,9132;7,3481;6,9017;5,9632;7,0092;5,6709;4,8178;4,433;4,2155;4,1319;4,5166;5,5538;6,1895;6,3735;6,5408;6,591;7,1764;7,695;7,8289;7,695;7,3437;7,2768;7,5947;8,9664;10,1039;10,7396;10,0872;8,7155;6,0429;4,8891;4,1536;3,8219;3,6344;3,5623;3,894;4,7881;5,3362;5,4948;5,639;5,6823;6,1871;6,6342;6,7495;6,6342;6,3313;6,2736;6,5476;7,7302;8,7109;9,259;8,6965;7,5139;5,0278;4,0678;3,4558;3,1799;3,0239;2,9639;3,2399;3,9838;4,4398;4,5718;4,6918;4,7278;5,1478;5,5198;5,6157;5,5198;5,2678;5,2198;5,4478;6,4317;7,2477;7,7037;7,2357;6,2517;4,2349;3,3075;2,7711;2,5476;2,4471;2,4694;2,8829;4,1008;4,3802;4,3802;4,3913;4,3913;4,7489;5,0282;5,0953;5,0506;4,8159;4,95;5,4417;6,7602;7,5088;7,6094;6,8049;5,5981;4,9103;3,835;3,2131;2,954;2,8374;2,8633;3,3427;4,7549;5,0788;5,0788;5,0917;5,0917;5,5063;5,8302;5,908;5,8561;5,5841;5,7395;6,3096;7,8384;8,7065;8,8231;7,8902;6,491;5,5954;4,2742;3,5437;3,2173;3,0775;3,1707;3,7458;5,642;5,9684;6,1238;6,186;6,2171;6,6678;6,9942;7,0564;7,0409;6,8699;7,4605;8,4242;10,1028;10,6157;10,4292;9,2168;7,7714
30;172,85;10767,8147;1099,3939;982,0247;913,1107;842,0431;756,9774;734,365;1109,0849;956,1819;769,8987;740,8257;831,2753;1030,4799;1,2767;0,9753;0,8086;0,7341;0,7022;0,7235;0,8547;1,2874;1,3618;1,3973;1,4115;1,4186;1,5214;1,5959;1,6101;1,6065;1,5675;1,7023;1,9222;2,3052;2,4222;2,3797;2,103;1,7732;1,2626;0,9645;0,7996;0,726;0,6944;0,7155;0,8452;1,2731;1,3468;1,3818;1,3959;1,4029;1,5046;1,5783;1,5923;1,5888;1,5502;1,6835;1,9009;2,2797;2,3954;2,3534;2,0798;1,7536;1,1164;0,8719;0,7305;0,6716;0,6451;0,651;0,7599;1,081;1,1546;1,1546;1,1576;1,1576;1,2518;1,3255;1,3432;1,3314;1,2695;1,3049;1,4345;1,782;1,9794;2,0059;1,7938;1,4757;1,0638;0,8308;0,6961;0,64;0,6147;0,6203;0,7242;1,0301;1,1003;1,1003;1,1031;1,1031;1,1929;1,2631;1,2799;1,2687;1,2097;1,2434;1,3669;1,6981;1,8862;1,9114;1,7093;1,4062;0,9255;0,7228;0,6056;0,5567;0,5348;0,5397;0,63;0,8962;0,9572;0,9572;0,9597;0,9597;1,0378;1,0988;1,1135;1,1037;1,0524;1,0817;1,1892;1,4773;1,6409;1,6629;1,4871;1,2234;1,0257;0,8298;0,705;0,6487;0,6169;0,6046;0,6609;0,8127;0,9057;0,9326;0,9571;0,9645;1,0501;1,126;1,1456;1,126;1,0746;1,0648;1,1113;1,3121;1,4785;1,5715;1,4761;1,2753;1,4991;1,2128;1,0304;0,9481;0,9016;0,8837;0,966;1,1878;1,3237;1,3631;1,3989;1,4096;1,5348;1,6457;1,6744;1,6457;1,5706;1,5563;1,6243;1,9176;2,1609;2,2969;2,1573;1,864;1,2924;1,0456;0,8883;0,8174;0,7773;0,7619;0,8328;1,024;1,1412;1,1752;1,206;1,2153;1,3232;1,4189;1,4435;1,4189;1,3541;1,3417;1,4003;1,6533;1,863;1,9802;1,8599;1,607;1,0753;0,87;0,7391;0,6801;0,6467;0,6339;0,6929;0,852;0,9495;0,9778;1,0034;1,0111;1,101;1,1805;1,201;1,1805;1,1266;1,1164;1,1651;1,3756;1,5501;1,6476;1,5475;1,3371;0,9057;0,7074;0,5927;0,5449;0,5234;0,5281;0,6166;0,877;0,9368;0,9368;0,9392;0,9392;1,0156;1,0754;1,0897;1,0802;1,03;1,0587;1,1638;1,4458;1,6059;1,6274;1,4554;1,1973;1,0502;0,8202;0,6872;0,6318;0,6068;0,6124;0,7149;1,0169;1,0862;1,0862;1,089;1,089;1,1776;1,2469;1,2635;1,2525;1,1943;1,2275;1,3494;1,6764;1,8621;1,887;1,6875;1,3882;1,1967;0,9141;0,7579;0,6881;0,6582;0,6781;0,8011;1,2067;1,2765;1,3097;1,323;1,3297;1,4261;1,4959;1,5092;1,5058;1,4693;1,5956;1,8017;2,1607;2,2704;2,2305;1,9712;1,6621
31;172,85;19546,9349;1995,7421;1782,6805;1657,5801;1528,5703;1374,1495;1333,101;2013,3343;1735,7678;1397,6058;1344,8291;1509,0234;1870,6417;2,3176;1,7704;1,4678;1,3326;1,2747;1,3133;1,5515;2,3369;2,4721;2,5365;2,5623;2,5752;2,7618;2,897;2,9228;2,9164;2,8455;3,0902;3,4893;4,1846;4,3971;4,3198;3,8177;3,2189;2,292;1,7508;1,4516;1,3179;1,2606;1,2988;1,5344;2,3111;2,4448;2,5085;2,534;2,5467;2,7313;2,865;2,8905;2,8841;2,8141;3,056;3,4508;4,1384;4,3485;4,2721;3,7755;3,1834;2,0265;1,5827;1,3261;1,2191;1,171;1,1817;1,3795;1,9624;2,096;2,096;2,1014;2,1014;2,2725;2,4062;2,4382;2,4169;2,3046;2,3687;2,604;3,235;3,5932;3,6413;3,2563;2,6789;1,9311;1,5082;1,2636;1,1617;1,1159;1,126;1,3146;1,87;1,9973;1,9973;2,0024;2,0024;2,1655;2,2929;2,3234;2,303;2,196;2,2572;2,4814;3,0826;3,424;3,4699;3,103;2,5527;1,68;1,3121;1,0993;1,0107;0,9708;0,9796;1,1436;1,6268;1,7376;1,7376;1,7421;1,7421;1,8839;1,9947;2,0213;2,0036;1,9105;1,9637;2,1587;2,6818;2,9788;3,0187;2,6995;2,2208;1,8619;1,5064;1,2798;1,1776;1,1198;1,0976;1,1998;1,4753;1,6442;1,693;1,7375;1,7508;1,9063;2,0441;2,0796;2,0441;1,9508;1,933;2,0174;2,3818;2,684;2,8528;2,6795;2,3152;2,7212;2,2017;1,8705;1,7211;1,6366;1,6042;1,7535;2,1562;2,403;2,4745;2,5394;2,5589;2,7862;2,9875;3,0395;2,9875;2,8511;2,8252;2,9486;3,4811;3,9228;4,1696;3,9163;3,3837;2,3461;1,8981;1,6126;1,4838;1,411;1,383;1,5118;1,859;2,0717;2,1333;2,1893;2,2061;2,4021;2,5757;2,6204;2,5757;2,4581;2,4357;2,5421;3,0012;3,3819;3,5947;3,3763;2,9172;1,952;1,5793;1,3417;1,2346;1,174;1,1507;1,2578;1,5467;1,7237;1,775;1,8215;1,8355;1,9986;2,143;2,1803;2,143;2,0452;2,0265;2,115;2,4971;2,8138;2,9909;2,8092;2,4272;1,6442;1,2841;1,0759;0,9891;0,9501;0,9587;1,1192;1,5921;1,7006;1,7006;1,7049;1,7049;1,8437;1,9522;1,9782;1,9608;1,8697;1,9218;2,1127;2,6246;2,9152;2,9543;2,6419;2,1734;1,9064;1,4889;1,2475;1,1469;1,1016;1,1116;1,2978;1,846;1,9718;1,9718;1,9768;1,9768;2,1378;2,2635;2,2937;2,2736;2,168;2,2283;2,4496;3,0432;3,3802;3,4255;3,0633;2,5201;2,1724;1,6594;1,3758;1,2491;1,1948;1,231;1,4543;2,1905;2,3172;2,3775;2,4017;2,4137;2,5887;2,7154;2,7396;2,7336;2,6672;2,8965;3,2706;3,9223;4,1214;4,049;3,5784;3,0172
32;168,43;25766,0286;2630,7115;2349,8618;2184,9592;2014,9034;1811,3518;1757,2432;2653,9009;2288,0233;1842,271;1772,7028;1989,1374;2465,8089;3,055;2,3337;1,9348;1,7566;1,6803;1,7312;2,0452;3,0805;3,2587;3,3435;3,3775;3,3945;3,6406;3,8188;3,8527;3,8442;3,7509;4,0734;4,5995;5,516;5,7961;5,6942;5,0323;4,2431;3,0213;2,3079;1,9135;1,7372;1,6617;1,712;2,0226;3,0464;3,2227;3,3066;3,3402;3,3569;3,6003;3,7766;3,8101;3,8017;3,7094;4,0283;4,5487;5,455;5,732;5,6313;4,9767;4,1962;2,6713;2,0863;1,748;1,607;1,5436;1,5577;1,8184;2,5867;2,7629;2,7629;2,77;2,77;2,9955;3,1717;3,214;3,1858;3,0378;3,1224;3,4325;4,2642;4,7364;4,7999;4,2924;3,5312;2,5455;1,988;1,6657;1,5313;1,4709;1,4843;1,7328;2,4649;2,6328;2,6328;2,6395;2,6395;2,8544;3,0224;3,0627;3,0358;2,8947;2,9753;3,2709;4,0634;4,5134;4,5738;4,0903;3,3649;2,2145;1,7295;1,4491;1,3322;1,2796;1,2913;1,5075;2,1444;2,2905;2,2905;2,2963;2,2963;2,4833;2,6294;2,6644;2,6411;2,5184;2,5885;2,8456;3,5351;3,9265;3,9791;3,5584;2,9274;2,4543;1,9857;1,687;1,5522;1,4761;1,4468;1,5815;1,9447;2,1673;2,2317;2,2903;2,3078;2,5129;2,6944;2,7413;2,6944;2,5714;2,548;2,6593;3,1396;3,5379;3,7605;3,5321;3,0517;3,587;2,9022;2,4656;2,2687;2,1574;2,1146;2,3115;2,8422;3,1676;3,2617;3,3473;3,373;3,6727;3,938;4,0065;3,938;3,7583;3,724;3,8867;4,5887;5,1708;5,4961;5,1623;4,4603;3,0925;2,5021;2,1256;1,9559;1,8599;1,823;1,9928;2,4504;2,7309;2,8121;2,8859;2,908;3,1663;3,3951;3,4542;3,3951;3,2401;3,2106;3,3508;3,9561;4,458;4,7384;4,4506;3,8454;2,573;2,0818;1,7686;1,6273;1,5475;1,5168;1,658;2,0388;2,2721;2,3397;2,4011;2,4195;2,6344;2,8248;2,8739;2,8248;2,6959;2,6713;2,788;3,2915;3,7091;3,9425;3,703;3,1994;2,1673;1,6926;1,4182;1,3038;1,2523;1,2638;1,4753;2,0987;2,2416;2,2416;2,2473;2,2473;2,4303;2,5733;2,6076;2,5847;2,4646;2,5332;2,7849;3,4596;3,8428;3,8942;3,4825;2,8649;2,5129;1,9626;1,6444;1,5117;1,4521;1,4653;1,7107;2,4334;2,5991;2,5991;2,6058;2,6058;2,8179;2,9837;3,0235;2,997;2,8577;2,9373;3,229;4,0114;4,4557;4,5153;4,0379;3,3219;2,8635;2,1874;1,8136;1,6465;1,5749;1,6227;1,917;2,8874;3,0544;3,134;3,1658;3,1817;3,4124;3,5794;3,6112;3,6033;3,5158;3,818;4,3112;5,1702;5,4327;5,3373;4,7169;3,9771
33;168,43;46452,5592;4742,8063;4236,4734;3939,177;3632,5901;3265,6149;3168,0645;4784,6136;4124,9873;3321,358;3195,9361;3586,1376;4445,5099;5,5078;4,2073;3,4883;3,167;3,0293;3,1211;3,6871;5,5537;5,875;6,028;6,0892;6,1198;6,5634;6,8847;6,9459;6,9306;6,7623;7,3437;8,2923;9,9446;10,4495;10,2659;9,0725;7,6497;5,4469;4,1608;3,4497;3,132;2,9958;3,0866;3,6464;5,4923;5,81;5,9613;6,0218;6,0521;6,4909;6,8086;6,8691;6,854;6,6876;7,2625;8,2006;9,8347;10,334;10,1524;8,9722;7,5651;4,816;3,7613;3,1513;2,8972;2,7828;2,8083;3,2784;4,6635;4,9812;4,9812;4,9939;4,9939;5,4005;5,7182;5,7944;5,7436;5,4767;5,6292;6,1883;7,6877;8,5391;8,6535;7,7386;6,3662;4,5892;3,5842;3,0029;2,7608;2,6518;2,676;3,124;4,4439;4,7466;4,7466;4,7587;4,7587;5,1462;5,4489;5,5215;5,4731;5,2188;5,3641;5,8969;7,3257;8,137;8,246;7,3742;6,0664;3,9925;3,1181;2,6125;2,4018;2,307;2,3281;2,7178;3,8661;4,1294;4,1294;4,14;4,14;4,4771;4,7404;4,8036;4,7615;4,5403;4,6667;5,1302;6,3732;7,079;7,1738;6,4154;5,2777;4,4247;3,5799;3,0413;2,7985;2,6612;2,6084;2,8513;3,506;3,9073;4,0234;4,129;4,1607;4,5303;4,8577;4,9422;4,8577;4,6359;4,5937;4,7943;5,6603;6,3784;6,7797;6,3678;5,5019;6,4669;5,2322;4,4451;4,0901;3,8894;3,8123;4,1672;5,1242;5,7107;5,8804;6,0348;6,0811;6,6213;7,0997;7,2232;7,0997;6,7756;6,7139;7,0071;8,2728;9,3223;9,9088;9,3068;8,0412;5,5754;4,5109;3,8322;3,5262;3,3532;3,2867;3,5927;4,4177;4,9234;5,0697;5,2028;5,2427;5,7085;6,1209;6,2274;6,1209;5,8415;5,7883;6,0411;7,1322;8,0371;8,5427;8,0238;6,9326;4,6388;3,7531;3,1885;2,9339;2,7899;2,7346;2,9892;3,6756;4,0963;4,2181;4,3288;4,3621;4,7495;5,0927;5,1813;5,0927;4,8603;4,816;5,0263;5,9342;6,687;7,1077;6,6759;5,7681;3,9073;3,0516;2,5567;2,3506;2,2578;2,2784;2,6598;3,7836;4,0413;4,0413;4,0516;4,0516;4,3815;4,6393;4,7011;4,6599;4,4434;4,5671;5,0207;6,2372;6,928;7,0207;6,2785;5,165;4,5305;3,5383;2,9645;2,7255;2,6179;2,6418;3,0841;4,387;4,6859;4,6859;4,6978;4,6978;5,0804;5,3792;5,4509;5,4031;5,1521;5,2955;5,8215;7,232;8,0329;8,1405;7,2799;5,9888;5,1625;3,9436;3,2696;2,9685;2,8394;2,9254;3,456;5,2055;5,5067;5,6501;5,7075;5,7361;6,152;6,4532;6,5105;6,4962;6,3384;6,8834;7,7725;9,3212;9,7945;9,6224;8,5038;7,1702
34;178,27;38215,5074;3901,8033;3485,2543;3240,675;2988,4527;2686,5502;2606,2976;3936,1973;3393,5371;2732,4088;2629,2269;2950,2372;3657,2241;4,5311;3,4613;2,8697;2,6054;2,4921;2,5676;3,0333;4,5689;4,8332;4,9591;5,0094;5,0346;5,3996;5,6639;5,7143;5,7017;5,5632;6,0415;6,8219;8,1812;8,5966;8,4455;7,4638;6,2932;4,481;3,423;2,838;2,5766;2,4646;2,5393;2,9998;4,5184;4,7798;4,9043;4,954;4,9789;5,3399;5,6013;5,6511;5,6386;5,5017;5,9747;6,7465;8,0908;8,5015;8,3522;7,3813;6,2237;3,962;3,0943;2,5925;2,3835;2,2894;2,3103;2,6971;3,8365;4,0979;4,0979;4,1083;4,1083;4,4429;4,7042;4,7669;4,7251;4,5056;4,631;5,091;6,3245;7,0249;7,119;6,3664;5,2373;3,7754;2,9486;2,4705;2,2712;2,1816;2,2015;2,5701;3,6559;3,9049;3,9049;3,9149;3,9149;4,2336;4,4827;4,5424;4,5026;4,2934;4,4129;4,8513;6,0267;6,6941;6,7838;6,0666;4,9907;3,2845;2,5652;2,1492;1,9759;1,8979;1,9153;2,2359;3,1805;3,3972;3,3972;3,4059;3,4059;3,6832;3,8998;3,9518;3,9172;3,7352;3,8392;4,2205;5,2431;5,8237;5,9017;5,2778;4,3418;3,6401;2,9451;2,502;2,3022;2,1893;2,1459;2,3457;2,8843;3,2144;3,31;3,3969;3,4229;3,727;3,9963;4,0658;3,9963;3,8139;3,7791;3,9442;4,6566;5,2473;5,5775;5,2387;4,5263;5,3202;4,3044;3,6569;3,3648;3,1997;3,1363;3,4283;4,2155;4,698;4,8377;4,9647;5,0028;5,4472;5,8408;5,9424;5,8408;5,5742;5,5234;5,7646;6,8058;7,6692;8,1517;7,6565;6,6154;4,5867;3,711;3,1527;2,9009;2,7586;2,7039;2,9557;3,6344;4,0504;4,1708;4,2802;4,3131;4,6962;5,0356;5,1231;5,0356;4,8057;4,7619;4,9699;5,8675;6,6119;7,0279;6,601;5,7033;3,8163;3,0876;2,6231;2,4136;2,2952;2,2497;2,4592;3,0239;3,37;3,4702;3,5612;3,5886;3,9073;4,1897;4,2626;4,1897;3,9984;3,962;4,135;4,8819;5,5012;5,8474;5,4921;4,7453;3,2144;2,5105;2,1034;1,9338;1,8574;1,8744;2,1882;3,1127;3,3247;3,3247;3,3332;3,3332;3,6046;3,8166;3,8675;3,8336;3,6555;3,7573;4,1304;5,1312;5,6995;5,7758;5,1652;4,2492;3,7271;2,9109;2,4389;2,2422;2,1537;2,1733;2,5372;3,6091;3,855;3,855;3,8648;3,8648;4,1795;4,4254;4,4844;4,445;4,2385;4,3565;4,7892;5,9496;6,6085;6,697;5,989;4,9269;4,2471;3,2443;2,6898;2,4421;2,3359;2,4067;2,8432;4,2825;4,5302;4,6482;4,6954;4,719;5,0611;5,3089;5,3561;5,3443;5,2145;5,6628;6,3942;7,6684;8,0577;7,9161;6,9959;5,8987
35;178,27;42061,7802;4294,5078;3836,0344;3566,839;3289,2312;2956,9431;2868,6134;4332,3634;3735,0861;3007,4173;2893,8505;3247,1694;4025,3124;4,9872;3,8096;3,1585;2,8676;2,7429;2,8261;3,3386;5,0287;5,3196;5,4582;5,5136;5,5413;5,943;6,234;6,2894;6,2755;6,1231;6,6496;7,5085;9,0046;9,4618;9,2955;8,215;6,9266;4,932;3,7675;3,1236;2,8359;2,7126;2,7948;3,3017;4,9731;5,2608;5,3978;5,4526;5,48;5,8774;6,1651;6,2199;6,2062;6,0555;6,5761;7,4255;8,9051;9,3572;9,1928;8,1242;6,8501;4,3607;3,4058;2,8535;2,6234;2,5198;2,5428;2,9685;4,2227;4,5103;4,5103;4,5218;4,5218;4,89;5,1777;5,2467;5,2007;4,9591;5,0971;5,6034;6,9611;7,732;7,8355;7,0071;5,7645;4,1554;3,2454;2,7191;2,4998;2,4011;2,4231;2,8287;4,0238;4,2979;4,2979;4,3089;4,3089;4,6597;4,9338;4,9996;4,9558;4,7255;4,8571;5,3395;6,6333;7,3679;7,4666;6,6771;5,493;3,6151;2,8234;2,3656;2,1748;2,0889;2,108;2,4609;3,5006;3,7391;3,7391;3,7486;3,7486;4,0539;4,2923;4,3496;4,3114;4,1111;4,2256;4,6453;5,7708;6,4099;6,4957;5,809;4,7788;4,0065;3,2415;2,7539;2,5339;2,4096;2,3618;2,5818;3,1746;3,538;3,6431;3,7388;3,7674;4,1021;4,3985;4,475;4,3985;4,1977;4,1595;4,3412;5,1253;5,7755;6,1388;5,7659;4,9818;5,8557;4,7376;4,0249;3,7035;3,5218;3,4519;3,7733;4,6398;5,1709;5,3246;5,4644;5,5063;5,9954;6,4287;6,5405;6,4287;6,1352;6,0793;6,3448;7,4908;8,4411;8,9722;8,4271;7,2812;5,0484;4,0845;3,47;3,1929;3,0363;2,976;3,2531;4,0002;4,458;4,5905;4,711;4,7472;5,1689;5,5424;5,6388;5,5424;5,2894;5,2412;5,4701;6,4581;7,2774;7,7352;7,2653;6,2774;4,2004;3,3984;2,8871;2,6566;2,5262;2,4761;2,7067;3,3282;3,7091;3,8194;3,9197;3,9497;4,3006;4,6114;4,6916;4,6114;4,4009;4,3608;4,5512;5,3733;6,0549;6,4359;6,0449;5,2229;3,538;2,7632;2,3151;2,1284;2,0444;2,063;2,4084;3,4259;3,6593;3,6593;3,6687;3,6687;3,9674;4,2008;4,2568;4,2194;4,0234;4,1354;4,5461;5,6477;6,2731;6,3571;5,685;4,6768;4,1023;3,2039;2,6843;2,4678;2,3704;2,3921;2,7926;3,9724;4,243;4,243;4,2538;4,2538;4,6002;4,8708;4,9357;4,8924;4,6651;4,795;5,2712;6,5485;7,2737;7,3711;6,5918;5,4228;4,6746;3,5708;2,9606;2,6879;2,571;2,6489;3,1294;4,7135;4,9862;5,116;5,168;5,194;5,5705;5,8432;5,8951;5,8822;5,7393;6,2327;7,0378;8,4402;8,8687;8,7129;7,7;6,4924
36;172,85;23850,733;2435,1598;2175,1868;2022,5422;1865,1273;1676,7065;1626,62;2456,6255;2117,9451;1705,3274;1640,9304;1841,2766;2282,5151;2,8279;2,1602;1,791;1,6261;1,5554;1,6025;1,8931;2,8515;3,0165;3,095;3,1264;3,1421;3,3699;3,5349;3,5663;3,5585;3,4721;3,7706;4,2576;5,106;5,3652;5,2709;4,6582;3,9277;2,7967;2,1363;1,7712;1,6081;1,5382;1,5848;1,8722;2,82;2,9831;3,0608;3,0919;3,1074;3,3327;3,4958;3,5269;3,5191;3,4337;3,7289;4,2105;5,0495;5,3059;5,2127;4,6067;3,8843;2,4727;1,9312;1,618;1,4875;1,4288;1,4419;1,6833;2,3944;2,5575;2,5575;2,5641;2,5641;2,7728;2,9359;2,9751;2,949;2,812;2,8903;3,1773;3,9472;4,3843;4,4431;3,9733;3,2687;2,3563;1,8403;1,5418;1,4175;1,3615;1,374;1,604;2,2817;2,4371;2,4371;2,4433;2,4433;2,6423;2,7977;2,835;2,8101;2,6796;2,7542;3,0277;3,7613;4,1779;4,2338;3,7862;3,1148;2,0499;1,601;1,3414;1,2332;1,1845;1,1953;1,3955;1,985;2,1202;2,1202;2,1256;2,1256;2,2987;2,4339;2,4664;2,4447;2,3312;2,3961;2,6341;3,2723;3,6347;3,6833;3,2939;2,7098;2,2718;1,8381;1,5616;1,4368;1,3664;1,3393;1,464;1,8001;2,0062;2,0658;2,12;2,1363;2,3261;2,4942;2,5375;2,4942;2,3803;2,3586;2,4616;2,9062;3,2749;3,481;3,2695;2,8249;3,3204;2,6864;2,2823;2,1;1,997;1,9574;2,1396;2,631;2,9321;3,0193;3,0985;3,1223;3,3997;3,6453;3,7087;3,6453;3,4789;3,4472;3,5978;4,2476;4,7865;5,0876;4,7785;4,1287;2,8626;2,3161;1,9676;1,8105;1,7217;1,6875;1,8447;2,2683;2,5279;2,603;2,6713;2,6918;2,931;3,1428;3,1974;3,1428;2,9993;2,972;3,1018;3,662;4,1266;4,3862;4,1197;3,5595;2,3818;1,927;1,6371;1,5064;1,4325;1,4041;1,5348;1,8872;2,1032;2,1658;2,2226;2,2397;2,4386;2,6148;2,6603;2,6148;2,4955;2,4727;2,5807;3,0469;3,4334;3,6494;3,4277;2,9616;2,0062;1,5668;1,3127;1,2069;1,1592;1,1698;1,3657;1,9426;2,075;2,075;2,0803;2,0803;2,2497;2,382;2,4138;2,3926;2,2814;2,3449;2,5778;3,2025;3,5571;3,6048;3,2236;2,652;2,3261;1,8167;1,5221;1,3994;1,3441;1,3564;1,5835;2,2525;2,4059;2,4059;2,4121;2,4121;2,6085;2,7619;2,7987;2,7742;2,6453;2,719;2,989;3,7132;4,1245;4,1797;3,7378;3,0749;2,6507;2,0248;1,6788;1,5241;1,4579;1,502;1,7745;2,6728;2,8274;2,901;2,9305;2,9452;3,1587;3,3133;3,3428;3,3354;3,2544;3,5342;3,9907;4,7859;5,0289;4,9405;4,3662;3,6815
37;168,43;20791,4173;2122,8037;1896,1773;1763,1122;1625,8888;1461,6366;1417,9747;2141,516;1846,2779;1486,5863;1430,4495;1605,0974;1989,7386;2,4652;1,8831;1,5613;1,4175;1,3559;1,3969;1,6503;2,4857;2,6295;2,698;2,7254;2,7391;2,9377;3,0815;3,1089;3,102;3,0267;3,2869;3,7115;4,451;4,677;4,5948;4,0607;3,4239;2,4379;1,8623;1,544;1,4018;1,3409;1,3815;1,6321;2,4583;2,6005;2,6682;2,6953;2,7088;2,9052;3,0474;3,0745;3,0677;2,9933;3,2506;3,6705;4,4018;4,6253;4,5441;4,0158;3,386;2,1555;1,6835;1,4105;1,2967;1,2456;1,2569;1,4674;2,0873;2,2295;2,2295;2,2352;2,2352;2,4172;2,5594;2,5935;2,5707;2,4513;2,5195;2,7698;3,4409;3,822;3,8732;3,4637;2,8494;2,054;1,6042;1,3441;1,2357;1,1869;1,1977;1,3983;1,989;2,1245;2,1245;2,1299;2,1299;2,3033;2,4388;2,4714;2,4497;2,3359;2,4009;2,6394;3,2789;3,642;3,6908;3,3006;2,7152;1,787;1,3956;1,1693;1,075;1,0326;1,042;1,2165;1,7304;1,8483;1,8483;1,853;1,853;2,0039;2,1217;2,15;2,1312;2,0321;2,0887;2,2962;2,8525;3,1685;3,2109;2,8714;2,3622;1,9804;1,6023;1,3613;1,2525;1,1911;1,1675;1,2762;1,5692;1,7488;1,8008;1,8481;1,8623;2,0277;2,1742;2,212;2,1742;2,075;2,0561;2,1459;2,5334;2,8549;3,0345;2,8501;2,4625;2,8945;2,3419;1,9895;1,8307;1,7408;1,7063;1,8652;2,2935;2,556;2,632;2,7011;2,7218;2,9636;3,1777;3,233;3,1777;3,0327;3,005;3,1363;3,7028;4,1725;4,435;4,1656;3,5991;2,4955;2,019;1,7153;1,5783;1,5008;1,4711;1,608;1,9773;2,2036;2,2691;2,3287;2,3466;2,555;2,7396;2,7873;2,7396;2,6146;2,5907;2,7039;3,1923;3,5973;3,8236;3,5913;3,1029;2,0763;1,6798;1,4271;1,3132;1,2487;1,224;1,3379;1,6452;1,8335;1,888;1,9375;1,9524;2,1258;2,2794;2,3191;2,2794;2,1754;2,1556;2,2497;2,656;2,993;3,1813;2,988;2,5817;1,7488;1,3658;1,1444;1,0521;1,0105;1,0198;1,1905;1,6935;1,8088;1,8088;1,8134;1,8134;1,9611;2,0765;2,1041;2,0857;1,9888;2,0442;2,2472;2,7917;3,1008;3,1424;2,8101;2,3118;2,0278;1,5837;1,3269;1,2199;1,1717;1,1824;1,3804;1,9636;2,0973;2,0973;2,1027;2,1027;2,2739;2,4076;2,4397;2,4183;2,306;2,3702;2,6056;3,2369;3,5954;3,6436;3,2583;2,6805;2,3107;1,7651;1,4634;1,3286;1,2709;1,3094;1,5469;2,3299;2,4647;2,5289;2,5546;2,5674;2,7535;2,8883;2,914;2,9076;2,837;3,0809;3,4788;4,172;4,3838;4,3068;3,8062;3,2093
38;172,85;4187,0181;427,4946;381,8561;355,0591;327,4248;294,3474;285,5546;431,2629;371,8072;299,3718;288,0668;323,2378;400,6976;0,4964;0,3792;0,3144;0,2855;0,273;0,2813;0,3323;0,5006;0,5295;0,5433;0,5488;0,5516;0,5916;0,6206;0,6261;0,6247;0,6095;0,6619;0,7474;0,8964;0,9419;0,9253;0,8178;0,6895;0,491;0,375;0,3109;0,2823;0,27;0,2782;0,3287;0,495;0,5237;0,5373;0,5428;0,5455;0,5851;0,6137;0,6192;0,6178;0,6028;0,6546;0,7392;0,8865;0,9315;0,9151;0,8087;0,6819;0,4341;0,339;0,284;0,2611;0,2508;0,2531;0,2955;0,4203;0,449;0,449;0,4501;0,4501;0,4868;0,5154;0,5223;0,5177;0,4936;0,5074;0,5578;0,6929;0,7697;0,78;0,6975;0,5738;0,4136;0,3231;0,2707;0,2488;0,239;0,2412;0,2816;0,4005;0,4278;0,4278;0,4289;0,4289;0,4639;0,4911;0,4977;0,4933;0,4704;0,4835;0,5315;0,6603;0,7334;0,7433;0,6647;0,5468;0,3599;0,2811;0,2355;0,2165;0,2079;0,2098;0,245;0,3485;0,3722;0,3722;0,3732;0,3732;0,4035;0,4273;0,433;0,4292;0,4092;0,4206;0,4624;0,5745;0,6381;0,6466;0,5783;0,4757;0,3988;0,3227;0,2741;0,2522;0,2399;0,2351;0,257;0,316;0,3522;0,3627;0,3722;0,375;0,4083;0,4379;0,4455;0,4379;0,4179;0,4141;0,4321;0,5102;0,5749;0,6111;0,574;0,4959;0,5829;0,4716;0,4007;0,3687;0,3506;0,3436;0,3756;0,4619;0,5147;0,53;0,5439;0,5481;0,5968;0,6399;0,6511;0,6399;0,6107;0,6052;0,6316;0,7457;0,8403;0,8931;0,8389;0,7248;0,5025;0,4066;0,3454;0,3178;0,3022;0,2962;0,3238;0,3982;0,4438;0,457;0,469;0,4726;0,5145;0,5517;0,5613;0,5517;0,5265;0,5217;0,5445;0,6429;0,7244;0,77;0,7232;0,6249;0,4181;0,3383;0,2874;0,2644;0,2515;0,2465;0,2694;0,3313;0,3692;0,3802;0,3902;0,3932;0,4281;0,459;0,467;0,459;0,4381;0,4341;0,453;0,5349;0,6027;0,6407;0,6017;0,5199;0,3522;0,2751;0,2305;0,2119;0,2035;0,2054;0,2397;0,341;0,3643;0,3643;0,3652;0,3652;0,3949;0,4182;0,4237;0,42;0,4005;0,4117;0,4525;0,5622;0,6245;0,6328;0,5659;0,4656;0,4084;0,3189;0,2672;0,2457;0,236;0,2381;0,278;0,3954;0,4224;0,4224;0,4234;0,4234;0,4579;0,4849;0,4913;0,487;0,4644;0,4773;0,5247;0,6519;0,7241;0,7337;0,6562;0,5398;0,4653;0,3555;0,2947;0,2676;0,2559;0,2637;0,3115;0,4692;0,4963;0,5093;0,5144;0,517;0,5545;0,5817;0,5868;0,5855;0,5713;0,6204;0,7006;0,8402;0,8828;0,8673;0,7665;0,6463
39;178,27;41740,6452;4261,7199;3806,7468;3539,6067;3264,1185;2934,3674;2846,712;4299,2865;3706,5693;2984,4561;2871,7564;3222,3778;3994,5798;4,9491;3,7806;3,1344;2,8457;2,722;2,8045;3,3131;4,9903;5,279;5,4165;5,4715;5,499;5,8977;6,1864;6,2414;6,2276;6,0764;6,5988;7,4511;8,9359;9,3895;9,2246;8,1523;6,8737;4,8944;3,7388;3,0998;2,8143;2,6919;2,7735;3,2765;4,9352;5,2207;5,3566;5,411;5,4382;5,8325;6,118;6,1724;6,1588;6,0092;6,5259;7,3688;8,8371;9,2857;9,1226;8,0621;6,7978;4,3275;3,3798;2,8317;2,6033;2,5006;2,5234;2,9459;4,1904;4,4759;4,4759;4,4873;4,4873;4,8527;5,1381;5,2066;5,161;4,9212;5,0582;5,5606;6,9079;7,673;7,7757;6,9536;5,7205;4,1237;3,2206;2,6983;2,4807;2,3828;2,4046;2,8071;3,9931;4,2651;4,2651;4,276;4,276;4,6242;4,8962;4,9615;4,9179;4,6895;4,82;5,2988;6,5826;7,3116;7,4095;6,6262;5,4511;3,5875;2,8018;2,3475;2,1582;2,073;2,0919;2,4422;3,4739;3,7106;3,7106;3,72;3,72;4,0229;4,2596;4,3164;4,2785;4,0797;4,1933;4,6098;5,7267;6,361;6,4461;5,7646;4,7423;3,9759;3,2168;2,7328;2,5146;2,3912;2,3438;2,562;3,1504;3,5109;3,6153;3,7102;3,7387;4,0708;4,365;4,4409;4,365;4,1657;4,1277;4,308;5,0861;5,7314;6,092;5,7219;4,9438;5,811;4,7015;3,9942;3,6752;3,4949;3,4256;3,7445;4,6044;5,1314;5,284;5,4226;5,4643;5,9497;6,3796;6,4905;6,3796;6,0883;6,0329;6,2964;7,4336;8,3767;8,9037;8,3628;7,2256;5,0098;4,0533;3,4435;3,1685;3,0131;2,9533;3,2283;3,9696;4,424;4,5555;4,6751;4,7109;5,1294;5,5001;5,5957;5,5001;5,249;5,2012;5,4283;6,4088;7,2218;7,6762;7,2099;6,2294;4,1683;3,3724;2,8651;2,6363;2,5069;2,4572;2,686;3,3028;3,6808;3,7903;3,8897;3,9196;4,2678;4,5762;4,6558;4,5762;4,3673;4,3275;4,5165;5,3322;6,0087;6,3867;5,9988;5,183;3,511;2,7421;2,2974;2,1121;2,0288;2,0473;2,39;3,3998;3,6314;3,6314;3,6406;3,6406;3,9371;4,1687;4,2243;4,1872;3,9927;4,1038;4,5114;5,6046;6,2252;6,3086;5,6416;4,6411;4,0709;3,1794;2,6638;2,449;2,3523;2,3738;2,7712;3,942;4,2106;4,2106;4,2213;4,2213;4,565;4,8336;4,898;4,855;4,6295;4,7584;5,231;6,4985;7,2181;7,3148;6,5414;5,3814;4,6389;3,5436;2,9379;2,6673;2,5514;2,6287;3,1055;4,6775;4,9481;5,077;5,1285;5,1543;5,528;5,7986;5,8501;5,8372;5,6955;6,1852;6,9841;8,3757;8,801;8,6463;7,6412;6,4429
40;172,85;58316,5541;5954,1202;5318,4697;4945,2438;4560,3545;4099,6538;3977,189;6006,6051;5178,51;4169,6336;4012,1789;4502,038;5580,8942;6,9145;5,2819;4,3792;3,9758;3,803;3,9182;4,6288;6,9721;7,3754;7,5675;7,6443;7,6827;8,2397;8,6431;8,7199;8,7007;8,4894;9,2193;10,4101;12,4844;13,1183;12,8878;11,3897;9,6034;6,838;5,2235;4,3308;3,9319;3,7609;3,8749;4,5777;6,895;7,2939;7,4838;7,5598;7,5978;8,1487;8,5475;8,6235;8,6045;8,3956;9,1174;10,295;12,3464;12,9733;12,7453;11,2638;9,4973;6,046;4,7219;3,9562;3,6371;3,4936;3,5255;4,1157;5,8545;6,2533;6,2533;6,2693;6,2693;6,7798;7,1786;7,2743;7,2105;6,8755;7,0669;7,7688;9,6512;10,72;10,8636;9,715;7,9922;5,7612;4,4995;3,7699;3,4659;3,3291;3,3595;3,9219;5,5788;5,9589;5,9589;5,9741;5,9741;6,4605;6,8405;6,9317;6,8709;6,5517;6,7341;7,403;9,1967;10,2152;10,352;9,2575;7,6158;5,0122;3,9145;3,2797;3,0152;2,8962;2,9227;3,412;4,8535;5,1841;5,1841;5,1973;5,1973;5,6205;5,9511;6,0305;5,9776;5,6998;5,8585;6,4404;8,0009;8,887;9,006;8,0538;6,6256;5,5548;4,4942;3,8181;3,5132;3,3408;3,2746;3,5795;4,4014;4,9052;5,051;5,1836;5,2234;5,6874;6,0984;6,2044;6,0984;5,82;5,7669;6,0188;7,1059;8,0074;8,5112;7,9941;6,9071;8,1186;6,5685;5,5803;5,1347;4,8828;4,7859;5,2316;6,4329;7,1692;7,3823;7,5761;7,6342;8,3124;8,913;9,068;8,913;8,5061;8,4286;8,7968;10,3856;11,7032;12,4395;11,6838;10,095;6,9993;5,663;4,811;4,4268;4,2096;4,1261;4,5103;5,546;6,1808;6,3646;6,5316;6,5817;7,1664;7,6842;7,8179;7,6842;7,3334;7,2666;7,584;8,9538;10,0897;10,7245;10,073;8,7032;5,8236;4,7117;4,0028;3,6832;3,5025;3,433;3,7527;4,6144;5,1425;5,2954;5,4344;5,4761;5,9626;6,3934;6,5046;6,3934;6,1016;6,046;6,31;7,4497;8,3949;8,923;8,381;7,2413;4,9052;3,831;3,2097;2,9509;2,8344;2,8603;3,3392;4,7499;5,0735;5,0735;5,0864;5,0864;5,5006;5,8241;5,9018;5,85;5,5782;5,7335;6,303;7,8302;8,6974;8,8139;7,882;6,4842;5,6876;4,442;3,7217;3,4215;3,2865;3,3165;3,8718;5,5075;5,8827;5,8827;5,8977;5,8977;6,3779;6,7531;6,8431;6,7831;6,4679;6,648;7,3083;9,0791;10,0846;10,2196;9,1391;7,5184;6,481;4,9508;4,1047;3,7266;3,5646;3,6726;4,3387;6,535;6,9131;7,0931;7,1651;7,2012;7,7232;8,1013;8,1733;8,1553;7,9573;8,6414;9,7576;11,7019;12,296;12,0799;10,6757;9,0014
41;168,43;1821,5987;185,9852;166,1298;154,4716;142,449;128,0584;124,233;187,6247;161,758;130,2443;125,326;140,6274;174,327;0,216;0,165;0,1368;0,1242;0,1188;0,1224;0,1446;0,2178;0,2304;0,2364;0,2388;0,24;0,2574;0,27;0,2724;0,2718;0,2652;0,288;0,3252;0,39;0,4098;0,4026;0,3558;0,3;0,2136;0,1632;0,1353;0,1228;0,1175;0,121;0,143;0,2154;0,2278;0,2338;0,2361;0,2373;0,2545;0,267;0,2694;0,2688;0,2622;0,2848;0,3216;0,3857;0,4052;0,3981;0,3518;0,2967;0,1889;0,1475;0,1236;0,1136;0,1091;0,1101;0,1286;0,1829;0,1953;0,1953;0,1958;0,1958;0,2118;0,2242;0,2272;0,2252;0,2148;0,2207;0,2427;0,3015;0,3349;0,3393;0,3035;0,2496;0,18;0,1405;0,1178;0,1083;0,104;0,1049;0,1225;0,1743;0,1861;0,1861;0,1866;0,1866;0,2018;0,2137;0,2165;0,2146;0,2047;0,2103;0,2312;0,2873;0,3191;0,3234;0,2892;0,2379;0,1566;0,1223;0,1024;0,0942;0,0905;0,0913;0,1066;0,1516;0,1619;0,1619;0,1623;0,1623;0,1756;0,1859;0,1884;0,1867;0,178;0,183;0,2012;0,2499;0,2776;0,2813;0,2516;0,207;0,1735;0,1404;0,1193;0,1097;0,1044;0,1023;0,1118;0,1375;0,1532;0,1578;0,1619;0,1632;0,1777;0,1905;0,1938;0,1905;0,1818;0,1801;0,188;0,222;0,2501;0,2659;0,2497;0,2158;0,2536;0,2052;0,1743;0,1604;0,1525;0,1495;0,1634;0,2009;0,2239;0,2306;0,2366;0,2385;0,2596;0,2784;0,2833;0,2784;0,2657;0,2633;0,2748;0,3244;0,3656;0,3886;0,365;0,3153;0,2186;0,1769;0,1503;0,1383;0,1315;0,1289;0,1409;0,1732;0,1931;0,1988;0,204;0,2056;0,2239;0,24;0,2442;0,24;0,2291;0,227;0,2369;0,2797;0,3152;0,335;0,3146;0,2719;0,1819;0,1472;0,125;0,115;0,1094;0,1072;0,1172;0,1441;0,1606;0,1654;0,1698;0,1711;0,1862;0,1997;0,2032;0,1997;0,1906;0,1889;0,1971;0,2327;0,2622;0,2787;0,2618;0,2262;0,1532;0,1197;0,1003;0,0922;0,0885;0,0893;0,1043;0,1484;0,1585;0,1585;0,1589;0,1589;0,1718;0,1819;0,1844;0,1827;0,1742;0,1791;0,1969;0,2446;0,2717;0,2753;0,2462;0,2025;0,1777;0,1388;0,1163;0,1069;0,1027;0,1036;0,1209;0,172;0,1838;0,1838;0,1842;0,1842;0,1992;0,2109;0,2138;0,2119;0,202;0,2077;0,2283;0,2836;0,315;0,3192;0,2855;0,2348;0,2024;0,1546;0,1282;0,1164;0,1113;0,1147;0,1355;0,2041;0,2159;0,2216;0,2238;0,2249;0,2412;0,2531;0,2553;0,2547;0,2486;0,2699;0,3048;0,3655;0,3841;0,3773;0,3335;0,2812
42;178,27;58753,7961;5998,7626;5358,3462;4982,3219;4594,5469;4130,3919;4007,0089;6051,641;5217,3371;4200,8964;4042,2612;4535,7931;5622,7383;6,9663;5,3215;4,412;4,0056;3,8315;3,9476;4,6636;7,0244;7,4307;7,6242;7,7016;7,7403;8,3015;8,7079;8,7853;8,7659;8,5531;9,2884;10,4882;12,5781;13,2166;12,9844;11,4751;9,6754;6,8893;5,2627;4,3632;3,9613;3,7891;3,9039;4,612;6,9467;7,3486;7,54;7,6165;7,6548;8,2098;8,6116;8,6882;8,669;8,4585;9,1857;10,3722;12,439;13,0705;12,8409;11,3482;9,5685;6,0913;4,7573;3,9859;3,6644;3,5198;3,5519;4,1466;5,8984;6,3002;6,3002;6,3163;6,3163;6,8306;7,2324;7,3288;7,2645;6,927;7,1199;7,8271;9,7236;10,8004;10,945;9,7879;8,0521;5,8044;4,5333;3,7982;3,4919;3,354;3,3846;3,9513;5,6207;6,0035;6,0035;6,0189;6,0189;6,5089;6,8918;6,9837;6,9225;6,6008;6,7846;7,4585;9,2657;10,2918;10,4296;9,3269;7,6729;5,0497;3,9439;3,3043;3,0378;2,9179;2,9446;3,4376;4,8899;5,2229;5,2229;5,2363;5,2363;5,6626;5,9957;6,0757;6,0224;5,7426;5,9025;6,4887;8,0609;8,9536;9,0735;8,1142;6,6752;5,5965;4,5279;3,8467;3,5395;3,3659;3,2991;3,6063;4,4344;4,942;5,0889;5,2225;5,2625;5,73;6,1441;6,2509;6,1441;5,8636;5,8102;6,0639;7,1592;8,0674;8,575;8,0541;6,9588;8,1795;6,6178;5,6222;5,1732;4,9194;4,8218;5,2708;6,4811;7,2229;7,4377;7,6329;7,6914;8,3747;8,9799;9,136;8,9799;8,5699;8,4918;8,8627;10,4635;11,7909;12,5328;11,7714;10,1707;7,0518;5,7054;4,8471;4,46;4,2412;4,157;4,5441;5,5876;6,2271;6,4123;6,5806;6,6311;7,2201;7,7419;7,8765;7,7419;7,3884;7,3211;7,6409;9,0209;10,1654;10,8049;10,1486;8,7685;5,8673;4,747;4,0329;3,7108;3,5288;3,4587;3,7808;4,649;5,1811;5,3351;5,4752;5,5172;6,0073;6,4414;6,5534;6,4414;6,1473;6,0913;6,3574;7,5056;8,4578;8,9899;8,4438;7,2956;4,942;3,8597;3,2338;2,973;2,8557;2,8817;3,3642;4,7855;5,1115;5,1115;5,1245;5,1245;5,5418;5,8678;5,946;5,8939;5,62;5,7765;6,3503;7,8889;8,7626;8,8799;7,9411;6,5328;5,7302;4,4753;3,7496;3,4472;3,3111;3,3414;3,9008;5,5488;5,9268;5,9268;5,9419;5,9419;6,4257;6,8037;6,8944;6,8339;6,5164;6,6979;7,3631;9,1472;10,1602;10,2963;9,2077;7,5748;6,5296;4,9879;4,1354;3,7545;3,5913;3,7001;4,3712;6,584;6,9649;7,1463;7,2189;7,2551;7,7811;8,162;8,2346;8,2165;8,0169;8,7062;9,8307;11,7896;12,3882;12,1705;10,7558;9,0689
43;172,85;71645,1322;7314,968;6534,0361;6075,5072;5602,6493;5036,6528;4886,198;7379,4486;6362,0877;5122,6269;4929,1851;5531,0042;6856,4391;8,4948;6,4891;5,38;4,8845;4,6721;4,8137;5,6868;8,5656;9,0611;9,2971;9,3915;9,4387;10,123;10,6185;10,7129;10,6893;10,4297;11,3264;12,7894;15,3378;16,1165;15,8334;13,9928;11,7983;8,4009;6,4174;5,3206;4,8305;4,6205;4,7605;5,6239;8,4709;8,961;9,1943;9,2877;9,3343;10,0111;10,5011;10,5945;10,5711;10,3144;11,2012;12,648;15,1683;15,9384;15,6584;13,8382;11,6679;7,4278;5,8011;4,8604;4,4684;4,2921;4,3312;5,0564;7,1926;7,6826;7,6826;7,7022;7,7022;8,3293;8,8193;8,9369;8,8585;8,4469;8,6821;9,5444;11,857;13,1701;13,3465;11,9354;9,8188;7,078;5,5279;4,6315;4,258;4,0899;4,1273;4,8183;6,8539;7,3208;7,3208;7,3395;7,3395;7,9371;8,404;8,516;8,4413;8,0491;8,2732;9,095;11,2987;12,5499;12,718;11,3734;9,3564;6,1577;4,8092;4,0293;3,7044;3,5582;3,5906;4,1918;5,9627;6,3689;6,3689;6,3852;6,3852;6,9051;7,3113;7,4088;7,3438;7,0026;7,1975;7,9124;9,8296;10,9182;11,0644;9,8946;8,1399;6,8244;5,5214;4,6908;4,3161;4,1044;4,023;4,3976;5,4074;6,0263;6,2055;6,3683;6,4172;6,9873;7,4922;7,6225;7,4922;7,1501;7,085;7,3944;8,73;9,8375;10,4565;9,8213;8,4857;9,9742;8,0698;6,8557;6,3082;5,9988;5,8798;6,4273;7,9032;8,8077;9,0696;9,3076;9,379;10,2122;10,9501;11,1406;10,9501;10,4503;10,355;10,8073;12,7593;14,378;15,2826;14,3542;12,4022;8,5991;6,9573;5,9106;5,4386;5,1718;5,0691;5,5412;6,8136;7,5935;7,8192;8,0244;8,086;8,8043;9,4405;9,6047;9,4405;9,0095;8,9274;9,3174;11,0003;12,3958;13,1757;12,3753;10,6924;7,1546;5,7886;4,9177;4,525;4,303;4,2176;4,6104;5,669;6,3179;6,5057;6,6765;6,7277;7,3254;7,8547;7,9913;7,8547;7,4961;7,4278;7,7522;9,1524;10,3136;10,9624;10,2965;8,8963;6,0263;4,7066;3,9433;3,6253;3,4822;3,514;4,1024;5,8355;6,233;6,233;6,2489;6,2489;6,7578;7,1553;7,2507;7,1871;6,8532;7,044;7,7436;9,6199;10,6852;10,8283;9,6835;7,9662;6,9875;5,4573;4,5723;4,2036;4,0376;4,0745;4,7567;6,7663;7,2272;7,2272;7,2456;7,2456;7,8356;8,2965;8,4071;8,3334;7,9462;8,1674;8,9787;11,1542;12,3894;12,5554;11,2279;9,2368;7,9623;6,0823;5,0428;4,5783;4,3793;4,512;5,3303;8,0287;8,4931;8,7143;8,8028;8,847;9,4884;9,9529;10,0414;10,0192;9,776;10,6164;11,9877;14,3764;15,1063;14,8409;13,1157;11,0588
44;168,43;17478,65;1784,5702;1594,0529;1482,1895;1366,8304;1228,7491;1192,0439;1800,301;1552,1041;1249,7235;1202,5311;1349,3518;1672,7068;2,0724;1,5831;1,3125;1,1916;1,1398;1,1744;1,3874;2,0897;2,2106;2,2681;2,2912;2,3027;2,4696;2,5905;2,6135;2,6078;2,5445;2,7632;3,1201;3,7418;3,9318;3,8627;3,4137;2,8783;2,0495;1,5656;1,298;1,1785;1,1272;1,1614;1,372;2,0666;2,1861;2,2431;2,2658;2,2772;2,4423;2,5619;2,5846;2,5789;2,5163;2,7327;3,0856;3,7005;3,8884;3,82;3,376;2,8465;1,8121;1,4153;1,1858;1,0901;1,0471;1,0567;1,2336;1,7547;1,8743;1,8743;1,879;1,879;2,032;2,1516;2,1803;2,1611;2,0607;2,1181;2,3285;2,8927;3,213;3,256;2,9118;2,3954;1,7268;1,3486;1,1299;1,0388;0,9978;1,0069;1,1755;1,6721;1,786;1,786;1,7905;1,7905;1,9363;2,0502;2,0776;2,0594;1,9637;2,0184;2,2188;2,7564;3,0617;3,1027;2,7747;2,2826;1,5022;1,1733;0,983;0,9037;0,8681;0,876;1,0226;1,4547;1,5538;1,5538;1,5577;1,5577;1,6846;1,7837;1,8075;1,7916;1,7084;1,7559;1,9303;2,398;2,6636;2,6993;2,4139;1,9858;1,6649;1,347;1,1444;1,053;1,0013;0,9814;1,0728;1,3192;1,4702;1,5139;1,5536;1,5656;1,7046;1,8278;1,8596;1,8278;1,7444;1,7285;1,804;2,1298;2,4;2,551;2,396;2,0702;2,4333;1,9687;1,6725;1,539;1,4635;1,4344;1,568;1,9281;2,1487;2,2126;2,2707;2,2881;2,4914;2,6714;2,7179;2,6714;2,5495;2,5262;2,6366;3,1128;3,5077;3,7284;3,5019;3,0257;2,0978;1,6973;1,442;1,3268;1,2617;1,2367;1,3518;1,6623;1,8525;1,9076;1,9577;1,9727;2,1479;2,3031;2,3432;2,3031;2,198;2,178;2,2731;2,6836;3,0241;3,2144;3,0191;2,6085;1,7454;1,4122;1,1997;1,1039;1,0498;1,0289;1,1248;1,383;1,5413;1,5871;1,6288;1,6413;1,7871;1,9162;1,9496;1,9162;1,8288;1,8121;1,8912;2,2328;2,5161;2,6744;2,5119;2,1704;1,4702;1,1482;0,962;0,8844;0,8495;0,8573;1,0008;1,4236;1,5206;1,5206;1,5245;1,5245;1,6486;1,7456;1,7689;1,7534;1,6719;1,7185;1,8891;2,3469;2,6068;2,6417;2,3624;1,9434;1,7047;1,3314;1,1155;1,0255;0,985;0,994;1,1604;1,6507;1,7632;1,7632;1,7677;1,7677;1,9116;2,024;2,051;2,033;1,9386;1,9925;2,1904;2,7212;3,0225;3,063;2,7392;2,2534;1,9425;1,4839;1,2302;1,1169;1,0684;1,1007;1,3004;1,9587;2,072;2,126;2,1475;2,1583;2,3148;2,4281;2,4497;2,4443;2,385;2,59;2,9245;3,5073;3,6854;3,6206;3,1997;2,6979
45;178,27;28578,6748;2917,8827;2606,3751;2423,4716;2234,8524;2009,0808;1949,0656;2943,6035;2537,7863;2043,3752;1966,2128;2206,2737;2734,9792;3,3885;2,5884;2,1461;1,9484;1,8637;1,9202;2,2684;3,4167;3,6144;3,7085;3,7462;3,765;4,038;4,2356;4,2733;4,2639;4,1603;4,518;5,1016;6,1181;6,4288;6,3158;5,5816;4,7063;3,3511;2,5598;2,1223;1,9269;1,8431;1,8989;2,2433;3,379;3,5745;3,6675;3,7048;3,7234;3,9933;4,1888;4,2261;4,2167;4,1143;4,4681;5,0452;6,0505;6,3577;6,246;5,5199;4,6542;2,9629;2,314;1,9388;1,7824;1,7121;1,7277;2,017;2,8691;3,0645;3,0645;3,0723;3,0723;3,3225;3,5179;3,5648;3,5336;3,3694;3,4632;3,8072;4,7297;5,2535;5,3238;4,7609;3,9166;2,8234;2,2051;1,8475;1,6985;1,6314;1,6463;1,922;2,734;2,9202;2,9202;2,9277;2,9277;3,166;3,3523;3,397;3,3672;3,2107;3,3001;3,6279;4,507;5,0061;5,0731;4,5368;3,7322;2,4563;1,9183;1,6073;1,4776;1,4193;1,4323;1,6721;2,3785;2,5405;2,5405;2,547;2,547;2,7544;2,9164;2,9553;2,9294;2,7933;2,871;3,1562;3,9209;4,3552;4,4135;3,9469;3,2469;2,7222;2,2024;1,8711;1,7217;1,6372;1,6047;1,7542;2,157;2,4038;2,4753;2,5403;2,5598;2,7872;2,9886;3,0405;2,9886;2,8521;2,8261;2,9496;3,4823;3,9241;4,171;3,9176;3,3849;3,9786;3,219;2,7347;2,5163;2,3929;2,3454;2,5638;3,1525;3,5133;3,6178;3,7127;3,7412;4,0736;4,3679;4,4439;4,3679;4,1685;4,1305;4,311;5,0896;5,7353;6,0961;5,7258;4,9472;3,4301;2,7752;2,3577;2,1694;2,063;2,022;2,2103;2,7179;3,029;3,119;3,2009;3,2254;3,512;3,7657;3,8312;3,7657;3,5938;3,5611;3,7166;4,3879;4,9446;5,2557;4,9364;4,2651;2,8539;2,309;1,9616;1,805;1,7164;1,6824;1,839;2,2613;2,5202;2,5951;2,6632;2,6836;2,922;3,1332;3,1877;3,1332;2,9901;2,9629;3,0923;3,6508;4,114;4,3728;4,1072;3,5487;2,4039;1,8774;1,573;1,4461;1,389;1,4017;1,6364;2,3277;2,4863;2,4863;2,4927;2,4927;2,6956;2,8542;2,8922;2,8669;2,7337;2,8098;3,0889;3,8373;4,2622;4,3193;3,8627;3,1777;2,7873;2,1769;1,8239;1,6768;1,6106;1,6253;1,8974;2,699;2,8829;2,8829;2,8902;2,8902;3,1256;3,3094;3,3535;3,3241;3,1697;3,2579;3,5815;4,4493;4,9421;5,0082;4,4787;3,6845;3,1761;2,4262;2,0115;1,8263;1,7469;1,7998;2,1262;3,2026;3,3878;3,4761;3,5114;3,529;3,7849;3,9701;4,0054;3,9966;3,8996;4,2348;4,7818;5,7346;6,0258;5,9199;5,2318;4,4113
46;172,85;38553,3191;3936,2939;3516,0627;3269,3215;3014,8696;2710,2983;2629,3364;3970,9919;3423,5347;2756,5623;2652,4684;2976,3162;3689,5526;4,5712;3,4919;2,8951;2,6284;2,5141;2,5903;3,0602;4,6093;4,8759;5,0029;5,0537;5,0791;5,4473;5,714;5,7648;5,7521;5,6124;6,0949;6,8822;8,2535;8,6725;8,5202;7,5297;6,3489;4,5207;3,4533;2,8631;2,5994;2,4864;2,5617;3,0263;4,5583;4,822;4,9476;4,9978;5,0229;5,3871;5,6508;5,701;5,6885;5,5504;6,0275;6,8061;8,1623;8,5767;8,426;7,4465;6,2787;3,997;3,1217;2,6155;2,4045;2,3096;2,3307;2,7209;3,8705;4,1341;4,1341;4,1447;4,1447;4,4821;4,7458;4,8091;4,7669;4,5454;4,672;5,136;6,3804;7,087;7,182;6,4226;5,2836;3,8088;2,9747;2,4923;2,2913;2,2009;2,221;2,5928;3,6882;3,9394;3,9394;3,9495;3,9495;4,2711;4,5223;4,5826;4,5424;4,3314;4,452;4,8941;6,08;6,7533;6,8438;6,1202;5,0348;3,3136;2,5879;2,1682;1,9934;1,9147;1,9322;2,2557;3,2086;3,4272;3,4272;3,436;3,436;3,7157;3,9343;3,9868;3,9518;3,7682;3,8731;4,2578;5,2895;5,8752;5,9539;5,3244;4,3802;3,6723;2,9712;2,5242;2,3226;2,2086;2,1648;2,3664;2,9098;3,2428;3,3393;3,4269;3,4532;3,76;4,0316;4,1018;4,0316;3,8476;3,8125;3,9791;4,6977;5,2937;5,6268;5,285;4,5663;5,3672;4,3425;3,6892;3,3946;3,228;3,164;3,4586;4,2528;4,7396;4,8805;5,0086;5,047;5,4953;5,8924;5,9949;5,8924;5,6234;5,5722;5,8156;6,866;7,737;8,2238;7,7242;6,6738;4,6273;3,7438;3,1806;2,9266;2,783;2,7278;2,9818;3,6665;4,0862;4,2076;4,3181;4,3512;4,7377;5,0801;5,1684;5,0801;4,8482;4,804;5,0138;5,9194;6,6704;7,09;6,6593;5,7537;3,85;3,1149;2,6463;2,435;2,3155;2,2696;2,4809;3,0506;3,3998;3,5008;3,5927;3,6203;3,9419;4,2267;4,3002;4,2267;4,0338;3,997;4,1716;4,9251;5,5499;5,899;5,5407;4,7872;3,2429;2,5327;2,122;1,9508;1,8738;1,891;2,2075;3,1402;3,3541;3,3541;3,3626;3,3626;3,6364;3,8504;3,9017;3,8675;3,6878;3,7905;4,1669;5,1766;5,7499;5,8269;5,2108;4,2867;3,7601;2,9366;2,4604;2,262;2,1727;2,1926;2,5596;3,641;3,8891;3,8891;3,899;3,899;4,2164;4,4645;4,524;4,4843;4,276;4,395;4,8316;6,0022;6,6669;6,7562;6,0419;4,9704;4,2846;3,273;2,7136;2,4637;2,3566;2,428;2,8683;4,3203;4,5703;4,6893;4,7369;4,7607;5,1059;5,3558;5,4034;5,3915;5,2606;5,7129;6,4508;7,7362;8,1289;7,9861;7,0578;5,9509
47;168,43;57100,0281;5829,9129;5207,5226;4842,0824;4465,2222;4014,132;3894,2219;5881,3029;5070,4825;4082,652;3928,4819;4408,1222;5464,4727;6,7702;5,1717;4,2878;3,8929;3,7236;3,8365;4,5323;6,8266;7,2216;7,4096;7,4849;7,5225;8,0678;8,4628;8,538;8,5192;8,3123;9,027;10,1929;12,224;12,8446;12,6189;11,1521;9,4031;6,6954;5,1145;4,2404;3,8498;3,6825;3,7941;4,4822;6,7512;7,1417;7,3277;7,4021;7,4393;7,9787;8,3692;8,4436;8,425;8,2204;8,9272;10,0803;12,0889;12,7026;12,4795;11,0288;9,2991;5,9198;4,6234;3,8737;3,5613;3,4207;3,4519;4,0299;5,7324;6,1229;6,1229;6,1385;6,1385;6,6383;7,0288;7,1225;7,0601;6,7321;6,9195;7,6068;9,4499;10,4964;10,637;9,5123;7,8254;5,6411;4,4057;3,6913;3,3936;3,2596;3,2894;3,8401;5,4625;5,8346;5,8346;5,8494;5,8494;6,3257;6,6978;6,7871;6,7276;6,415;6,5936;7,2485;9,0049;10,0021;10,1361;9,0644;7,4569;4,9076;3,8328;3,2113;2,9523;2,8358;2,8617;3,3408;4,7522;5,0759;5,0759;5,0889;5,0889;5,5032;5,827;5,9047;5,8529;5,5809;5,7363;6,3061;7,834;8,7016;8,8181;7,8858;6,4874;5,4389;4,4005;3,7385;3,4399;3,2711;3,2062;3,5048;4,3096;4,8029;4,9457;5,0755;5,1144;5,5687;5,9711;6,075;5,9711;5,6985;5,6466;5,8933;6,9577;7,8404;8,3336;7,8274;6,763;7,9492;6,4315;5,4639;5,0276;4,7809;4,6861;5,1224;6,2987;7,0196;7,2283;7,418;7,4749;8,139;8,7271;8,8789;8,7271;8,3287;8,2528;8,6133;10,169;11,4591;12,18;11,4401;9,8844;6,8533;5,5448;4,7106;4,3344;4,1218;4,04;4,4162;5,4303;6,0519;6,2318;6,3954;6,4444;7,0169;7,5239;7,6548;7,5239;7,1805;7,115;7,4258;8,767;9,8793;10,5008;9,8629;8,5217;5,7021;4,6134;3,9193;3,6063;3,4294;3,3614;3,6744;4,5181;5,0353;5,185;5,3211;5,3619;5,8382;6,2601;6,3689;6,2601;5,9743;5,9198;6,1784;7,2943;8,2197;8,7369;8,2061;7,0902;4,8029;3,7511;3,1428;2,8893;2,7753;2,8006;3,2695;4,6508;4,9676;4,9676;4,9803;4,9803;5,3858;5,7026;5,7787;5,728;5,4619;5,6139;6,1715;7,6669;8,5159;8,63;7,7176;6,3489;5,5689;4,3493;3,644;3,3502;3,2179;3,2473;3,791;5,3926;5,7599;5,7599;5,7746;5,7746;6,2448;6,6122;6,7003;6,6416;6,333;6,5093;7,1559;8,8897;9,8742;10,0064;8,9485;7,3616;6,3458;4,8475;4,019;3,6489;3,4902;3,596;4,2482;6,3987;6,7689;6,9452;7,0157;7,0509;7,5621;7,9323;8,0028;7,9852;7,7913;8,4611;9,554;11,4578;12,0395;11,8279;10,453;8,8137
48;168,43;57375,4573;5858,0342;5232,6417;4865,4388;4486,7608;4033,4946;3913,0062;5909,6721;5094,9406;4102,3452;3947,4315;4429,3853;5490,8313;6,8029;5,1966;4,3085;3,9117;3,7416;3,855;4,5541;6,8596;7,2564;7,4454;7,521;7,5588;8,1068;8,5036;8,5792;8,5603;8,3524;9,0705;10,2421;12,283;12,9066;12,6798;11,2059;9,4484;6,7277;5,1392;4,2609;3,8684;3,7002;3,8124;4,5038;6,7837;7,1762;7,3631;7,4378;7,4752;8,0172;8,4096;8,4844;8,4657;8,2601;8,9702;10,1289;12,1472;12,7639;12,5397;11,082;9,344;5,9484;4,6457;3,8924;3,5785;3,4372;3,4686;4,0493;5,7601;6,1524;6,1524;6,1681;6,1681;6,6704;7,0627;7,1569;7,0941;6,7645;6,9529;7,6434;9,4955;10,547;10,6883;9,5582;7,8632;5,6683;4,4269;3,7091;3,4099;3,2753;3,3052;3,8586;5,4888;5,8627;5,8627;5,8777;5,8777;6,3562;6,7301;6,8199;6,7601;6,446;6,6255;7,2835;9,0483;10,0503;10,1849;9,1081;7,4929;4,9313;3,8513;3,2268;2,9666;2,8495;2,8755;3,3569;4,7751;5,1004;5,1004;5,1134;5,1134;5,5298;5,8551;5,9331;5,8811;5,6079;5,764;6,3365;7,8718;8,7436;8,8607;7,9239;6,5186;5,4652;4,4217;3,7565;3,4565;3,2869;3,2217;3,5217;4,3304;4,826;4,9695;5,1;5,1391;5,5956;5,9999;6,1043;5,9999;5,726;5,6739;5,9217;6,9912;7,8782;8,3738;7,8651;6,7956;7,9876;6,4625;5,4903;5,0518;4,804;4,7087;5,1471;6,3291;7,0535;7,2632;7,4538;7,511;8,1782;8,7692;8,9217;8,7692;8,3689;8,2926;8,6548;10,218;11,5143;12,2387;11,4953;9,9321;6,8864;5,5716;4,7334;4,3554;4,1417;4,0595;4,4375;5,4565;6,0811;6,2618;6,4262;6,4755;7,0507;7,5602;7,6917;7,5602;7,2151;7,1494;7,4616;8,8093;9,9269;10,5515;9,9105;8,5628;5,7296;4,6357;3,9383;3,6237;3,446;3,3776;3,6921;4,5399;5,0596;5,21;5,3467;5,3877;5,8664;6,2903;6,3997;6,2903;6,0031;5,9484;6,2082;7,3295;8,2594;8,779;8,2457;7,1244;4,8261;3,7692;3,1579;2,9033;2,7887;2,8141;3,2853;4,6732;4,9916;4,9916;5,0043;5,0043;5,4118;5,7301;5,8065;5,7556;5,4882;5,641;6,2013;7,7039;8,557;8,6716;7,7548;6,3796;5,5958;4,3703;3,6616;3,3663;3,2335;3,263;3,8093;5,4186;5,7877;5,7877;5,8025;5,8025;6,275;6,6441;6,7327;6,6736;6,3636;6,5407;7,1904;8,9326;9,9218;10,0547;8,9917;7,3971;6,3764;4,8709;4,0384;3,6665;3,507;3,6133;4,2687;6,4296;6,8015;6,9787;7,0495;7,0849;7,5986;7,9706;8,0414;8,0237;7,8289;8,5019;9,6001;11,513;12,0975;11,885;10,5034;8,8562
49;178,27;25346,4364;2587,8712;2311,595;2149,3778;1982,0913;1781,8545;1728,627;2610,683;2250,7636;1812,2702;1743,8348;1956,7449;2425,654;3,0053;2,2957;1,9033;1,728;1,6529;1,703;2,0119;3,0303;3,2056;3,2891;3,3225;3,3392;3,5813;3,7566;3,79;3,7816;3,6898;4,007;4,5246;5,4262;5,7017;5,6015;4,9503;4,174;2,9721;2,2703;1,8823;1,7089;1,6346;1,6842;1,9896;2,9968;3,1702;3,2527;3,2858;3,3023;3,5417;3,7151;3,7481;3,7398;3,649;3,9627;4,4746;5,3662;5,6386;5,5396;4,8956;4,1278;2,6278;2,0523;1,7195;1,5808;1,5184;1,5323;1,7888;2,5446;2,7179;2,7179;2,7249;2,7249;2,9467;3,1201;3,1617;3,1339;2,9883;3,0715;3,3766;4,1948;4,6593;4,7217;4,2225;3,4737;2,504;1,9557;1,6385;1,5064;1,4469;1,4601;1,7046;2,4248;2,5899;2,5899;2,5965;2,5965;2,808;2,9731;3,0128;2,9864;2,8476;2,9269;3,2176;3,9972;4,4399;4,4993;4,0236;3,3101;2,1785;1,7014;1,4255;1,3105;1,2588;1,2703;1,483;2,1095;2,2532;2,2532;2,2589;2,2589;2,4429;2,5866;2,6211;2,5981;2,4774;2,5463;2,7992;3,4775;3,8626;3,9143;3,5005;2,8797;2,4143;1,9533;1,6595;1,527;1,452;1,4232;1,5558;1,913;2,132;2,1954;2,253;2,2703;2,4719;2,6506;2,6967;2,6506;2,5296;2,5065;2,616;3,0885;3,4803;3,6993;3,4745;3,002;3,5286;2,8549;2,4254;2,2317;2,1222;2,0801;2,2738;2,796;3,116;3,2086;3,2928;3,3181;3,6128;3,8739;3,9413;3,8739;3,6971;3,6634;3,8234;4,514;5,0866;5,4066;5,0782;4,3876;3,0422;2,4613;2,091;1,924;1,8297;1,7934;1,9603;2,4105;2,6864;2,7663;2,8389;2,8606;3,1148;3,3398;3,3979;3,3398;3,1874;3,1583;3,2963;3,8916;4,3854;4,6613;4,3781;3,7827;2,5311;2,0479;1,7398;1,6008;1,5223;1,4921;1,631;2,0056;2,2351;2,3016;2,362;2,3801;2,5915;2,7788;2,8271;2,7788;2,652;2,6278;2,7426;3,2379;3,6487;3,8783;3,6427;3,1473;2,132;1,6651;1,3951;1,2826;1,2319;1,2432;1,4513;2,0645;2,2051;2,2051;2,2107;2,2107;2,3907;2,5314;2,5651;2,5426;2,4245;2,492;2,7395;3,4033;3,7802;3,8308;3,4258;2,8183;2,472;1,9307;1,6176;1,4871;1,4284;1,4415;1,6828;2,3938;2,5568;2,5568;2,5633;2,5633;2,7721;2,9351;2,9743;2,9482;2,8112;2,8895;3,1764;3,9461;4,3831;4,4418;3,9722;3,2678;2,8169;2,1518;1,784;1,6197;1,5493;1,5962;1,8858;2,8404;3,0047;3,0829;3,1142;3,1299;3,3568;3,5211;3,5524;3,5446;3,4585;3,7559;4,241;5,086;5,3443;5,2504;4,64;3,9123
50;168,43;3151,704;321,789;287,4354;267,2645;246,4633;221,5648;214,9462;324,6255;279,8713;225,3468;216,8372;243,3116;301,6181;0,3737;0,2855;0,2367;0,2149;0,2055;0,2118;0,2502;0,3768;0,3986;0,409;0,4131;0,4152;0,4453;0,4671;0,4713;0,4702;0,4588;0,4983;0,5626;0,6747;0,709;0,6965;0,6156;0,519;0,3696;0,2823;0,2341;0,2125;0,2033;0,2094;0,2474;0,3726;0,3942;0,4045;0,4086;0,4106;0,4404;0,4619;0,4661;0,465;0,4537;0,4927;0,5564;0,6673;0,7011;0,6888;0,6087;0,5133;0,3268;0,2552;0,2138;0,1966;0,1888;0,1905;0,2224;0,3164;0,338;0,338;0,3388;0,3388;0,3664;0,388;0,3931;0,3897;0,3716;0,3819;0,4199;0,5216;0,5794;0,5871;0,525;0,4319;0,3114;0,2432;0,2037;0,1873;0,1799;0,1816;0,212;0,3015;0,322;0,322;0,3229;0,3229;0,3492;0,3697;0,3746;0,3713;0,3541;0,3639;0,4001;0,497;0,5521;0,5595;0,5003;0,4116;0,2709;0,2116;0,1773;0,163;0,1565;0,158;0,1844;0,2623;0,2802;0,2802;0,2809;0,2809;0,3038;0,3216;0,3259;0,3231;0,308;0,3166;0,3481;0,4324;0,4803;0,4867;0,4353;0,3581;0,3002;0,2429;0,2063;0,1899;0,1806;0,177;0,1935;0,2379;0,2651;0,273;0,2801;0,2823;0,3074;0,3296;0,3353;0,3296;0,3145;0,3117;0,3253;0,384;0,4328;0,46;0,432;0,3733;0,4388;0,355;0,3016;0,2775;0,2639;0,2587;0,2827;0,3477;0,3875;0,399;0,4094;0,4126;0,4492;0,4817;0,4901;0,4817;0,4597;0,4555;0,4754;0,5613;0,6325;0,6723;0,6314;0,5456;0,3783;0,3061;0,26;0,2392;0,2275;0,223;0,2438;0,2997;0,334;0,344;0,353;0,3557;0,3873;0,4153;0,4225;0,4153;0,3963;0,3927;0,4099;0,4839;0,5453;0,5796;0,5444;0,4704;0,3147;0,2546;0,2163;0,1991;0,1893;0,1855;0,2028;0,2494;0,2779;0,2862;0,2937;0,296;0,3222;0,3455;0,3515;0,3455;0,3298;0,3268;0,341;0,4026;0,4537;0,4822;0,4529;0,3914;0,2651;0,207;0,1735;0,1595;0,1532;0,1546;0,1805;0,2567;0,2742;0,2742;0,2749;0,2749;0,2973;0,3148;0,319;0,3162;0,3015;0,3099;0,3406;0,4232;0,47;0,4763;0,426;0,3504;0,3074;0,2401;0,2011;0,1849;0,1776;0,1792;0,2092;0,2977;0,3179;0,3179;0,3187;0,3187;0,3447;0,365;0,3698;0,3666;0,3496;0,3593;0,395;0,4907;0,545;0,5523;0,4939;0,4063;0,3503;0,2676;0,2218;0,2014;0,1926;0,1985;0,2345;0,3532;0,3736;0,3833;0,3872;0,3892;0,4174;0,4378;0,4417;0,4408;0,43;0,467;0,5273;0,6324;0,6645;0,6529;0,577;0,4865
51;168,43;32750,3047;3343,8061;2986,8278;2777,2258;2561,0738;2302,3464;2233,5708;3373,2814;2908,2271;2341,6468;2253,221;2528,3235;3134,2042;3,8831;2,9663;2,4593;2,2328;2,1357;2,2004;2,5995;3,9155;4,142;4,2499;4,293;4,3146;4,6274;4,8539;4,8971;4,8863;4,7676;5,1775;5,8463;7,0112;7,3672;7,2377;6,3964;5,3932;3,8402;2,9335;2,4321;2,2081;2,1121;2,1761;2,5708;3,8722;4,0962;4,2029;4,2456;4,2669;4,5762;4,8003;4,8429;4,8323;4,7149;5,1203;5,7816;6,9337;7,2857;7,1577;6,3257;5,3336;3,3954;2,6518;2,2218;2,0426;1,962;1,9799;2,3114;3,2879;3,5118;3,5118;3,5208;3,5208;3,8075;4,0315;4,0852;4,0494;3,8612;3,9687;4,3629;5,4201;6,0203;6,1009;5,4559;4,4884;3,2355;2,5269;2,1172;1,9464;1,8696;1,8867;2,2025;3,133;3,3465;3,3465;3,355;3,355;3,6282;3,8416;3,8928;3,8587;3,6794;3,7819;4,1575;5,1648;5,7368;5,8136;5,199;4,277;2,8148;2,1984;1,8419;1,6933;1,6265;1,6414;1,9161;2,7257;2,9114;2,9114;2,9188;2,9188;3,1564;3,3421;3,3867;3,357;3,201;3,2901;3,6169;4,4933;4,9909;5,0577;4,523;3,7209;3,1196;2,5239;2,1442;1,973;1,8762;1,839;2,0102;2,4718;2,7547;2,8366;2,9111;2,9334;3,194;3,4248;3,4844;3,4248;3,2685;3,2387;3,3801;3,9906;4,4969;4,7798;4,4895;3,879;4,5594;3,6888;3,1339;2,8836;2,7422;2,6877;2,938;3,6127;4,0262;4,1459;4,2547;4,2873;4,6682;5,0055;5,0926;5,0055;4,777;4,7335;4,9402;5,8325;6,5725;6,986;6,5616;5,6693;3,9308;3,1803;2,7018;2,4861;2,3641;2,3172;2,533;3,1146;3,4711;3,5743;3,6681;3,6963;4,0246;4,3154;4,3905;4,3154;4,1184;4,0809;4,2591;5,0284;5,6664;6,0228;5,657;4,8877;3,2705;2,6461;2,248;2,0685;1,967;1,928;2,1075;2,5914;2,888;2,9739;3,0519;3,0754;3,3486;3,5905;3,653;3,5905;3,4266;3,3954;3,5437;4,1837;4,7145;5,0111;4,7067;4,0667;2,7547;2,1515;1,8026;1,6572;1,5918;1,6063;1,8753;2,6675;2,8492;2,8492;2,8565;2,8565;3,0891;3,2708;3,3144;3,2853;3,1327;3,2199;3,5397;4,3974;4,8844;4,9498;4,4265;3,6415;3,1941;2,4946;2,0901;1,9215;1,8457;1,8625;2,1744;3,093;3,3037;3,3037;3,3121;3,3121;3,5818;3,7925;3,8431;3,8093;3,6324;3,7335;4,1043;5,0988;5,6634;5,7393;5,1325;4,2223;3,6397;2,7803;2,3052;2,0928;2,0018;2,0625;2,4366;3,6701;3,8824;3,9835;4,0239;4,0441;4,3373;4,5497;4,5901;4,58;4,4688;4,853;5,4798;6,5717;6,9054;6,784;5,9954;5,0552
52;168,43;26192,7773;2674,2826;2388,7813;2221,1475;2048,2752;1841,3522;1786,3474;2697,8561;2325,9186;1872,7836;1802,0631;2022,0824;2506,6488;3,1056;2,3723;1,9669;1,7857;1,7081;1,7599;2,079;3,1315;3,3127;3,3989;3,4334;3,4507;3,7009;3,882;3,9165;3,9079;3,813;4,1408;4,6757;5,6074;5,892;5,7885;5,1156;4,3134;3,0713;2,3461;1,9452;1,766;1,6892;1,7404;2,0561;3,0969;3,276;3,3614;3,3955;3,4125;3,66;3,8391;3,8732;3,8647;3,7709;4,0951;4,624;5,5454;5,8269;5,7245;5,0591;4,2657;2,7155;2,1208;1,7769;1,6336;1,5691;1,5835;1,8486;2,6296;2,8087;2,8087;2,8158;2,8158;3,0451;3,2242;3,2672;3,2386;3,0881;3,1741;3,4894;4,3348;4,8149;4,8794;4,3635;3,5897;2,5877;2,021;1,6932;1,5567;1,4952;1,5089;1,7615;2,5057;2,6764;2,6764;2,6832;2,6832;2,9017;3,0724;3,1134;3,0861;2,9427;3,0246;3,325;4,1307;4,5881;4,6496;4,158;3,4206;2,2512;1,7582;1,4731;1,3543;1,3008;1,3127;1,5325;2,1799;2,3284;2,3284;2,3344;2,3344;2,5244;2,6729;2,7086;2,6848;2,5601;2,6314;2,8927;3,5936;3,9916;4,045;3,6174;2,9759;2,4949;2,0186;1,7149;1,5779;1,5005;1,4708;1,6077;1,9769;2,2032;2,2687;2,3282;2,3461;2,5545;2,7391;2,7867;2,7391;2,614;2,5902;2,7033;3,1916;3,5965;3,8228;3,5906;3,1023;3,6465;2,9502;2,5064;2,3062;2,1931;2,1496;2,3497;2,8893;3,22;3,3158;3,4028;3,4289;3,7335;4,0033;4,0729;4,0033;3,8205;3,7857;3,9511;4,6647;5,2565;5,5872;5,2478;4,5341;3,1437;2,5435;2,1609;1,9883;1,8907;1,8532;2,0258;2,491;2,7761;2,8586;2,9337;2,9562;3,2188;3,4514;3,5114;3,4514;3,2938;3,2638;3,4063;4,0216;4,5318;4,8169;4,5243;3,909;2,6157;2,1162;1,7979;1,6543;1,5731;1,5419;1,6855;2,0725;2,3098;2,3784;2,4409;2,4596;2,6781;2,8716;2,9215;2,8716;2,7405;2,7155;2,8341;3,346;3,7705;4,0078;3,7643;3,2524;2,2032;1,7207;1,4417;1,3254;1,2731;1,2847;1,4998;2,1334;2,2787;2,2787;2,2846;2,2846;2,4706;2,6159;2,6508;2,6275;2,5054;2,5752;2,831;3,5169;3,9064;3,9587;3,5402;2,9124;2,5546;1,9951;1,6716;1,5368;1,4761;1,4896;1,739;2,4737;2,6422;2,6422;2,6489;2,6489;2,8646;3,0331;3,0736;3,0466;2,9051;2,9859;3,2825;4,0779;4,5295;4,5901;4,1048;3,3769;2,9109;2,2236;1,8436;1,6738;1,601;1,6495;1,9487;2,9352;3,105;3,1859;3,2182;3,2344;3,4689;3,6387;3,671;3,6629;3,574;3,8813;4,3826;5,2559;5,5227;5,4257;4,795;4,043
53;168,43;8681,1506;886,3455;791,7209;736,1616;678,866;610,2849;592,0545;894,1585;770,8862;620,7023;597,2632;670,1848;830,7861;1,0293;0,7863;0,6519;0,5919;0,5661;0,5833;0,6891;1,0379;1,0979;1,1265;1,138;1,1437;1,2266;1,2866;1,2981;1,2952;1,2638;1,3724;1,5497;1,8585;1,9528;1,9185;1,6955;1,4296;1,0179;0,7776;0,6447;0,5853;0,5599;0,5768;0,6814;1,0264;1,0858;1,1141;1,1254;1,131;1,213;1,2724;1,2837;1,2809;1,2498;1,3572;1,5325;1,8379;1,9312;1,8973;1,6768;1,4138;0,9;0,7029;0,5889;0,5414;0,5201;0,5248;0,6127;0,8715;0,9309;0,9309;0,9333;0,9333;1,0093;1,0686;1,0829;1,0734;1,0235;1,052;1,1565;1,4367;1,5958;1,6172;1,4462;1,1897;0,8576;0,6698;0,5612;0,5159;0,4956;0,5001;0,5838;0,8305;0,8871;0,8871;0,8893;0,8893;0,9617;1,0183;1,0319;1,0228;0,9753;1,0025;1,102;1,369;1,5207;1,541;1,3781;1,1337;0,7461;0,5827;0,4882;0,4489;0,4311;0,4351;0,5079;0,7225;0,7717;0,7717;0,7737;0,7737;0,8367;0,8859;0,8977;0,8898;0,8485;0,8721;0,9587;1,191;1,3229;1,3407;1,1989;0,9863;0,8269;0,669;0,5684;0,523;0,4973;0,4875;0,5328;0,6552;0,7302;0,7519;0,7716;0,7776;0,8466;0,9078;0,9236;0,9078;0,8664;0,8585;0,896;1,0578;1,192;1,267;1,19;1,0282;1,2086;0,9778;0,8307;0,7644;0,7269;0,7124;0,7788;0,9576;1,0672;1,0989;1,1278;1,1364;1,2374;1,3268;1,3499;1,3268;1,2662;1,2547;1,3095;1,546;1,7422;1,8518;1,7393;1,5028;1,0419;0,843;0,7162;0,659;0,6267;0,6142;0,6714;0,8256;0,9201;0,9474;0,9723;0,9798;1,0668;1,1439;1,1638;1,1439;1,0917;1,0817;1,129;1,3329;1,502;1,5965;1,4995;1,2956;0,8669;0,7014;0,5959;0,5483;0,5214;0,511;0,5586;0,6869;0,7655;0,7883;0,809;0,8152;0,8876;0,9517;0,9683;0,9517;0,9083;0,9;0,9393;1,109;1,2497;1,3283;1,2476;1,078;0,7302;0,5703;0,4778;0,4393;0,4219;0,4258;0,4971;0,7071;0,7552;0,7552;0,7572;0,7572;0,8188;0,867;0,8786;0,8708;0,8304;0,8535;0,9383;1,1656;1,2947;1,3121;1,1733;0,9653;0,8467;0,6612;0,554;0,5093;0,4892;0,4937;0,5764;0,8199;0,8757;0,8757;0,8779;0,8779;0,9494;1,0053;1,0187;1,0097;0,9628;0,9896;1,0879;1,3515;1,5012;1,5213;1,3605;1,1192;0,9648;0,737;0,611;0,5548;0,5306;0,5467;0,6459;0,9728;1,0291;1,0559;1,0666;1,072;1,1497;1,206;1,2167;1,214;1,1845;1,2864;1,4525;1,742;1,8304;1,7982;1,5892;1,34
54;168,43;33260,9227;3395,9402;3033,3961;2820,5262;2601,0042;2338,2429;2268,3949;3425,875;2953,5699;2378,156;2288,3515;2567,7432;3183,0703;3,9437;3,0125;2,4977;2,2676;2,169;2,2347;2,6401;3,9765;4,2066;4,3161;4,3599;4,3819;4,6995;4,9296;4,9734;4,9625;4,842;5,2582;5,9374;7,1205;7,482;7,3506;6,4961;5,4773;3,9001;2,9792;2,4701;2,2425;2,145;2,21;2,6109;3,9326;4,1601;4,2684;4,3118;4,3334;4,6476;4,8751;4,9184;4,9076;4,7884;5,2001;5,8718;7,0418;7,3993;7,2693;6,4243;5,4168;3,4483;2,6931;2,2564;2,0745;1,9926;2,0108;2,3474;3,3391;3,5666;3,5666;3,5757;3,5757;3,8669;4,0943;4,1489;4,1125;3,9214;4,0306;4,431;5,5046;6,1142;6,1961;5,541;4,5583;3,2859;2,5663;2,1502;1,9768;1,8987;1,9161;2,2369;3,1819;3,3986;3,3986;3,4073;3,4073;3,6848;3,9015;3,9535;3,9188;3,7368;3,8408;4,2223;5,2454;5,8262;5,9043;5,28;4,3437;2,8587;2,2326;1,8706;1,7197;1,6519;1,6669;1,946;2,7682;2,9567;2,9567;2,9643;2,9643;3,2057;3,3942;3,4395;3,4093;3,2509;3,3414;3,6733;4,5633;5,0687;5,1366;4,5935;3,7789;3,1682;2,5633;2,1777;2,0037;1,9055;1,8676;2,0416;2,5104;2,7977;2,8809;2,9565;2,9792;3,2438;3,4782;3,5387;3,4782;3,3194;3,2892;3,4328;4,0529;4,567;4,8544;4,5595;3,9394;4,6305;3,7464;3,1827;2,9286;2,7849;2,7296;2,9838;3,669;4,0889;4,2105;4,321;4,3542;4,741;5,0836;5,172;5,0836;4,8515;4,8073;5,0172;5,9234;6,6749;7,0949;6,6639;5,7577;3,9921;3,2299;2,744;2,5248;2,401;2,3533;2,5725;3,1632;3,5252;3,63;3,7253;3,7539;4,0874;4,3827;4,4589;4,3827;4,1826;4,1445;4,3256;5,1068;5,7547;6,1167;5,7452;4,9639;3,3215;2,6873;2,283;2,1007;1,9977;1,958;2,1403;2,6318;2,9331;3,0203;3,0995;3,1233;3,4008;3,6465;3,7099;3,6465;3,48;3,4483;3,5989;4,249;4,788;5,0893;4,7801;4,1301;2,7977;2,185;1,8307;1,683;1,6166;1,6314;1,9045;2,7091;2,8937;2,8937;2,901;2,901;3,1373;3,3218;3,3661;3,3366;3,1815;3,2701;3,5949;4,466;4,9606;5,027;4,4955;3,6983;3,2439;2,5335;2,1227;1,9515;1,8745;1,8916;2,2083;3,1412;3,3552;3,3552;3,3637;3,3637;3,6376;3,8516;3,903;3,8687;3,689;3,7917;4,1683;5,1783;5,7517;5,8288;5,2125;4,2881;3,6965;2,8237;2,3411;2,1255;2,0331;2,0947;2,4746;3,7273;3,9429;4,0456;4,0867;4,1072;4,405;4,6206;4,6617;4,6514;4,5384;4,9286;5,5652;6,6742;7,013;6,8898;6,0889;5,134
55;168,43;54877,8946;5603,033;5004,864;4653,6455;4291,4514;3857,916;3742,6724;5652,4231;4873,157;3923,7695;3775,5991;4236,5735;5251,8145;6,5067;4,9704;4,1209;3,7414;3,5787;3,6872;4,3559;6,561;6,9405;7,1213;7,1936;7,2297;7,7539;8,1334;8,2057;8,1877;7,9888;8,6757;9,7963;11,7483;12,3447;12,1279;10,7181;9,0372;6,4348;4,9155;4,0754;3,7;3,5392;3,6464;4,3078;6,4884;6,8638;7,0426;7,1141;7,1498;7,6682;8,0435;8,115;8,0972;7,9005;8,5798;9,688;11,6184;12,2083;11,9938;10,5996;8,9373;5,6895;4,4435;3,7229;3,4227;3,2876;3,3176;3,873;5,5093;5,8846;5,8846;5,8996;5,8996;6,38;6,7553;6,8454;6,7853;6,4701;6,6502;7,3107;9,0821;10,0879;10,223;9,1422;7,5209;5,4215;4,2342;3,5476;3,2615;3,1328;3,1614;3,6906;5,2499;5,6075;5,6075;5,6218;5,6218;6,0796;6,4372;6,523;6,4658;6,1654;6,337;6,9665;8,6544;9,6129;9,7416;8,7116;7,1667;4,7166;3,6837;3,0863;2,8374;2,7254;2,7503;3,2108;4,5673;4,8784;4,8784;4,8908;4,8908;5,2891;5,6002;5,6749;5,6251;5,3637;5,5131;6,0607;7,5292;8,363;8,475;7,5789;6,2349;5,2273;4,2292;3,593;3,306;3,1438;3,0815;3,3684;4,1419;4,616;4,7532;4,8779;4,9154;5,352;5,7388;5,8386;5,7388;5,4768;5,4269;5,6639;6,6869;7,5352;8,0093;7,5228;6,4998;7,6399;6,1812;5,2513;4,8319;4,5949;4,5037;4,9231;6,0536;6,7464;6,947;7,1293;7,184;7,8222;8,3875;8,5333;8,3875;8,0046;7,9316;8,2781;9,7732;11,0131;11,706;10,9949;9,4997;6,5866;5,329;4,5273;4,1658;3,9614;3,8828;4,2444;5,219;5,8163;5,9893;6,1465;6,1936;6,7438;7,2311;7,3569;7,2311;6,901;6,8381;7,1368;8,4258;9,4948;10,0922;9,4791;8,19;5,4802;4,4339;3,7668;3,466;3,296;3,2306;3,5314;4,3423;4,8393;4,9832;5,114;5,1532;5,611;6,0164;6,1211;6,0164;5,7418;5,6895;5,938;7,0105;7,8999;8,3969;7,8868;6,8143;4,616;3,6051;3,0205;2,7769;2,6673;2,6916;3,1423;4,4698;4,7743;4,7743;4,7865;4,7865;5,1762;5,4807;5,5538;5,5051;5,2493;5,3955;5,9313;7,3685;8,1845;8,2941;7,4172;6,1019;5,3522;4,1801;3,5022;3,2198;3,0927;3,1209;3,6435;5,1827;5,5358;5,5358;5,5499;5,5499;6,0018;6,3549;6,4396;6,3831;6,0865;6,256;6,8774;8,5438;9,4899;9,617;8,6002;7,0751;6,0989;4,6589;3,8626;3,5069;3,3544;3,456;4,0829;6,1497;6,5055;6,6749;6,7427;6,7765;7,2678;7,6236;7,6914;7,6744;7,4881;8,1318;9,1822;11,0119;11,5709;11,3676;10,0462;8,4707
56;168,43;82497,6133;8423,0063;7523,7823;6995,7976;6451,3134;5799,5822;5626,3372;8497,2542;7325,7881;5898,5794;5675,8358;6368,8157;7895,0216;9,7816;7,472;6,195;5,6244;5,3799;5,5429;6,5482;9,8631;10,4337;10,7054;10,8141;10,8684;11,6564;12,2269;12,3356;12,3085;12,0096;13,0421;14,7267;17,6611;18,5578;18,2317;16,1124;13,5855;9,6734;7,3894;6,1265;5,5622;5,3204;5,4816;6,4758;9,754;10,3183;10,587;10,6945;10,7483;11,5275;12,0918;12,1993;12,1724;11,8768;12,8979;14,5639;17,4659;18,3527;18,0302;15,9343;13,4353;8,5529;6,6799;5,5966;5,1453;4,9422;4,9873;5,8223;8,2821;8,8463;8,8463;8,8689;8,8689;9,591;10,1552;10,2906;10,2003;9,7264;9,9972;10,9902;13,6531;15,1651;15,3682;13,7434;11,3061;8,1502;6,3653;5,3331;4,903;4,7095;4,7525;5,5481;7,8921;8,4297;8,4297;8,4512;8,4512;9,1394;9,677;9,806;9,72;9,2684;9,5264;10,4726;13,0101;14,4509;14,6445;13,0962;10,7737;7,0905;5,5377;4,6397;4,2655;4,0971;4,1345;4,8267;6,866;7,3337;7,3337;7,3524;7,3524;7,951;8,4187;8,531;8,4562;8,0633;8,2878;9,111;11,3185;12,572;12,7404;11,3934;9,3729;7,8581;6,3578;5,4013;4,9699;4,7261;4,6324;5,0637;6,2265;6,9391;7,1454;7,333;7,3893;8,0457;8,6271;8,7771;8,6271;8,2332;8,1582;8,5145;10,0524;11,3277;12,0404;11,3089;9,7711;11,485;9,2922;7,8942;7,2638;6,9074;6,7704;7,4008;9,1003;10,1419;10,4434;10,7175;10,7997;11,7591;12,6088;12,8281;12,6088;12,0332;11,9236;12,4444;14,692;16,5559;17,5975;16,5285;14,2809;9,9016;8,0111;6,8059;6,2624;5,9552;5,837;6,3805;7,8457;8,7437;9,0036;9,2399;9,3108;10,1379;10,8705;11,0596;10,8705;10,3743;10,2797;10,7287;12,6665;14,2735;15,1715;14,2498;12,3121;8,2383;6,6654;5,6626;5,2104;4,9548;4,8565;5,3087;6,5278;7,2749;7,4912;7,6878;7,7468;8,435;9,0445;9,2018;9,0445;8,6316;8,5529;8,9265;10,5388;11,8758;12,623;11,8561;10,2439;6,9392;5,4195;4,5407;4,1745;4,0097;4,0463;4,7238;6,7195;7,1772;7,1772;7,1955;7,1955;7,7814;8,2391;8,349;8,2757;7,8912;8,111;8,9166;11,077;12,3037;12,4685;11,1503;9,1729;8,0459;6,2839;5,2649;4,8403;4,6492;4,6917;5,4772;7,7912;8,3219;8,3219;8,3431;8,3431;9,0225;9,5532;9,6806;9,5957;9,1499;9,4046;10,3387;12,8438;14,2661;14,4572;12,9287;10,6359;9,1684;7,0036;5,8067;5,2718;5,0426;5,1954;6,1377;9,2448;9,7796;10,0343;10,1362;10,1871;10,9257;11,4605;11,5624;11,5369;11,2568;12,2245;13,8036;16,5541;17,3945;17,0889;15,1024;12,7339
57;168,43;20102,9541;2052,5116;1833,3894;1704,7305;1572,051;1413,2377;1371,0215;2070,6043;1785,1423;1437,3612;1383,0832;1551,9481;1923,8527;2,3836;1,8208;1,5096;1,3705;1,311;1,3507;1,5957;2,4034;2,5425;2,6087;2,6352;2,6484;2,8404;2,9795;3,0059;2,9993;2,9265;3,1781;3,5886;4,3037;4,5221;4,4427;3,9263;3,3105;2,3572;1,8007;1,4929;1,3554;1,2965;1,3358;1,578;2,3769;2,5144;2,5798;2,606;2,6191;2,809;2,9465;2,9727;2,9662;2,8941;3,143;3,5489;4,2561;4,4722;4,3936;3,8829;3,2739;2,0842;1,6277;1,3638;1,2538;1,2043;1,2153;1,4188;2,0182;2,1557;2,1557;2,1612;2,1612;2,3371;2,4746;2,5076;2,4856;2,3701;2,4361;2,6781;3,327;3,6954;3,7449;3,349;2,7551;1,986;1,5511;1,2996;1,1948;1,1476;1,1581;1,352;1,9231;2,0541;2,0541;2,0594;2,0594;2,2271;2,3581;2,3895;2,3686;2,2585;2,3214;2,552;3,1703;3,5214;3,5686;3,1913;2,6253;1,7278;1,3494;1,1306;1,0394;0,9984;1,0075;1,1762;1,6731;1,7871;1,7871;1,7916;1,7916;1,9375;2,0515;2,0788;2,0606;1,9649;2,0196;2,2202;2,7581;3,0635;3,1046;2,7763;2,284;1,9149;1,5493;1,3162;1,2111;1,1517;1,1288;1,2339;1,5173;1,6909;1,7412;1,7869;1,8006;1,9606;2,1022;2,1388;2,1022;2,0063;1,988;2,0748;2,4496;2,7603;2,934;2,7558;2,381;2,7987;2,2643;1,9237;1,77;1,6832;1,6498;1,8034;2,2176;2,4714;2,5448;2,6116;2,6317;2,8654;3,0725;3,1259;3,0725;2,9322;2,9055;3,0324;3,5801;4,0343;4,2882;4,0277;3,48;2,4128;1,9521;1,6585;1,526;1,4511;1,4224;1,5548;1,9118;2,1307;2,194;2,2516;2,2689;2,4704;2,6489;2,695;2,6489;2,528;2,505;2,6144;3,0866;3,4781;3,697;3,4724;3,0002;2,0075;1,6242;1,3799;1,2697;1,2074;1,1834;1,2936;1,5907;1,7727;1,8254;1,8734;1,8877;2,0554;2,204;2,2423;2,204;2,1033;2,0842;2,1752;2,5681;2,8939;3,076;2,8891;2,4962;1,6909;1,3206;1,1065;1,0172;0,9771;0,986;1,1511;1,6374;1,7489;1,7489;1,7534;1,7534;1,8962;2,0077;2,0345;2,0166;1,9229;1,9765;2,1728;2,6992;2,9982;3,0383;2,7171;2,2352;1,9606;1,5313;1,2829;1,1795;1,1329;1,1433;1,3347;1,8985;2,0279;2,0279;2,0331;2,0331;2,1986;2,3279;2,359;2,3383;2,2296;2,2917;2,5193;3,1298;3,4764;3,5229;3,1505;2,5918;2,2342;1,7066;1,415;1,2846;1,2288;1,266;1,4956;2,2528;2,3831;2,4452;2,47;2,4824;2,6624;2,7927;2,8175;2,8113;2,743;2,9789;3,3636;4,0339;4,2387;4,1642;3,6801;3,103
58;168,43;8119,9795;829,0499;740,5421;688,5743;634,9824;570,8346;553,7826;836,3579;721,0542;580,5785;558,6546;626,8624;777,082;0,9628;0,7354;0,6098;0,5536;0,5295;0,5456;0,6445;0,9708;1,027;1,0537;1,0644;1,0697;1,1473;1,2035;1,2142;1,2115;1,1821;1,2837;1,4495;1,7383;1,8266;1,7945;1,5859;1,3372;0,9521;0,7273;0,603;0,5475;0,5237;0,5395;0,6374;0,9601;1,0156;1,042;1,0526;1,0579;1,1346;1,1902;1,2007;1,1981;1,169;1,2695;1,4335;1,7191;1,8064;1,7747;1,5684;1,3224;0,8418;0,6575;0,5509;0,5064;0,4864;0,4909;0,5731;0,8152;0,8707;0,8707;0,8729;0,8729;0,944;0,9995;1,0129;1,004;0,9573;0,984;1,0817;1,3438;1,4927;1,5126;1,3527;1,1128;0,8022;0,6265;0,5249;0,4826;0,4635;0,4678;0,5461;0,7768;0,8297;0,8297;0,8318;0,8318;0,8996;0,9525;0,9652;0,9567;0,9123;0,9377;1,0308;1,2805;1,4224;1,4414;1,289;1,0604;0,6979;0,5451;0,4567;0,4198;0,4033;0,4069;0,4751;0,6758;0,7218;0,7218;0,7237;0,7237;0,7826;0,8286;0,8397;0,8323;0,7936;0,8157;0,8968;1,114;1,2374;1,254;1,1214;0,9225;0,7734;0,6258;0,5316;0,4892;0,4652;0,4559;0,4984;0,6129;0,683;0,7033;0,7218;0,7273;0,7919;0,8491;0,8639;0,8491;0,8104;0,803;0,8381;0,9894;1,1149;1,1851;1,1131;0,9617;1,1304;0,9146;0,777;0,715;0,6799;0,6664;0,7284;0,8957;0,9982;1,0279;1,0549;1,063;1,1574;1,241;1,2626;1,241;1,1844;1,1736;1,2249;1,4461;1,6295;1,7321;1,6269;1,4056;0,9746;0,7885;0,6699;0,6164;0,5861;0,5745;0,628;0,7722;0,8606;0,8862;0,9095;0,9164;0,9978;1,07;1,0886;1,07;1,0211;1,0118;1,056;1,2467;1,4049;1,4933;1,4026;1,2118;0,8109;0,6561;0,5574;0,5128;0,4877;0,478;0,5225;0,6425;0,716;0,7373;0,7567;0,7625;0,8302;0,8902;0,9057;0,8902;0,8496;0,8418;0,8786;1,0373;1,1689;1,2424;1,167;1,0083;0,683;0,5334;0,4469;0,4109;0,3947;0,3983;0,4649;0,6614;0,7064;0,7064;0,7082;0,7082;0,7659;0,811;0,8218;0,8146;0,7767;0,7983;0,8776;1,0903;1,211;1,2272;1,0975;0,9029;0,7919;0,6185;0,5182;0,4764;0,4576;0,4618;0,5391;0,7669;0,8191;0,8191;0,8212;0,8212;0,8881;0,9403;0,9528;0,9445;0,9006;0,9257;1,0176;1,2642;1,4042;1,423;1,2725;1,0469;0,9024;0,6893;0,5715;0,5189;0,4963;0,5114;0,6041;0,9099;0,9626;0,9876;0,9977;1,0027;1,0754;1,128;1,138;1,1355;1,108;1,2032;1,3586;1,6294;1,7121;1,682;1,4865;1,2534
59;168,43;56727,3449;5791,8619;5173,5339;4810,4789;4436,0784;3987,9323;3868,8049;5842,9165;5037,3882;4056,0052;3902,8413;4379,351;5428,8069;6,726;5,1379;4,2598;3,8675;3,6993;3,8114;4,5027;6,7821;7,1744;7,3613;7,436;7,4734;8,0152;8,4075;8,4823;8,4636;8,2581;8,968;10,1264;12,1442;12,7608;12,5366;11,0793;9,3417;6,6517;5,0811;4,2127;3,8247;3,6584;3,7693;4,4529;6,7071;7,0951;7,2799;7,3538;7,3908;7,9266;8,3146;8,3885;8,37;8,1668;8,8689;10,0145;12,01;12,6197;12,398;10,9568;9,2385;5,8812;4,5932;3,8484;3,538;3,3984;3,4294;4,0036;5,695;6,0829;6,0829;6,0984;6,0984;6,595;6,983;7,0761;7,014;6,6881;6,8743;7,5571;9,3882;10,4279;10,5675;9,4503;7,7744;5,6042;4,3769;3,6672;3,3714;3,2383;3,2679;3,815;5,4268;5,7965;5,7965;5,8113;5,8113;6,2844;6,6541;6,7428;6,6837;6,3732;6,5506;7,2012;8,9461;9,9368;10,0699;9,0052;7,4083;4,8756;3,8078;3,1903;2,9331;2,8173;2,843;3,319;4,7212;5,0428;5,0428;5,0557;5,0557;5,4673;5,7889;5,8661;5,8147;5,5445;5,6989;6,2649;7,7829;8,6448;8,7606;7,8344;6,445;5,4034;4,3717;3,7141;3,4174;3,2498;3,1853;3,4819;4,2815;4,7715;4,9134;5,0423;5,081;5,5324;5,9322;6,0353;5,9322;5,6614;5,6098;5,8548;6,9123;7,7892;8,2792;7,7763;6,7188;7,8974;6,3895;5,4283;4,9948;4,7497;4,6555;5,089;6,2576;6,9738;7,1811;7,3696;7,4262;8,0858;8,6701;8,8209;8,6701;8,2743;8,1989;8,557;10,1026;11,3843;12,1005;11,3654;9,8199;6,8086;5,5086;4,6799;4,3062;4,0949;4,0137;4,3874;5,3949;6,0124;6,1911;6,3536;6,4024;6,9711;7,4748;7,6048;7,4748;7,1336;7,0686;7,3773;8,7098;9,8148;10,4323;9,7985;8,4661;5,6649;4,5833;3,8938;3,5828;3,407;3,3394;3,6504;4,4886;5,0024;5,1511;5,2863;5,3269;5,8001;6,2192;6,3274;6,2192;5,9353;5,8812;6,1381;7,2467;8,1661;8,6799;8,1526;7,0439;4,7715;3,7266;3,1223;2,8705;2,7572;2,7823;3,2482;4,6205;4,9352;4,9352;4,9478;4,9478;5,3507;5,6654;5,741;5,6906;5,4262;5,5773;6,1312;7,6168;8,4604;8,5737;7,6672;6,3075;5,5326;4,321;3,6203;3,3283;3,1969;3,2261;3,7662;5,3574;5,7224;5,7224;5,7369;5,7369;6,2041;6,569;6,6566;6,5982;6,2917;6,4668;7,1091;8,8317;9,8097;9,9411;8,8901;7,3135;6,3044;4,8159;3,9928;3,625;3,4674;3,5725;4,2205;6,357;6,7247;6,8998;6,9699;7,0049;7,5128;7,8805;7,9506;7,9331;7,7404;8,4059;9,4917;11,383;11,9609;11,7507;10,3848;8,7561
60;178,27;38761,7842;3957,5782;3535,0747;3286,9993;3031,1715;2724,9534;2643,5537;3992,4638;3442,0464;2771,4676;2666,8108;2992,4097;3709,5027;4,5959;3,5108;2,9107;2,6426;2,5277;2,6043;3,0767;4,6342;4,9023;5,03;5,081;5,1066;5,4768;5,7449;5,7959;5,7832;5,6427;6,1279;6,9194;8,2981;8,7194;8,5662;7,5705;6,3832;4,5451;3,4719;2,8786;2,6134;2,4998;2,5756;3,0427;4,583;4,8481;4,9744;5,0249;5,0501;5,4162;5,6814;5,7319;5,7192;5,5804;6,0601;6,8429;8,2064;8,6231;8,4716;7,4868;6,3126;4,0186;3,1386;2,6296;2,4175;2,3221;2,3433;2,7356;3,8914;4,1565;4,1565;4,1671;4,1671;4,5064;4,7715;4,8351;4,7927;4,57;4,6972;5,1638;6,415;7,1254;7,2208;6,4574;5,3122;3,8294;2,9908;2,5058;2,3037;2,2128;2,233;2,6068;3,7081;3,9607;3,9607;3,9708;3,9708;4,2942;4,5468;4,6074;4,567;4,3548;4,476;4,9206;6,1129;6,7898;6,8808;6,1533;5,0621;3,3315;2,6019;2,18;2,0042;1,925;1,9426;2,2679;3,226;3,4457;3,4457;3,4545;3,4545;3,7358;3,9556;4,0083;3,9732;3,7886;3,894;4,2808;5,3181;5,907;5,9861;5,3532;4,4039;3,6922;2,9872;2,5378;2,3351;2,2206;2,1765;2,3792;2,9255;3,2604;3,3573;3,4454;3,4719;3,7803;4,0534;4,1239;4,0534;3,8684;3,8332;4,0006;4,7231;5,3224;5,6572;5,3135;4,591;5,3963;4,366;3,7091;3,4129;3,2455;3,1811;3,4773;4,2758;4,7652;4,9069;5,0357;5,0743;5,5251;5,9243;6,0273;5,9243;5,6538;5,6023;5,847;6,9031;7,7789;8,2683;7,766;6,7099;4,6523;3,764;3,1978;2,9424;2,7981;2,7425;2,9979;3,6863;4,1082;4,2304;4,3414;4,3747;4,7633;5,1076;5,1964;5,1076;4,8744;4,83;5,0409;5,9514;6,7064;7,1284;6,6953;5,7849;3,8708;3,1318;2,6606;2,4481;2,328;2,2818;2,4943;3,0671;3,4181;3,5198;3,6121;3,6399;3,9632;4,2496;4,3235;4,2496;4,0556;4,0186;4,1942;4,9517;5,5799;5,9309;5,5706;4,8131;3,2604;2,5464;2,1334;1,9614;1,884;1,9012;2,2195;3,1572;3,3722;3,3722;3,3808;3,3808;3,6561;3,8712;3,9228;3,8884;3,7077;3,811;4,1895;5,2046;5,781;5,8584;5,239;4,3099;3,7804;2,9525;2,4737;2,2742;2,1845;2,2044;2,5735;3,6607;3,9101;3,9101;3,9201;3,9201;4,2392;4,4886;4,5485;4,5086;4,2991;4,4188;4,8577;6,0347;6,703;6,7928;6,0746;4,9973;4,3078;3,2907;2,7283;2,477;2,3693;2,4411;2,8838;4,3437;4,595;4,7147;4,7625;4,7865;5,1335;5,3848;5,4326;5,4207;5,289;5,7437;6,4856;7,778;8,1729;8,0293;7,0959;5,9831
61;178,27;111042,5449;11337,4438;10127,0801;9416,4078;8683,527;7806,2909;7573,1016;11437,3821;9860,578;7939,542;7639,7271;8572,4845;10626,7715;13,1661;10,0574;8,3385;7,5705;7,2413;7,4608;8,8139;13,2758;14,0438;14,4095;14,5558;14,629;15,6896;16,4576;16,6039;16,5673;16,165;17,5548;19,8222;23,7721;24,9789;24,5401;21,6874;18,2862;13,0205;9,9462;8,2463;7,4868;7,1613;7,3783;8,7165;13,129;13,8886;14,2502;14,3949;14,4673;15,5161;16,2757;16,4203;16,3842;15,9863;17,3607;19,6031;23,5093;24,7028;24,2688;21,4477;18,0841;11,5123;8,9912;7,5331;6,9256;6,6522;6,713;7,8369;11,1478;11,9072;11,9072;11,9376;11,9376;12,9096;13,669;13,8512;13,7297;13,0918;13,4564;14,7929;18,3772;20,4123;20,6857;18,4987;15,2181;10,9702;8,5677;7,1784;6,5995;6,339;6,3969;7,4678;10,6228;11,3465;11,3465;11,3754;11,3754;12,3017;13,0253;13,199;13,0832;12,4753;12,8227;14,0963;17,5118;19,4511;19,7116;17,6276;14,5015;9,5438;7,4537;6,245;5,7414;5,5148;5,5651;6,4968;9,2416;9,8712;9,8712;9,8964;9,8964;10,7022;11,3317;11,4828;11,3821;10,8533;11,1554;12,2634;15,2349;16,922;17,1487;15,3356;12,616;10,5771;8,5576;7,2702;6,6896;6,3614;6,2352;6,8158;8,3809;9,3402;9,6178;9,8703;9,946;10,8295;11,6121;11,814;11,6121;11,082;10,981;11,4606;13,5306;15,2472;16,2064;15,2219;13,152;15,4589;12,5073;10,6257;9,7771;9,2975;9,113;9,9616;12,2491;13,6511;14,0569;14,4259;14,5365;15,8279;16,9716;17,2668;16,9716;16,1968;16,0492;16,7502;19,7756;22,2844;23,6864;22,2476;19,2222;13,3277;10,783;9,1608;8,4292;8,0157;7,8567;8,5882;10,5604;11,7691;12,119;12,4371;12,5325;13,6458;14,6318;14,8863;14,6318;13,9639;13,8366;14,441;17,0493;19,2122;20,4209;19,1804;16,5721;11,0889;8,9717;7,622;7,0133;6,6692;6,5369;7,1456;8,7864;9,7921;10,0832;10,3479;10,4273;11,3535;12,174;12,3857;12,174;11,6182;11,5123;12,0152;14,1853;15,9849;16,9906;15,9585;13,7883;9,3402;7,2947;6,1118;5,6189;5,3971;5,4464;6,3582;9,0445;9,6606;9,6606;9,6852;9,6852;10,4738;11,0899;11,2378;11,1392;10,6217;10,9174;12,0018;14,9098;16,561;16,7828;15,0084;12,3468;10,8299;8,4582;7,0866;6,5151;6,2579;6,3151;7,3723;10,487;11,2014;11,2014;11,23;11,23;12,1444;12,8587;13,0302;12,9159;12,3158;12,6587;13,916;17,2878;19,2024;19,4595;17,4021;14,316;12,3408;9,427;7,8158;7,0959;6,7874;6,9931;8,2615;12,4436;13,1635;13,5063;13,6434;13,712;14,7061;15,426;15,5631;15,5288;15,1517;16,4544;18,5797;22,2819;23,4132;23,0018;20,328;17,14
62;168,43;29790,8855;3041,6494;2716,9288;2526,2671;2329,6472;2094,2993;2031,7384;3068,4612;2645,4306;2130,0483;2049,6129;2299,8564;2850,9877;3,5322;2,6982;2,2371;2,031;1,9427;2,0016;2,3646;3,5617;3,7677;3,8658;3,9051;3,9247;4,2093;4,4153;4,4545;4,4447;4,3368;4,7097;5,318;6,3777;6,7014;6,5837;5,8184;4,9059;3,4932;2,6684;2,2124;2,0086;1,9213;1,9795;2,3385;3,5223;3,7261;3,8231;3,8619;3,8813;4,1627;4,3665;4,4053;4,3956;4,2889;4,6576;5,2592;6,3072;6,6274;6,5109;5,7541;4,8517;3,0886;2,4122;2,021;1,858;1,7847;1,801;2,1025;2,9908;3,1945;3,1945;3,2027;3,2027;3,4634;3,6672;3,7161;3,6835;3,5123;3,6101;3,9687;4,9303;5,4763;5,5496;4,9629;4,0828;2,9431;2,2986;1,9258;1,7705;1,7006;1,7162;2,0035;2,8499;3,0441;3,0441;3,0518;3,0518;3,3003;3,4945;3,5411;3,51;3,3469;3,4401;3,7818;4,6981;5,2184;5,2883;4,7292;3,8905;2,5604;1,9997;1,6754;1,5403;1,4795;1,493;1,743;2,4794;2,6483;2,6483;2,655;2,655;2,8712;3,0401;3,0806;3,0536;2,9118;2,9928;3,2901;4,0873;4,5399;4,6007;4,1143;3,3847;2,8377;2,2959;1,9505;1,7947;1,7067;1,6728;1,8286;2,2485;2,5058;2,5803;2,648;2,6683;2,9054;3,1153;3,1695;3,1153;2,9731;2,946;3,0747;3,63;4,0906;4,3479;4,0838;3,5285;4,1474;3,3555;2,8507;2,623;2,4944;2,4449;2,6725;3,2862;3,6624;3,7712;3,8702;3,8999;4,2464;4,5532;4,6324;4,5532;4,3453;4,3057;4,4938;5,3055;5,9786;6,3547;5,9687;5,157;3,5756;2,8929;2,4577;2,2614;2,1505;2,1078;2,3041;2,8332;3,1574;3,2513;3,3367;3,3623;3,6609;3,9255;3,9937;3,9255;3,7463;3,7121;3,8743;4,574;5,1543;5,4786;5,1458;4,446;2,975;2,407;2,0448;1,8815;1,7892;1,7537;1,917;2,3573;2,6271;2,7052;2,7762;2,7975;3,046;3,2661;3,3229;3,2661;3,117;3,0886;3,2235;3,8057;4,2885;4,5583;4,2814;3,6992;2,5058;1,957;1,6397;1,5075;1,448;1,4612;1,7058;2,4265;2,5918;2,5918;2,5984;2,5984;2,81;2,9752;3,0149;2,9885;2,8496;2,929;3,2199;4,0001;4,443;4,5025;4,0265;3,3124;2,9055;2,2692;1,9012;1,7479;1,6789;1,6942;1,9779;2,8135;3,0051;3,0051;3,0128;3,0128;3,2581;3,4498;3,4958;3,4651;3,3041;3,3961;3,7334;4,638;5,1517;5,2207;4,6687;3,8408;3,3108;2,5291;2,0969;1,9037;1,821;1,8761;2,2164;3,3384;3,5315;3,6235;3,6603;3,6787;3,9454;4,1385;4,1753;4,1661;4,065;4,4144;4,9846;5,9779;6,2814;6,171;5,4537;4,5984
63;168,43;23553,6308;2404,8257;2148,0911;1997,3479;1841,8939;1655,8202;1606,3576;2426,024;2091,5624;1684,0846;1620,4898;1818,3403;2254,0825;2,7927;2,1333;1,7687;1,6058;1,536;1,5825;1,8696;2,816;2,9789;3,0565;3,0875;3,103;3,328;3,4909;3,5219;3,5141;3,4288;3,7236;4,2046;5,0424;5,2984;5,2053;4,6002;3,8788;2,7618;2,1097;1,7492;1,5881;1,519;1,565;1,8489;2,7848;2,946;3,0227;3,0534;3,0687;3,2912;3,4523;3,483;3,4753;3,3909;3,6824;4,1581;4,9866;5,2398;5,1477;4,5494;3,8359;2,4419;1,9071;1,5979;1,469;1,411;1,4239;1,6623;2,3646;2,5257;2,5257;2,5321;2,5321;2,7383;2,8994;2,938;2,9123;2,777;2,8543;3,1378;3,898;4,3297;4,3877;3,9238;3,228;2,3269;1,8173;1,5226;1,3998;1,3446;1,3569;1,584;2,2533;2,4067;2,4067;2,4129;2,4129;2,6093;2,7628;2,7997;2,7751;2,6462;2,7199;2,99;3,7145;4,1258;4,1811;3,739;3,076;2,0244;1,581;1,3247;1,2178;1,1698;1,1804;1,3781;1,9603;2,0938;2,0938;2,0992;2,0992;2,2701;2,4036;2,4357;2,4143;2,3021;2,3662;2,6012;3,2315;3,5894;3,6375;3,2529;2,676;2,2435;1,8152;1,5421;1,4189;1,3493;1,3226;1,4457;1,7777;1,9812;2,0401;2,0936;2,1097;2,2971;2,4631;2,5059;2,4631;2,3506;2,3292;2,431;2,87;3,2341;3,4376;3,2288;2,7897;3,279;2,653;2,2539;2,0739;1,9721;1,933;2,113;2,5982;2,8956;2,9817;3,0599;3,0834;3,3573;3,5999;3,6625;3,5999;3,4356;3,4043;3,553;4,1947;4,7268;5,0242;4,719;4,0773;2,827;2,2872;1,9431;1,7879;1,7002;1,6665;1,8217;2,24;2,4964;2,5706;2,6381;2,6583;2,8945;3,1036;3,1576;3,1036;2,9619;2,9349;3,0631;3,6164;4,0752;4,3316;4,0684;3,5152;2,3521;1,903;1,6167;1,4876;1,4146;1,3866;1,5157;1,8637;2,077;2,1388;2,1949;2,2118;2,4082;2,5823;2,6272;2,5823;2,4644;2,4419;2,5486;3,0089;3,3906;3,6039;3,385;2,9247;1,9812;1,5473;1,2964;1,1918;1,1448;1,1553;1,3487;1,9185;2,0491;2,0491;2,0544;2,0544;2,2216;2,3523;2,3837;2,3628;2,253;2,3157;2,5457;3,1626;3,5128;3,5599;3,1835;2,6189;2,2972;1,7941;1,5032;1,3819;1,3274;1,3395;1,5638;2,2244;2,376;2,376;2,382;2,382;2,576;2,7275;2,7639;2,7396;2,6123;2,6851;2,9518;3,667;4,0731;4,1276;3,6912;3,0366;2,6176;1,9996;1,6578;1,5051;1,4397;1,4833;1,7524;2,6395;2,7922;2,8649;2,894;2,9085;3,1194;3,2721;3,3011;3,2939;3,2139;3,4902;3,941;4,7263;4,9663;4,879;4,3118;3,6356
64;168,43;13720,9765;1400,9117;1251,3531;1163,5388;1072,9804;964,5846;935,7706;1413,2606;1218,4227;981,0498;944,0032;1059,2594;1313,0974;1,6269;1,2427;1,0303;0,9354;0,8948;0,9219;1,0891;1,6404;1,7353;1,7805;1,7986;1,8076;1,9387;2,0336;2,0517;2,0471;1,9974;2,1692;2,4493;2,9374;3,0865;3,0323;2,6798;2,2595;1,6089;1,229;1,019;0,9251;0,8849;0,9117;1,0771;1,6223;1,7161;1,7608;1,7787;1,7876;1,9173;2,0111;2,029;2,0245;1,9754;2,1452;2,4223;2,9049;3,0524;2,9988;2,6502;2,2346;1,4225;1,111;0,9308;0,8558;0,822;0,8295;0,9684;1,3775;1,4713;1,4713;1,4751;1,4751;1,5952;1,689;1,7115;1,6965;1,6177;1,6627;1,8279;2,2708;2,5223;2,556;2,2858;1,8804;1,3555;1,0587;0,887;0,8155;0,7833;0,7904;0,9228;1,3126;1,402;1,402;1,4056;1,4056;1,5201;1,6095;1,6309;1,6166;1,5415;1,5844;1,7418;2,1638;2,4035;2,4357;2,1782;1,7919;1,1793;0,921;0,7717;0,7094;0,6814;0,6877;0,8028;1,1419;1,2197;1,2197;1,2228;1,2228;1,3224;1,4002;1,4189;1,4064;1,3411;1,3784;1,5153;1,8825;2,091;2,119;1,8949;1,5589;1,307;1,0574;0,8983;0,8266;0,786;0,7705;0,8422;1,0356;1,1541;1,1884;1,2196;1,229;1,3382;1,4348;1,4598;1,4348;1,3693;1,3569;1,4161;1,6719;1,884;2,0025;1,8809;1,6251;1,9102;1,5455;1,313;1,2081;1,1488;1,126;1,2309;1,5136;1,6868;1,7369;1,7825;1,7962;1,9558;2,0971;2,1336;2,0971;2,0014;1,9831;2,0697;2,4436;2,7536;2,9268;2,749;2,3752;1,6468;1,3324;1,132;1,0416;0,9905;0,9708;1,0612;1,3049;1,4542;1,4975;1,5368;1,5486;1,6861;1,808;1,8394;1,808;1,7254;1,7097;1,7844;2,1067;2,374;2,5233;2,37;2,0477;1,3702;1,1086;0,9418;0,8666;0,8241;0,8077;0,8829;1,0857;1,21;1,2459;1,2786;1,2884;1,4029;1,5043;1,5304;1,5043;1,4356;1,4225;1,4847;1,7528;1,9752;2,0994;1,9719;1,7038;1,1541;0,9014;0,7552;0,6943;0,6669;0,673;0,7857;1,1176;1,1937;1,1937;1,1968;1,1968;1,2942;1,3703;1,3886;1,3764;1,3125;1,349;1,483;1,8423;2,0464;2,0738;1,8545;1,5256;1,3382;1,0451;0,8757;0,805;0,7733;0,7803;0,911;1,2958;1,3841;1,3841;1,3876;1,3876;1,5006;1,5889;1,6101;1,596;1,5218;1,5642;1,7195;2,1362;2,3727;2,4045;2,1503;1,769;1,5249;1,1648;0,9658;0,8768;0,8387;0,8641;1,0208;1,5376;1,6265;1,6689;1,6858;1,6943;1,8172;1,9061;1,9231;1,9188;1,8722;2,0332;2,2958;2,7533;2,8931;2,8422;2,5118;2,1179
65;178,27;45650,0751;4660,8727;4163,2868;3871,1264;3569,8359;3209,2003;3113,3351;4701,9577;4053,7267;3263,9804;3140,7252;3524,1858;4368,7122;5,4126;4,1346;3,428;3,1123;2,9769;3,0672;3,6235;5,4577;5,7735;5,9238;5,984;6,014;6,45;6,7658;6,8259;6,8109;6,6455;7,2168;8,149;9,7728;10,269;10,0885;8,9158;7,5175;5,3528;4,0889;3,3901;3,0779;2,944;3,0333;3,5834;5,3974;5,7097;5,8583;5,9178;5,9476;6,3788;6,691;6,7505;6,7356;6,572;7,1371;8,0589;9,6648;10,1554;9,977;8,8172;7,4344;4,7328;3,6963;3,0969;2,8472;2,7348;2,7597;3,2218;4,5829;4,8951;4,8951;4,9076;4,9076;5,3072;5,6194;5,6943;5,6444;5,3821;5,532;6,0814;7,5549;8,3916;8,504;7,6049;6,2562;4,5099;3,5222;2,9511;2,7131;2,606;2,6298;3,0701;4,3671;4,6646;4,6646;4,6765;4,6765;5,0573;5,3548;5,4262;5,3786;5,1287;5,2715;5,795;7,1992;7,9964;8,1035;7,2468;5,9616;3,9235;3,0643;2,5674;2,3603;2,2671;2,2878;2,6709;3,7993;4,0581;4,0581;4,0684;4,0684;4,3997;4,6585;4,7206;4,6792;4,4618;4,5861;5,0416;6,2631;6,9567;7,0499;6,3045;5,1865;4,3483;3,5181;2,9888;2,7501;2,6152;2,5633;2,802;3,4454;3,8398;3,9539;4,0577;4,0888;4,4521;4,7738;4,8568;4,7738;4,5558;4,5143;4,7115;5,5625;6,2682;6,6625;6,2578;5,4068;6,3552;5,1418;4,3683;4,0194;3,8222;3,7464;4,0953;5,0356;5,612;5,7789;5,9305;5,976;6,5069;6,9771;7,0984;6,9771;6,6586;6,5979;6,8861;8,1298;9,1612;9,7376;9,1461;7,9023;5,4791;4,4329;3,766;3,4653;3,2953;3,2299;3,5307;4,3414;4,8383;4,9822;5,1129;5,1522;5,6098;6,0152;6,1198;6,0152;5,7406;5,6883;5,9367;7,009;7,8982;8,3951;7,8852;6,8129;4,5587;3,6883;3,1334;2,8832;2,7417;2,6873;2,9376;3,6121;4,0256;4,1453;4,2541;4,2867;4,6675;5,0048;5,0918;5,0048;4,7763;4,7328;4,9395;5,8316;6,5715;6,9849;6,5606;5,6684;3,8398;2,9989;2,5126;2,31;2,2188;2,239;2,6139;3,7182;3,9715;3,9715;3,9816;3,9816;4,3058;4,5591;4,6199;4,5794;4,3666;4,4882;4,934;6,1295;6,8083;6,8995;6,17;5,0758;4,4522;3,4772;2,9133;2,6784;2,5727;2,5962;3,0308;4,3113;4,6049;4,6049;4,6167;4,6167;4,9926;5,2863;5,3568;5,3098;5,0631;5,204;5,7209;7,1071;7,8942;7,9999;7,1541;5,8854;5,0733;3,8755;3,2131;2,9172;2,7903;2,8749;3,3963;5,1156;5,4116;5,5525;5,6089;5,637;6,0457;6,3417;6,398;6,384;6,2289;6,7645;7,6382;9,1602;9,6253;9,4561;8,3569;7,0463
66;178,27;43174,3254;4408,0986;3937,4985;3661,1828;3376,2322;3035,1551;2944,489;4446,9555;3833,8801;3086,9643;2970,3936;3333,0579;4131,7829;5,1191;3,9104;3,2421;2,9435;2,8155;2,9008;3,4269;5,1617;5,4604;5,6026;5,6594;5,6879;6,1002;6,3989;6,4557;6,4415;6,2851;6,8254;7,7071;9,2428;9,712;9,5414;8,4323;7,1098;5,0625;3,8672;3,2062;2,9109;2,7844;2,8687;3,3891;5,1047;5,4;5,5406;5,5969;5,625;6,0328;6,3281;6,3844;6,3703;6,2156;6,75;7,6219;9,1406;9,6047;9,4359;8,3391;7,0312;4,4761;3,4958;2,9289;2,6927;2,5864;2,6101;3,047;4,3344;4,6296;4,6296;4,6414;4,6414;5,0194;5,3146;5,3855;5,3382;5,0902;5,2319;5,7516;7,1452;7,9365;8,0428;7,1925;5,9169;4,2653;3,3312;2,791;2,5659;2,4646;2,4872;2,9036;4,1303;4,4116;4,4116;4,4229;4,4229;4,783;5,0643;5,1319;5,0869;4,8505;4,9856;5,4808;6,8087;7,5628;7,664;6,8538;5,6383;3,7107;2,8981;2,4281;2,2323;2,1442;2,1638;2,526;3,5932;3,838;3,838;3,8478;3,8478;4,1611;4,4059;4,4646;4,4255;4,2198;4,3373;4,7681;5,9234;6,5794;6,6676;5,9626;4,9052;4,1125;3,3273;2,8267;2,601;2,4734;2,4243;2,65;3,2586;3,6315;3,7395;3,8377;3,8671;4,2106;4,5149;4,5934;4,5149;4,3088;4,2695;4,456;5,2608;5,9282;6,3012;5,9184;5,1136;6,0106;4,863;4,1314;3,8014;3,6149;3,5432;3,8732;4,7625;5,3077;5,4655;5,6089;5,6519;6,154;6,5987;6,7135;6,5987;6,2975;6,2401;6,5126;7,6889;8,6644;9,2095;8,65;7,4738;5,1819;4,1925;3,5618;3,2773;3,1166;3,0547;3,3392;4,106;4,5759;4,712;4,8356;4,8727;5,3056;5,689;5,7879;5,689;5,4293;5,3798;5,6148;6,6289;7,4699;7,9398;7,4575;6,4434;4,3115;3,4883;2,9635;2,7268;2,593;2,5416;2,7783;3,4162;3,8073;3,9204;4,0233;4,0542;4,4144;4,7333;4,8157;4,7333;4,5173;4,4761;4,6716;5,5154;6,2151;6,6061;6,2048;5,361;3,6315;2,8362;2,3763;2,1847;2,0984;2,1176;2,4721;3,5166;3,7561;3,7561;3,7657;3,7657;4,0723;4,3119;4,3694;4,331;4,1298;4,2448;4,6664;5,7971;6,439;6,5253;5,8354;4,8005;4,2108;3,2886;2,7553;2,5331;2,4331;2,4554;2,8664;4,0774;4,3552;4,3552;4,3663;4,3663;4,7218;4,9996;5,0662;5,0218;4,7885;4,9218;5,4107;6,7217;7,466;7,566;6,7661;5,5662;4,7982;3,6653;3,0389;2,759;2,639;2,719;3,2121;4,8382;5,1181;5,2514;5,3047;5,3313;5,7179;5,9977;6,0511;6,0377;5,8911;6,3976;7,224;8,6634;9,1033;8,9433;7,9037;6,6642
67;168,43;11955,3517;1220,6414;1090,3281;1013,8138;934,9085;840,4612;815,355;1231,4012;1061,6352;854,8076;822,5282;922,9532;1144,1272;1,4175;1,0828;0,8978;0,8151;0,7796;0,8033;0,949;1,4293;1,512;1,5514;1,5671;1,575;1,6892;1,7719;1,7876;1,7837;1,7404;1,89;2,1342;2,5594;2,6893;2,6421;2,335;1,9688;1,4019;1,0709;0,8878;0,8061;0,771;0,7944;0,9385;1,4135;1,4953;1,5342;1,5498;1,5576;1,6705;1,7523;1,7679;1,764;1,7212;1,8691;2,1106;2,5311;2,6596;2,6129;2,3092;1,947;1,2395;0,968;0,8111;0,7456;0,7162;0,7228;0,8438;1,2002;1,282;1,282;1,2853;1,2853;1,3899;1,4717;1,4913;1,4782;1,4095;1,4488;1,5927;1,9786;2,1977;2,2271;1,9917;1,6385;1,1811;0,9224;0,7729;0,7105;0,6825;0,6887;0,804;1,1437;1,2216;1,2216;1,2247;1,2247;1,3245;1,4024;1,4211;1,4086;1,3432;1,3805;1,5177;1,8854;2,0942;2,1222;1,8979;1,5613;1,0275;0,8025;0,6724;0,6181;0,5937;0,5992;0,6995;0,995;1,0628;1,0628;1,0655;1,0655;1,1522;1,22;1,2363;1,2254;1,1685;1,201;1,3203;1,6403;1,8219;1,8463;1,6511;1,3583;1,1388;0,9214;0,7827;0,7202;0,6849;0,6713;0,7338;0,9023;1,0056;1,0355;1,0627;1,0708;1,166;1,2502;1,272;1,2502;1,1931;1,1823;1,2339;1,4568;1,6416;1,7449;1,6389;1,416;1,6644;1,3466;1,144;1,0526;1,001;0,9811;1,0725;1,3188;1,4697;1,5134;1,5532;1,5651;1,7041;1,8272;1,859;1,8272;1,7438;1,7279;1,8034;2,1291;2,3992;2,5502;2,3953;2,0695;1,4349;1,1609;0,9863;0,9075;0,863;0,8459;0,9247;1,137;1,2671;1,3048;1,339;1,3493;1,4692;1,5753;1,6027;1,5753;1,5034;1,4897;1,5548;1,8356;2,0685;2,1986;2,0651;1,7842;1,1939;0,9659;0,8206;0,7551;0,718;0,7038;0,7693;0,946;1,0543;1,0856;1,1141;1,1226;1,2224;1,3107;1,3335;1,3107;1,2509;1,2395;1,2936;1,5273;1,721;1,8293;1,7182;1,4845;1,0056;0,7854;0,658;0,605;0,5811;0,5864;0,6846;0,9738;1,0401;1,0401;1,0428;1,0428;1,1277;1,194;1,2099;1,1993;1,1436;1,1754;1,2922;1,6053;1,783;1,8069;1,6159;1,3293;1,166;0,9106;0,763;0,7014;0,6738;0,6799;0,7937;1,1291;1,206;1,206;1,2091;1,2091;1,3075;1,3844;1,4029;1,3906;1,326;1,3629;1,4983;1,8613;2,0674;2,0951;1,8736;1,5413;1,3287;1,015;0,8415;0,764;0,7308;0,7529;0,8895;1,3397;1,4172;1,4541;1,4689;1,4763;1,5833;1,6608;1,6756;1,6719;1,6313;1,7716;2,0004;2,399;2,5208;2,4765;2,1886;1,8454
68;168,43;14967,4291;1528,1745;1365,0295;1269,238;1170,453;1052,2103;1020,7787;1541,6452;1329,1077;1070,1712;1029,7591;1155,4855;1432,383;1,7747;1,3556;1,1239;1,0204;0,9761;1,0056;1,188;1,7894;1,893;1,9423;1,962;1,9718;2,1148;2,2183;2,238;2,2331;2,1789;2,3662;2,6718;3,2042;3,3669;3,3078;2,9232;2,4648;1,755;1,3407;1,1115;1,0091;0,9653;0,9945;1,1749;1,7697;1,872;1,9208;1,9403;1,95;2,0914;2,1938;2,2133;2,2084;2,1548;2,3401;2,6423;3,1688;3,3297;3,2712;2,8909;2,4376;1,5517;1,2119;1,0154;0,9335;0,8967;0,9048;1,0563;1,5026;1,605;1,605;1,6091;1,6091;1,7401;1,8424;1,867;1,8506;1,7647;1,8138;1,9939;2,4771;2,7514;2,7882;2,4934;2,0513;1,4787;1,1548;0,9676;0,8895;0,8544;0,8622;1,0066;1,4319;1,5294;1,5294;1,5333;1,5333;1,6581;1,7557;1,7791;1,7635;1,6816;1,7284;1,9;2,3604;2,6218;2,6569;2,376;1,9547;1,2864;1,0047;0,8418;0,7739;0,7433;0,7501;0,8757;1,2457;1,3305;1,3305;1,3339;1,3339;1,4425;1,5274;1,5478;1,5342;1,4629;1,5036;1,653;2,0535;2,2809;2,3115;2,0671;1,7005;1,4257;1,1535;0,9799;0,9017;0,8575;0,8404;0,9187;1,1297;1,259;1,2964;1,3304;1,3406;1,4597;1,5652;1,5924;1,5652;1,4937;1,4801;1,5448;1,8238;2,0552;2,1845;2,0518;1,7728;2,0837;1,6859;1,4322;1,3179;1,2532;1,2283;1,3427;1,6511;1,84;1,8947;1,9445;1,9594;2,1334;2,2876;2,3274;2,2876;2,1832;2,1633;2,2578;2,6656;3,0037;3,1927;2,9987;2,591;1,7964;1,4534;1,2348;1,1362;1,0804;1,059;1,1576;1,4234;1,5864;1,6335;1,6764;1,6893;1,8393;1,9722;2,0065;1,9722;1,8822;1,865;1,9465;2,2981;2,5896;2,7525;2,5853;2,2338;1,4947;1,2093;1,0274;0,9453;0,8989;0,8811;0,9632;1,1843;1,3199;1,3591;1,3948;1,4055;1,5303;1,6409;1,6695;1,6409;1,566;1,5517;1,6195;1,912;2,1546;2,2902;2,151;1,8585;1,259;0,9833;0,8238;0,7574;0,7275;0,7341;0,857;1,2191;1,3021;1,3021;1,3055;1,3055;1,4118;1,4948;1,5147;1,5015;1,4317;1,4716;1,6177;2,0097;2,2323;2,2621;2,023;1,6642;1,4598;1,1401;0,9552;0,8782;0,8435;0,8512;0,9937;1,4135;1,5098;1,5098;1,5137;1,5137;1,6369;1,7332;1,7563;1,7409;1,66;1,7063;1,8757;2,3302;2,5883;2,623;2,3456;1,9297;1,6634;1,2707;1,0535;0,9565;0,9149;0,9426;1,1136;1,6773;1,7743;1,8205;1,839;1,8482;1,9822;2,0793;2,0977;2,0931;2,0423;2,2179;2,5044;3,0034;3,1559;3,1004;2,74;2,3103
69;168,43;23303,6288;2379,3005;2125,2909;1976,1477;1822,3438;1638,2451;1589,3075;2400,2738;2069,3622;1666,2095;1603,2897;1799,0401;2230,1573;2,7631;2,1107;1,7499;1,5888;1,5197;1,5657;1,8497;2,7861;2,9473;3,024;3,0547;3,0701;3,2926;3,4538;3,4845;3,4768;3,3924;3,6841;4,1599;4,9889;5,2421;5,15;4,5514;3,8376;2,7325;2,0873;1,7306;1,5712;1,5029;1,5484;1,8293;2,7553;2,9147;2,9906;3,0209;3,0361;3,2562;3,4156;3,446;3,4384;3,3549;3,6434;4,114;4,9337;5,1842;5,0931;4,5011;3,7952;2,416;1,8869;1,5809;1,4534;1,3961;1,4088;1,6447;2,3395;2,4989;2,4989;2,5052;2,5052;2,7092;2,8686;2,9068;2,8814;2,7475;2,824;3,1045;3,8567;4,2838;4,3412;3,8822;3,1937;2,3022;1,798;1,5065;1,385;1,3303;1,3425;1,5672;2,2293;2,3812;2,3812;2,3873;2,3873;2,5817;2,7335;2,77;2,7457;2,6181;2,691;2,9583;3,6751;4,0821;4,1367;3,6994;3,0433;2,0029;1,5643;1,3106;1,2049;1,1573;1,1679;1,3634;1,9395;2,0716;2,0716;2,0769;2,0769;2,246;2,3781;2,4098;2,3887;2,2777;2,3411;2,5736;3,1972;3,5513;3,5989;3,2184;2,6476;2,2197;1,7959;1,5257;1,4039;1,335;1,3085;1,4304;1,7588;1,9601;2,0184;2,0714;2,0873;2,2727;2,4369;2,4793;2,4369;2,3257;2,3045;2,4052;2,8396;3,1998;3,4011;3,1945;2,7601;3,2442;2,6248;2,2299;2,0518;1,9512;1,9125;2,0906;2,5706;2,8648;2,95;3,0274;3,0507;3,3217;3,5617;3,6236;3,5617;3,3991;3,3681;3,5152;4,1502;4,6767;4,9709;4,6689;4,034;2,797;2,2629;1,9225;1,769;1,6822;1,6488;1,8023;2,2162;2,4699;2,5433;2,6101;2,6301;2,8637;3,0707;3,1241;3,0707;2,9305;2,9038;3,0306;3,578;4,0319;4,2856;4,0252;3,4779;2,3271;1,8828;1,5996;1,4718;1,3996;1,3718;1,4996;1,8439;2,055;2,1161;2,1716;2,1883;2,3827;2,5549;2,5993;2,5549;2,4382;2,416;2,5215;2,977;3,3546;3,5657;3,3491;2,8937;1,9602;1,5309;1,2826;1,1792;1,1326;1,143;1,3344;1,8981;2,0274;2,0274;2,0326;2,0326;2,1981;2,3274;2,3584;2,3377;2,2291;2,2912;2,5187;3,129;3,4755;3,5221;3,1497;2,5911;2,2728;1,7751;1,4872;1,3673;1,3133;1,3253;1,5472;2,2008;2,3507;2,3507;2,3567;2,3567;2,5486;2,6986;2,7345;2,7106;2,5846;2,6566;2,9204;3,6281;4,0298;4,0838;3,6521;3,0044;2,5899;1,9784;1,6402;1,4892;1,4244;1,4676;1,7338;2,6114;2,7625;2,8345;2,8632;2,8776;3,0862;3,2373;3,2661;3,2589;3,1798;3,4531;3,8992;4,6761;4,9135;4,8272;4,2661;3,597
70;178,27;85823,3046;8762,5594;7827,0854;7277,8162;6711,3824;6033,3783;5853,1494;8839,8004;7621,1094;6136,3663;5904,6434;6625,5591;8213,2902;10,1759;7,7732;6,4447;5,8511;5,5967;5,7663;6,8122;10,2607;10,8543;11,1369;11,25;11,3065;12,1263;12,7198;12,8329;12,8046;12,4937;13,5678;15,3203;18,3731;19,3059;18,9667;16,7619;14,1332;10,0634;7,6873;6,3735;5,7865;5,5349;5,7026;6,7369;10,1473;10,7343;11,0138;11,1256;11,1816;11,9922;12,5792;12,6911;12,6631;12,3556;13,4179;15,151;18,17;19,0925;18,7571;16,5766;13,9769;8,8977;6,9491;5,8223;5,3527;5,1414;5,1884;6,057;8,616;9,2029;9,2029;9,2264;9,2264;9,9777;10,5646;10,7054;10,6115;10,1185;10,4002;11,4332;14,2035;15,7764;15,9877;14,2974;11,7619;8,4787;6,6219;5,5481;5,1007;4,8993;4,9441;5,7718;8,2103;8,7695;8,7695;8,7919;8,7919;9,5078;10,0671;10,2013;10,1118;9,642;9,9105;10,8948;13,5346;15,0335;15,2348;13,6241;11,208;7,3763;5,7609;4,8267;4,4375;4,2623;4,3012;5,0213;7,1427;7,6293;7,6293;7,6488;7,6488;8,2716;8,7581;8,8749;8,7971;8,3883;8,6219;9,4782;11,7748;13,0788;13,254;11,8527;9,7507;8,1749;6,6141;5,619;5,1703;4,9166;4,8191;5,2678;6,4775;7,2189;7,4335;7,6286;7,6871;8,37;8,9748;9,1309;8,9748;8,5651;8,4871;8,8578;10,4576;11,7843;12,5257;11,7648;10,165;11,948;9,6667;8,2125;7,5566;7,1859;7,0433;7,6992;9,4671;10,5507;10,8644;11,1496;11,2351;12,2331;13,1171;13,3452;13,1171;12,5183;12,4042;12,946;15,2843;17,2234;18,3069;17,1948;14,8566;10,3008;8,3341;7,0803;6,5148;6,1952;6,0723;6,6377;8,162;9,0962;9,3666;9,6124;9,6862;10,5466;11,3087;11,5054;11,3087;10,7925;10,6941;11,1612;13,1771;14,8489;15,7831;14,8243;12,8084;8,5705;6,9341;5,8909;5,4205;5,1545;5,0523;5,5227;6,7909;7,5682;7,7932;7,9977;8,0591;8,775;9,4091;9,5727;9,4091;8,9795;8,8977;9,2864;10,9636;12,3546;13,1318;12,3341;10,6568;7,2189;5,638;4,7237;4,3428;4,1713;4,2094;4,9142;6,9903;7,4665;7,4665;7,4856;7,4856;8,0951;8,5713;8,6855;8,6094;8,2094;8,4379;9,276;11,5236;12,7997;12,9712;11,5998;9,5427;8,3703;6,5372;5,4771;5,0354;4,8367;4,8808;5,698;8,1053;8,6574;8,6574;8,6795;8,6795;9,3862;9,9383;10,0708;9,9825;9,5187;9,7837;10,7555;13,3615;14,8413;15,04;13,4499;11,0647;9,538;7,286;6,0407;5,4844;5,2459;5,4049;6,3852;9,6175;10,1739;10,4388;10,5448;10,5978;11,3661;11,9225;12,0285;12,002;11,7106;12,7174;14,36;17,2214;18,0957;17,7778;15,7112;13,2472
71;168,43;19211,2821;1961,4719;1752,0689;1629,1167;1502,3223;1350,5531;1310,2094;1978,7621;1705,9619;1373,6067;1321,7362;1483,111;1838,5197;2,2778;1,74;1,4426;1,3098;1,2528;1,2908;1,5249;2,2968;2,4297;2,493;2,5183;2,5309;2,7144;2,8473;2,8726;2,8663;2,7967;3,0371;3,4294;4,1128;4,3216;4,2456;3,7521;3,1637;2,2527;1,7208;1,4267;1,2953;1,239;1,2765;1,508;2,2714;2,4028;2,4654;2,4904;2,503;2,6844;2,8158;2,8409;2,8346;2,7658;3,0035;3,3915;4,0673;4,2738;4,1987;3,7106;3,1287;1,9917;1,5555;1,3033;1,1982;1,1509;1,1614;1,3558;1,9287;2,06;2,06;2,0653;2,0653;2,2335;2,3648;2,3964;2,3754;2,265;2,3281;2,5593;3,1794;3,5315;3,5788;3,2004;2,6329;1,8979;1,4823;1,2419;1,1418;1,0967;1,1067;1,292;1,8378;1,963;1,963;1,968;1,968;2,1283;2,2535;2,2835;2,2635;2,1583;2,2184;2,4388;3,0297;3,3652;3,4103;3,0497;2,5089;1,6512;1,2896;1,0804;0,9933;0,9541;0,9628;1,124;1,5989;1,7078;1,7078;1,7122;1,7122;1,8516;1,9605;1,9866;1,9692;1,8777;1,93;2,1217;2,6358;2,9277;2,9669;2,6532;2,1827;1,8299;1,4805;1,2578;1,1574;1,1006;1,0787;1,1792;1,45;1,6159;1,664;1,7076;1,7207;1,8736;2,009;2,0439;2,009;1,9173;1,8998;1,9828;2,3409;2,6379;2,8038;2,6335;2,2754;2,6745;2,1639;1,8383;1,6915;1,6085;1,5766;1,7234;2,1192;2,3617;2,432;2,4958;2,5149;2,7384;2,9362;2,9873;2,9362;2,8022;2,7766;2,8979;3,4213;3,8554;4,098;3,849;3,3256;2,3058;1,8656;1,5849;1,4583;1,3868;1,3593;1,4858;1,827;2,0361;2,0967;2,1517;2,1682;2,3608;2,5314;2,5755;2,5314;2,4159;2,3938;2,4984;2,9497;3,3239;3,533;3,3184;2,8671;1,9185;1,5522;1,3187;1,2134;1,1538;1,1309;1,2362;1,5201;1,6941;1,7445;1,7903;1,804;1,9643;2,1062;2,1428;2,1062;2,01;1,9917;2,0787;2,4542;2,7655;2,9395;2,7609;2,3855;1,6159;1,262;1,0574;0,9721;0,9337;0,9423;1,1;1,5648;1,6714;1,6714;1,6756;1,6756;1,8121;1,9186;1,9442;1,9272;1,8376;1,8888;2,0764;2,5795;2,8652;2,9036;2,5966;2,1361;1,8737;1,4633;1,226;1,1272;1,0827;1,0926;1,2755;1,8143;1,9379;1,9379;1,9429;1,9429;2,1011;2,2247;2,2543;2,2346;2,1307;2,1901;2,4076;2,9909;3,3222;3,3667;3,0107;2,4768;2,1351;1,6309;1,3522;1,2277;1,1743;1,2099;1,4293;2,1528;2,2774;2,3367;2,3604;2,3723;2,5443;2,6688;2,6925;2,6866;2,6214;2,8467;3,2144;3,855;4,0507;3,9795;3,5169;2,9654
72;178,27;31014,4786;3166,5783;2828,5204;2630,0278;2425,3322;2180,3178;2115,1874;3194,4913;2754,0857;2217,5352;2133,7961;2394,3177;2968,0856;3,6773;2,8091;2,329;2,1145;2,0225;2,0838;2,4618;3,708;3,9225;4,0246;4,0655;4,0859;4,3821;4,5966;4,6375;4,6273;4,5149;4,9031;5,5364;6,6396;6,9767;6,8541;6,0574;5,1074;3,6367;2,778;2,3032;2,0911;2,0002;2,0608;2,4345;3,667;3,8791;3,9801;4,0205;4,0407;4,3337;4,5458;4,5862;4,5761;4,465;4,8489;5,4752;6,5662;6,8996;6,7783;5,9904;5,0509;3,2154;2,5113;2,104;1,9343;1,858;1,875;2,1889;3,1136;3,3257;3,3257;3,3342;3,3342;3,6057;3,8178;3,8687;3,8348;3,6566;3,7584;4,1317;5,1328;5,7012;5,7776;5,1667;4,2505;3,064;2,393;2,0049;1,8433;1,7705;1,7867;2,0858;2,967;3,1691;3,1691;3,1772;3,1772;3,4359;3,638;3,6865;3,6542;3,4844;3,5814;3,9371;4,8911;5,4327;5,5055;4,9234;4,0503;2,6656;2,0819;1,7443;1,6036;1,5403;1,5544;1,8146;2,5812;2,757;2,757;2,7641;2,7641;2,9891;3,165;3,2072;3,179;3,0313;3,1157;3,4252;4,2551;4,7264;4,7897;4,2833;3,5237;2,9542;2,3902;2,0306;1,8684;1,7768;1,7415;1,9037;2,3408;2,6087;2,6863;2,7568;2,7779;3,0247;3,2433;3,2997;3,2433;3,0952;3,067;3,201;3,7791;4,2586;4,5265;4,2515;3,6734;4,3177;3,4933;2,9678;2,7308;2,5968;2,5453;2,7823;3,4212;3,8128;3,9261;4,0292;4,0601;4,4208;4,7402;4,8227;4,7402;4,5238;4,4826;4,6784;5,5234;6,2241;6,6157;6,2138;5,3688;3,7225;3,0117;2,5586;2,3543;2,2388;2,1944;2,3987;2,9495;3,2871;3,3849;3,4737;3,5004;3,8113;4,0867;4,1578;4,0867;3,9001;3,8646;4,0334;4,7619;5,366;5,7036;5,3571;4,6286;3,0972;2,5058;2,1288;1,9588;1,8627;1,8258;1,9958;2,4541;2,735;2,8163;2,8902;2,9124;3,1711;3,4002;3,4594;3,4002;3,245;3,2154;3,3559;3,962;4,4646;4,7455;4,4572;3,8511;2,6087;2,0374;1,707;1,5694;1,5074;1,5212;1,7759;2,5261;2,6982;2,6982;2,7051;2,7051;2,9254;3,0974;3,1387;3,1112;2,9667;3,0493;3,3521;4,1643;4,6255;4,6875;4,1919;3,4485;3,0248;2,3624;1,9793;1,8197;1,7479;1,7638;2,0591;2,929;3,1286;3,1286;3,1366;3,1366;3,392;3,5915;3,6394;3,6074;3,4398;3,5356;3,8868;4,8285;5,3633;5,4351;4,8605;3,9985;3,4468;2,633;2,183;1,9819;1,8957;1,9532;2,3074;3,4755;3,6766;3,7723;3,8106;3,8298;4,1074;4,3085;4,3468;4,3372;4,2319;4,5957;5,1894;6,2234;6,5394;6,4245;5,6777;4,7872
73;168,43;2295,8996;234,4114;209,386;194,6923;179,5394;161,4017;156,5804;236,4777;203,8759;164,1568;157,9579;177,2435;219,7176;0,2722;0,2079;0,1724;0,1565;0,1497;0,1543;0,1822;0,2745;0,2904;0,2979;0,301;0,3025;0,3244;0,3403;0,3433;0,3425;0,3342;0,363;0,4098;0,4915;0,5165;0,5074;0,4484;0,3781;0,2692;0,2056;0,1705;0,1548;0,1481;0,1526;0,1802;0,2715;0,2872;0,2946;0,2976;0,2991;0,3208;0,3365;0,3395;0,3388;0,3305;0,3589;0,4053;0,4861;0,5108;0,5018;0,4434;0,3739;0,238;0,1859;0,1558;0,1432;0,1375;0,1388;0,162;0,2305;0,2462;0,2462;0,2468;0,2468;0,2669;0,2826;0,2864;0,2839;0,2707;0,2782;0,3059;0,38;0,422;0,4277;0,3825;0,3146;0,2268;0,1771;0,1484;0,1364;0,1311;0,1323;0,1544;0,2196;0,2346;0,2346;0,2352;0,2352;0,2543;0,2693;0,2729;0,2705;0,2579;0,2651;0,2915;0,3621;0,4022;0,4076;0,3645;0,2998;0,1973;0,1541;0,1291;0,1187;0,114;0,1151;0,1343;0,1911;0,2041;0,2041;0,2046;0,2046;0,2213;0,2343;0,2374;0,2353;0,2244;0,2306;0,2536;0,315;0,3499;0,3546;0,3171;0,2608;0,2187;0,1769;0,1503;0,1383;0,1315;0,1289;0,1409;0,1733;0,1931;0,1989;0,2041;0,2056;0,2239;0,2401;0,2443;0,2401;0,2291;0,227;0,237;0,2798;0,3152;0,3351;0,3147;0,2719;0,3196;0,2586;0,2197;0,2022;0,1922;0,1884;0,206;0,2533;0,2822;0,2906;0,2983;0,3006;0,3273;0,3509;0,357;0,3509;0,3349;0,3318;0,3463;0,4089;0,4608;0,4897;0,46;0,3974;0,2756;0,2229;0,1894;0,1743;0,1657;0,1624;0,1776;0,2183;0,2433;0,2506;0,2571;0,2591;0,2821;0,3025;0,3078;0,3025;0,2887;0,2861;0,2986;0,3525;0,3972;0,4222;0,3966;0,3426;0,2293;0,1855;0,1576;0,145;0,1379;0,1352;0,1477;0,1817;0,2025;0,2085;0,214;0,2156;0,2347;0,2517;0,2561;0,2517;0,2402;0,238;0,2484;0,2933;0,3305;0,3513;0,33;0,2851;0,1931;0,1508;0,1264;0,1162;0,1116;0,1126;0,1315;0,187;0,1997;0,1997;0,2002;0,2002;0,2166;0,2293;0,2324;0,2303;0,2196;0,2257;0,2481;0,3083;0,3424;0,347;0,3103;0,2553;0,2239;0,1749;0,1465;0,1347;0,1294;0,1306;0,1524;0,2168;0,2316;0,2316;0,2322;0,2322;0,2511;0,2659;0,2694;0,267;0,2546;0,2617;0,2877;0,3574;0,397;0,4023;0,3598;0,296;0,2552;0,1949;0,1616;0,1467;0,1403;0,1446;0,1708;0,2573;0,2722;0,2793;0,2821;0,2835;0,3041;0,3189;0,3218;0,3211;0,3133;0,3402;0,3842;0,4607;0,4841;0,4756;0,4203;0,3544
74;168,43;11933,8079;1218,4418;1088,3633;1011,9869;933,2238;838,9467;813,8857;1229,1822;1059,7221;853,2673;821,046;921,29;1142,0654;1,415;1,0809;0,8961;0,8136;0,7782;0,8018;0,9472;1,4268;1,5093;1,5486;1,5643;1,5722;1,6862;1,7687;1,7844;1,7805;1,7373;1,8866;2,1303;2,5548;2,6845;2,6373;2,3308;1,9652;1,3993;1,0689;0,8862;0,8046;0,7696;0,793;0,9368;1,411;1,4926;1,5315;1,547;1,5548;1,6675;1,7492;1,7647;1,7608;1,7181;1,8658;2,1068;2,5266;2,6548;2,6082;2,305;1,9435;1,2372;0,9663;0,8096;0,7443;0,7149;0,7214;0,8422;1,1981;1,2797;1,2797;1,2829;1,2829;1,3874;1,469;1,4886;1,4755;1,407;1,4462;1,5898;1,975;2,1937;2,2231;1,9881;1,6355;1,179;0,9208;0,7715;0,7093;0,6813;0,6875;0,8026;1,1416;1,2194;1,2194;1,2225;1,2225;1,3221;1,3998;1,4185;1,4061;1,3407;1,3781;1,5149;1,882;2,0904;2,1184;1,8944;1,5585;1,0257;0,8011;0,6712;0,617;0,5927;0,5981;0,6982;0,9932;1,0609;1,0609;1,0636;1,0636;1,1502;1,2178;1,2341;1,2232;1,1664;1,1989;1,318;1,6373;1,8186;1,843;1,6481;1,3558;1,1367;0,9197;0,7813;0,7189;0,6837;0,6701;0,7325;0,9007;1,0038;1,0336;1,0608;1,0689;1,1639;1,248;1,2697;1,248;1,191;1,1801;1,2317;1,4541;1,6386;1,7417;1,6359;1,4134;1,6614;1,3442;1,1419;1,0508;0,9992;0,9794;1,0706;1,3164;1,4671;1,5107;1,5504;1,5623;1,701;1,8239;1,8557;1,8239;1,7407;1,7248;1,8002;2,1253;2,3949;2,5456;2,391;2,0658;1,4323;1,1589;0,9845;0,9059;0,8615;0,8444;0,923;1,1349;1,2648;1,3024;1,3366;1,3469;1,4665;1,5725;1,5998;1,5725;1,5007;1,487;1,552;1,8323;2,0647;2,1947;2,0613;1,781;1,1917;0,9642;0,8191;0,7537;0,7167;0,7025;0,7679;0,9443;1,0524;1,0836;1,1121;1,1206;1,2202;1,3083;1,3311;1,3083;1,2486;1,2372;1,2913;1,5245;1,7179;1,826;1,7151;1,4818;1,0038;0,784;0,6568;0,6039;0,58;0,5853;0,6833;0,972;1,0382;1,0382;1,0409;1,0409;1,1256;1,1918;1,2077;1,1971;1,1415;1,1733;1,2898;1,6024;1,7798;1,8037;1,613;1,3269;1,1639;0,909;0,7616;0,7002;0,6725;0,6787;0,7923;1,127;1,2038;1,2038;1,2069;1,2069;1,3052;1,3819;1,4004;1,3881;1,3236;1,3604;1,4956;1,8579;2,0637;2,0913;1,8702;1,5386;1,3263;1,0131;0,84;0,7626;0,7294;0,7516;0,8879;1,3373;1,4147;1,4515;1,4663;1,4736;1,5805;1,6578;1,6726;1,6689;1,6284;1,7684;1,9968;2,3947;2,5162;2,472;2,1847;1,842
75;168,43;53254,2536;5437,2593;4856,7879;4515,9607;4164,4826;3743,774;3631,9401;5485,1881;4728,9777;3807,6791;3663,8926;4111,2284;5096,4321;6,3142;4,8234;3,999;3,6307;3,4728;3,5781;4,227;6,3669;6,7352;6,9106;6,9807;7,0158;7,5245;7,8928;7,963;7,9454;7,7525;8,419;9,5064;11,4007;11,9795;11,769;10,401;8,7698;6,2444;4,7701;3,9548;3,5906;3,4344;3,5385;4,1803;6,2965;6,6607;6,8342;6,9036;6,9383;7,4413;7,8056;7,8749;7,8576;7,6668;8,3259;9,4014;11,2747;11,8471;11,6389;10,286;8,6728;5,5211;4,312;3,6128;3,3214;3,1903;3,2194;3,7584;5,3463;5,7105;5,7105;5,7251;5,7251;6,1912;6,5554;6,6428;6,5846;6,2786;6,4535;7,0944;8,8134;9,7894;9,9205;8,8717;7,2984;5,2611;4,109;3,4426;3,165;3,0401;3,0678;3,5815;5,0946;5,4416;5,4416;5,4555;5,4555;5,8997;6,2467;6,33;6,2745;5,983;6,1496;6,7603;8,3984;9,3284;9,4534;8,4539;6,9547;4,5771;3,5747;2,995;2,7535;2,6448;2,6689;3,1158;4,4321;4,7341;4,7341;4,7461;4,7461;5,1326;5,4345;5,507;5,4587;5,2051;5,35;5,8813;7,3064;8,1155;8,2242;7,3547;6,0504;5,0726;4,1041;3,4867;3,2082;3,0508;2,9903;3,2687;4,0193;4,4794;4,6126;4,7336;4,7699;5,1937;5,569;5,6658;5,569;5,3147;5,2663;5,4963;6,4891;7,3123;7,7724;7,3002;6,3075;7,4139;5,9983;5,0959;4,689;4,4589;4,3705;4,7774;5,8745;6,5468;6,7415;6,9184;6,9715;7,5908;8,1393;8,2809;8,1393;7,7677;7,697;8,0331;9,4841;10,6873;11,3596;10,6696;9,2187;6,3917;5,1714;4,3934;4,0425;3,8442;3,7679;4,1188;5,0646;5,6443;5,8121;5,9646;6,0104;6,5443;7,0172;7,1392;7,0172;6,6968;6,6358;6,9257;8,1766;9,2139;9,7936;9,1986;7,9477;5,3181;4,3027;3,6554;3,3634;3,1985;3,135;3,4269;4,2138;4,6961;4,8358;4,9627;5,0008;5,445;5,8384;5,94;5,8384;5,5719;5,5211;5,7623;6,8031;7,6661;8,1484;7,6534;6,6127;4,4794;3,4984;2,9311;2,6947;2,5884;2,612;3,0493;4,3376;4,6331;4,6331;4,6449;4,6449;5,0231;5,3186;5,3895;5,3422;5,094;5,2358;5,7559;7,1505;7,9424;8,0487;7,1978;5,9213;5,1939;4,0564;3,3986;3,1245;3,0012;3,0286;3,5357;5,0294;5,372;5,372;5,3857;5,3857;5,8242;6,1668;6,2491;6,1943;5,9065;6,0709;6,6739;8,291;9,2092;9,3325;8,3458;6,8658;5,9184;4,521;3,7483;3,4031;3,2551;3,3538;3,9621;5,9678;6,313;6,4774;6,5432;6,576;7,0528;7,398;7,4638;7,4474;7,2665;7,8912;8,9105;10,6861;11,2286;11,0313;9,749;8,2201
76;168,43;30939,0951;3158,8816;2821,6455;2623,6353;2419,4372;2175,0184;2110,0463;3186,7268;2747,3916;2212,1453;2128,6097;2388,4981;2960,8714;3,6684;2,8022;2,3233;2,1093;2,0176;2,0787;2,4558;3,6989;3,9129;4,0148;4,0556;4,076;4,3715;4,5855;4,6262;4,616;4,504;4,8912;5,5229;6,6235;6,9597;6,8375;6,0426;5,095;3,6278;2,7713;2,2976;2,086;1,9953;2,0558;2,4286;3,6581;3,8697;3,9705;4,0108;4,0309;4,3232;4,5348;4,5751;4,565;4,4542;4,8371;5,4619;6,5502;6,8828;6,7619;5,9758;5,0387;3,2076;2,5051;2,0989;1,9296;1,8535;1,8704;2,1835;3,106;3,3176;3,3176;3,3261;3,3261;3,5969;3,8085;3,8593;3,8254;3,6477;3,7493;4,1216;5,1203;5,6874;5,7635;5,1542;4,2401;3,0566;2,3872;2,0001;1,8388;1,7662;1,7823;2,0807;2,9598;3,1614;3,1614;3,1695;3,1695;3,4275;3,6292;3,6775;3,6453;3,4759;3,5727;3,9276;4,8792;5,4195;5,4921;4,9115;4,0405;2,6591;2,0768;1,74;1,5997;1,5365;1,5506;1,8102;2,5749;2,7503;2,7503;2,7574;2,7574;2,9819;3,1573;3,1994;3,1713;3,024;3,1082;3,4169;4,2448;4,7149;4,778;4,2729;3,5151;2,947;2,3844;2,0256;1,8639;1,7724;1,7373;1,899;2,3351;2,6024;2,6798;2,7501;2,7712;3,0174;3,2354;3,2917;3,2354;3,0877;3,0596;3,1932;3,7699;4,2482;4,5155;4,2412;3,6644;4,3072;3,4848;2,9606;2,7241;2,5905;2,5391;2,7755;3,4129;3,8035;3,9166;4,0194;4,0502;4,41;4,7287;4,8109;4,7287;4,5128;4,4717;4,667;5,51;6,209;6,5996;6,1987;5,3558;3,7134;3,0044;2,5524;2,3486;2,2334;2,1891;2,3929;2,9424;3,2791;3,3766;3,4653;3,4918;3,802;4,0768;4,1477;4,0768;3,8907;3,8552;4,0236;4,7503;5,353;5,6898;5,3441;4,6174;3,0896;2,4997;2,1237;1,9541;1,8582;1,8213;1,9909;2,4481;2,7283;2,8094;2,8832;2,9053;3,1634;3,392;3,4509;3,392;3,2371;3,2076;3,3477;3,9524;4,4538;4,734;4,4464;3,8418;2,6024;2,0325;1,7029;1,5656;1,5038;1,5175;1,7716;2,52;2,6917;2,6917;2,6985;2,6985;2,9183;3,0899;3,1311;3,1037;2,9595;3,0419;3,344;4,1542;4,6143;4,6761;4,1817;3,4401;3,0175;2,3567;1,9745;1,8153;1,7436;1,7595;2,0541;2,9219;3,121;3,121;3,1289;3,1289;3,3837;3,5827;3,6305;3,5987;3,4315;3,527;3,8773;4,8168;5,3502;5,4219;4,8487;3,9888;3,4384;2,6266;2,1777;1,9771;1,8911;1,9484;2,3018;3,4671;3,6677;3,7632;3,8014;3,8205;4,0975;4,298;4,3362;4,3267;4,2216;4,5846;5,1767;6,2083;6,5235;6,4089;5,6639;4,7756
77;168,43;11565,5005;1180,8376;1054,7736;980,7544;904,4221;813,0547;788,7671;1191,2466;1027,0164;826,9333;795,7064;892,8566;1106,8184;1,3713;1,0475;0,8685;0,7885;0,7542;0,7771;0,918;1,3827;1,4627;1,5008;1,516;1,5237;1,6341;1,7141;1,7294;1,7255;1,6836;1,8284;2,0646;2,4759;2,6017;2,5559;2,2588;1,9046;1,3561;1,0359;0,8589;0,7798;0,7459;0,7685;0,9079;1,3674;1,4465;1,4842;1,4993;1,5068;1,6161;1,6952;1,7102;1,7065;1,665;1,8082;2,0417;2,4486;2,5729;2,5277;2,2339;1,8835;1,1991;0,9365;0,7846;0,7213;0,6929;0,6992;0,8162;1,1611;1,2402;1,2402;1,2433;1,2433;1,3446;1,4237;1,4427;1,43;1,3636;1,4015;1,5407;1,9141;2,126;2,1545;1,9267;1,585;1,1426;0,8924;0,7477;0,6874;0,6602;0,6663;0,7778;1,1064;1,1818;1,1818;1,1848;1,1848;1,2813;1,3566;1,3747;1,3627;1,2994;1,3355;1,4682;1,8239;2,0259;2,053;1,836;1,5104;0,994;0,7763;0,6504;0,598;0,5744;0,5796;0,6767;0,9626;1,0281;1,0281;1,0307;1,0307;1,1147;1,1802;1,196;1,1855;1,1304;1,1619;1,2773;1,5868;1,7625;1,7861;1,5973;1,314;1,1016;0,8913;0,7572;0,6967;0,6626;0,6494;0,7099;0,8729;0,9728;1,0017;1,028;1,0359;1,1279;1,2094;1,2305;1,2094;1,1542;1,1437;1,1937;1,4093;1,5881;1,688;1,5854;1,3698;1,6101;1,3027;1,1067;1,0183;0,9684;0,9492;1,0375;1,2758;1,4218;1,4641;1,5025;1,514;1,6485;1,7677;1,7984;1,7677;1,687;1,6716;1,7446;2,0597;2,321;2,467;2,3172;2,0021;1,3881;1,1231;0,9541;0,8779;0,8349;0,8183;0,8945;1,0999;1,2258;1,2622;1,2954;1,3053;1,4213;1,524;1,5505;1,524;1,4544;1,4411;1,5041;1,7757;2,001;2,1269;1,9977;1,7261;1,155;0,9344;0,7939;0,7305;0,6946;0,6808;0,7442;0,9151;1,0199;1,0502;1,0778;1,086;1,1825;1,268;1,29;1,268;1,2101;1,1991;1,2514;1,4775;1,6649;1,7696;1,6621;1,4361;0,9728;0,7598;0,6366;0,5852;0,5621;0,5673;0,6622;0,942;1,0062;1,0062;1,0088;1,0088;1,0909;1,1551;1,1705;1,1602;1,1063;1,1371;1,25;1,5529;1,7249;1,748;1,5632;1,286;1,128;0,881;0,7381;0,6786;0,6518;0,6577;0,7679;1,0923;1,1667;1,1667;1,1696;1,1696;1,2649;1,3393;1,3571;1,3452;1,2827;1,3185;1,4494;1,8006;2,0;2,0268;1,8125;1,4911;1,2853;0,9819;0,814;0,7391;0,7069;0,7284;0,8605;1,296;1,371;1,4067;1,421;1,4282;1,5317;1,6067;1,621;1,6174;1,5781;1,7138;1,9351;2,3207;2,4386;2,3957;2,1172;1,7852
78;168,43;36962,6842;3773,8901;3370,9968;3134,4356;2890,4819;2598,4767;2520,8551;3807,1565;3282,2864;2642,8319;2543,0327;2853,5192;3537,3289;4,3826;3,3478;2,7756;2,52;2,4104;2,4835;2,9339;4,4191;4,6748;4,7965;4,8452;4,8695;5,2226;5,4782;5,5269;5,5147;5,3808;5,8434;6,5982;7,913;8,3147;8,1686;7,2191;6,0869;4,3341;3,3108;2,745;2,4921;2,3838;2,456;2,9015;4,3703;4,6231;4,7435;4,7916;4,8157;5,1648;5,4177;5,4658;5,4538;5,3214;5,7789;6,5253;7,8255;8,2228;8,0784;7,1393;6,0196;3,8321;2,9929;2,5075;2,3053;2,2143;2,2345;2,6087;3,7108;3,9635;3,9635;3,9737;3,9737;4,2972;4,55;4,6107;4,5702;4,3579;4,4792;4,9241;6,1172;6,7946;6,8856;6,1576;5,0657;3,6516;2,8519;2,3895;2,1968;2,1101;2,1293;2,4858;3,536;3,7769;3,7769;3,7865;3,7865;4,0948;4,3357;4,3935;4,355;4,1527;4,2683;4,6922;5,8291;6,4747;6,5614;5,8677;4,8271;3,1768;2,4811;2,0788;1,9111;1,8357;1,8525;2,1626;3,0763;3,2858;3,2858;3,2942;3,2942;3,5624;3,772;3,8223;3,7887;3,6127;3,7133;4,0821;5,0712;5,6328;5,7083;5,1047;4,1995;3,5208;2,8486;2,42;2,2268;2,1175;2,0755;2,2688;2,7897;3,1091;3,2015;3,2855;3,3107;3,6048;3,8653;3,9325;3,8653;3,6889;3,6552;3,8149;4,5039;5,0753;5,3946;5,0669;4,3779;5,1458;4,1633;3,537;3,2545;3,0948;3,0334;3,3159;4,0773;4,544;4,6791;4,8019;4,8388;5,2686;5,6493;5,7476;5,6493;5,3914;5,3423;5,5756;6,5827;7,4178;7,8845;7,4055;6,3985;4,4364;3,5893;3,0493;2,8058;2,6682;2,6152;2,8588;3,5152;3,9176;4,034;4,1399;4,1717;4,5423;4,8705;4,9552;4,8705;4,6481;4,6058;4,807;5,6752;6,3952;6,7975;6,3846;5,5164;3,6912;2,9864;2,5371;2,3345;2,22;2,1759;2,3785;2,9247;3,2595;3,3564;3,4445;3,4709;3,7792;4,0523;4,1228;4,0523;3,8673;3,8321;3,9995;4,7219;5,3209;5,6557;5,3121;4,5897;3,1091;2,4282;2,0344;1,8704;1,7965;1,8129;2,1165;3,0106;3,2157;3,2157;3,2239;3,2239;3,4864;3,6915;3,7407;3,7079;3,5356;3,6341;3,995;4,963;5,5126;5,5865;4,9958;4,1099;3,6049;2,8155;2,3589;2,1687;2,0831;2,1021;2,454;3,4908;3,7286;3,7286;3,7381;3,7381;4,0425;4,2803;4,3373;4,2993;4,0996;4,2137;4,6322;5,7546;6,3919;6,4775;5,7926;4,7654;4,1079;3,138;2,6016;2,362;2,2593;2,3278;2,75;4,1421;4,3817;4,4958;4,5415;4,5643;4,8952;5,1348;5,1805;5,1691;5,0435;5,4772;6,1846;7,417;7,7935;7,6566;6,7666;5,7054
79;168,43;10994,2965;1122,5177;1002,6798;932,3163;859,754;772,899;749,811;1132,4125;976,2935;786,0922;756,4076;848,7597;1052,1542;1,3036;0,9958;0,8256;0,7496;0,717;0,7387;0,8727;1,3144;1,3905;1,4267;1,4412;1,4484;1,5534;1,6295;1,6439;1,6403;1,6005;1,7381;1,9626;2,3537;2,4732;2,4297;2,1473;1,8105;1,2892;0,9848;0,8165;0,7413;0,709;0,7305;0,863;1,2999;1,3751;1,4109;1,4252;1,4324;1,5362;1,6114;1,6258;1,6222;1,5828;1,7189;1,9409;2,3276;2,4458;2,4029;2,1235;1,7905;1,1398;0,8902;0,7459;0,6857;0,6586;0,6647;0,7759;1,1037;1,1789;1,1789;1,1819;1,1819;1,2782;1,3534;1,3714;1,3594;1,2962;1,3323;1,4646;1,8195;2,021;2,0481;1,8316;1,5067;1,0862;0,8483;0,7107;0,6534;0,6276;0,6334;0,7394;1,0518;1,1234;1,1234;1,1263;1,1263;1,218;1,2896;1,3068;1,2954;1,2352;1,2696;1,3957;1,7338;1,9258;1,9516;1,7453;1,4358;0,9449;0,738;0,6183;0,5685;0,546;0,551;0,6433;0,915;0,9773;0,9773;0,9798;0,9798;1,0596;1,122;1,1369;1,1269;1,0746;1,1045;1,2142;1,5084;1,6754;1,6979;1,5184;1,2491;1,0472;0,8473;0,7198;0,6623;0,6298;0,6173;0,6748;0,8298;0,9248;0,9523;0,9773;0,9848;1,0722;1,1497;1,1697;1,1497;1,0972;1,0872;1,1347;1,3397;1,5096;1,6046;1,5071;1,3022;1,5306;1,2383;1,052;0,968;0,9205;0,9023;0,9863;1,2128;1,3516;1,3918;1,4283;1,4393;1,5671;1,6804;1,7096;1,6804;1,6036;1,589;1,6584;1,958;2,2064;2,3452;2,2027;1,9032;1,3196;1,0676;0,907;0,8346;0,7936;0,7779;0,8503;1,0456;1,1653;1,1999;1,2314;1,2408;1,3511;1,4487;1,4739;1,4487;1,3826;1,37;1,4298;1,688;1,9022;2,0219;1,899;1,6408;1,0979;0,8883;0,7546;0,6944;0,6603;0,6472;0,7075;0,8699;0,9695;0,9983;1,0245;1,0324;1,1241;1,2053;1,2263;1,2053;1,1503;1,1398;1,1896;1,4045;1,5827;1,6822;1,58;1,3652;0,9248;0,7222;0,6051;0,5563;0,5344;0,5392;0,6295;0,8955;0,9565;0,9565;0,9589;0,9589;1,037;1,098;1,1127;1,1029;1,0517;1,0809;1,1883;1,4762;1,6397;1,6617;1,486;1,2225;1,0723;0,8374;0,7016;0,6451;0,6196;0,6253;0,7299;1,0383;1,109;1,109;1,1119;1,1119;1,2024;1,2731;1,2901;1,2788;1,2194;1,2533;1,3778;1,7117;1,9012;1,9267;1,723;1,4174;1,2219;0,9334;0,7738;0,7026;0,672;0,6924;0,818;1,232;1,3033;1,3373;1,3508;1,3576;1,456;1,5273;1,5409;1,5375;1,5002;1,6291;1,8396;2,2061;2,3181;2,2774;2,0127;1,697
80;168,43;45945,3624;4691,0215;4190,2171;3896,1667;3592,9273;3229,959;3133,4737;4732,3723;4079,9482;3285,0934;3161,0409;3546,982;4396,9712;5,4476;4,1614;3,4502;3,1324;2,9962;3,087;3,6469;5,493;5,8108;5,9621;6,0227;6,0529;6,4918;6,8095;6,8701;6,8549;6,6885;7,2635;8,2017;9,836;10,3354;10,1538;8,9735;7,5662;5,3874;4,1154;3,412;3,0978;2,9631;3,0529;3,6066;5,4323;5,7466;5,8962;5,9561;5,986;6,42;6,7343;6,7941;6,7792;6,6146;7,1832;8,1111;9,7273;10,2211;10,0416;8,8743;7,4825;4,7634;3,7202;3,1169;2,8656;2,7525;2,7776;3,2426;4,6126;4,9268;4,9268;4,9393;4,9393;5,3415;5,6557;5,7311;5,6809;5,4169;5,5677;6,1208;7,6038;8,4459;8,559;7,6541;6,2967;4,5391;3,545;2,9702;2,7306;2,6228;2,6468;3,0899;4,3953;4,6948;4,6948;4,7067;4,7067;5,09;5,3894;5,4612;5,4133;5,1618;5,3056;5,8325;7,2457;8,0482;8,1559;7,2936;6,0002;3,9489;3,0841;2,584;2,3756;2,2818;2,3026;2,6882;3,8239;4,0843;4,0843;4,0948;4,0948;4,4282;4,6887;4,7512;4,7095;4,4907;4,6157;5,0742;6,3036;7,0017;7,0955;6,3453;5,22;4,3764;3,5408;3,0081;2,7679;2,6321;2,5799;2,8201;3,4677;3,8646;3,9795;4,084;4,1153;4,4809;4,8047;4,8882;4,8047;4,5853;4,5435;4,742;5,5985;6,3087;6,7056;6,2983;5,4418;6,3963;5,1751;4,3965;4,0454;3,847;3,7706;4,1217;5,0682;5,6483;5,8162;5,9689;6,0147;6,549;7,0222;7,1444;7,0222;6,7016;6,6406;6,9306;8,1824;9,2205;9,8006;9,2052;7,9534;5,5145;4,4616;3,7904;3,4877;3,3166;3,2508;3,5535;4,3695;4,8696;5,0144;5,146;5,1855;5,6461;6,0541;6,1594;6,0541;5,7777;5,7251;5,9751;7,0544;7,9493;8,4494;7,9362;6,8569;4,5882;3,7122;3,1537;2,9018;2,7595;2,7047;2,9566;3,6355;4,0516;4,1721;4,2816;4,3144;4,6977;5,0371;5,1247;5,0371;4,8072;4,7634;4,9714;5,8694;6,614;7,0301;6,603;5,7051;3,8646;3,0183;2,5288;2,3249;2,2331;2,2535;2,6308;3,7423;3,9972;3,9972;4,0074;4,0074;4,3337;4,5886;4,6498;4,609;4,3949;4,5172;4,9659;6,1691;6,8523;6,9441;6,2099;5,1087;4,481;3,4997;2,9322;2,6957;2,5893;2,6129;3,0504;4,3391;4,6347;4,6347;4,6465;4,6465;5,0249;5,3205;5,3914;5,3441;5,0958;5,2377;5,7579;7,1531;7,9452;8,0516;7,2004;5,9235;5,1062;3,9005;3,2339;2,936;2,8084;2,8935;3,4183;5,1487;5,4466;5,5884;5,6451;5,6735;6,0848;6,3827;6,4394;6,4253;6,2692;6,8082;7,6876;9,2195;9,6875;9,5173;8,411;7,0919
81;168,43;18762,9292;1915,6951;1711,1791;1591,0964;1467,2611;1319,0339;1279,6318;1932,5817;1666,1481;1341,5494;1290,8895;1448,4981;1795,6123;2,2247;1,6994;1,409;1,2792;1,2236;1,2607;1,4893;2,2432;2,373;2,4348;2,4595;2,4719;2,6511;2,7808;2,8056;2,7994;2,7314;2,9662;3,3494;4,0168;4,2207;4,1466;3,6645;3,0898;2,2001;1,6806;1,3934;1,2651;1,21;1,2467;1,4728;2,2184;2,3468;2,4079;2,4323;2,4445;2,6218;2,7501;2,7746;2,7684;2,7012;2,9334;3,3124;3,9724;4,1741;4,1007;3,624;3,0557;1,9452;1,5192;1,2729;1,1702;1,124;1,1343;1,3242;1,8837;2,012;2,012;2,0171;2,0171;2,1813;2,3097;2,3405;2,3199;2,2121;2,2737;2,4996;3,1052;3,4491;3,4953;3,1257;2,5714;1,8536;1,4477;1,2129;1,1151;1,0711;1,0809;1,2618;1,7949;1,9172;1,9172;1,9221;1,9221;2,0786;2,2009;2,2302;2,2107;2,108;2,1667;2,3819;2,959;3,2867;3,3307;2,9785;2,4503;1,6126;1,2595;1,0552;0,9701;0,9318;0,9403;1,0978;1,5616;1,6679;1,6679;1,6722;1,6722;1,8084;1,9147;1,9403;1,9232;1,8339;1,8849;2,0722;2,5742;2,8593;2,8976;2,5913;2,1317;1,7872;1,446;1,2284;1,1303;1,0749;1,0536;1,1517;1,4161;1,5782;1,6251;1,6678;1,6806;1,8299;1,9621;1,9962;1,9621;1,8725;1,8555;1,9365;2,2863;2,5763;2,7384;2,5721;2,2223;2,6121;2,1134;1,7954;1,652;1,571;1,5398;1,6832;2,0697;2,3066;2,3752;2,4375;2,4562;2,6744;2,8677;2,9176;2,8677;2,7368;2,7118;2,8303;3,3415;3,7654;4,0023;3,7592;3,248;2,252;1,822;1,5479;1,4243;1,3544;1,3275;1,4512;1,7844;1,9886;2,0477;2,1015;2,1176;2,3057;2,4723;2,5153;2,4723;2,3595;2,338;2,4401;2,8808;3,2463;3,4505;3,2409;2,8002;1,8737;1,516;1,2879;1,185;1,1269;1,1045;1,2074;1,4846;1,6546;1,7038;1,7485;1,7619;1,9184;2,057;2,0928;2,057;1,9631;1,9452;2,0302;2,3969;2,701;2,8709;2,6965;2,3298;1,5782;1,2326;1,0327;0,9494;0,912;0,9203;1,0744;1,5282;1,6324;1,6324;1,6365;1,6365;1,7698;1,8739;1,8989;1,8822;1,7948;1,8447;2,0279;2,5193;2,7983;2,8358;2,536;2,0862;1,8299;1,4292;1,1974;1,1009;1,0574;1,0671;1,2457;1,772;1,8927;1,8927;1,8975;1,8975;2,052;2,1727;2,2017;2,1824;2,081;2,1389;2,3514;2,9211;3,2446;3,2881;2,9405;2,419;2,0852;1,5929;1,3206;1,199;1,1469;1,1816;1,3959;2,1026;2,2242;2,2822;2,3053;2,3169;2,4849;2,6065;2,6297;2,6239;2,5602;2,7803;3,1394;3,765;3,9561;3,8866;3,4348;2,8961
82;168,43;16755,6497;1710,7518;1528,1153;1420,8791;1310,2918;1177,9222;1142,7353;1725,8319;1487,9017;1198,029;1152,7887;1293,5362;1603,5157;1,9867;1,5176;1,2582;1,1423;1,0927;1,1258;1,33;2,0032;2,1191;2,1743;2,1964;2,2074;2,3675;2,4833;2,5054;2,4999;2,4392;2,6489;2,9911;3,5871;3,7692;3,7029;3,2725;2,7593;1,9647;1,5008;1,2443;1,1297;1,0806;1,1133;1,3153;1,9811;2,0957;2,1503;2,1721;2,183;2,3413;2,4559;2,4777;2,4723;2,4122;2,6196;2,958;3,5474;3,7275;3,662;3,2363;2,7288;1,7371;1,3567;1,1367;1,045;1,0038;1,0129;1,1825;1,6821;1,7967;1,7967;1,8013;1,8013;1,948;2,0626;2,0901;2,0717;1,9755;2,0305;2,2322;2,773;3,0801;3,1214;2,7913;2,2963;1,6553;1,2928;1,0832;0,9958;0,9565;0,9652;1,1269;1,6029;1,7121;1,7121;1,7165;1,7165;1,8562;1,9654;1,9916;1,9742;1,8825;1,9349;2,127;2,6424;2,9351;2,9744;2,6599;2,1882;1,4401;1,1247;0,9423;0,8663;0,8321;0,8397;0,9803;1,3945;1,4895;1,4895;1,4933;1,4933;1,6149;1,7099;1,7327;1,7175;1,6377;1,6833;1,8505;2,2988;2,5534;2,5876;2,314;1,9037;1,596;1,2913;1,097;1,0094;0,9599;0,9409;1,0285;1,2646;1,4094;1,4513;1,4894;1,5008;1,6341;1,7522;1,7827;1,7522;1,6722;1,657;1,7293;2,0417;2,3007;2,4455;2,2969;1,9846;2,3327;1,8873;1,6034;1,4753;1,4029;1,3751;1,5031;1,8483;2,0599;2,1211;2,1768;2,1935;2,3883;2,5609;2,6054;2,5609;2,444;2,4217;2,5275;2,984;3,3626;3,5741;3,357;2,9005;2,0111;1,6271;1,3823;1,2719;1,2095;1,1855;1,2959;1,5935;1,7759;1,8287;1,8767;1,8911;2,0591;2,2079;2,2463;2,2079;2,1071;2,0879;2,1791;2,5726;2,899;3,0814;2,8942;2,5006;1,6732;1,3538;1,1501;1,0583;1,0063;0,9864;1,0782;1,3258;1,4776;1,5215;1,5614;1,5734;1,7132;1,837;1,8689;1,837;1,7531;1,7371;1,813;2,1405;2,412;2,5638;2,408;2,0806;1,4094;1,1007;0,9222;0,8479;0,8144;0,8218;0,9594;1,3648;1,4577;1,4577;1,4614;1,4614;1,5804;1,6734;1,6957;1,6808;1,6027;1,6474;1,811;2,2498;2,4989;2,5324;2,2647;1,8631;1,6342;1,2763;1,0693;0,9831;0,9443;0,9529;1,1124;1,5824;1,6902;1,6902;1,6945;1,6945;1,8325;1,9403;1,9662;1,9489;1,8584;1,9101;2,0998;2,6086;2,8975;2,9363;2,6259;2,1602;1,8621;1,4225;1,1794;1,0707;1,0242;1,0552;1,2466;1,8777;1,9863;2,038;2,0587;2,0691;2,2191;2,3277;2,3484;2,3432;2,2863;2,4829;2,8036;3,3622;3,5329;3,4708;3,0674;2,5863
83;168,43;95363,7767;9736,6416;8697,1764;8086,8483;7457,4473;6704,0735;6503,8096;9822,469;8468,3034;6818,51;6561,0278;7362,0836;9126,3134;11,3071;8,6373;7,1611;6,5016;6,2189;6,4073;7,5695;11,4013;12,0609;12,375;12,5006;12,5634;13,4743;14,1338;14,2595;14,2281;13,8826;15,0761;17,0234;20,4155;21,452;21,0751;18,6253;15,7043;11,1821;8,5419;7,082;6,4297;6,1501;6,3365;7,4858;11,2753;11,9276;12,2382;12,3624;12,4245;13,3253;13,9776;14,1019;14,0708;13,7291;14,9094;16,8352;20,1899;21,2149;20,8422;18,4194;15,5307;9,8868;7,7216;6,4695;5,9477;5,713;5,7651;6,7303;9,5738;10,226;10,226;10,252;10,252;11,0868;11,739;11,8955;11,7911;11,2433;11,5564;12,7042;15,7824;17,5302;17,765;15,8867;13,0694;9,4212;7,358;6,1648;5,6677;5,4439;5,4937;6,4134;9,1229;9,7444;9,7444;9,7693;9,7693;10,5647;11,1862;11,3353;11,2359;10,7139;11,0122;12,1059;15,0392;16,7047;16,9284;15,1386;12,4539;8,1963;6,4013;5,3633;4,9307;4,7361;4,7794;5,5795;7,9368;8,4774;8,4774;8,499;8,499;9,1911;9,7317;9,8615;9,775;9,3208;9,5803;10,5319;13,0838;14,5327;14,7273;13,1703;10,8346;9,0837;7,3493;6,2437;5,745;5,4632;5,3548;5,8534;7,1975;8,0214;8,2598;8,4766;8,5417;9,3004;9,9725;10,1459;9,9725;9,5172;9,4305;9,8424;11,6201;13,0943;13,9182;13,0727;11,2949;13,2762;10,7413;9,1254;8,3966;7,9847;7,8263;8,5551;10,5195;11,7236;12,0721;12,389;12,484;13,593;14,5753;14,8288;14,5753;13,9099;13,7831;14,3852;16,9834;19,138;20,342;19,1063;16,5081;11,4459;9,2605;7,8673;7,239;6,8839;6,7473;7,3756;9,0693;10,1073;10,4078;10,681;10,7629;11,719;12,5659;12,7844;12,5659;11,9922;11,8829;12,402;14,642;16,4995;17,5376;16,4722;14,2322;9,5232;7,7049;6,5458;6,023;5,7275;5,6139;6,1367;7,5458;8,4095;8,6595;8,8868;8,955;9,7505;10,455;10,6369;10,455;9,9778;9,8868;10,3187;12,1824;13,7279;14,5916;13,7052;11,8415;8,0214;6,2647;5,2488;4,8255;4,635;4,6774;5,4605;7,7674;8,2965;8,2965;8,3177;8,3177;8,995;9,5241;9,6511;9,5664;9,1219;9,3759;10,3072;12,8046;14,2226;14,4131;12,8892;10,6035;9,3008;7,2639;6,086;5,5952;5,3743;5,4234;6,3314;9,0063;9,6198;9,6198;9,6443;9,6443;10,4296;11,0431;11,1904;11,0922;10,5769;10,8713;11,9511;14,8469;16,4911;16,7119;14,945;12,2947;10,5983;8,0959;6,7123;6,094;5,8291;6,0057;7,095;10,6866;11,3049;11,5992;11,717;11,7759;12,6296;13,2479;13,3656;13,3362;13,0124;14,1311;15,9563;19,1358;20,1073;19,7541;17,4578;14,7199
84;173,59;49652,7384;5069,5446;4528,3297;4210,5522;3882,8441;3490,5875;3386,3168;5114,2321;4409,1632;3550,1708;3416,1084;3833,1914;4751,7671;5,8872;4,4972;3,7286;3,3851;3,238;3,3361;3,9412;5,9363;6,2797;6,4432;6,5086;6,5413;7,0156;7,359;7,4244;7,4081;7,2282;7,8496;8,8635;10,6297;11,1694;10,9731;9,6975;8,1767;5,8221;4,4475;3,6874;3,3477;3,2022;3,2992;3,8976;5,8707;6,2103;6,372;6,4367;6,469;6,938;7,2777;7,3424;7,3262;7,1483;7,7629;8,7656;10,5122;11,0459;10,8518;9,5904;8,0863;5,1477;4,0204;3,3684;3,0968;2,9746;3,0017;3,5043;4,9848;5,3243;5,3243;5,3379;5,3379;5,7725;6,1121;6,1936;6,1393;5,854;6,017;6,6146;8,2174;9,1274;9,2496;8,2717;6,8048;4,9053;3,8311;3,2098;2,951;2,8345;2,8604;3,3392;4,75;5,0736;5,0736;5,0865;5,0865;5,5007;5,8243;5,9019;5,8502;5,5784;5,7337;6,3032;7,8304;8,6976;8,8141;7,8822;6,4843;4,2675;3,3329;2,7925;2,5673;2,4659;2,4885;2,9051;4,1324;4,4139;4,4139;4,4252;4,4252;4,7855;5,067;5,1345;5,0895;4,853;4,9882;5,4836;6,8123;7,5667;7,668;6,8573;5,6412;4,7296;3,8265;3,2509;2,9912;2,8445;2,7881;3,0477;3,7475;4,1765;4,3006;4,4135;4,4474;4,8424;5,1924;5,2827;5,1924;4,9553;4,9102;5,1246;6,0502;6,8178;7,2467;6,8065;5,8809;6,9125;5,5927;4,7513;4,3718;4,1574;4,0749;4,4543;5,4772;6,1041;6,2856;6,4505;6,5;7,0774;7,5889;7,7208;7,5889;7,2424;7,1764;7,4899;8,8427;9,9645;10,5914;9,948;8,5952;5,9595;4,8216;4,0963;3,7691;3,5842;3,5131;3,8402;4,7221;5,2625;5,419;5,5612;5,6039;6,1017;6,5426;6,6564;6,5426;6,2439;6,1871;6,4573;7,6236;8,5908;9,1312;8,5765;7,4102;4,9584;4,0117;3,4082;3,136;2,9821;2,923;3,1952;3,9289;4,3785;4,5087;4,6271;4,6626;5,0767;5,4436;5,5383;5,4436;5,1951;5,1477;5,3726;6,343;7,1477;7,5974;7,1358;6,1655;4,1765;3,2618;2,7329;2,5125;2,4133;2,4354;2,8431;4,0442;4,3197;4,3197;4,3307;4,3307;4,6834;4,9589;5,025;4,9809;4,7495;4,8817;5,3666;6,6669;7,4052;7,5044;6,711;5,5209;4,8426;3,7821;3,1688;2,9132;2,7982;2,8238;3,2965;4,6893;5,0087;5,0087;5,0215;5,0215;5,4304;5,7498;5,8265;5,7753;5,507;5,6603;6,2225;7,7303;8,5863;8,7013;7,7814;6,4014;5,5182;4,2153;3,4948;3,173;3,035;3,127;3,6941;5,5642;5,8861;6,0393;6,1007;6,1313;6,5758;6,8977;6,959;6,9437;6,7751;7,3576;8,3079;9,9634;10,4692;10,2853;9,0897;7,6641
85;173,59;90822,7056;9272,9982;8283,0307;7701,7654;7102,3356;6384,8362;6194,1085;9354,7387;8065,0563;6493,8234;6248,6021;7011,5129;8691,7329;10,7686;8,226;6,8201;6,192;5,9228;6,1022;7,209;10,8584;11,4866;11,7857;11,9053;11,9652;12,8326;13,4608;13,5805;13,5505;13,2215;14,3582;16,2128;19,4434;20,4305;20,0716;17,7383;14,9564;10,6496;8,1351;6,7448;6,1235;5,8573;6,0348;7,1293;10,7384;11,3596;11,6554;11,7737;11,8329;12,6908;13,312;13,4303;13,4008;13,0754;14,1995;16,0336;19,2285;20,2047;19,8497;17,5423;14,7911;9,416;7,3539;6,1614;5,6645;5,4409;5,4906;6,4099;9,1179;9,739;9,739;9,7639;9,7639;10,5589;11,18;11,329;11,2297;10,7079;11,0061;12,0992;15,0309;16,6954;16,919;15,1302;12,447;8,9726;7,0076;5,8713;5,3978;5,1847;5,2321;6,108;8,6885;9,2804;9,2804;9,3041;9,3041;10,0616;10,6535;10,7956;10,7009;10,2037;10,4878;11,5295;14,323;15,9092;16,1223;14,4177;11,8609;7,806;6,0965;5,1079;4,6959;4,5106;4,5518;5,3138;7,5588;8,0737;8,0737;8,0943;8,0943;8,7534;9,2683;9,3919;9,3095;8,877;9,1241;10,0304;12,4607;13,8407;14,026;12,5431;10,3187;8,6511;6,9993;5,9463;5,4715;5,2031;5,0998;5,5747;6,8548;7,6394;7,8665;8,073;8,1349;8,8576;9,4976;9,6628;9,4976;9,064;8,9815;9,3738;11,0668;12,4708;13,2554;12,4502;10,7571;12,644;10,2299;8,6909;7,9968;7,6045;7,4536;8,1477;10,0186;11,1653;11,4973;11,799;11,8896;12,9458;13,8812;14,1226;13,8812;13,2475;13,1268;13,7002;16,1746;18,2267;19,3734;18,1965;15,722;10,9008;8,8195;7,4927;6,8943;6,5561;6,426;7,0244;8,6374;9,626;9,9122;10,1724;10,2504;11,161;11,9675;12,1756;11,9675;11,4212;11,3171;11,8114;13,9447;15,7139;16,7025;15,6878;13,5545;9,0697;7,338;6,2341;5,7362;5,4548;5,3466;5,8444;7,1865;8,009;8,2472;8,4636;8,5286;9,2862;9,9572;10,1304;9,9572;9,5026;9,416;9,8273;11,6023;13,0742;13,8968;13,0526;11,2776;7,6394;5,9664;4,9989;4,5957;4,4143;4,4546;5,2004;7,3975;7,9015;7,9015;7,9216;7,9216;8,5666;9,0706;9,1915;9,1109;8,6876;8,9295;9,8164;12,1949;13,5454;13,7268;12,2755;10,0985;8,8579;6,918;5,7962;5,3287;5,1184;5,1651;6,0299;8,5774;9,1617;9,1617;9,1851;9,1851;9,933;10,5173;10,6575;10,564;10,0732;10,3537;11,382;14,1399;15,7058;15,9161;14,2334;11,7092;10,0936;7,7104;6,3926;5,8038;5,5515;5,7197;6,7571;10,1777;10,7665;11,0469;11,1591;11,2151;12,0282;12,617;12,7292;12,7011;12,3927;13,4582;15,1965;18,2246;19,1499;18,8134;16,6264;14,0189
86;173,59;19816,284;2023,2426;1807,2451;1680,4209;1549,6334;1393,0848;1351,4706;2041,0772;1759,686;1416,8643;1363,3603;1529,8171;1896,4184;2,3496;1,7948;1,4881;1,351;1,2923;1,3314;1,5729;2,3692;2,5062;2,5715;2,5976;2,6106;2,7999;2,937;2,9631;2,9565;2,8848;3,1328;3,5374;4,2423;4,4577;4,3793;3,8703;3,2633;2,3236;1,775;1,4716;1,3361;1,278;1,3167;1,5555;2,343;2,4785;2,5431;2,5689;2,5818;2,769;2,9045;2,9303;2,9239;2,8529;3,0981;3,4983;4,1954;4,4084;4,3309;3,8275;3,2272;2,0545;1,6045;1,3443;1,2359;1,1871;1,198;1,3985;1,9894;2,1249;2,1249;2,1303;2,1303;2,3038;2,4393;2,4718;2,4502;2,3363;2,4014;2,6399;3,2795;3,6427;3,6915;3,3012;2,7158;1,9577;1,529;1,281;1,1777;1,1312;1,1416;1,3327;1,8957;2,0249;2,0249;2,03;2,03;2,1953;2,3245;2,3554;2,3348;2,2263;2,2883;2,5156;3,1251;3,4712;3,5177;3,1458;2,5879;1,7032;1,3302;1,1145;1,0246;0,9841;0,9931;1,1594;1,6492;1,7616;1,7616;1,7661;1,7661;1,9099;2,0222;2,0492;2,0312;1,9368;1,9908;2,1885;2,7188;3,0198;3,0603;2,7367;2,2514;1,8876;1,5272;1,2974;1,1938;1,1352;1,1127;1,2163;1,4956;1,6668;1,7164;1,7614;1,7749;1,9326;2,0723;2,1083;2,0723;1,9777;1,9596;2,0452;2,4146;2,721;2,8921;2,7165;2,3471;2,7587;2,232;1,8962;1,7448;1,6592;1,6263;1,7777;2,1859;2,4361;2,5085;2,5744;2,5941;2,8246;3,0287;3,0814;3,0287;2,8904;2,8641;2,9892;3,5291;3,9768;4,227;3,9702;3,4303;2,3784;1,9243;1,6348;1,5042;1,4305;1,4021;1,5326;1,8846;2,1003;2,1627;2,2195;2,2365;2,4352;2,6111;2,6566;2,6111;2,4919;2,4692;2,5771;3,0426;3,4285;3,6443;3,4229;2,9574;1,9789;1,6011;1,3602;1,2516;1,1902;1,1666;1,2752;1,568;1,7475;1,7994;1,8466;1,8608;2,0261;2,1725;2,2103;2,1725;2,0733;2,0545;2,1442;2,5315;2,8526;3,0321;2,8479;2,4606;1,6668;1,3018;1,0907;1,0027;0,9631;0,9719;1,1347;1,614;1,724;1,724;1,7284;1,7284;1,8691;1,9791;2,0055;1,9879;1,8955;1,9483;2,1418;2,6608;2,9554;2,995;2,6783;2,2034;1,9327;1,5094;1,2646;1,1627;1,1168;1,127;1,3156;1,8715;1,999;1,999;2,0041;2,0041;2,1672;2,2947;2,3253;2,3049;2,1978;2,259;2,4834;3,0851;3,4268;3,4727;3,1055;2,5548;2,2023;1,6823;1,3948;1,2663;1,2113;1,248;1,4743;2,2206;2,3491;2,4103;2,4348;2,447;2,6244;2,7529;2,7773;2,7712;2,7039;2,9364;3,3157;3,9764;4,1782;4,1048;3,6277;3,0587
87;168,43;7464,9881;762,1753;680,8069;633,031;583,7621;524,7887;509,1122;768,8938;662,8909;533,7467;513,5912;576,2971;714,3994;0,8851;0,6761;0,5606;0,5089;0,4868;0,5016;0,5925;0,8925;0,9441;0,9687;0,9785;0,9835;1,0548;1,1064;1,1162;1,1138;1,0867;1,1801;1,3326;1,5981;1,6792;1,6497;1,458;1,2293;0,8753;0,6686;0,5544;0,5033;0,4814;0,496;0,586;0,8826;0,9337;0,958;0,9677;0,9726;1,0431;1,0942;1,1039;1,1014;1,0747;1,1671;1,3178;1,5804;1,6607;1,6315;1,4419;1,2157;0,7739;0,6044;0,5064;0,4656;0,4472;0,4513;0,5268;0,7494;0,8005;0,8005;0,8025;0,8025;0,8679;0,9189;0,9312;0,923;0,8801;0,9046;0,9945;1,2354;1,3722;1,3906;1,2436;1,0231;0,7375;0,576;0,4826;0,4437;0,4261;0,43;0,502;0,7141;0,7628;0,7628;0,7647;0,7647;0,827;0,8756;0,8873;0,8795;0,8387;0,862;0,9476;1,1773;1,3076;1,3251;1,185;0,9749;0,6416;0,5011;0,4198;0,386;0,3707;0,3741;0,4368;0,6213;0,6636;0,6636;0,6653;0,6653;0,7195;0,7618;0,7719;0,7652;0,7296;0,7499;0,8244;1,0242;1,1376;1,1528;1,031;0,8481;0,7111;0,5753;0,4887;0,4497;0,4277;0,4192;0,4582;0,5634;0,6279;0,6466;0,6635;0,6686;0,728;0,7806;0,7942;0,7806;0,745;0,7382;0,7705;0,9096;1,025;1,0895;1,0233;0,8842;1,0392;0,8408;0,7143;0,6573;0,625;0,6126;0,6697;0,8235;0,9177;0,945;0,9698;0,9772;1,064;1,1409;1,1608;1,1409;1,0889;1,0789;1,1261;1,3294;1,4981;1,5924;1,4956;1,2922;0,896;0,7249;0,6158;0,5667;0,5389;0,5282;0,5774;0,7099;0,7912;0,8147;0,8361;0,8425;0,9174;0,9836;1,0008;0,9836;0,9387;0,9302;0,9708;1,1462;1,2916;1,3728;1,2894;1,1141;0,7455;0,6031;0,5124;0,4715;0,4483;0,4395;0,4804;0,5907;0,6583;0,6779;0,6956;0,701;0,7633;0,8184;0,8326;0,8184;0,781;0,7739;0,8077;0,9536;1,0746;1,1422;1,0728;0,9269;0,6279;0,4904;0,4109;0,3777;0,3628;0,3661;0,4274;0,608;0,6494;0,6494;0,6511;0,6511;0,7041;0,7455;0,7555;0,7488;0,7141;0,7339;0,8068;1,0023;1,1133;1,1282;1,009;0,83;0,7281;0,5686;0,4764;0,438;0,4207;0,4245;0,4956;0,705;0,753;0,753;0,7549;0,7549;0,8164;0,8644;0,876;0,8683;0,8279;0,851;0,9355;1,1622;1,2909;1,3082;1,1699;0,9624;0,8296;0,6337;0,5254;0,477;0,4563;0,4701;0,5554;0,8365;0,8849;0,908;0,9172;0,9218;0,9886;1,037;1,0462;1,0439;1,0186;1,1062;1,249;1,4979;1,574;1,5463;1,3666;1,1523
88;173,59;24423,4238;2493,6316;2227,4163;2071,1063;1909,9117;1716,9667;1665,6775;2515,6127;2168,8;1746,2748;1680,3316;1885,4883;2337,3217;2,8958;2,2121;1,834;1,6651;1,5927;1,641;1,9386;2,92;3,0889;3,1693;3,2015;3,2176;3,4509;3,6198;3,652;3,6439;3,5554;3,8611;4,3598;5,2286;5,494;5,3975;4,7701;4,022;2,8638;2,1876;1,8138;1,6467;1,5751;1,6228;1,9172;2,8877;3,0547;3,1343;3,1661;3,182;3,4127;3,5798;3,6116;3,6036;3,5161;3,8184;4,3116;5,1708;5,4333;5,3378;4,7173;3,9775;2,5321;1,9776;1,6569;1,5233;1,4631;1,4765;1,7237;2,4519;2,6189;2,6189;2,6256;2,6256;2,8394;3,0064;3,0465;3,0198;2,8795;2,9597;3,2536;4,042;4,4896;4,5498;4,0687;3,3472;2,4129;1,8844;1,5789;1,4515;1,3942;1,407;1,6425;2,3365;2,4956;2,4956;2,502;2,502;2,7057;2,8649;2,9031;2,8776;2,7439;2,8203;3,1004;3,8517;4,2782;4,3355;3,8771;3,1896;2,0991;1,6394;1,3736;1,2628;1,213;1,224;1,429;2,0327;2,1711;2,1711;2,1767;2,1767;2,3539;2,4924;2,5256;2,5034;2,3871;2,4536;2,6973;3,3509;3,7219;3,7718;3,373;2,7748;2,3264;1,8822;1,5991;1,4713;1,3992;1,3714;1,4991;1,8433;2,0543;2,1154;2,1709;2,1876;2,3819;2,554;2,5985;2,554;2,4374;2,4152;2,5207;2,976;3,3536;3,5645;3,348;2,8927;3,4001;2,7509;2,3371;2,1504;2,0449;2,0044;2,191;2,6941;3,0025;3,0918;3,1729;3,1973;3,4813;3,7328;3,7978;3,7328;3,5624;3,53;3,6842;4,3496;4,9014;5,2098;4,8933;4,2279;2,9314;2,3717;2,0149;1,854;1,763;1,728;1,889;2,3227;2,5886;2,6655;2,7355;2,7565;3,0013;3,2182;3,2742;3,2182;3,0713;3,0433;3,1762;3,7499;4,2257;4,4915;4,2187;3,645;2,439;1,9733;1,6764;1,5425;1,4669;1,4378;1,5716;1,9325;2,1537;2,2178;2,276;2,2934;2,4972;2,6776;2,7242;2,6776;2,5554;2,5321;2,6427;3,12;3,5158;3,737;3,51;3,0327;2,0543;1,6044;1,3443;1,2359;1,1871;1,1979;1,3985;1,9893;2,1248;2,1248;2,1302;2,1302;2,3037;2,4392;2,4717;2,45;2,3362;2,4012;2,6397;3,2794;3,6425;3,6913;3,301;2,7156;2,382;1,8603;1,5587;1,433;1,3764;1,389;1,6215;2,3066;2,4637;2,4637;2,47;2,47;2,6711;2,8282;2,8659;2,8408;2,7088;2,7842;3,0608;3,8024;4,2235;4,2801;3,8275;3,1488;2,7143;2,0734;1,7191;1,5607;1,4929;1,5381;1,8171;2,7369;2,8953;2,9707;3,0008;3,0159;3,2346;3,3929;3,423;3,4155;3,3326;3,6191;4,0865;4,9008;5,1496;5,0592;4,4711;3,7699
89;168,43;43698,8615;4461,6538;3985,3362;3705,6635;3417,251;3072,03;2980,2624;4500,9827;3880,4589;3124,4686;3006,4817;3373,5521;4181,981;5,1813;3,9579;3,2815;2,9792;2,8497;2,9361;3,4686;5,2245;5,5267;5,6706;5,7282;5,757;6,1744;6,4766;6,5342;6,5198;6,3615;6,9084;7,8007;9,3551;9,83;9,6573;8,5347;7,1962;5,124;3,9142;3,2452;2,9463;2,8182;2,9036;3,4302;5,1667;5,4656;5,6079;5,6649;5,6933;6,1061;6,405;6,4619;6,4477;6,2911;6,832;7,7145;9,2517;9,7214;9,5506;8,4404;7,1167;4,5305;3,5383;2,9645;2,7255;2,6179;2,6418;3,0841;4,387;4,6859;4,6859;4,6978;4,6978;5,0803;5,3792;5,4509;5,4031;5,1521;5,2955;5,8215;7,232;8,0329;8,1405;7,2798;5,9888;4,3171;3,3717;2,8249;2,5971;2,4946;2,5174;2,9388;4,1804;4,4652;4,4652;4,4766;4,4766;4,8411;5,1259;5,1942;5,1487;4,9095;5,0461;5,5473;6,8915;7,6546;7,7572;6,937;5,7068;3,7558;2,9333;2,4576;2,2594;2,1702;2,1901;2,5567;3,6369;3,8846;3,8846;3,8945;3,8945;4,2117;4,4594;4,5189;4,4792;4,2711;4,39;4,8261;5,9954;6,6594;6,7486;6,0351;4,9648;4,1624;3,3677;2,8611;2,6326;2,5034;2,4537;2,6822;3,2982;3,6757;3,7849;3,8843;3,9141;4,2618;4,5697;4,6492;4,5697;4,3611;4,3214;4,5101;5,3247;6,0003;6,3778;5,9903;5,1757;6,0836;4,922;4,1816;3,8476;3,6589;3,5863;3,9202;4,8204;5,3721;5,5319;5,677;5,7206;6,2288;6,6789;6,795;6,6789;6,374;6,3159;6,5918;7,7823;8,7697;9,3214;8,7551;7,5646;5,2449;4,2435;3,6051;3,3172;3,1544;3,0918;3,3798;4,1558;4,6315;4,7692;4,8944;4,9319;5,3701;5,7581;5,8582;5,7581;5,4952;5,4452;5,683;6,7094;7,5606;8,0363;7,5481;6,5217;4,3638;3,5306;2,9995;2,7599;2,6246;2,5725;2,812;3,4577;3,8535;3,9681;4,0722;4,1035;4,468;4,7909;4,8742;4,7909;4,5721;4,5305;4,7284;5,5824;6,2906;6,6864;6,2802;5,4262;3,6757;2,8707;2,4052;2,2112;2,1239;2,1433;2,5022;3,5593;3,8017;3,8017;3,8114;3,8114;4,1218;4,3642;4,4224;4,3836;4,18;4,2964;4,7231;5,8675;6,5173;6,6046;5,9063;4,8589;4,2619;3,3286;2,7888;2,5639;2,4627;2,4852;2,9013;4,127;4,4081;4,4081;4,4194;4,4194;4,7792;5,0603;5,1278;5,0828;4,8467;4,9816;5,4764;6,8033;7,5568;7,658;6,8483;5,6338;4,8565;3,7098;3,0758;2,7925;2,6711;2,752;3,2512;4,897;5,1803;5,3152;5,3691;5,3961;5,7873;6,0706;6,1246;6,1111;5,9627;6,4753;7,3117;8,7687;9,2138;9,052;7,9997;6,7451
90;173,59;31920,8707;3259,1209;2911,1834;2706,8898;2496,2121;2244,0372;2177,0034;3287,8497;2834,5733;2282,3423;2196,1559;2464,2912;3054,8273;3,7848;2,8912;2,397;2,1763;2,0816;2,1447;2,5337;3,8163;4,0371;4,1422;4,1843;4,2053;4,5102;4,731;4,773;4,7625;4,6469;5,0464;5,6982;6,8336;7,1806;7,0544;6,2344;5,2566;3,743;2,8592;2,3705;2,1522;2,0586;2,121;2,5057;3,7741;3,9925;4,0965;4,138;4,1588;4,4603;4,6787;4,7203;4,7099;4,5955;4,9906;5,6352;6,7581;7,1012;6,9764;6,1655;5,1985;3,3094;2,5846;2,1655;1,9909;1,9123;1,9298;2,2528;3,2046;3,4229;3,4229;3,4316;3,4316;3,7111;3,9294;3,9817;3,9468;3,7635;3,8682;4,2524;5,2828;5,8678;5,9464;5,3177;4,3747;3,1535;2,4629;2,0635;1,8971;1,8222;1,8389;2,1467;3,0537;3,2617;3,2617;3,27;3,27;3,5363;3,7443;3,7942;3,761;3,5862;3,6861;4,0522;5,034;5,5915;5,6664;5,0673;4,1687;2,7435;2,1427;1,7952;1,6505;1,5853;1,5998;1,8676;2,6567;2,8376;2,8376;2,8449;2,8449;3,0765;3,2575;3,3009;3,272;3,1199;3,2068;3,5253;4,3795;4,8645;4,9296;4,4084;3,6267;3,0405;2,46;2,0899;1,923;1,8287;1,7924;1,9593;2,4092;2,685;2,7648;2,8374;2,8591;3,1131;3,3381;3,3961;3,3381;3,1857;3,1567;3,2945;3,8896;4,383;4,6588;4,3758;3,7807;4,4439;3,5954;3,0545;2,8106;2,6727;2,6197;2,8636;3,5212;3,9242;4,0409;4,1469;4,1788;4,55;4,8787;4,9636;4,8787;4,656;4,6136;4,8151;5,6848;6,406;6,809;6,3954;5,5257;3,8312;3,0997;2,6334;2,4231;2,3042;2,2585;2,4688;3,0357;3,3832;3,4838;3,5752;3,6027;3,9227;4,2061;4,2793;4,2061;4,0141;3,9775;4,1513;4,9011;5,5228;5,8703;5,5137;4,7639;3,1877;2,579;2,191;2,0161;1,9172;1,8791;2,0541;2,5258;2,8149;2,8986;2,9747;2,9975;3,2637;3,4996;3,5605;3,4996;3,3398;3,3094;3,4539;4,0778;4,5951;4,8842;4,5875;3,9637;2,685;2,097;1,7569;1,6152;1,5515;1,5656;1,8278;2,6;2,7771;2,7771;2,7842;2,7842;3,0109;3,188;3,2305;3,2021;3,0534;3,1384;3,4501;4,286;4,7607;4,8245;4,3144;3,5493;3,1132;2,4314;2,0371;1,8729;1,7989;1,8154;2,1193;3,0146;3,22;3,22;3,2282;3,2282;3,4911;3,6964;3,7457;3,7129;3,5404;3,6389;4,0004;4,9697;5,52;5,5939;5,0025;4,1154;3,5475;2,7099;2,2468;2,0398;1,9511;2,0103;2,3749;3,5771;3,784;3,8826;3,922;3,9417;4,2275;4,4344;4,4738;4,464;4,3556;4,7301;5,341;6,4053;6,7305;6,6122;5,8436;4,9271
91;173,59;52658,3918;5376,4218;4802,4453;4465,4316;4117,8862;3701,8849;3591,3023;5423,8144;4676,0652;3765,075;3622,8974;4065,2278;5039,4081;6,2436;4,7694;3,9543;3,5901;3,434;3,538;4,1797;6,2956;6,6598;6,8333;6,9026;6,9373;7,4403;7,8045;7,8739;7,8565;7,6657;8,3248;9,4001;11,2731;11,8455;11,6374;10,2846;8,6716;6,1746;4,7167;3,9106;3,5504;3,396;3,4989;4,1335;6,226;6,5862;6,7577;6,8263;6,8606;7,358;7,7182;7,7868;7,7697;7,581;8,2328;9,2962;11,1485;11,7145;11,5087;10,1709;8,5758;5,4594;4,2638;3,5723;3,2843;3,1546;3,1834;3,7164;5,2865;5,6466;5,6466;5,661;5,661;6,122;6,4821;6,5685;6,5109;6,2084;6,3812;7,015;8,7148;9,6799;9,8095;8,7724;7,2167;5,2023;4,063;3,4041;3,1296;3,0061;3,0335;3,5414;5,0375;5,3807;5,3807;5,3944;5,3944;5,8337;6,1768;6,2592;6,2043;5,916;6,0807;6,6847;8,3044;9,2241;9,3476;8,3593;6,8769;4,5259;3,5347;2,9615;2,7227;2,6152;2,6391;3,0809;4,3826;4,6811;4,6811;4,693;4,693;5,0752;5,3737;5,4454;5,3976;5,1468;5,2901;5,8155;7,2246;8,0247;8,1322;7,2724;5,9827;5,0159;4,0582;3,4477;3,1723;3,0167;2,9568;3,2322;3,9744;4,4293;4,561;4,6807;4,7166;5,1356;5,5067;5,6024;5,5067;5,2553;5,2074;5,4348;6,4165;7,2305;7,6854;7,2185;6,2369;7,3309;5,9312;5,0389;4,6365;4,409;4,3216;4,724;5,8087;6,4736;6,666;6,841;6,8935;7,5059;8,0482;8,1882;8,0482;7,6808;7,6108;7,9433;9,3779;10,5677;11,2325;10,5502;9,1155;6,3202;5,1135;4,3442;3,9973;3,8012;3,7258;4,0727;5,0079;5,5811;5,747;5,8979;5,9431;6,4711;6,9387;7,0594;6,9387;6,6219;6,5616;6,8482;8,0851;9,1108;9,684;9,0957;7,8588;5,2586;4,2545;3,6145;3,3258;3,1627;3,0999;3,3886;4,1667;4,6436;4,7816;4,9071;4,9448;5,3841;5,7731;5,8735;5,7731;5,5096;5,4594;5,6978;6,7269;7,5804;8,0573;7,5678;6,5387;4,4293;3,4593;2,8983;2,6646;2,5594;2,5828;3,0152;4,289;4,5812;4,5812;4,5929;4,5929;4,9669;5,259;5,3292;5,2824;5,037;5,1772;5,6915;7,0705;7,8535;7,9587;7,1172;5,8551;5,1357;4,011;3,3606;3,0896;2,9676;2,9947;3,4961;4,9731;5,3119;5,3119;5,3254;5,3254;5,7591;6,0978;6,1791;6,1249;5,8404;6,003;6,5992;8,1982;9,1061;9,2281;8,2524;6,7889;5,8522;4,4704;3,7064;3,365;3,2187;3,3163;3,9177;5,901;6,2424;6,4049;6,4699;6,5025;6,9739;7,3153;7,3803;7,364;7,1852;7,803;8,8108;10,5665;11,103;10,9079;9,6399;8,1281
92;168,43;13108,8635;1338,415;1195,5284;1111,6316;1025,1131;921,5531;894,0245;1350,2129;1164,0671;937,2837;901,8898;1012,0043;1254,5182;1,5543;1,1873;0,9844;0,8937;0,8549;0,8808;1,0405;1,5672;1,6579;1,7011;1,7184;1,727;1,8522;1,9429;1,9601;1,9558;1,9083;2,0724;2,3401;2,8064;2,9488;2,897;2,5603;2,1587;1,5371;1,1742;0,9735;0,8838;0,8454;0,871;1,029;1,5499;1,6396;1,6823;1,6994;1,7079;1,8317;1,9214;1,9385;1,9342;1,8872;2,0495;2,3142;2,7753;2,9162;2,865;2,532;2,1349;1,3591;1,0614;0,8893;0,8176;0,7853;0,7925;0,9252;1,316;1,4057;1,4057;1,4093;1,4093;1,524;1,6137;1,6352;1,6208;1,5455;1,5886;1,7463;2,1695;2,4097;2,442;2,1838;1,7965;1,2951;1,0114;0,8474;0,7791;0,7483;0,7552;0,8816;1,2541;1,3395;1,3395;1,3429;1,3429;1,4522;1,5377;1,5582;1,5445;1,4727;1,5138;1,6641;2,0673;2,2963;2,327;2,081;1,7119;1,1267;0,8799;0,7372;0,6778;0,651;0,657;0,767;1,091;1,1653;1,1653;1,1683;1,1683;1,2634;1,3377;1,3556;1,3437;1,2813;1,3169;1,4477;1,7985;1,9977;2,0244;1,8104;1,4893;1,2487;1,0102;0,8583;0,7897;0,751;0,7361;0,8046;0,9894;1,1026;1,1354;1,1652;1,1742;1,2785;1,3708;1,3947;1,3708;1,3083;1,2963;1,353;1,5973;1,8;1,9132;1,797;1,5526;1,825;1,4765;1,2544;1,1542;1,0976;1,0758;1,176;1,446;1,6115;1,6595;1,703;1,7161;1,8685;2,0035;2,0384;2,0035;1,9121;1,8947;1,9774;2,3346;2,6307;2,7962;2,6264;2,2692;1,5734;1,273;1,0815;0,9951;0,9463;0,9275;1,0139;1,2467;1,3894;1,4307;1,4682;1,4795;1,6109;1,7273;1,7574;1,7273;1,6485;1,6334;1,7048;2,0127;2,2681;2,4107;2,2643;1,9564;1,3091;1,0591;0,8998;0,8279;0,7873;0,7717;0,8436;1,0373;1,156;1,1904;1,2216;1,231;1,3403;1,4372;1,4622;1,4372;1,3716;1,3591;1,4184;1,6746;1,8871;2,0058;1,8839;1,6277;1,1026;0,8612;0,7215;0,6633;0,6371;0,643;0,7506;1,0677;1,1405;1,1405;1,1434;1,1434;1,2365;1,3092;1,3267;1,315;1,2539;1,2888;1,4168;1,7601;1,9551;1,9812;1,7718;1,4576;1,2785;0,9985;0,8366;0,7691;0,7388;0,7455;0,8703;1,238;1,3224;1,3224;1,3257;1,3257;1,4337;1,518;1,5382;1,5248;1,4539;1,4944;1,6428;2,0409;2,2669;2,2972;2,0544;1,69;1,4569;1,1129;0,9227;0,8377;0,8013;0,8256;0,9753;1,469;1,554;1,5945;1,6106;1,6187;1,7361;1,8211;1,8373;1,8332;1,7887;1,9425;2,1934;2,6304;2,764;2,7154;2,3998;2,0234
93;173,59;19107,457;1950,8714;1742,6001;1620,3124;1494,2031;1343,2542;1303,1286;1968,0681;1696,7422;1366,1832;1314,593;1475,0957;1828,5836;2,2655;1,7306;1,4348;1,3027;1,246;1,2838;1,5166;2,2844;2,4166;2,4795;2,5047;2,5173;2,6998;2,8319;2,8571;2,8508;2,7816;3,0207;3,4109;4,0905;4,2982;4,2227;3,7318;3,1466;2,2405;1,7115;1,419;1,2883;1,2323;1,2696;1,4999;2,2592;2,3899;2,4521;2,477;2,4894;2,6699;2,8006;2,8255;2,8193;2,7508;2,9873;3,3732;4,0453;4,2507;4,176;3,6906;3,1118;1,981;1,5471;1,2962;1,1917;1,1447;1,1551;1,3485;1,9182;2,0489;2,0489;2,0541;2,0541;2,2214;2,3521;2,3834;2,3625;2,2528;2,3155;2,5455;3,1622;3,5124;3,5595;3,1831;2,6186;1,8877;1,4743;1,2352;1,1356;1,0908;1,1007;1,285;1,8279;1,9524;1,9524;1,9574;1,9574;2,1168;2,2413;2,2712;2,2513;2,1467;2,2064;2,4256;3,0133;3,347;3,3918;3,0332;2,4953;1,6422;1,2826;1,0746;0,9879;0,9489;0,9576;1,1179;1,5902;1,6986;1,6986;1,7029;1,7029;1,8416;1,9499;1,9759;1,9586;1,8676;1,9196;2,1102;2,6215;2,9118;2,9508;2,6388;2,1709;1,82;1,4725;1,251;1,1511;1,0946;1,0729;1,1728;1,4421;1,6072;1,655;1,6984;1,7114;1,8635;1,9981;2,0329;1,9981;1,9069;1,8895;1,9721;2,3283;2,6236;2,7887;2,6193;2,2631;2,6601;2,1522;1,8284;1,6824;1,5998;1,5681;1,7141;2,1077;2,349;2,4188;2,4823;2,5014;2,7236;2,9204;2,9711;2,9204;2,787;2,7616;2,8823;3,4029;3,8346;4,0758;3,8282;3,3076;2,2933;1,8555;1,5763;1,4504;1,3793;1,3519;1,4778;1,8172;2,0251;2,0854;2,1401;2,1565;2,3481;2,5177;2,5615;2,5177;2,4028;2,3809;2,4849;2,9337;3,3059;3,5139;3,3004;2,8516;1,9081;1,5438;1,3115;1,2068;1,1476;1,1248;1,2296;1,5119;1,685;1,7351;1,7806;1,7943;1,9536;2,0948;2,1312;2,0948;1,9992;1,981;2,0675;2,4409;2,7506;2,9236;2,746;2,3726;1,6072;1,2552;1,0517;0,9669;0,9287;0,9372;1,0941;1,5563;1,6623;1,6623;1,6666;1,6666;1,8023;1,9083;1,9337;1,9168;1,8277;1,8786;2,0652;2,5656;2,8497;2,8879;2,5825;2,1246;1,8635;1,4554;1,2194;1,1211;1,0768;1,0867;1,2686;1,8045;1,9275;1,9275;1,9324;1,9324;2,0897;2,2126;2,2421;2,2225;2,1192;2,1782;2,3946;2,9748;3,3042;3,3485;2,9944;2,4634;2,1235;1,6221;1,3449;1,221;1,1679;1,2033;1,4216;2,1412;2,2651;2,3241;2,3477;2,3595;2,5305;2,6544;2,678;2,6721;2,6072;2,8314;3,1971;3,8341;4,0288;3,958;3,4979;2,9493
94;168,43;4520,9718;461,5912;412,3126;383,3784;353,54;317,8243;308,3303;465,6601;401,4623;323,2495;311,0429;349,019;432,657;0,536;0,4095;0,3395;0,3082;0,2948;0,3038;0,3588;0,5405;0,5718;0,5867;0,5926;0,5956;0,6388;0,6701;0,676;0,6745;0,6581;0,7147;0,807;0,9679;1,017;0,9991;0,883;0,7445;0,5301;0,4049;0,3357;0,3048;0,2916;0,3004;0,3549;0,5345;0,5655;0,5802;0,5861;0,589;0,6317;0,6626;0,6685;0,6671;0,6509;0,7068;0,7981;0,9572;1,0057;0,9881;0,8732;0,7363;0,4687;0,3661;0,3067;0,282;0,2708;0,2733;0,3191;0,4539;0,4848;0,4848;0,486;0,486;0,5256;0,5565;0,5639;0,559;0,533;0,5479;0,6023;0,7482;0,8311;0,8422;0,7532;0,6196;0,4466;0,3488;0,2923;0,2687;0,2581;0,2604;0,304;0,4325;0,462;0,462;0,4631;0,4631;0,5008;0,5303;0,5374;0,5327;0,5079;0,5221;0,5739;0,713;0,7919;0,8025;0,7177;0,5904;0,3886;0,3035;0,2543;0,2338;0,2245;0,2266;0,2645;0,3763;0,4019;0,4019;0,4029;0,4029;0,4357;0,4614;0,4675;0,4634;0,4419;0,4542;0,4993;0,6203;0,689;0,6982;0,6244;0,5136;0,4306;0,3484;0,296;0,2724;0,259;0,2539;0,2775;0,3412;0,3803;0,3916;0,4019;0,4049;0,4409;0,4728;0,481;0,4728;0,4512;0,4471;0,4666;0,5509;0,6208;0,6598;0,6197;0,5355;0,6294;0,5092;0,4326;0,3981;0,3785;0,371;0,4056;0,4987;0,5558;0,5723;0,5873;0,5918;0,6444;0,691;0,703;0,691;0,6594;0,6534;0,682;0,8051;0,9073;0,9644;0,9058;0,7826;0,5426;0,439;0,373;0,3432;0,3263;0,3199;0,3497;0,43;0,4792;0,4934;0,5064;0,5102;0,5556;0,5957;0,6061;0,5957;0,5685;0,5633;0,5879;0,6941;0,7822;0,8314;0,7809;0,6747;0,4515;0,3653;0,3103;0,2855;0,2715;0,2661;0,2909;0,3577;0,3987;0,4105;0,4213;0,4245;0,4622;0,4956;0,5043;0,4956;0,473;0,4687;0,4892;0,5775;0,6508;0,6918;0,6497;0,5614;0,3803;0,297;0,2488;0,2288;0,2197;0,2217;0,2589;0,3682;0,3933;0,3933;0,3943;0,3943;0,4264;0,4515;0,4575;0,4535;0,4324;0,4445;0,4886;0,607;0,6743;0,6833;0,611;0,5027;0,4409;0,3444;0,2885;0,2653;0,2548;0,2571;0,3002;0,427;0,4561;0,4561;0,4572;0,4572;0,4944;0,5235;0,5305;0,5259;0,5014;0,5154;0,5666;0,7039;0,7818;0,7923;0,7085;0,5829;0,5024;0,3838;0,3182;0,2889;0,2763;0,2847;0,3364;0,5066;0,5359;0,5499;0,5555;0,5583;0,5987;0,6281;0,6336;0,6322;0,6169;0,6699;0,7565;0,9072;0,9532;0,9365;0,8276;0,6978
95;173,59;61115,9896;6239,9425;5573,7783;5182,6359;4779,2704;4296,4541;4168,1105;6294,9469;5427,0999;4369,7933;4204,7801;4718,1544;5848,8002;7,2464;5,5354;4,5894;4,1667;3,9855;4,1063;4,8511;7,3068;7,7295;7,9308;8,0113;8,0515;8,6353;9,058;9,1385;9,1184;8,897;9,6618;10,9098;13,0838;13,748;13,5065;11,9364;10,0644;7,1663;5,4742;4,5386;4,1206;3,9415;4,0609;4,7974;7,226;7,644;7,8431;7,9227;7,9625;8,5398;8,9579;9,0375;9,0176;8,7986;9,555;10,7892;12,9391;13,596;13,3572;11,8045;9,9532;6,3362;4,9486;4,1461;3,8117;3,6613;3,6947;4,3133;6,1356;6,5535;6,5535;6,5702;6,5702;7,1052;7,5232;7,6235;7,5566;7,2055;7,4062;8,1418;10,1145;11,2346;11,3851;10,1814;8,3758;6,0378;4,7155;3,9509;3,6322;3,4889;3,5207;4,1102;5,8466;6,2449;6,2449;6,2608;6,2608;6,7706;7,1689;7,2645;7,2008;6,8662;7,0574;7,7583;9,6382;10,7056;10,8489;9,7019;7,9814;5,2528;4,1024;3,4372;3,16;3,0352;3,063;3,5758;5,0864;5,4329;5,4329;5,4468;5,4468;5,8903;6,2368;6,3199;6,2645;5,9735;6,1398;6,7496;8,385;9,3136;9,4383;8,4405;6,9436;5,8215;4,71;4,0014;3,6818;3,5012;3,4317;3,7513;4,6127;5,1407;5,2935;5,4324;5,4741;5,9604;6,3911;6,5023;6,3911;6,0993;6,0438;6,3077;7,447;8,3918;8,9198;8,3779;7,2386;8,5083;6,8838;5,8482;5,3812;5,1172;5,0157;5,4827;6,7417;7,5133;7,7367;7,9398;8,0007;8,7114;9,3409;9,5033;9,3409;8,9145;8,8332;9,2191;10,8842;12,265;13,0366;12,2447;10,5796;7,3353;5,9348;5,042;4,6393;4,4117;4,3242;4,7268;5,8122;6,4775;6,6701;6,8451;6,8977;7,5104;8,0531;8,1932;8,0531;7,6855;7,6154;7,9481;9,3836;10,5741;11,2393;10,5566;9,121;6,1031;4,9379;4,195;3,86;3,6706;3,5978;3,9328;4,8359;5,3894;5,5496;5,6953;5,739;6,2488;6,7003;6,8169;6,7003;6,3945;6,3362;6,613;7,8074;8,7979;9,3514;8,7833;7,5889;5,1407;4,0149;3,3638;3,0925;2,9705;2,9976;3,4995;4,9779;5,317;5,317;5,3306;5,3306;5,7646;6,1037;6,1851;6,1308;5,846;6,0088;6,6056;8,2061;9,1149;9,237;8,2604;6,7955;5,9606;4,6552;3,9003;3,5858;3,4443;3,4757;4,0576;5,7719;6,1651;6,1651;6,1808;6,1808;6,6841;7,0772;7,1716;7,1087;6,7784;6,9671;7,6591;9,5149;10,5687;10,7102;9,5779;7,8793;6,7922;5,1885;4,3017;3,9055;3,7357;3,8489;4,547;6,8488;7,245;7,4336;7,5091;7,5468;8,094;8,4902;8,5657;8,5468;8,3393;9,0562;10,226;12,2636;12,8862;12,6598;11,1882;9,4335
96;173,59;13582,6738;1386,791;1238,7399;1151,8107;1062,1651;954,862;926,3384;1399,0154;1206,1414;971,1612;934,488;1048,5824;1299,8619;1,6105;1,2302;1,02;0,926;0,8858;0,9126;1,0781;1,6239;1,7178;1,7626;1,7805;1,7894;1,9191;2,0131;2,031;2,0265;1,9773;2,1473;2,4246;2,9078;3,0554;3,0017;2,6528;2,2368;1,5927;1,2166;1,0087;0,9158;0,876;0,9025;1,0662;1,6059;1,6988;1,7431;1,7608;1,7696;1,8979;1,9908;2,0085;2,0041;1,9554;2,1236;2,3978;2,8756;3,0216;2,9686;2,6235;2,212;1,4082;1,0998;0,9214;0,8471;0,8137;0,8211;0,9586;1,3636;1,4565;1,4565;1,4602;1,4602;1,5791;1,672;1,6943;1,6794;1,6014;1,646;1,8095;2,2479;2,4968;2,5303;2,2628;1,8615;1,3419;1,048;0,8781;0,8072;0,7754;0,7825;0,9135;1,2994;1,3879;1,3879;1,3914;1,3914;1,5047;1,5932;1,6145;1,6003;1,526;1,5685;1,7242;2,142;2,3792;2,4111;2,1562;1,7738;1,1674;0,9117;0,7639;0,7023;0,6746;0,6807;0,7947;1,1304;1,2074;1,2074;1,2105;1,2105;1,3091;1,3861;1,4046;1,3923;1,3276;1,3645;1,5001;1,8635;2,0699;2,0976;1,8758;1,5432;1,2938;1,0468;0,8893;0,8183;0,7781;0,7627;0,8337;1,0251;1,1425;1,1764;1,2073;1,2166;1,3247;1,4204;1,4451;1,4204;1,3555;1,3432;1,4019;1,6551;1,865;1,9824;1,8619;1,6087;1,8909;1,5299;1,2997;1,1959;1,1373;1,1147;1,2185;1,4983;1,6698;1,7194;1,7646;1,7781;1,9361;2,076;2,1121;2,076;1,9812;1,9631;2,0489;2,4189;2,7258;2,8973;2,7213;2,3512;1,6302;1,319;1,1205;1,0311;0,9805;0,961;1,0505;1,2917;1,4396;1,4824;1,5213;1,533;1,6691;1,7898;1,8209;1,7898;1,7081;1,6925;1,7664;2,0855;2,35;2,4979;2,3461;2,0271;1,3564;1,0974;0,9323;0,8579;0,8158;0,7996;0,874;1,0748;1,1978;1,2334;1,2657;1,2755;1,3888;1,4891;1,515;1,4891;1,4211;1,4082;1,4697;1,7351;1,9553;2,0783;1,952;1,6866;1,1425;0,8923;0,7476;0,6873;0,6602;0,6662;0,7777;1,1063;1,1817;1,1817;1,1847;1,1847;1,2812;1,3565;1,3746;1,3625;1,2992;1,3354;1,4681;1,8238;2,0257;2,0529;1,8358;1,5103;1,3247;1,0346;0,8668;0,7969;0,7655;0,7725;0,9018;1,2828;1,3701;1,3701;1,3736;1,3736;1,4855;1,5729;1,5938;1,5799;1,5065;1,5484;1,7022;2,1146;2,3488;2,3803;2,1286;1,7511;1,5095;1,1531;0,956;0,868;0,8302;0,8554;1,0105;1,5221;1,6102;1,6521;1,6689;1,6772;1,7988;1,8869;1,9037;1,8995;1,8534;2,0127;2,2727;2,7255;2,8639;2,8136;2,4865;2,0966
97;168,43;22380,6128;2285,0606;2041,1119;1897,876;1750,1639;1573,3571;1526,3578;2305,2031;1987,3984;1600,2138;1539,7862;1727,7833;2141,8246;2,6536;2,0271;1,6806;1,5258;1,4595;1,5037;1,7765;2,6757;2,8305;2,9042;2,9337;2,9485;3,1622;3,317;3,3465;3,3391;3,2581;3,5382;3,9952;4,7913;5,0345;4,9461;4,3711;3,6856;2,6243;2,0047;1,662;1,509;1,4434;1,4871;1,7568;2,6462;2,7992;2,8721;2,9013;2,9159;3,1273;3,2804;3,3095;3,3022;3,222;3,499;3,951;4,7383;4,9789;4,8914;4,3228;3,6448;2,3203;1,8122;1,5183;1,3959;1,3408;1,353;1,5795;2,2468;2,3999;2,3999;2,406;2,406;2,6019;2,755;2,7917;2,7672;2,6387;2,7121;2,9815;3,7039;4,1141;4,1692;3,7284;3,0672;2,211;1,7268;1,4468;1,3301;1,2776;1,2893;1,5051;2,141;2,2869;2,2869;2,2927;2,2927;2,4794;2,6252;2,6602;2,6369;2,5144;2,5844;2,8411;3,5295;3,9204;3,9729;3,5528;2,9228;1,9236;1,5023;1,2587;1,1572;1,1115;1,1217;1,3094;1,8627;1,9895;1,9895;1,9946;1,9946;2,157;2,2839;2,3144;2,2941;2,1875;2,2484;2,4717;3,0706;3,4106;3,4563;3,0909;2,5427;2,1318;1,7248;1,4653;1,3483;1,2821;1,2567;1,3737;1,6892;1,8825;1,9385;1,9894;2,0046;2,1827;2,3404;2,3811;2,3404;2,2336;2,2132;2,3099;2,7271;3,0731;3,2664;3,068;2,6508;3,1157;2,5209;2,1416;1,9706;1,8739;1,8367;2,0078;2,4688;2,7514;2,8332;2,9075;2,9298;3,1901;3,4206;3,4801;3,4206;3,2645;3,2347;3,376;3,9858;4,4914;4,774;4,484;3,8742;2,6862;2,1733;1,8464;1,6989;1,6156;1,5835;1,731;2,1284;2,3721;2,4426;2,5067;2,5259;2,7503;2,949;3,0003;2,949;2,8144;2,7888;2,9106;3,4363;3,8722;4,1158;3,8658;3,3401;2,235;1,8082;1,5362;1,4135;1,3442;1,3175;1,4402;1,7709;1,9736;2,0323;2,0856;2,1016;2,2883;2,4537;2,4963;2,4537;2,3416;2,3203;2,4217;2,859;3,2218;3,4245;3,2164;2,779;1,8825;1,4702;1,2318;1,1325;1,0878;1,0977;1,2815;1,8229;1,9471;1,9471;1,9521;1,9521;2,111;2,2352;2,265;2,2451;2,1408;2,2004;2,419;3,0051;3,3379;3,3826;3,0249;2,4885;2,1828;1,7047;1,4283;1,3131;1,2613;1,2728;1,4859;2,1137;2,2576;2,2576;2,2634;2,2634;2,4477;2,5917;2,6262;2,6032;2,4822;2,5514;2,8048;3,4844;3,8702;3,9221;3,5074;2,8854;2,4873;1,9;1,5753;1,4302;1,368;1,4095;1,6651;2,508;2,6531;2,7222;2,7498;2,7636;2,964;3,1091;3,1367;3,1298;3,0538;3,3164;3,7447;4,4909;4,7189;4,636;4,0971;3,4546
98;173,59;20707,1771;2114,2028;1888,4946;1755,9686;1619,3012;1455,7146;1412,2295;2132,8392;1838,7973;1480,5632;1424,6538;1598,5941;1981,6768;2,4552;1,8755;1,555;1,4117;1,3504;1,3913;1,6436;2,4757;2,6189;2,6871;2,7144;2,728;2,9258;3,069;3,0963;3,0895;3,0144;3,2736;3,6964;4,433;4,6581;4,5762;4,0443;3,41;2,4281;1,8548;1,5378;1,3961;1,3354;1,3759;1,6255;2,4483;2,5899;2,6574;2,6844;2,6978;2,8934;3,0351;3,0621;3,0553;2,9811;3,2374;3,6556;4,384;4,6066;4,5256;3,9996;3,3723;2,1468;1,6767;1,4048;1,2915;1,2405;1,2518;1,4614;2,0788;2,2205;2,2205;2,2261;2,2261;2,4074;2,549;2,583;2,5603;2,4414;2,5093;2,7586;3,427;3,8065;3,8575;3,4496;2,8379;2,0457;1,5977;1,3386;1,2307;1,1821;1,1929;1,3926;1,9809;2,1159;2,1159;2,1213;2,1213;2,294;2,429;2,4613;2,4397;2,3264;2,3912;2,6287;3,2656;3,6272;3,6758;3,2872;2,7042;1,7797;1,39;1,1646;1,0707;1,0284;1,0378;1,2115;1,7234;1,8408;1,8408;1,8455;1,8455;1,9957;2,1131;2,1413;2,1225;2,0239;2,0803;2,2869;2,841;3,1556;3,1979;2,8598;2,3526;1,9724;1,5958;1,3557;1,2475;1,1863;1,1627;1,271;1,5629;1,7417;1,7935;1,8406;1,8547;2,0195;2,1654;2,2031;2,1654;2,0666;2,0477;2,1372;2,5232;2,8433;3,0222;2,8386;2,4526;2,8828;2,3324;1,9815;1,8232;1,7338;1,6994;1,8576;2,2842;2,5456;2,6213;2,6901;2,7108;2,9516;3,1649;3,2199;3,1649;3,0204;2,9929;3,1236;3,6877;4,1556;4,417;4,1487;3,5845;2,4853;2,0108;1,7083;1,5719;1,4948;1,4651;1,6015;1,9693;2,1947;2,2599;2,3193;2,3371;2,5447;2,7285;2,776;2,7285;2,604;2,5802;2,6929;3,1793;3,5827;3,8081;3,5768;3,0904;2,0679;1,673;1,4213;1,3078;1,2437;1,219;1,3325;1,6385;1,826;1,8803;1,9297;1,9445;2,1172;2,2702;2,3097;2,2702;2,1666;2,1468;2,2406;2,6453;2,9809;3,1684;2,9759;2,5712;1,7418;1,3603;1,1397;1,0478;1,0064;1,0156;1,1857;1,6866;1,8015;1,8015;1,8061;1,8061;1,9532;2,068;2,0956;2,0772;1,9807;2,0359;2,2381;2,7804;3,0883;3,1296;2,7988;2,3024;2,0196;1,5773;1,3215;1,2149;1,167;1,1776;1,3748;1,9556;2,0888;2,0888;2,0942;2,0942;2,2647;2,3979;2,4299;2,4085;2,2966;2,3606;2,5951;3,2238;3,5809;3,6288;3,2451;2,6697;2,3013;1,7579;1,4575;1,3232;1,2657;1,3041;1,5406;2,3205;2,4547;2,5186;2,5442;2,557;2,7424;2,8766;2,9022;2,8958;2,8255;3,0684;3,4647;4,1551;4,3661;4,2894;3,7908;3,1963
99;173,59;45920,5744;4688,4906;4187,9564;3894,0647;3590,9889;3228,2164;3131,7832;4729,8192;4077,747;3283,3211;3159,3355;3545,0683;4394,599;5,4447;4,1591;3,4483;3,1307;2,9946;3,0853;3,6449;5,4901;5,8077;5,9589;6,0194;6,0497;6,4883;6,8059;6,8664;6,8512;6,6849;7,2596;8,1973;9,8307;10,3298;10,1483;8,9686;7,5621;5,3845;4,1132;3,4102;3,0961;2,9615;3,0512;3,6046;5,4294;5,7435;5,8931;5,9529;5,9828;6,4165;6,7306;6,7905;6,7755;6,611;7,1794;8,1067;9,722;10,2156;10,0361;8,8695;7,4785;4,7608;3,7182;3,1153;2,864;2,751;2,7761;3,2409;4,6101;4,9241;4,9241;4,9367;4,9367;5,3386;5,6527;5,728;5,6778;5,414;5,5647;6,1175;7,5997;8,4413;8,5544;7,65;6,2933;4,5366;3,5431;2,9686;2,7292;2,6214;2,6454;3,0883;4,393;4,6922;4,6922;4,7042;4,7042;5,0872;5,3865;5,4583;5,4104;5,1591;5,3027;5,8294;7,2418;8,0438;8,1515;7,2897;5,997;3,9468;3,0824;2,5826;2,3743;2,2806;2,3014;2,6867;3,8218;4,0821;4,0821;4,0925;4,0925;4,4258;4,6861;4,7486;4,7069;4,4883;4,6132;5,0714;6,3002;6,9979;7,0917;6,3419;5,2172;4,3741;3,5389;3,0065;2,7664;2,6307;2,5785;2,8186;3,4658;3,8625;3,9774;4,0818;4,1131;4,4784;4,8021;4,8856;4,8021;4,5828;4,5411;4,7394;5,5955;6,3053;6,702;6,2949;5,4389;6,3929;5,1723;4,3942;4,0432;3,8449;3,7686;4,1195;5,0655;5,6453;5,8131;5,9657;6,0114;6,5455;7,0184;7,1405;7,0184;6,698;6,637;6,9269;8,178;9,2155;9,7953;9,2003;7,9491;5,5115;4,4592;3,7884;3,4858;3,3148;3,249;3,5516;4,3671;4,867;5,0117;5,1432;5,1827;5,6431;6,0509;6,1561;6,0509;5,7746;5,722;5,9719;7,0506;7,945;8,4449;7,9319;6,8532;4,5857;3,7102;3,152;2,9003;2,758;2,7033;2,955;3,6335;4,0494;4,1698;4,2793;4,3121;4,6951;5,0344;5,122;5,0344;4,8046;4,7608;4,9688;5,8662;6,6104;7,0263;6,5995;5,702;3,8625;3,0167;2,5275;2,3236;2,2319;2,2523;2,6294;3,7402;3,995;3,995;4,0052;4,0052;4,3313;4,5861;4,6473;4,6065;4,3925;4,5148;4,9632;6,1658;6,8486;6,9403;6,2066;5,1059;4,4786;3,4978;2,9306;2,6943;2,5879;2,6115;3,0488;4,3368;4,6322;4,6322;4,644;4,644;5,0222;5,3176;5,3885;5,3412;5,0931;5,2349;5,7548;7,1492;7,941;8,0473;7,1965;5,9203;5,1034;3,8984;3,2322;2,9345;2,8069;2,8919;3,4164;5,1459;5,4436;5,5854;5,6421;5,6705;6,0816;6,3793;6,436;6,4218;6,2658;6,8045;7,6835;9,2145;9,6823;9,5122;8,4064;7,0881
100;173,59;12194,3649;1245,0447;1112,1261;1034,0821;953,5993;857,2639;831,6557;1256,0196;1082,8596;871,8971;838,9723;941,405;1167,0007;1,4459;1,1045;0,9157;0,8314;0,7952;0,8193;0,9679;1,4579;1,5422;1,5824;1,5985;1,6065;1,723;1,8073;1,8234;1,8194;1,7752;1,9278;2,1768;2,6106;2,7431;2,6949;2,3816;2,0081;1,4299;1,0923;0,9056;0,8222;0,7864;0,8103;0,9572;1,4418;1,5252;1,5649;1,5808;1,5888;1,7039;1,7873;1,8032;1,7993;1,7556;1,9065;2,1528;2,5817;2,7128;2,6651;2,3553;1,9859;1,2642;0,9874;0,8273;0,7606;0,7305;0,7372;0,8606;1,2242;1,3076;1,3076;1,3109;1,3109;1,4177;1,5011;1,5211;1,5078;1,4377;1,4777;1,6245;2,0181;2,2416;2,2716;2,0315;1,6712;1,2047;0,9409;0,7883;0,7247;0,6961;0,7025;0,8201;1,1666;1,246;1,246;1,2492;1,2492;1,3509;1,4304;1,4495;1,4368;1,37;1,4081;1,548;1,9231;2,1361;2,1647;1,9358;1,5925;1,0481;0,8185;0,6858;0,6305;0,6056;0,6111;0,7135;1,0149;1,084;1,084;1,0868;1,0868;1,1753;1,2444;1,261;1,2499;1,1919;1,2251;1,3467;1,673;1,8583;1,8832;1,6841;1,3854;1,1615;0,9398;0,7984;0,7346;0,6986;0,6847;0,7485;0,9204;1,0257;1,0562;1,0839;1,0922;1,1893;1,2752;1,2974;1,2752;1,217;1,2059;1,2586;1,4859;1,6744;1,7797;1,6716;1,4443;1,6977;1,3735;1,1669;1,0737;1,021;1,0008;1,094;1,3452;1,4991;1,5437;1,5842;1,5964;1,7382;1,8638;1,8962;1,8638;1,7787;1,7625;1,8395;2,1717;2,4472;2,6012;2,4432;2,1109;1,4636;1,1842;1,006;0,9257;0,8803;0,8628;0,9431;1,1597;1,2924;1,3309;1,3658;1,3763;1,4985;1,6068;1,6348;1,6068;1,5335;1,5195;1,5859;1,8723;2,1098;2,2426;2,1063;1,8199;1,2177;0,9852;0,837;0,7702;0,7324;0,7179;0,7847;0,9649;1,0753;1,1073;1,1364;1,1451;1,2468;1,3369;1,3602;1,3369;1,2759;1,2643;1,3195;1,5578;1,7554;1,8659;1,7525;1,5142;1,0257;0,8011;0,6712;0,6171;0,5927;0,5981;0,6982;0,9932;1,0609;1,0609;1,0636;1,0636;1,1502;1,2179;1,2341;1,2233;1,1664;1,1989;1,318;1,6373;1,8187;1,843;1,6482;1,3559;1,1893;0,9289;0,7782;0,7155;0,6872;0,6935;0,8096;1,1517;1,2301;1,2301;1,2332;1,2332;1,3337;1,4121;1,4309;1,4184;1,3525;1,3901;1,5282;1,8985;2,1087;2,137;1,9111;1,5721;1,3552;1,0352;0,8583;0,7793;0,7454;0,768;0,9072;1,3665;1,4456;1,4832;1,4983;1,5058;1,615;1,694;1,7091;1,7053;1,6639;1,807;2,0404;2,4469;2,5712;2,526;2,2324;1,8823
101;168,43;20628,9983;2106,2207;1881,3646;1749,3391;1613,1877;1450,2186;1406,8977;2124,7868;1831,8551;1474,9734;1419,2751;1592,5587;1974,1951;2,4459;1,8684;1,5491;1,4064;1,3453;1,386;1,6374;2,4663;2,609;2,6769;2,7041;2,7177;2,9147;3,0574;3,0846;3,0778;3,0031;3,2612;3,6825;4,4163;4,6405;4,5589;4,029;3,3971;2,4189;1,8478;1,532;1,3909;1,3304;1,3707;1,6193;2,4391;2,5802;2,6473;2,6742;2,6877;2,8825;3,0236;3,0505;3,0438;2,9699;3,2252;3,6418;4,3675;4,5892;4,5086;3,9845;3,3596;2,1387;1,6703;1,3995;1,2866;1,2358;1,2471;1,4559;2,071;2,2121;2,2121;2,2177;2,2177;2,3983;2,5394;2,5732;2,5506;2,4321;2,4999;2,7482;3,414;3,7921;3,8429;3,4366;2,8272;2,038;1,5917;1,3336;1,226;1,1776;1,1884;1,3873;1,9735;2,1079;2,1079;2,1133;2,1133;2,2853;2,4198;2,452;2,4305;2,3176;2,3821;2,6187;3,2533;3,6135;3,6619;3,2748;2,694;1,773;1,3847;1,1602;1,0666;1,0245;1,0339;1,207;1,7169;1,8338;1,8338;1,8385;1,8385;1,9882;2,1052;2,1332;2,1145;2,0163;2,0724;2,2782;2,8303;3,1437;3,1858;2,849;2,3437;1,965;1,5898;1,3506;1,2428;1,1818;1,1583;1,2662;1,557;1,7352;1,7868;1,8337;1,8477;2,0119;2,1572;2,1948;2,1572;2,0588;2,04;2,1291;2,5137;2,8326;3,0108;2,8279;2,4433;2,8719;2,3236;1,974;1,8164;1,7272;1,693;1,8506;2,2756;2,536;2,6114;2,68;2,7005;2,9404;3,1529;3,2077;3,1529;3,009;2,9816;3,1118;3,6738;4,1399;4,4004;4,1331;3,571;2,476;2,0032;1,7019;1,5659;1,4891;1,4596;1,5955;1,9619;2,1864;2,2514;2,3105;2,3282;2,5351;2,7182;2,7655;2,7182;2,5941;2,5705;2,6828;3,1673;3,5692;3,7937;3,5633;3,0787;2,06;1,6667;1,416;1,3029;1,239;1,2144;1,3275;1,6323;1,8191;1,8732;1,9224;1,9371;2,1092;2,2616;2,301;2,2616;2,1584;2,1387;2,2321;2,6353;2,9696;3,1564;2,9647;2,5615;1,7352;1,3552;1,1354;1,0439;1,0026;1,0118;1,1812;1,6802;1,7947;1,7947;1,7993;1,7993;1,9458;2,0602;2,0877;2,0694;1,9733;2,0282;2,2296;2,7699;3,0766;3,1178;2,7882;2,2937;2,0119;1,5713;1,3165;1,2103;1,1626;1,1732;1,3696;1,9482;2,0809;2,0809;2,0863;2,0863;2,2561;2,3888;2,4207;2,3995;2,288;2,3517;2,5853;3,2117;3,5673;3,6151;3,2329;2,6596;2,2926;1,7513;1,452;1,3183;1,2609;1,2991;1,5348;2,3117;2,4455;2,5091;2,5346;2,5473;2,732;2,8658;2,8912;2,8849;2,8148;3,0568;3,4517;4,1394;4,3496;4,2732;3,7764;3,1842
102;172,33;44862,9823;4580,5105;4091,504;3804,3809;3508,2852;3153,8677;3059,6554;4620,8872;3983,8328;3207,7032;3086,5732;3463,4222;4293,3874;5,3193;4,0634;3,3689;3,0586;2,9256;3,0143;3,561;5,3636;5,6739;5,8217;5,8808;5,9103;6,3388;6,6491;6,7082;6,6935;6,5309;7,0924;8,0085;9,6043;10,0919;9,9146;8,7621;7,3879;5,2605;4,0184;3,3317;3,0248;2,8933;2,981;3,5216;5,3043;5,6112;5,7573;5,8158;5,845;6,2688;6,5756;6,6341;6,6195;6,4587;7,014;7,92;9,4981;9,9803;9,805;8,6652;7,3063;4,6512;3,6326;3,0435;2,7981;2,6876;2,7122;3,1662;4,5039;4,8107;4,8107;4,823;4,823;5,2157;5,5225;5,5961;5,547;5,2893;5,4366;5,9766;7,4247;8,2469;8,3574;7,4738;6,1484;4,4321;3,4615;2,9002;2,6663;2,561;2,5844;3,0171;4,2918;4,5842;4,5842;4,5959;4,5959;4,9701;5,2624;5,3326;5,2858;5,0402;5,1806;5,6951;7,075;7,8586;7,9638;7,1218;5,8588;3,8559;3,0114;2,5231;2,3196;2,2281;2,2484;2,6248;3,7338;3,9881;3,9881;3,9983;3,9983;4,3239;4,5782;4,6392;4,5985;4,3849;4,507;4,9546;6,1551;6,8368;6,9283;6,1958;5,0971;4,2733;3,4574;2,9373;2,7027;2,5701;2,5191;2,7537;3,386;3,7736;3,8858;3,9878;4,0183;4,3753;4,6915;4,7731;4,6915;4,4773;4,4365;4,6303;5,4666;6,1601;6,5477;6,1499;5,3136;6,2457;5,0532;4,293;3,9501;3,7563;3,6818;4,0246;4,9488;5,5153;5,6792;5,8283;5,873;6,3947;6,8568;6,976;6,8568;6,5438;6,4841;6,7674;7,9897;9,0033;9,5697;8,9884;7,7661;5,3846;4,3565;3,7011;3,4055;3,2385;3,1742;3,4698;4,2666;4,7549;4,8963;5,0248;5,0633;5,5131;5,9115;6,0143;5,9115;5,6416;5,5902;5,8344;6,8882;7,762;8,2504;7,7492;6,6954;4,4801;3,6247;3,0794;2,8335;2,6945;2,641;2,8869;3,5499;3,9562;4,0738;4,1807;4,2128;4,587;4,9185;5,004;4,9185;4,6939;4,6512;4,8543;5,7311;6,4582;6,8645;6,4475;5,5707;3,7736;2,9472;2,4693;2,2701;2,1805;2,2004;2,5688;3,6541;3,903;3,903;3,913;3,913;4,2316;4,4805;4,5402;4,5004;4,2913;4,4108;4,8489;6,0238;6,6909;6,7805;6,0636;4,9883;4,3755;3,4172;2,8631;2,6322;2,5283;2,5514;2,9785;4,2369;4,5255;4,5255;4,5371;4,5371;4,9065;5,1951;5,2644;5,2182;4,9758;5,1143;5,6223;6,9846;7,7581;7,862;7,0307;5,7839;4,9859;3,8087;3,1577;2,8669;2,7422;2,8253;3,3378;5,0274;5,3183;5,4568;5,5122;5,5399;5,9415;6,2323;6,2877;6,2739;6,1215;6,6478;7,5065;9,0023;9,4593;9,2931;8,2128;6,9248
103;168,43;36759,5919;3753,1543;3352,4748;3117,2134;2874,6001;2584,1993;2507,0042;3786,238;3264,2518;2628,3108;2529,0599;2837,8405;3517,8929;4,3585;3,3294;2,7604;2,5061;2,3972;2,4698;2,9178;4,3948;4,6491;4,7701;4,8186;4,8428;5,1939;5,4481;5,4966;5,4844;5,3513;5,8113;6,562;7,8695;8,269;8,1238;7,1794;6,0535;4,3103;3,2926;2,7299;2,4784;2,3707;2,4425;2,8855;4,3462;4,5977;4,7174;4,7653;4,7892;5,1365;5,3879;5,4358;5,4238;5,2921;5,7471;6,4894;7,7825;8,1776;8,034;7,1001;5,9866;3,811;2,9764;2,4938;2,2927;2,2022;2,2223;2,5943;3,6904;3,9418;3,9418;3,9518;3,9518;4,2736;4,525;4,5853;4,5451;4,3339;4,4546;4,897;6,0836;6,7573;6,8478;6,1238;5,0378;3,6316;2,8363;2,3763;2,1847;2,0985;2,1176;2,4722;3,5166;3,7561;3,7561;3,7657;3,7657;4,0724;4,3119;4,3694;4,3311;4,1298;4,2448;4,6664;5,7971;6,4391;6,5253;5,8354;4,8006;3,1594;2,4675;2,0674;1,9006;1,8256;1,8423;2,1507;3,0594;3,2678;3,2678;3,2761;3,2761;3,5429;3,7513;3,8013;3,7679;3,5929;3,6929;4,0597;5,0434;5,6019;5,6769;5,0767;4,1764;3,5014;2,8329;2,4067;2,2145;2,1059;2,0641;2,2563;2,7744;3,092;3,1839;3,2675;3,2925;3,585;3,8441;3,9109;3,8441;3,6686;3,6352;3,7939;4,4792;5,0474;5,365;5,0391;4,3538;5,1175;4,1404;3,5175;3,2366;3,0778;3,0168;3,2977;4,0549;4,5191;4,6534;4,7755;4,8122;5,2397;5,6183;5,716;5,6183;5,3618;5,3129;5,545;6,5465;7,3771;7,8412;7,3648;6,3633;4,412;3,5696;3,0326;2,7904;2,6535;2,6009;2,8431;3,4959;3,896;4,0119;4,1172;4,1488;4,5173;4,8437;4,928;4,8437;4,6226;4,5805;4,7805;5,644;6,36;6,7602;6,3495;5,486;3,6709;2,97;2,5232;2,3217;2,2078;2,164;2,3655;2,9087;3,2416;3,338;3,4256;3,4518;3,7585;4,0301;4,1002;4,0301;3,8461;3,8111;3,9775;4,6959;5,2917;5,6246;5,2829;4,5645;3,092;2,4148;2,0232;1,8601;1,7867;1,803;2,1048;2,9941;3,198;3,198;3,2062;3,2062;3,4673;3,6712;3,7202;3,6875;3,5162;3,6141;3,9731;4,9357;5,4823;5,5558;4,9684;4,0873;3,5851;2,8;2,3459;2,1568;2,0716;2,0905;2,4405;3,4716;3,7081;3,7081;3,7176;3,7176;4,0203;4,2568;4,3135;4,2757;4,077;4,1905;4,6068;5,723;6,3568;6,4419;5,7608;4,7392;4,0853;3,1207;2,5874;2,349;2,2469;2,315;2,7349;4,1193;4,3576;4,4711;4,5165;4,5392;4,8683;5,1066;5,152;5,1407;5,0158;5,4471;6,1506;7,3762;7,7507;7,6145;6,7294;5,674
104;172,33;36740,5786;3751,2131;3350,7408;3115,6011;2873,1132;2582,8627;2505,7075;3784,2796;3262,5634;2626,9514;2527,7518;2836,3727;3516,0734;4,3562;3,3277;2,759;2,5048;2,3959;2,4685;2,9163;4,3925;4,6467;4,7677;4,8161;4,8403;5,1912;5,4453;5,4937;5,4816;5,3485;5,8083;6,5586;7,8654;8,2648;8,1196;7,1757;6,0503;4,3081;3,2909;2,7285;2,4772;2,3695;2,4413;2,884;4,344;4,5953;4,715;4,7628;4,7868;5,1338;5,3851;5,433;5,421;5,2894;5,7441;6,4861;7,7785;8,1734;8,0298;7,0964;5,9835;3,8091;2,9749;2,4925;2,2915;2,201;2,2211;2,593;3,6885;3,9397;3,9397;3,9498;3,9498;4,2714;4,5226;4,5829;4,5427;4,3317;4,4523;4,8945;6,0804;6,7538;6,8443;6,1206;5,0352;3,6297;2,8348;2,3751;2,1836;2,0974;2,1165;2,4709;3,5148;3,7542;3,7542;3,7638;3,7638;4,0702;4,3097;4,3671;4,3288;4,1277;4,2426;4,664;5,7941;6,4358;6,522;5,8324;4,7981;3,1578;2,4662;2,0663;1,8997;1,8247;1,8413;2,1496;3,0578;3,2661;3,2661;3,2744;3,2744;3,541;3,7493;3,7993;3,766;3,591;3,691;4,0576;5,0407;5,599;5,674;5,0741;4,1742;3,4996;2,8314;2,4055;2,2134;2,1048;2,063;2,2551;2,773;3,0904;3,1822;3,2658;3,2908;3,5832;3,8421;3,9089;3,8421;3,6667;3,6333;3,792;4,4769;5,0448;5,3622;5,0365;4,3516;5,1149;4,1383;3,5157;3,2349;3,0763;3,0152;3,296;4,0528;4,5167;4,651;4,7731;4,8097;5,237;5,6154;5,713;5,6154;5,359;5,3102;5,5421;6,5431;7,3732;7,8371;7,361;6,36;4,4097;3,5678;3,031;2,789;2,6521;2,5995;2,8416;3,4941;3,894;4,0098;4,115;4,1466;4,515;4,8412;4,9254;4,8412;4,6202;4,5781;4,7781;5,6411;6,3567;6,7567;6,3462;5,4832;3,669;2,9685;2,5219;2,3205;2,2066;2,1629;2,3643;2,9072;3,2399;3,3362;3,4238;3,4501;3,7565;4,028;4,098;4,028;3,8441;3,8091;3,9755;4,6935;5,2889;5,6217;5,2802;4,5621;3,0904;2,4136;2,0222;1,8591;1,7857;1,802;2,1037;2,9925;3,1964;3,1964;3,2045;3,2045;3,4655;3,6693;3,7182;3,6856;3,5144;3,6122;3,971;4,9332;5,4795;5,5529;4,9658;4,0852;3,5833;2,7986;2,3447;2,1556;2,0706;2,0895;2,4393;3,4698;3,7062;3,7062;3,7156;3,7156;4,0182;4,2546;4,3113;4,2735;4,0749;4,1884;4,6044;5,72;6,3535;6,4386;5,7578;4,7367;4,0832;3,1191;2,586;2,3478;2,2458;2,3138;2,7335;4,1172;4,3554;4,4688;4,5142;4,5369;4,8658;5,104;5,1493;5,138;5,0132;5,4442;6,1475;7,3724;7,7467;7,6106;6,7259;5,6711
105;168,43;17733,2894;1810,5688;1617,276;1503,7829;1386,7432;1246,6502;1209,4103;1826,5288;1574,7161;1267,9302;1220,0503;1369,0099;1697,0758;2,1026;1,6061;1,3316;1,209;1,1564;1,1915;1,4076;2,1201;2,2428;2,3012;2,3245;2,3362;2,5056;2,6282;2,6516;2,6458;2,5815;2,8035;3,1656;3,7964;3,9891;3,919;3,4634;2,9203;2,0794;1,5884;1,3169;1,1956;1,1436;1,1783;1,392;2,0967;2,218;2,2757;2,2988;2,3104;2,4779;2,5992;2,6223;2,6165;2,553;2,7725;3,1306;3,7544;3,945;3,8757;3,4252;2,888;1,8385;1,4359;1,203;1,106;1,0623;1,0721;1,2515;1,7803;1,9016;1,9016;1,9064;1,9064;2,0616;2,1829;2,212;2,1926;2,0907;2,149;2,3624;2,9348;3,2598;3,3035;2,9542;2,4303;1,7519;1,3683;1,1464;1,0539;1,0123;1,0216;1,1926;1,6964;1,812;1,812;1,8166;1,8166;1,9646;2,0801;2,1078;2,0894;1,9923;2,0478;2,2511;2,7966;3,1063;3,1479;2,8151;2,3159;1,5241;1,1903;0,9973;0,9169;0,8807;0,8887;1,0375;1,4759;1,5764;1,5764;1,5804;1,5804;1,7091;1,8097;1,8338;1,8177;1,7332;1,7815;1,9584;2,433;2,7024;2,7386;2,4491;2,0147;1,6891;1,3666;1,161;1,0683;1,0159;0,9957;1,0885;1,3384;1,4916;1,536;1,5763;1,5884;1,7295;1,8544;1,8867;1,8544;1,7698;1,7536;1,8302;2,1608;2,4349;2,5881;2,4309;2,1003;2,4688;1,9974;1,6969;1,5614;1,4848;1,4553;1,5908;1,9562;2,1801;2,2449;2,3038;2,3215;2,5277;2,7103;2,7575;2,7103;2,5866;2,563;2,675;3,1581;3,5588;3,7827;3,5529;3,0697;2,1284;1,722;1,463;1,3461;1,2801;1,2547;1,3715;1,6865;1,8795;1,9354;1,9862;2,0014;2,1792;2,3367;2,3773;2,3367;2,23;2,2097;2,3062;2,7227;3,0682;3,2612;3,0631;2,6465;1,7709;1,4328;1,2172;1,12;1,0651;1,0439;1,1411;1,4032;1,5638;1,6103;1,6525;1,6652;1,8131;1,9442;1,978;1,9442;1,8554;1,8385;1,9188;2,2654;2,5528;2,7134;2,5485;2,202;1,4916;1,165;0,976;0,8973;0,8619;0,8698;1,0154;1,4444;1,5428;1,5428;1,5467;1,5467;1,6726;1,771;1,7947;1,7789;1,6963;1,7435;1,9167;2,3811;2,6448;2,6802;2,3968;1,9718;1,7295;1,3508;1,1317;1,0404;0,9994;1,0085;1,1773;1,6748;1,7888;1,7888;1,7934;1,7934;1,9394;2,0535;2,0809;2,0626;1,9668;2,0216;2,2224;2,7608;3,0666;3,1077;2,7791;2,2862;1,9708;1,5055;1,2482;1,1332;1,0839;1,1168;1,3193;1,9872;2,1022;2,1569;2,1788;2,1898;2,3485;2,4635;2,4854;2,4799;2,4197;2,6277;2,9671;3,5584;3,739;3,6733;3,2463;2,7372
106;173,59;33531,1555;3423,531;3058,0414;2843,442;2622,1364;2357,2402;2286,8248;3453,709;2977,5666;2397,4776;2306,9435;2588,6052;3208,9316;3,9757;3,037;2,518;2,286;2,1866;2,2529;2,6615;4,0088;4,2408;4,3512;4,3954;4,4175;4,7377;4,9696;5,0138;5,0028;4,8813;5,301;5,9857;7,1784;7,5428;7,4103;6,5489;5,5218;3,9318;3,0034;2,4901;2,2608;2,1625;2,228;2,6321;3,9645;4,1939;4,3031;4,3468;4,3686;4,6854;4,9147;4,9584;4,9475;4,8273;5,2424;5,9195;7,099;7,4594;7,3284;6,4765;5,4608;3,4763;2,715;2,2748;2,0913;2,0088;2,0271;2,3665;3,3663;3,5956;3,5956;3,6048;3,6048;3,8983;4,1276;4,1826;4,1459;3,9533;4,0634;4,467;5,5493;6,1638;6,2464;5,586;4,5954;3,3126;2,5872;2,1676;1,9928;1,9142;1,9316;2,255;3,2077;3,4263;3,4263;3,435;3,435;3,7147;3,9332;3,9856;3,9507;3,7671;3,872;4,2566;5,288;5,8736;5,9522;5,3229;4,379;2,8819;2,2508;1,8858;1,7337;1,6653;1,6805;1,9618;2,7907;2,9808;2,9808;2,9884;2,9884;3,2317;3,4218;3,4674;3,437;3,2773;3,3686;3,7031;4,6004;5,1099;5,1783;4,6308;3,8096;3,1939;2,5841;2,1954;2,02;1,9209;1,8828;2,0581;2,5308;2,8204;2,9043;2,9805;3,0034;3,2702;3,5065;3,5674;3,5065;3,3464;3,3159;3,4607;4,0858;4,6041;4,8938;4,5965;3,9715;4,6681;3,7768;3,2086;2,9524;2,8075;2,7518;3,0081;3,6988;4,1222;4,2447;4,3561;4,3896;4,7795;5,1249;5,214;5,1249;4,8909;4,8463;5,058;5,9716;6,7292;7,1525;6,718;5,8045;4,0245;3,2561;2,7663;2,5453;2,4205;2,3724;2,5934;3,1889;3,5539;3,6595;3,7556;3,7844;4,1206;4,4183;4,4952;4,4183;4,2166;4,1782;4,3607;5,1483;5,8015;6,1664;5,7918;5,0042;3,3485;2,7091;2,3016;2,1178;2,0139;1,9739;2,1577;2,6532;2,9569;3,0448;3,1247;3,1487;3,4284;3,6761;3,7401;3,6761;3,5083;3,4763;3,6282;4,2835;4,8269;5,1306;4,8189;4,1636;2,8204;2,2028;1,8456;1,6967;1,6297;1,6446;1,92;2,7311;2,9172;2,9172;2,9246;2,9246;3,1627;3,3488;3,3934;3,3637;3,2074;3,2967;3,6241;4,5023;5,0009;5,0678;4,532;3,7283;3,2703;2,5541;2,1399;1,9673;1,8897;1,9069;2,2262;3,1667;3,3824;3,3824;3,3911;3,3911;3,6672;3,8829;3,9347;3,9002;3,719;3,8225;4,2022;5,2204;5,7985;5,8761;5,2549;4,323;3,7265;2,8466;2,3601;2,1427;2,0496;2,1117;2,4947;3,7576;3,9749;4,0784;4,1199;4,1406;4,4407;4,6581;4,6995;4,6892;4,5753;4,9687;5,6105;6,7284;7,07;6,9458;6,1384;5,1757
107;168,43;63443,8733;6477,6195;5786,0812;5380,0405;4961,3109;4460,1043;4326,8722;6534,719;5633,8159;4536,2369;4364,9385;4897,867;6071,5787;7,5224;5,7463;4,7642;4,3254;4,1373;4,2627;5,0358;7,5851;8,0239;8,2328;8,3164;8,3582;8,9642;9,403;9,4866;9,4657;9,2358;10,0299;11,3254;13,5821;14,2717;14,0209;12,3911;10,4478;7,4392;5,6828;4,7115;4,2776;4,0916;4,2156;4,9802;7,5012;7,9352;8,1418;8,2245;8,2658;8,8651;9,2991;9,3817;9,3611;9,1337;9,919;11,2002;13,432;14,1139;13,8659;12,2541;10,3323;6,5775;5,1371;4,304;3,9569;3,8007;3,8354;4,4776;6,3693;6,8031;6,8031;6,8205;6,8205;7,3759;7,8097;7,9139;7,8444;7,48;7,6883;8,4519;10,4998;11,6625;11,8187;10,5692;8,6948;6,2678;4,8952;4,1014;3,7706;3,6218;3,6548;4,2667;6,0693;6,4828;6,4828;6,4993;6,4993;7,0285;7,442;7,5412;7,475;7,1277;7,3262;8,0539;10,0053;11,1133;11,2622;10,0715;8,2854;5,4528;4,2587;3,5681;3,2803;3,1508;3,1796;3,712;5,2802;5,6399;5,6399;5,6543;5,6543;6,1147;6,4743;6,5607;6,5031;6,201;6,3736;7,0067;8,7044;9,6684;9,7978;8,7619;7,2081;6,0432;4,8894;4,1538;3,8221;3,6346;3,5625;3,8942;4,7884;5,3365;5,4951;5,6394;5,6826;6,1874;6,6345;6,7499;6,6345;6,3317;6,274;6,548;7,7307;8,7114;9,2595;8,697;7,5143;8,8324;7,146;6,071;5,5861;5,3121;5,2067;5,6915;6,9985;7,7995;8,0314;8,2422;8,3054;9,0432;9,6967;9,8653;9,6967;9,254;9,1697;9,5702;11,2987;12,7322;13,5332;12,7111;10,9825;7,6147;6,1609;5,234;4,816;4,5797;4,4889;4,9069;6,0336;6,7242;6,9241;7,1059;7,1604;7,7965;8,3599;8,5052;8,3599;7,9782;7,9055;8,2508;9,741;10,9769;11,6675;10,9587;9,4684;6,3356;5,1259;4,3548;4,007;3,8104;3,7348;4,0826;5,0201;5,5947;5,761;5,9122;5,9576;6,4868;6,9556;7,0765;6,9556;6,638;6,5775;6,8648;8,1047;9,133;9,7075;9,1178;7,8779;5,3365;4,1678;3,492;3,2103;3,0836;3,1118;3,6328;5,1675;5,5195;5,5195;5,5336;5,5336;5,9842;6,3362;6,4207;6,3644;6,0687;6,2376;6,8572;8,5187;9,4621;9,5888;8,575;7,0543;6,1876;4,8326;4,0489;3,7224;3,5754;3,6081;4,2122;5,9917;6,3999;6,3999;6,4162;6,4162;6,9386;7,3468;7,4448;7,3795;7,0366;7,2325;7,9509;9,8774;10,9712;11,1182;9,9427;8,1794;7,0509;5,3861;4,4655;4,0542;3,878;3,9955;4,7202;7,1096;7,5209;7,7168;7,7951;7,8343;8,4023;8,8136;8,8919;8,8723;8,6569;9,4012;10,6155;12,7307;13,3771;13,142;11,6143;9,7929
108;173,59;33666,7585;3437,376;3070,4084;2854,9411;2632,7405;2366,7731;2296,0729;3467,6761;2989,6082;2407,1732;2316,273;2599,0738;3221,9088;3,9918;3,0493;2,5281;2,2953;2,1955;2,262;2,6723;4,0251;4,2579;4,3688;4,4131;4,4353;4,7569;4,9897;5,0341;5,023;4,901;5,3224;6,0099;7,2074;7,5733;7,4403;6,5754;5,5442;3,9477;3,0156;2,5002;2,2699;2,1712;2,237;2,6427;3,9806;4,2108;4,3205;4,3644;4,3863;4,7043;4,9346;4,9784;4,9675;4,8469;5,2636;5,9434;7,1277;7,4896;7,358;6,5027;5,4829;3,4904;2,726;2,284;2,0998;2,0169;2,0353;2,376;3,3799;3,6101;3,6101;3,6193;3,6193;3,914;4,1443;4,1995;4,1627;3,9693;4,0798;4,485;5,5717;6,1888;6,2717;5,6086;4,614;3,326;2,5976;2,1764;2,0009;1,9219;1,9395;2,2642;3,2207;3,4401;3,4401;3,4489;3,4489;3,7297;3,9491;4,0018;3,9667;3,7824;3,8877;4,2738;5,3094;5,8973;5,9763;5,3445;4,3967;2,8936;2,2599;1,8934;1,7407;1,672;1,6873;1,9698;2,802;2,9928;2,9928;3,0005;3,0005;3,2448;3,4356;3,4814;3,4509;3,2906;3,3822;3,7181;4,619;5,1306;5,1993;4,6496;3,825;3,2068;2,5946;2,2042;2,0282;1,9287;1,8904;2,0665;2,541;2,8318;2,916;2,9925;3,0155;3,2834;3,5206;3,5819;3,5206;3,3599;3,3293;3,4747;4,1023;4,6228;4,9136;4,6151;3,9875;4,687;3,7921;3,2216;2,9643;2,8189;2,763;3,0202;3,7138;4,1388;4,2619;4,3737;4,4073;4,7988;5,1456;5,2351;5,1456;4,9107;4,8659;5,0785;5,9957;6,7564;7,1814;6,7452;5,8279;4,0408;3,2693;2,7774;2,5556;2,4303;2,382;2,6039;3,2018;3,5682;3,6743;3,7708;3,7997;4,1372;4,4362;4,5133;4,4362;4,2337;4,1951;4,3783;5,1691;5,8249;6,1914;5,8153;5,0245;3,362;2,7201;2,3109;2,1263;2,022;1,9819;2,1665;2,6639;2,9688;3,0571;3,1373;3,1614;3,4423;3,691;3,7552;3,691;3,5225;3,4904;3,6429;4,3008;4,8464;5,1514;4,8384;4,1805;2,8318;2,2117;1,853;1,7036;1,6363;1,6513;1,9277;2,7422;2,929;2,929;2,9364;2,9364;3,1755;3,3623;3,4072;3,3773;3,2204;3,31;3,6388;4,5205;5,0211;5,0883;4,5504;3,7434;3,2835;2,5644;2,1486;1,9753;1,8973;1,9147;2,2352;3,1795;3,3961;3,3961;3,4048;3,4048;3,682;3,8986;3,9506;3,9159;3,734;3,838;4,2192;5,2415;5,8219;5,8999;5,2761;4,3405;3,7416;2,8581;2,3697;2,1514;2,0579;2,1202;2,5048;3,7728;3,991;4,0949;4,1365;4,1573;4,4587;4,677;4,7185;4,7081;4,5938;4,9888;5,6331;6,7556;7,0986;6,9739;6,1632;5,1966
109;168,43;8564,8833;874,4746;781,1174;726,3021;669,7739;602,1113;584,125;882,183;760,5616;612,3892;589,264;661,209;819,6593;1,0155;0,7757;0,6432;0,5839;0,5585;0,5755;0,6798;1,024;1,0832;1,1114;1,1227;1,1284;1,2102;1,2694;1,2807;1,2779;1,2468;1,354;1,5289;1,8336;1,9267;1,8928;1,6728;1,4104;1,0043;0,7672;0,6361;0,5775;0,5524;0,5691;0,6723;1,0127;1,0712;1,0991;1,1103;1,1159;1,1968;1,2554;1,2665;1,2637;1,233;1,3391;1,512;1,8133;1,9054;1,8719;1,6543;1,3949;0,888;0,6935;0,581;0,5342;0,5131;0,5178;0,6045;0,8598;0,9184;0,9184;0,9208;0,9208;0,9957;1,0543;1,0684;1,059;1,0098;1,0379;1,141;1,4175;1,5744;1,5955;1,4268;1,1738;0,8461;0,6608;0,5537;0,509;0,4889;0,4934;0,576;0,8194;0,8752;0,8752;0,8774;0,8774;0,9488;1,0047;1,0181;1,0091;0,9622;0,989;1,0873;1,3507;1,5003;1,5204;1,3596;1,1185;0,7361;0,5749;0,4817;0,4428;0,4254;0,4292;0,5011;0,7128;0,7614;0,7614;0,7633;0,7633;0,8255;0,874;0,8857;0,8779;0,8371;0,8604;0,9459;1,1751;1,3052;1,3227;1,1829;0,9731;0,8158;0,6601;0,5608;0,516;0,4907;0,4809;0,5257;0,6464;0,7204;0,7418;0,7613;0,7672;0,8353;0,8957;0,9112;0,8957;0,8548;0,847;0,884;1,0436;1,176;1,25;1,1741;1,0144;1,1924;0,9647;0,8196;0,7541;0,7171;0,7029;0,7684;0,9448;1,0529;1,0842;1,1127;1,1212;1,2208;1,309;1,3318;1,309;1,2493;1,2379;1,292;1,5253;1,7188;1,827;1,716;1,4826;1,028;0,8317;0,7066;0,6502;0,6183;0,606;0,6624;0,8145;0,9078;0,9348;0,9593;0,9666;1,0525;1,1286;1,1482;1,1286;1,0771;1,0672;1,1139;1,315;1,4819;1,5751;1,4794;1,2782;0,8553;0,692;0,5879;0,5409;0,5144;0,5042;0,5512;0,6777;0,7553;0,7777;0,7981;0,8043;0,8757;0,939;0,9553;0,939;0,8961;0,888;0,9267;1,0941;1,2329;1,3105;1,2309;1,0635;0,7204;0,5627;0,4714;0,4334;0,4163;0,4201;0,4904;0,6976;0,7451;0,7451;0,747;0,747;0,8079;0,8554;0,8668;0,8592;0,8193;0,8421;0,9257;1,15;1,2774;1,2945;1,1576;0,9523;0,8353;0,6524;0,5466;0,5025;0,4827;0,4871;0,5686;0,8089;0,864;0,864;0,8662;0,8662;0,9367;0,9918;1,005;0,9962;0,9499;0,9764;1,0734;1,3334;1,4811;1,5009;1,3423;1,1042;0,9519;0,7271;0,6028;0,5473;0,5235;0,5394;0,6372;0,9598;1,0153;1,0418;1,0523;1,0576;1,1343;1,1898;1,2004;1,1978;1,1687;1,2691;1,4331;1,7186;1,8059;1,7742;1,5679;1,322
110;168,43;17451,6959;1781,8182;1591,5947;1479,9038;1364,7226;1226,8542;1190,2057;1797,5247;1549,7106;1247,7963;1200,6767;1347,2709;1670,1273;2,0692;1,5806;1,3105;1,1898;1,1381;1,1726;1,3852;2,0865;2,2072;2,2646;2,2876;2,2991;2,4658;2,5865;2,6095;2,6038;2,5405;2,7589;3,1153;3,7361;3,9257;3,8568;3,4084;2,8739;2,0463;1,5632;1,296;1,1766;1,1255;1,1596;1,3699;2,0634;2,1828;2,2396;2,2623;2,2737;2,4386;2,5579;2,5807;2,575;2,5124;2,7284;3,0809;3,6948;3,8824;3,8141;3,3708;2,8421;1,8093;1,4131;1,1839;1,0884;1,0455;1,055;1,2317;1,752;1,8714;1,8714;1,8761;1,8761;2,0289;2,1482;2,1769;2,1578;2,0575;2,1148;2,3249;2,8882;3,208;3,251;2,9073;2,3917;1,7241;1,3465;1,1282;1,0372;0,9962;1,0053;1,1737;1,6695;1,7832;1,7832;1,7878;1,7878;1,9334;2,0471;2,0744;2,0562;1,9607;2,0152;2,2154;2,7522;3,057;3,0979;2,7704;2,2791;1,4999;1,1714;0,9815;0,9023;0,8667;0,8746;1,0211;1,4524;1,5514;1,5514;1,5553;1,5553;1,682;1,7809;1,8047;1,7888;1,7057;1,7532;1,9273;2,3943;2,6595;2,6951;2,4102;1,9828;1,6623;1,3449;1,1426;1,0513;0,9998;0,9799;1,0712;1,3172;1,4679;1,5116;1,5512;1,5631;1,702;1,825;1,8567;1,825;1,7417;1,7258;1,8012;2,1265;2,3963;2,547;2,3923;2,067;2,4296;1,9657;1,67;1,5366;1,4612;1,4322;1,5656;1,9251;2,1454;2,2092;2,2672;2,2846;2,4875;2,6673;2,7137;2,6673;2,5455;2,5223;2,6325;3,108;3,5023;3,7226;3,4965;3,021;2,0946;1,6947;1,4397;1,3248;1,2598;1,2348;1,3497;1,6597;1,8497;1,9046;1,9546;1,9696;2,1446;2,2996;2,3396;2,2996;2,1946;2,1746;2,2696;2,6795;3,0194;3,2094;3,0144;2,6045;1,7428;1,41;1,1979;1,1022;1,0481;1,0274;1,123;1,3809;1,5389;1,5847;1,6263;1,6388;1,7843;1,9133;1,9466;1,9133;1,8259;1,8093;1,8883;2,2294;2,5122;2,6703;2,5081;2,167;1,4679;1,1465;0,9605;0,8831;0,8482;0,856;0,9993;1,4214;1,5183;1,5183;1,5221;1,5221;1,6461;1,7429;1,7662;1,7507;1,6693;1,7158;1,8862;2,3433;2,6028;2,6376;2,3587;1,9404;1,7021;1,3293;1,1137;1,0239;0,9835;0,9925;1,1587;1,6482;1,7604;1,7604;1,7649;1,7649;1,9086;2,0209;2,0479;2,0299;1,9356;1,9895;2,1871;2,717;3,0179;3,0583;2,735;2,2499;1,9395;1,4816;1,2284;1,1152;1,0667;1,0991;1,2984;1,9557;2,0688;2,1227;2,1442;2,155;2,3112;2,4244;2,4459;2,4405;2,3813;2,586;2,92;3,5019;3,6797;3,615;3,1948;2,6938
111;173,59;5498,8611;561,4337;501,4961;466,3034;430,0109;386,5699;375,0223;566,3827;488,2989;393,1686;378,3216;424,5121;526,241;0,652;0,498;0,4129;0,3749;0,3586;0,3695;0,4365;0,6574;0,6955;0,7136;0,7208;0,7244;0,777;0,815;0,8222;0,8204;0,8005;0,8693;0,9816;1,1772;1,237;1,2152;1,074;0,9055;0,6448;0,4925;0,4084;0,3707;0,3546;0,3654;0,4316;0,6502;0,6878;0,7057;0,7128;0,7164;0,7684;0,806;0,8131;0,8113;0,7916;0,8597;0,9708;1,1642;1,2233;1,2018;1,0621;0,8955;0,5701;0,4452;0,373;0,343;0,3294;0,3324;0,3881;0,552;0,5896;0,5896;0,5912;0,5912;0,6393;0,6769;0,6859;0,6799;0,6483;0,6664;0,7325;0,91;1,0108;1,0244;0,9161;0,7536;0,5432;0,4243;0,3555;0,3268;0,3139;0,3168;0,3698;0,526;0,5619;0,5619;0,5633;0,5633;0,6092;0,645;0,6536;0,6479;0,6178;0,635;0,6981;0,8672;0,9632;0,9761;0,8729;0,7181;0,4726;0,3691;0,3093;0,2843;0,2731;0,2756;0,3217;0,4576;0,4888;0,4888;0,4901;0,4901;0,53;0,5611;0,5686;0,5636;0,5375;0,5524;0,6073;0,7544;0,838;0,8492;0,7594;0,6247;0,5238;0,4238;0,36;0,3313;0,315;0,3088;0,3375;0,415;0,4625;0,4763;0,4888;0,4925;0,5363;0,575;0,585;0,575;0,5488;0,5438;0,5675;0,67;0,755;0,8025;0,7538;0,6513;0,7655;0,6194;0,5262;0,4842;0,4604;0,4513;0,4933;0,6066;0,676;0,6961;0,7144;0,7199;0,7838;0,8404;0,8551;0,8404;0,8021;0,7948;0,8295;0,9793;1,1035;1,173;1,1017;0,9519;0,66;0,534;0,4536;0,4174;0,3969;0,3891;0,4253;0,523;0,5828;0,6001;0,6159;0,6206;0,6757;0,7246;0,7372;0,7246;0,6915;0,6852;0,7151;0,8443;0,9514;1,0113;0,9498;0,8207;0,5491;0,4443;0,3774;0,3473;0,3303;0,3237;0,3539;0,4351;0,4849;0,4993;0,5124;0,5164;0,5622;0,6029;0,6133;0,6029;0,5753;0,5701;0,595;0,7025;0,7916;0,8414;0,7903;0,6828;0,4625;0,3612;0,3027;0,2782;0,2673;0,2697;0,3149;0,4479;0,4784;0,4784;0,4796;0,4796;0,5187;0,5492;0,5565;0,5516;0,526;0,5406;0,5943;0,7383;0,8201;0,8311;0,7432;0,6114;0,5363;0,4189;0,3509;0,3226;0,3099;0,3127;0,3651;0,5193;0,5547;0,5547;0,5561;0,5561;0,6014;0,6368;0,6453;0,6396;0,6099;0,6269;0,6891;0,8561;0,9509;0,9636;0,8618;0,7089;0,6111;0,4668;0,387;0,3514;0,3361;0,3463;0,4091;0,6162;0,6519;0,6688;0,6756;0,679;0,7282;0,7639;0,7707;0,769;0,7503;0,8148;0,9201;1,1034;1,1594;1,1391;1,0066;0,8488
112;168,43;7613,5367;777,3421;694,3545;645,6279;595,3786;535,2316;519,2432;784,1943;676,0821;544,3679;523,8113;587,765;728,6155;0,9027;0,6896;0,5717;0,5191;0,4965;0,5115;0,6043;0,9102;0,9629;0,988;0,998;1,003;1,0757;1,1284;1,1384;1,1359;1,1083;1,2036;1,3591;1,6299;1,7127;1,6826;1,487;1,2538;0,8927;0,682;0,5654;0,5133;0,491;0,5059;0,5976;0,9002;0,9523;0,9771;0,987;0,9919;1,0639;1,1159;1,1258;1,1234;1,0961;1,1903;1,3441;1,6119;1,6937;1,664;1,4705;1,2399;0,7893;0,6165;0,5165;0,4748;0,4561;0,4603;0,5373;0,7643;0,8164;0,8164;0,8185;0,8185;0,8851;0,9372;0,9497;0,9414;0,8976;0,9226;1,0143;1,26;1,3996;1,4183;1,2683;1,0434;0,7522;0,5874;0,4922;0,4525;0,4346;0,4386;0,512;0,7283;0,778;0,778;0,7799;0,7799;0,8435;0,8931;0,905;0,897;0,8554;0,8792;0,9665;1,2007;1,3336;1,3515;1,2086;0,9943;0,6544;0,5111;0,4282;0,3937;0,3781;0,3816;0,4455;0,6336;0,6768;0,6768;0,6785;0,6785;0,7338;0,7769;0,7873;0,7804;0,7441;0,7649;0,8408;1,0446;1,1602;1,1758;1,0515;0,865;0,7252;0,5867;0,4985;0,4587;0,4362;0,4275;0,4673;0,5746;0,6404;0,6594;0,6767;0,6819;0,7425;0,7962;0,81;0,7962;0,7598;0,7529;0,7858;0,9277;1,0454;1,1112;1,0437;0,9018;1,0599;0,8576;0,7285;0,6704;0,6375;0,6248;0,683;0,8398;0,936;0,9638;0,9891;0,9967;1,0852;1,1636;1,1839;1,1636;1,1105;1,1004;1,1485;1,3559;1,5279;1,624;1,5254;1,318;0,9138;0,7393;0,6281;0,5779;0,5496;0,5387;0,5888;0,7241;0,8069;0,8309;0,8527;0,8593;0,9356;1,0032;1,0207;1,0032;0,9574;0,9487;0,9901;1,169;1,3173;1,4001;1,3151;1,1363;0,7603;0,6151;0,5226;0,4809;0,4573;0,4482;0,4899;0,6024;0,6714;0,6913;0,7095;0,7149;0,7784;0,8347;0,8492;0,8347;0,7966;0,7893;0,8238;0,9726;1,096;1,1649;1,0942;0,9454;0,6404;0,5002;0,419;0,3853;0,37;0,3734;0,4359;0,6201;0,6624;0,6624;0,6641;0,6641;0,7181;0,7604;0,7705;0,7638;0,7283;0,7485;0,8229;1,0223;1,1355;1,1507;1,029;0,8465;0,7425;0,5799;0,4859;0,4467;0,4291;0,433;0,5055;0,719;0,768;0,768;0,77;0,77;0,8327;0,8816;0,8934;0,8856;0,8444;0,8679;0,9541;1,1853;1,3166;1,3342;1,1932;0,9816;0,8461;0,6464;0,5359;0,4865;0,4654;0,4795;0,5664;0,8532;0,9025;0,926;0,9354;0,9401;1,0083;1,0577;1,0671;1,0647;1,0389;1,1282;1,2739;1,5277;1,6053;1,5771;1,3938;1,1752
113;172,33;16861,5187;1721,5611;1537,7705;1429,8568;1318,5708;1185,3648;1149,9556;1736,7364;1497,3029;1205,5986;1160,0725;1301,7092;1613,6473;1,9992;1,5272;1,2662;1,1496;1,0996;1,1329;1,3384;2,0159;2,1325;2,188;2,2103;2,2214;2,3824;2,499;2,5213;2,5157;2,4546;2,6656;3,01;3,6097;3,793;3,7263;3,2932;2,7767;1,9771;1,5103;1,2522;1,1369;1,0874;1,1204;1,3236;1,9936;2,1089;2,1639;2,1858;2,1968;2,3561;2,4714;2,4934;2,4879;2,4275;2,6362;2,9767;3,5698;3,7511;3,6852;3,2568;2,746;1,7481;1,3653;1,1439;1,0516;1,0101;1,0193;1,19;1,6928;1,8081;1,8081;1,8127;1,8127;1,9603;2,0756;2,1033;2,0848;1,988;2,0433;2,2463;2,7905;3,0996;3,1411;2,809;2,3108;1,6658;1,301;1,09;1,0021;0,9626;0,9713;1,134;1,6131;1,7229;1,7229;1,7273;1,7273;1,868;1,9779;2,0042;1,9866;1,8943;1,9471;2,1405;2,6591;2,9536;2,9932;2,6767;2,202;1,4492;1,1318;0,9483;0,8718;0,8374;0,8451;0,9865;1,4033;1,4989;1,4989;1,5027;1,5027;1,6251;1,7207;1,7436;1,7283;1,648;1,6939;1,8622;2,3134;2,5696;2,604;2,3287;1,9157;1,6061;1,2994;1,104;1,0158;0,966;0,9468;1,035;1,2726;1,4183;1,4604;1,4988;1,5103;1,6444;1,7633;1,7939;1,7633;1,6828;1,6674;1,7403;2,0546;2,3152;2,4609;2,3114;1,9971;2,3474;1,8992;1,6135;1,4846;1,4118;1,3838;1,5126;1,86;2,0729;2,1345;2,1905;2,2073;2,4034;2,5771;2,6219;2,5771;2,4594;2,437;2,5435;3,0029;3,3838;3,5967;3,3782;2,9188;2,0238;1,6374;1,391;1,28;1,2172;1,193;1,3041;1,6036;1,7871;1,8402;1,8885;1,903;2,0721;2,2218;2,2604;2,2218;2,1204;2,1011;2,1928;2,5889;2,9173;3,1009;2,9125;2,5164;1,6838;1,3623;1,1574;1,0649;1,0127;0,9926;1,085;1,3342;1,4869;1,5311;1,5713;1,5834;1,724;1,8486;1,8807;1,8486;1,7642;1,7481;1,8245;2,154;2,4273;2,58;2,4233;2,0937;1,4183;1,1077;0,9281;0,8532;0,8195;0,827;0,9655;1,3734;1,4669;1,4669;1,4707;1,4707;1,5904;1,684;1,7064;1,6915;1,6129;1,6578;1,8224;2,264;2,5147;2,5484;2,279;1,8748;1,6445;1,2844;1,0761;0,9893;0,9502;0,9589;1,1195;1,5924;1,7009;1,7009;1,7052;1,7052;1,8441;1,9526;1,9786;1,9612;1,8701;1,9222;2,1131;2,6251;2,9158;2,9549;2,6425;2,1739;1,8739;1,4315;1,1868;1,0775;1,0307;1,0619;1,2545;1,8895;1,9988;2,0509;2,0717;2,0821;2,2331;2,3424;2,3632;2,358;2,3007;2,4986;2,8213;3,3835;3,5552;3,4928;3,0868;2,6027
114;173,59;33831,8702;3454,2339;3085,4666;2868,9426;2645,6522;2378,3805;2307,3335;3484,6826;3004,2701;2418,9787;2327,6327;2611,8204;3237,71;4,0114;3,0642;2,5405;2,3065;2,2063;2,2731;2,6854;4,0448;4,2788;4,3902;4,4348;4,4571;4,7802;5,0142;5,0588;5,0476;4,9251;5,3485;6,0393;7,2427;7,6105;7,4767;6,6076;5,5713;3,967;3,0304;2,5125;2,281;2,1819;2,248;2,6557;4,0001;4,2315;4,3417;4,3858;4,4078;4,7274;4,9588;5,0029;4,9918;4,8706;5,2894;5,9726;7,1627;7,5263;7,3941;6,5346;5,5098;3,5075;2,7394;2,2952;2,1101;2,0268;2,0453;2,3877;3,3965;3,6278;3,6278;3,6371;3,6371;3,9332;4,1646;4,2201;4,1831;3,9888;4,0998;4,507;5,5991;6,2191;6,3024;5,6361;4,6366;3,3423;2,6104;2,1871;2,0107;1,9313;1,949;2,2753;3,2365;3,457;3,457;3,4658;3,4658;3,748;3,9685;4,0214;3,9861;3,8009;3,9067;4,2948;5,3354;5,9263;6,0056;5,3707;4,4182;2,9078;2,271;1,9027;1,7493;1,6802;1,6956;1,9794;2,8157;3,0075;3,0075;3,0152;3,0152;3,2607;3,4525;3,4985;3,4678;3,3067;3,3988;3,7364;4,6417;5,1557;5,2248;4,6724;3,8438;3,2226;2,6073;2,215;2,0381;1,9382;1,8997;2,0766;2,5534;2,8457;2,9303;3,0072;3,0303;3,2995;3,5379;3,5994;3,5379;3,3764;3,3456;3,4918;4,1224;4,6454;4,9377;4,6377;4,0071;4,7099;3,8107;3,2374;2,9788;2,8327;2,7765;3,035;3,732;4,1591;4,2828;4,3952;4,4289;4,8224;5,1708;5,2607;5,1708;4,9348;4,8898;5,1034;6,0251;6,7895;7,2167;6,7783;5,8565;4,0606;3,2853;2,7911;2,5682;2,4422;2,3937;2,6166;3,2175;3,5857;3,6923;3,7893;3,8183;4,1575;4,4579;4,5355;4,4579;4,2544;4,2157;4,3998;5,1945;5,8535;6,2217;5,8438;5,0491;3,3785;2,7334;2,3222;2,1368;2,0319;1,9916;2,1771;2,677;2,9834;3,0721;3,1527;3,1769;3,4591;3,7091;3,7736;3,7091;3,5398;3,5075;3,6607;4,3219;4,8702;5,1766;4,8621;4,201;2,8457;2,2225;1,8621;1,7119;1,6444;1,6594;1,9372;2,7556;2,9433;2,9433;2,9508;2,9508;3,1911;3,3788;3,4239;3,3938;3,2362;3,3263;3,6566;4,5426;5,0457;5,1133;4,5727;3,7618;3,2996;2,577;2,1591;1,985;1,9066;1,924;2,2462;3,1951;3,4128;3,4128;3,4215;3,4215;3,7001;3,9177;3,97;3,9351;3,7523;3,8568;4,2399;5,2672;5,8505;5,9288;5,302;4,3617;3,7599;2,8722;2,3813;2,162;2,068;2,1306;2,5171;3,7913;4,0106;4,115;4,1568;4,1777;4,4806;4,6999;4,7417;4,7312;4,6163;5,0132;5,6608;6,7887;7,1334;7,0081;6,1934;5,2221
115;172,33;7235,6938;738,7643;659,8953;613,5868;565,8313;508,6693;493,4743;745,2765;642,5296;517,3521;497,8157;558,5956;692,4559;0,8579;0,6554;0,5433;0,4933;0,4719;0,4862;0,5743;0,8651;0,9151;0,9389;0,9485;0,9532;1,0224;1,0724;1,0819;1,0795;1,0533;1,1439;1,2916;1,549;1,6277;1,5991;1,4132;1,1916;0,8484;0,6481;0,5373;0,4879;0,4666;0,4808;0,568;0,8555;0,905;0,9286;0,938;0,9427;1,0111;1,0605;1,07;1,0676;1,0417;1,1312;1,2774;1,5319;1,6097;1,5814;1,3976;1,1784;0,7502;0,5859;0,4909;0,4513;0,4335;0,4374;0,5107;0,7264;0,7759;0,7759;0,7779;0,7779;0,8412;0,8907;0,9026;0,8946;0,8531;0,8768;0,9639;1,1975;1,3301;1,3479;1,2054;0,9916;0,7148;0,5583;0,4678;0,43;0,4131;0,4168;0,4866;0,6922;0,7394;0,7394;0,7412;0,7412;0,8016;0,8487;0,8601;0,8525;0,8129;0,8355;0,9185;1,1411;1,2675;1,2844;1,1486;0,9449;0,6219;0,4857;0,4069;0,3741;0,3594;0,3626;0,4233;0,6022;0,6432;0,6432;0,6449;0,6449;0,6974;0,7384;0,7482;0,7417;0,7072;0,7269;0,7991;0,9927;1,1027;1,1174;0,9993;0,8221;0,6892;0,5576;0,4737;0,4359;0,4145;0,4063;0,4441;0,5461;0,6086;0,6267;0,6432;0,6481;0,7057;0,7567;0,7698;0,7567;0,7221;0,7155;0,7468;0,8817;0,9935;1,056;0,9919;0,857;1,0073;0,815;0,6924;0,6371;0,6058;0,5938;0,6491;0,7982;0,8895;0,916;0,94;0,9472;1,0314;1,1059;1,1251;1,1059;1,0554;1,0458;1,0915;1,2886;1,4521;1,5434;1,4497;1,2525;0,8685;0,7026;0,5969;0,5493;0,5223;0,512;0,5596;0,6881;0,7669;0,7897;0,8104;0,8166;0,8892;0,9534;0,97;0,9534;0,9099;0,9016;0,941;1,111;1,2519;1,3307;1,2498;1,0799;0,7226;0,5846;0,4967;0,457;0,4346;0,426;0,4656;0,5725;0,6381;0,657;0,6743;0,6795;0,7398;0,7933;0,8071;0,7933;0,7571;0,7502;0,7829;0,9243;1,0416;1,1071;1,0399;0,8985;0,6086;0,4753;0,3983;0,3661;0,3517;0,3549;0,4143;0,5893;0,6295;0,6295;0,6311;0,6311;0,6825;0,7226;0,7323;0,7258;0,6921;0,7114;0,7821;0,9715;1,0791;1,0936;0,978;0,8045;0,7057;0,5511;0,4618;0,4245;0,4078;0,4115;0,4804;0,6833;0,7299;0,7299;0,7318;0,7318;0,7913;0,8379;0,8491;0,8416;0,8025;0,8249;0,9068;1,1265;1,2513;1,268;1,1339;0,9329;0,8041;0,6143;0,5093;0,4624;0,4423;0,4557;0,5383;0,8108;0,8578;0,8801;0,889;0,8935;0,9583;1,0052;1,0141;1,0119;0,9873;1,0722;1,2107;1,4519;1,5256;1,4988;1,3246;1,1169
116;168,43;37232,3001;3801,4178;3395,5858;3157,2991;2911,5659;2617,4307;2539,2429;3834,9269;3306,2283;2662,1095;2561,5822;2874,3336;3563,1311;4,4145;3,3722;2,7959;2,5384;2,428;2,5016;2,9553;4,4513;4,7089;4,8315;4,8805;4,9051;5,2607;5,5182;5,5672;5,555;5,4201;5,8861;6,6463;7,9707;8,3754;8,2282;7,2717;6,1313;4,3658;3,335;2,765;2,5103;2,4012;2,4739;2,9226;4,4021;4,6568;4,7781;4,8266;4,8508;5,2025;5,4572;5,5057;5,4936;5,3602;5,821;6,5729;7,8826;8,2828;8,1373;7,1914;6,0635;3,8601;3,0147;2,5258;2,3221;2,2305;2,2508;2,6277;3,7378;3,9925;3,9925;4,0026;4,0026;4,3286;4,5832;4,6443;4,6035;4,3897;4,5119;4,96;6,1618;6,8442;6,9359;6,2026;5,1026;3,6783;2,8727;2,4069;2,2128;2,1254;2,1449;2,5039;3,5618;3,8044;3,8044;3,8142;3,8142;4,1247;4,3673;4,4256;4,3868;4,1829;4,2994;4,7264;5,8717;6,5219;6,6093;5,9105;4,8623;3,2;2,4992;2,0939;1,9251;1,8491;1,866;2,1784;3,0987;3,3098;3,3098;3,3182;3,3182;3,5884;3,7995;3,8502;3,8164;3,6391;3,7404;4,1119;5,1082;5,6739;5,7499;5,142;4,2301;3,5465;2,8693;2,4377;2,243;2,133;2,0906;2,2853;2,8101;3,1317;3,2248;3,3095;3,3349;3,6311;3,8935;3,9612;3,8935;3,7158;3,6819;3,8427;4,5368;5,1123;5,434;5,1039;4,4098;5,1833;4,1937;3,5628;3,2782;3,1174;3,0556;3,3401;4,1071;4,5772;4,7132;4,837;4,8741;5,307;5,6905;5,7895;5,6905;5,4308;5,3813;5,6163;6,6307;7,4719;7,942;7,4596;6,4452;4,4687;3,6155;3,0716;2,8263;2,6876;2,6343;2,8796;3,5409;3,9461;4,0635;4,1701;4,2021;4,5754;4,906;4,9913;4,906;4,682;4,6394;4,842;5,7166;6,4418;6,8471;6,4311;5,5566;3,7181;3,0082;2,5556;2,3515;2,2362;2,1918;2,3959;2,9461;3,2833;3,3809;3,4696;3,4962;3,8068;4,0819;4,1529;4,0819;3,8956;3,8601;4,0287;4,7563;5,3597;5,6969;5,3508;4,6232;3,1317;2,4459;2,0493;1,884;1,8096;1,8262;2,1319;3,0326;3,2392;3,2392;3,2474;3,2474;3,5118;3,7184;3,768;3,735;3,5614;3,6606;4,0242;4,9992;5,5528;5,6272;5,0323;4,1398;3,6312;2,836;2,3761;2,1845;2,0983;2,1174;2,4719;3,5163;3,7558;3,7558;3,7654;3,7654;4,072;4,3115;4,369;4,3307;4,1295;4,2444;4,666;5,7966;6,4385;6,5247;5,8349;4,8001;4,1378;3,1608;2,6206;2,3793;2,2758;2,3448;2,77;4,1723;4,4137;4,5286;4,5746;4,5976;4,9309;5,1723;5,2183;5,2068;5,0803;5,5171;6,2297;7,4711;7,8504;7,7125;6,8159;5,747
117;172,33;26694,5564;2725,5142;2434,5435;2263,6984;2087,5143;1876,6273;1820,5687;2749,5393;2370,4766;1908,6608;1836,5855;2060,8198;2554,6691;3,1651;2,4178;2,0046;1,8199;1,7408;1,7936;2,1189;3,1915;3,3761;3,464;3,4992;3,5168;3,7718;3,9564;3,9916;3,9828;3,8861;4,2202;4,7653;5,7148;6,0049;5,8994;5,2136;4,396;3,1301;2,3911;1,9824;1,7998;1,7216;1,7737;2,0954;3,1562;3,3388;3,4258;3,4605;3,4779;3,7301;3,9127;3,9474;3,9387;3,8431;4,1735;4,7126;5,6516;5,9385;5,8342;5,156;4,3474;2,7676;2,1615;1,811;1,6649;1,5992;1,6138;1,884;2,6799;2,8625;2,8625;2,8698;2,8698;3,1035;3,286;3,3298;3,3006;3,1473;3,2349;3,5562;4,4179;4,9071;4,9728;4,4471;3,6584;2,6372;2,0597;1,7257;1,5865;1,5239;1,5378;1,7953;2,5537;2,7277;2,7277;2,7346;2,7346;2,9573;3,1313;3,173;3,1452;2,9991;3,0826;3,3887;4,2098;4,676;4,7387;4,2377;3,4861;2,2943;1,7919;1,5013;1,3802;1,3257;1,3379;1,5618;2,2217;2,373;2,373;2,3791;2,3791;2,5728;2,7241;2,7605;2,7362;2,6091;2,6818;2,9481;3,6625;4,068;4,1225;3,6867;3,0329;2,5427;2,0572;1,7477;1,6082;1,5293;1,4989;1,6385;2,0148;2,2454;2,3121;2,3728;2,391;2,6034;2,7915;2,8401;2,7915;2,6641;2,6398;2,7551;3,2527;3,6654;3,896;3,6593;3,1617;3,7163;3,0068;2,5544;2,3504;2,2351;2,1908;2,3948;2,9447;3,2817;3,3793;3,468;3,4946;3,805;4,08;4,1509;4,08;3,8937;3,8582;4,0267;4,754;5,3572;5,6942;5,3483;4,621;3,204;2,5922;2,2022;2,0264;1,927;1,8887;2,0646;2,5387;2,8293;2,9134;2,9899;3,0128;3,2804;3,5175;3,5787;3,5175;3,3569;3,3263;3,4716;4,0986;4,6186;4,9092;4,611;3,9839;2,6658;2,1568;1,8323;1,686;1,6033;1,5715;1,7178;2,1123;2,354;2,424;2,4876;2,5067;2,7294;2,9266;2,9775;2,9266;2,793;2,7676;2,8884;3,4101;3,8428;4,0845;3,8364;3,3147;2,2454;1,7536;1,4693;1,3508;1,2975;1,3093;1,5285;2,1743;2,3224;2,3224;2,3283;2,3283;2,5179;2,666;2,7016;2,6779;2,5534;2,6245;2,8852;3,5843;3,9812;4,0346;3,608;2,9682;2,6035;2,0333;1,7036;1,5662;1,5044;1,5181;1,7723;2,5211;2,6928;2,6928;2,6997;2,6997;2,9195;3,0912;3,1324;3,105;2,9607;3,0431;3,3454;4,156;4,6162;4,6781;4,1835;3,4416;2,9667;2,2662;1,8789;1,7059;1,6317;1,6811;1,986;2,9914;3,1645;3,2469;3,2799;3,2963;3,5353;3,7084;3,7414;3,7331;3,6425;3,9556;4,4666;5,3566;5,6285;5,5296;4,8868;4,1204
118;173,59;31235,1364;3189,1074;2848,6444;2648,7396;2442,5877;2195,8301;2130,2363;3217,219;2773,6801;2233,3123;2148,9774;2411,3525;2989,2026;3,7035;2,829;2,3455;2,1295;2,0369;2,0986;2,4793;3,7343;3,9504;4,0533;4,0944;4,115;4,4133;4,6293;4,6705;4,6602;4,547;4,938;5,5758;6,6868;7,0263;6,9029;6,1005;5,1437;3,6625;2,7978;2,3196;2,106;2,0144;2,0754;2,4519;3,6931;3,9067;4,0084;4,0491;4,0695;4,3645;4,5782;4,6189;4,6087;4,4968;4,8834;5,5142;6,6129;6,9487;6,8266;6,033;5,0869;3,2383;2,5291;2,119;1,9481;1,8712;1,8883;2,2044;3,1358;3,3494;3,3494;3,3579;3,3579;3,6313;3,8449;3,8962;3,862;3,6826;3,7851;4,1611;5,1693;5,7418;5,8187;5,2035;4,2807;3,0858;2,41;2,0192;1,8564;1,7831;1,7994;2,1006;2,9881;3,1916;3,1916;3,1998;3,1998;3,4603;3,6639;3,7127;3,6802;3,5092;3,6069;3,9651;4,9259;5,4714;5,5447;4,9585;4,0791;2,6846;2,0967;1,7567;1,615;1,5512;1,5654;1,8275;2,5996;2,7767;2,7767;2,7837;2,7837;3,0104;3,1875;3,23;3,2017;3,0529;3,1379;3,4496;4,2854;4,76;4,8237;4,3137;3,5487;2,9752;2,4072;2,045;1,8817;1,7894;1,7539;1,9172;2,3575;2,6273;2,7054;2,7764;2,7977;3,0462;3,2664;3,3232;3,2664;3,1172;3,0888;3,2238;3,806;4,2889;4,5587;4,2818;3,6995;4,3484;3,5182;2,9889;2,7502;2,6153;2,5634;2,8021;3,4455;3,8399;3,9541;4,0578;4,089;4,4522;4,7739;4,857;4,7739;4,556;4,5145;4,7117;5,5627;6,2684;6,6628;6,258;5,407;3,7489;3,0332;2,5768;2,371;2,2547;2,21;2,4158;2,9705;3,3105;3,4089;3,4984;3,5253;3,8384;4,1158;4,1874;4,1158;3,9279;3,8921;4,0621;4,7958;5,4042;5,7442;5,3953;4,6616;3,1192;2,5236;2,144;1,9728;1,876;1,8388;2,01;2,4715;2,7544;2,8363;2,9108;2,9331;3,1936;3,4244;3,484;3,4244;3,2681;3,2383;3,3797;3,9902;4,4964;4,7793;4,489;3,8785;2,6273;2,0519;1,7192;1,5805;1,5181;1,532;1,7885;2,5441;2,7174;2,7174;2,7243;2,7243;2,9462;3,1195;3,1611;3,1333;2,9878;3,071;3,376;4,194;4,6584;4,7208;4,2217;3,473;3,0463;2,3792;1,9934;1,8326;1,7603;1,7764;2,0738;2,9499;3,1508;3,1508;3,1589;3,1589;3,4161;3,617;3,6653;3,6331;3,4643;3,5608;3,9144;4,8629;5,4014;5,4738;4,895;4,027;3,4713;2,6517;2,1985;1,996;1,9092;1,9671;2,3239;3,5003;3,7028;3,7992;3,8378;3,857;4,1367;4,3392;4,3777;4,3681;4,262;4,6284;5,2263;6,2677;6,5859;6,4702;5,7181;4,8213
119;168,43;18904,641;1930,1638;1724,1033;1603,1136;1478,3429;1328,9963;1289,2965;1947,178;1678,7321;1351,6818;1300,6393;1459,4383;1809,1741;2,2415;1,7122;1,4196;1,2889;1,2328;1,2702;1,5005;2,2602;2,3909;2,4532;2,4781;2,4905;2,6711;2,8019;2,8268;2,8205;2,752;2,9886;3,3747;4,0471;4,2526;4,1779;3,6922;3,1132;2,2167;1,6933;1,4039;1,2746;1,2192;1,2561;1,484;2,2352;2,3645;2,4261;2,4507;2,463;2,6416;2,7709;2,7955;2,7894;2,7216;2,9556;3,3374;4,0024;4,2056;4,1317;3,6514;3,0788;1,9599;1,5307;1,2825;1,1791;1,1325;1,1429;1,3342;1,8979;2,0272;2,0272;2,0323;2,0323;2,1978;2,3271;2,3581;2,3374;2,2288;2,2909;2,5184;3,1287;3,4751;3,5217;3,1493;2,5908;1,8676;1,4586;1,2221;1,1235;1,0792;1,089;1,2714;1,8085;1,9317;1,9317;1,9366;1,9366;2,0943;2,2175;2,2471;2,2274;2,1239;2,183;2,3998;2,9813;3,3115;3,3558;3,001;2,4688;1,6248;1,269;1,0632;0,9775;0,9389;0,9474;1,1061;1,5734;1,6805;1,6805;1,6848;1,6848;1,822;1,9292;1,9549;1,9378;1,8477;1,8992;2,0878;2,5937;2,8809;2,9195;2,6108;2,1478;1,8007;1,4569;1,2377;1,1389;1,083;1,0615;1,1604;1,4268;1,5901;1,6374;1,6804;1,6933;1,8437;1,9769;2,0113;1,9769;1,8867;1,8695;1,9511;2,3035;2,5958;2,7591;2,5915;2,2391;2,6318;2,1293;1,809;1,6645;1,5829;1,5515;1,6959;2,0854;2,3241;2,3931;2,456;2,4748;2,6946;2,8894;2,9396;2,8894;2,7575;2,7323;2,8517;3,3667;3,7939;4,0325;3,7876;3,2725;2,269;1,8358;1,5596;1,435;1,3646;1,3376;1,4621;1,7979;2,0036;2,0632;2,1174;2,1336;2,3231;2,491;2,5343;2,491;2,3773;2,3556;2,4585;2,9026;3,2708;3,4766;3,2654;2,8214;1,8878;1,5274;1,2976;1,194;1,1354;1,1129;1,2165;1,4959;1,6671;1,7166;1,7617;1,7752;1,9329;2,0726;2,1086;2,0726;1,978;1,9599;2,0455;2,415;2,7214;2,8926;2,7169;2,3474;1,5901;1,2419;1,0405;0,9566;0,9188;0,9272;1,0825;1,5398;1,6447;1,6447;1,6489;1,6489;1,7831;1,888;1,9132;1,8964;1,8083;1,8587;2,0433;2,5383;2,8195;2,8572;2,5551;2,102;1,8438;1,44;1,2065;1,1092;1,0654;1,0751;1,2551;1,7854;1,907;1,907;1,9119;1,9119;2,0675;2,1892;2,2183;2,1989;2,0967;2,1551;2,3692;2,9432;3,2691;3,3129;2,9627;2,4373;2,101;1,6049;1,3306;1,2081;1,1555;1,1906;1,4065;2,1185;2,241;2,2994;2,3227;2,3344;2,5037;2,6262;2,6496;2,6437;2,5795;2,8013;3,1631;3,7934;3,986;3,916;3,4608;2,918
120;173,59;3836,1678;391,6727;349,8585;325,307;299,9883;269,6826;261,6266;395,1253;340,6517;274,286;263,9283;296,1522;367,1213;0,4548;0,3475;0,2881;0,2615;0,2502;0,2577;0,3045;0,4586;0,4852;0,4978;0,5029;0,5054;0,542;0,5686;0,5736;0,5723;0,5584;0,6065;0,6848;0,8212;0,8629;0,8478;0,7492;0,6317;0,4498;0,3436;0,2849;0,2586;0,2474;0,2549;0,3011;0,4536;0,4798;0,4923;0,4973;0,4998;0,536;0,5623;0,5673;0,566;0,5523;0,5998;0,6772;0,8122;0,8534;0,8384;0,741;0,6247;0,3977;0,3106;0,2602;0,2393;0,2298;0,2319;0,2707;0,3851;0,4114;0,4114;0,4124;0,4124;0,446;0,4722;0,4785;0,4743;0,4523;0,4649;0,511;0,6349;0,7052;0,7146;0,6391;0,5257;0,379;0,296;0,248;0,228;0,219;0,221;0,258;0,367;0,392;0,392;0,393;0,393;0,425;0,45;0,456;0,452;0,431;0,443;0,487;0,605;0,672;0,681;0,609;0,501;0,3297;0,2575;0,2157;0,1983;0,1905;0,1923;0,2244;0,3193;0,341;0,341;0,3419;0,3419;0,3697;0,3915;0,3967;0,3932;0,3749;0,3854;0,4237;0,5263;0,5846;0,5924;0,5298;0,4358;0,3654;0,2956;0,2512;0,2311;0,2198;0,2154;0,2355;0,2895;0,3227;0,3323;0,341;0,3436;0,3741;0,4012;0,4081;0,4012;0,3828;0,3794;0,3959;0,4674;0,5267;0,5599;0,5259;0,4544;0,5341;0,4321;0,3671;0,3378;0,3212;0,3148;0,3441;0,4232;0,4716;0,4856;0,4984;0,5022;0,5468;0,5863;0,5965;0,5863;0,5595;0,5544;0,5787;0,6832;0,7699;0,8183;0,7686;0,6641;0,4604;0,3725;0,3165;0,2912;0,2769;0,2714;0,2967;0,3648;0,4066;0,4187;0,4297;0,433;0,4714;0,5055;0,5143;0,5055;0,4824;0,478;0,4989;0,589;0,6637;0,7055;0,6626;0,5725;0,3831;0,3099;0,2633;0,2423;0,2304;0,2258;0,2469;0,3035;0,3383;0,3483;0,3575;0,3602;0,3922;0,4206;0,4279;0,4206;0,4014;0,3977;0,4151;0,4901;0,5522;0,587;0,5513;0,4763;0,3227;0,252;0,2111;0,1941;0,1865;0,1882;0,2197;0,3125;0,3337;0,3337;0,3346;0,3346;0,3618;0,3831;0,3882;0,3848;0,3669;0,3772;0,4146;0,5151;0,5721;0,5798;0,5185;0,4265;0,3741;0,2922;0,2448;0,2251;0,2162;0,2182;0,2547;0,3623;0,387;0,387;0,388;0,388;0,4195;0,4442;0,4502;0,4462;0,4255;0,4373;0,4808;0,5972;0,6634;0,6723;0,6012;0,4946;0,4263;0,3257;0,27;0,2451;0,2345;0,2416;0,2854;0,4299;0,4548;0,4666;0,4713;0,4737;0,508;0,5329;0,5377;0,5365;0,5234;0,5684;0,6419;0,7698;0,8089;0,7946;0,7023;0,5921
121;173,59;44549,4238;4548,4962;4062,9074;3777,7911;3483,7649;3131,8245;3038,2707;4588,5907;3955,9888;3185,2838;3065,0004;3439,2155;4263,3799;5,2821;4,035;3,3453;3,0372;2,9052;2,9932;3,5361;5,3261;5,6343;5,781;5,8397;5,869;6,2945;6,6027;6,6613;6,6467;6,4853;7,0428;7,9525;9,5372;10,0214;9,8453;8,7008;7,3363;5,2237;3,9904;3,3084;3,0036;2,8731;2,9601;3,497;5,2673;5,572;5,7171;5,7751;5,8042;6,225;6,5297;6,5877;6,5732;6,4136;6,965;7,8646;9,4317;9,9106;9,7365;8,6047;7,2552;4,6187;3,6072;3,0222;2,7785;2,6688;2,6932;3,1441;4,4724;4,7771;4,7771;4,7893;4,7893;5,1792;5,4839;5,557;5,5083;5,2523;5,3986;5,9348;7,3728;8,1893;8,299;7,4215;6,1054;4,4012;3,4373;2,8799;2,6477;2,5431;2,5664;2,996;4,2618;4,5521;4,5521;4,5637;4,5637;4,9353;5,2256;5,2953;5,2489;5,005;5,1444;5,6553;7,0256;7,8036;7,9081;7,072;5,8179;3,8289;2,9904;2,5055;2,3034;2,2125;2,2327;2,6065;3,7077;3,9602;3,9602;3,9703;3,9703;4,2936;4,5462;4,6068;4,5664;4,3542;4,4755;4,92;6,1121;6,789;6,8799;6,1525;5,0614;4,2435;3,4332;2,9167;2,6838;2,5521;2,5015;2,7344;3,3624;3,7472;3,8586;3,9599;3,9903;4,3447;4,6587;4,7397;4,6587;4,446;4,4055;4,5979;5,4284;6,1171;6,5019;6,1069;5,2765;6,202;5,0178;4,2629;3,9225;3,7301;3,6561;3,9965;4,9142;5,4767;5,6395;5,7875;5,832;6,35;6,8089;6,9273;6,8089;6,498;6,4388;6,7201;7,9338;8,9404;9,5028;8,9255;7,7118;5,347;4,3261;3,6752;3,3817;3,2158;3,152;3,4455;4,2367;4,7217;4,862;4,9897;5,0279;5,4746;5,8702;5,9723;5,8702;5,6022;5,5511;5,7936;6,84;7,7078;8,1927;7,695;6,6486;4,4488;3,5994;3,0579;2,8137;2,6756;2,6226;2,8668;3,525;3,9285;4,0453;4,1515;4,1833;4,555;4,8841;4,969;4,8841;4,6611;4,6187;4,8204;5,691;6,413;6,8165;6,4024;5,5318;3,7472;2,9266;2,452;2,2543;2,1653;2,185;2,5509;3,6286;3,8757;3,8757;3,8856;3,8856;4,202;4,4492;4,5085;4,469;4,2613;4,38;4,815;5,9817;6,6441;6,7331;6,0212;4,9534;4,3449;3,3934;2,8431;2,6138;2,5106;2,5336;2,9577;4,2073;4,4939;4,4939;4,5054;4,5054;4,8722;5,1588;5,2276;5,1818;4,941;5,0786;5,583;6,9358;7,7038;7,807;6,9816;5,7435;4,951;3,782;3,1356;2,8468;2,7231;2,8056;3,3144;4,9923;5,2811;5,4186;5,4736;5,5011;5,9;6,1888;6,2438;6,23;6,0788;6,6014;7,454;8,9393;9,3932;9,2282;8,1554;6,8764
122;173,59;18468,9626;1885,6811;1684,3694;1566,168;1444,2729;1298,3681;1259,5832;1902,3031;1640,0439;1320,5308;1270,6646;1425,8039;1767,4797;2,1898;1,6728;1,3869;1,2591;1,2044;1,2409;1,466;2,2081;2,3358;2,3966;2,421;2,4331;2,6095;2,7373;2,7616;2,7555;2,6886;2,9198;3,2969;3,9538;4,1546;4,0816;3,6071;3,0414;2,1656;1,6543;1,3716;1,2452;1,1911;1,2272;1,4498;2,1837;2,31;2,3701;2,3942;2,4062;2,5807;2,707;2,7311;2,7251;2,6589;2,8875;3,2605;3,9101;4,1087;4,0365;3,5673;3,0078;1,9148;1,4954;1,2529;1,1519;1,1064;1,1165;1,3035;1,8541;1,9804;1,9804;1,9855;1,9855;2,1472;2,2735;2,3038;2,2836;2,1775;2,2381;2,4604;3,0566;3,395;3,4405;3,0768;2,5311;1,8246;1,425;1,1939;1,0976;1,0543;1,0639;1,2421;1,7668;1,8872;1,8872;1,892;1,892;2,0461;2,1664;2,1953;2,176;2,0749;2,1327;2,3445;2,9126;3,2352;3,2785;2,9319;2,4119;1,5874;1,2397;1,0387;0,9549;0,9172;0,9256;1,0806;1,5371;1,6418;1,6418;1,646;1,646;1,78;1,8847;1,9099;1,8931;1,8052;1,8554;2,0397;2,5339;2,8145;2,8522;2,5507;2,0983;1,7592;1,4233;1,2092;1,1126;1,058;1,0371;1,1336;1,3939;1,5535;1,5997;1,6417;1,6543;1,8012;1,9314;1,9649;1,9314;1,8432;1,8264;1,9062;2,2505;2,536;2,6955;2,5318;2,1875;2,5712;2,0803;1,7673;1,6262;1,5464;1,5157;1,6568;2,0373;2,2705;2,338;2,3994;2,4178;2,6325;2,8228;2,8719;2,8228;2,6939;2,6694;2,786;3,2891;3,7064;3,9396;3,7003;3,1971;2,2167;1,7935;1,5237;1,402;1,3332;1,3067;1,4284;1,7564;1,9575;2,0157;2,0686;2,0844;2,2696;2,4336;2,4759;2,4336;2,3225;2,3014;2,4019;2,8357;3,1954;3,3965;3,1901;2,7563;1,8443;1,4922;1,2677;1,1665;1,1092;1,0872;1,1885;1,4614;1,6287;1,6771;1,7211;1,7343;1,8884;2,0248;2,06;2,0248;1,9324;1,9148;1,9984;2,3593;2,6587;2,8259;2,6543;2,2933;1,5535;1,2133;1,0165;0,9346;0,8977;0,9059;1,0575;1,5043;1,6068;1,6068;1,6109;1,6109;1,742;1,8445;1,8691;1,8527;1,7666;1,8158;1,9962;2,4798;2,7545;2,7914;2,4962;2,0536;1,8013;1,4068;1,1787;1,0836;1,0408;1,0503;1,2262;1,7442;1,8631;1,8631;1,8678;1,8678;2,0199;2,1387;2,1672;2,1482;2,0484;2,1054;2,3146;2,8754;3,1938;3,2366;2,8944;2,3811;2,0526;1,5679;1,3;1,1802;1,1289;1,1631;1,3741;2,0697;2,1894;2,2464;2,2692;2,2806;2,446;2,5657;2,5885;2,5828;2,5201;2,7367;3,0902;3,706;3,8942;3,8257;3,381;2,8508
123;172,33;31524,2222;3218,6231;2875,0091;2673,254;2465,1942;2216,1528;2149,952;3246,9949;2799,3509;2253,9819;2168,8665;2433,67;3016,8681;3,7378;2,8552;2,3672;2,1492;2,0558;2,1181;2,5022;3,7689;3,9869;4,0908;4,1323;4,1531;4,4542;4,6722;4,7137;4,7033;4,5891;4,9837;5,6274;6,7487;7,0914;6,9668;6,1569;5,1913;3,6964;2,8237;2,3411;2,1255;2,033;2,0946;2,4746;3,7272;3,9429;4,0455;4,0866;4,1072;4,4049;4,6206;4,6616;4,6514;4,5384;4,9286;5,5652;6,6741;7,013;6,8898;6,0889;5,1339;3,2683;2,5525;2,1386;1,9661;1,8885;1,9058;2,2248;3,1648;3,3804;3,3804;3,389;3,389;3,6649;3,8805;3,9323;3,8978;3,7167;3,8202;4,1996;5,2172;5,7949;5,8725;5,2517;4,3203;3,1144;2,4323;2,0379;1,8735;1,7996;1,816;2,1201;3,0158;3,2212;3,2212;3,2294;3,2294;3,4924;3,6978;3,7471;3,7142;3,5417;3,6403;4,0018;4,9715;5,522;5,596;5,0043;4,1169;2,7094;2,1161;1,7729;1,6299;1,5656;1,5799;1,8444;2,6236;2,8024;2,8024;2,8095;2,8095;3,0383;3,217;3,2599;3,2313;3,0812;3,167;3,4815;4,3251;4,804;4,8684;4,3537;3,5816;3,0028;2,4294;2,064;1,8991;1,806;1,7701;1,935;2,3793;2,6516;2,7304;2,8021;2,8236;3,0744;3,2966;3,3539;3,2966;3,1461;3,1174;3,2536;3,8412;4,3286;4,6009;4,3214;3,7337;4,3887;3,5507;3,0166;2,7757;2,6395;2,5871;2,828;3,4774;3,8754;3,9907;4,0954;4,1268;4,4934;4,8181;4,9019;4,8181;4,5982;4,5563;4,7553;5,6142;6,3264;6,7244;6,3159;5,457;3,7836;3,0612;2,6007;2,393;2,2756;2,2305;2,4381;2,998;3,3412;3,4405;3,5308;3,5579;3,8739;4,1539;4,2261;4,1539;3,9642;3,9281;4,0997;4,8402;5,4542;5,7974;5,4452;4,7047;3,1481;2,547;2,1638;1,991;1,8933;1,8558;2,0286;2,4944;2,7799;2,8626;2,9377;2,9602;3,2232;3,4561;3,5162;3,4561;3,2983;3,2683;3,411;4,0271;4,538;4,8235;4,5305;3,9144;2,6516;2,0709;1,7351;1,5952;1,5322;1,5462;1,8051;2,5677;2,7426;2,7426;2,7496;2,7496;2,9734;3,1484;3,1903;3,1623;3,0154;3,0994;3,4072;4,2328;4,7015;4,7645;4,2608;3,5052;3,0745;2,4012;2,0118;1,8496;1,7766;1,7928;2,093;2,9772;3,18;3,18;3,1881;3,1881;3,4477;3,6505;3,6992;3,6667;3,4964;3,5937;3,9507;4,9079;5,4514;5,5244;4,9404;4,0642;3,5035;2,6763;2,2189;2,0145;1,9269;1,9853;2,3454;3,5327;3,737;3,8343;3,8733;3,8927;4,175;4,3793;4,4183;4,4085;4,3015;4,6713;5,2747;6,3257;6,6468;6,5301;5,771;4,8659
124;168,43;35543,3118;3628,9721;3241,55;3014,0728;2779,487;2498,6948;2424,0539;3660,9611;3156,2461;2541,3468;2445,3799;2743,9437;3401,4949;4,2143;3,2192;2,6691;2,4232;2,3179;2,3881;2,8212;4,2494;4,4952;4,6123;4,6591;4,6825;5,022;5,2679;5,3147;5,303;5,1742;5,6191;6,3448;7,6091;7,9954;7,855;6,9419;5,8532;4,1677;3,1837;2,6395;2,3964;2,2922;2,3617;2,79;4,2024;4,4456;4,5613;4,6076;4,6308;4,9665;5,2096;5,2559;5,2444;5,117;5,5569;6,2747;7,525;7,9071;7,7681;6,8651;5,7885;3,6849;2,878;2,4113;2,2168;2,1293;2,1487;2,5085;3,5683;3,8113;3,8113;3,8211;3,8211;4,1322;4,3753;4,4336;4,3947;4,1905;4,3072;4,735;5,8823;6,5337;6,6212;5,9212;4,8711;3,5114;2,7424;2,2977;2,1124;2,029;2,0476;2,3904;3,4002;3,6319;3,6319;3,6411;3,6411;3,9376;4,1692;4,2248;4,1878;3,9932;4,1044;4,512;5,6053;6,2261;6,3094;5,6424;4,6417;3,0549;2,3859;1,999;1,8377;1,7652;1,7813;2,0796;2,9581;3,1596;3,1596;3,1677;3,1677;3,4256;3,6271;3,6755;3,6433;3,474;3,5707;3,9254;4,8765;5,4165;5,4891;4,9087;4,0382;3,3856;2,7392;2,3271;2,1412;2,0362;1,9958;2,1816;2,6826;2,9897;3,0785;3,1594;3,1836;3,4664;3,7169;3,7815;3,7169;3,5472;3,5149;3,6684;4,331;4,8804;5,1875;4,8723;4,2098;4,9482;4,0034;3,4012;3,1295;2,976;2,917;3,1886;3,9208;4,3695;4,4994;4,6175;4,653;5,0663;5,4324;5,5269;5,4324;5,1844;5,1372;5,3615;6,3299;7,133;7,5817;7,1212;6,1528;4,266;3,4515;2,9323;2,6981;2,5657;2,5148;2,749;3,3802;3,7671;3,8791;3,9809;4,0115;4,3678;4,6835;4,7649;4,6835;4,4697;4,4289;4,6224;5,4573;6,1496;6,5365;6,1394;5,3045;3,5494;2,8717;2,4397;2,2449;2,1347;2,0924;2,2872;2,8124;3,1343;3,2275;3,3122;3,3376;3,6341;3,8967;3,9645;3,8967;3,7188;3,685;3,8459;4,5405;5,1166;5,4385;5,1081;4,4135;2,9897;2,3349;1,9563;1,7985;1,7275;1,7433;2,0352;2,895;3,0922;3,0922;3,1001;3,1001;3,3525;3,5497;3,5971;3,5655;3,3999;3,4945;3,8416;4,7724;5,301;5,3719;4,804;3,952;3,4665;2,7074;2,2683;2,0854;2,0031;2,0214;2,3598;3,3568;3,5854;3,5854;3,5946;3,5946;3,8873;4,1159;4,1708;4,1342;3,9421;4,0519;4,4543;5,5336;6,1464;6,2288;5,5702;4,5824;3,9501;3,0175;2,5017;2,2713;2,1726;2,2384;2,6444;3,983;4,2135;4,3232;4,3671;4,389;4,7072;4,9377;4,9815;4,9706;4,8499;5,2668;5,9471;7,1322;7,4943;7,3626;6,5067;5,4863
125;173,59;34003,9745;3471,8058;3101,1625;2883,537;2659,1108;2390,4794;2319,0711;3502,4094;3019,5529;2431,2842;2339,4734;2625,1068;3254,1804;4,0318;3,0798;2,5535;2,3183;2,2175;2,2847;2,699;4,0654;4,3006;4,4126;4,4574;4,4797;4,8045;5,0397;5,0845;5,0733;4,9501;5,3757;6,0701;7,2796;7,6492;7,5148;6,6412;5,5997;3,9872;3,0458;2,5252;2,2926;2,193;2,2594;2,6692;4,0204;4,253;4,3638;4,4081;4,4302;4,7514;4,984;5,0283;5,0172;4,8954;5,3163;6,003;7,1991;7,5646;7,4317;6,5678;5,5378;3,5254;2,7533;2,3068;2,1208;2,0371;2,0557;2,3998;3,4137;3,6463;3,6463;3,6556;3,6556;3,9532;4,1858;4,2416;4,2044;4,009;4,1207;4,5299;5,6275;6,2508;6,3345;5,6648;4,6602;3,3593;2,6237;2,1982;2,0209;1,9412;1,9589;2,2868;3,253;3,4746;3,4746;3,4834;3,4834;3,7671;3,9887;4,0418;4,0064;3,8203;3,9266;4,3166;5,3625;5,9564;6,0362;5,398;4,4407;2,9226;2,2825;1,9124;1,7582;1,6888;1,7042;1,9895;2,83;3,0228;3,0228;3,0305;3,0305;3,2773;3,4701;3,5163;3,4855;3,3235;3,4161;3,7554;4,6653;5,1819;5,2513;4,6961;3,8633;3,239;2,6206;2,2263;2,0485;1,948;1,9094;2,0872;2,5664;2,8602;2,9452;3,0225;3,0457;3,3163;3,5559;3,6178;3,5559;3,3936;3,3627;3,5095;4,1434;4,6691;4,9628;4,6613;4,0275;4,7339;3,8301;3,2539;2,994;2,8471;2,7906;3,0505;3,751;4,1803;4,3046;4,4176;4,4514;4,8469;5,1971;5,2875;5,1971;4,9599;4,9147;5,1293;6,0558;6,824;7,2534;6,8128;5,8863;4,0813;3,302;2,8053;2,5812;2,4546;2,4059;2,6299;3,2338;3,604;3,7111;3,8085;3,8378;4,1787;4,4806;4,5586;4,4806;4,2761;4,2371;4,4222;5,2209;5,8833;6,2534;5,8735;5,0748;3,3957;2,7474;2,334;2,1476;2,0423;2,0018;2,1882;2,6906;2,9986;3,0877;3,1688;3,1931;3,4767;3,728;3,7928;3,728;3,5578;3,5254;3,6793;4,3439;4,895;5,2029;4,8869;4,2223;2,8602;2,2338;1,8716;1,7206;1,6527;1,6678;1,947;2,7696;2,9583;2,9583;2,9658;2,9658;3,2073;3,396;3,4413;3,4111;3,2526;3,3432;3,6752;4,5657;5,0714;5,1393;4,5959;3,7809;3,3164;2,5901;2,1701;1,9951;1,9163;1,9338;2,2576;3,2114;3,4301;3,4301;3,4389;3,4389;3,7189;3,9377;3,9902;3,9552;3,7714;3,8764;4,2614;5,294;5,8802;5,959;5,329;4,3839;3,779;2,8868;2,3934;2,173;2,0785;2,1415;2,5299;3,8105;4,031;4,136;4,1779;4,1989;4,5034;4,7238;4,7658;4,7553;4,6398;5,0387;5,6896;6,8233;7,1697;7,0437;6,2249;5,2487
126;168,43;28683,6509;2928,6008;2615,949;2432,3736;2243,0615;2016,4607;1956,225;2954,416;2547,1082;2050,881;1973,4352;2214,3778;2745,0254;3,401;2,598;2,1539;1,9555;1,8705;1,9272;2,2768;3,4293;3,6277;3,7222;3,7599;3,7788;4,0528;4,2512;4,289;4,2795;4,1756;4,5346;5,1203;6,1406;6,4524;6,339;5,6021;4,7235;3,3634;2,5692;2,1301;1,9339;1,8498;1,9059;2,2516;3,3914;3,5876;3,681;3,7184;3,7371;4,008;4,2042;4,2416;4,2322;4,1295;4,4845;5,0637;6,0727;6,381;6,2689;5,5402;4,6713;2,9738;2,3225;1,9459;1,789;1,7184;1,734;2,0244;2,8796;3,0758;3,0758;3,0836;3,0836;3,3347;3,5309;3,5779;3,5466;3,3818;3,4759;3,8212;4,7471;5,2728;5,3434;4,7784;3,931;2,8337;2,2132;1,8543;1,7047;1,6374;1,6524;1,929;2,744;2,9309;2,9309;2,9384;2,9384;3,1777;3,3646;3,4095;3,3795;3,2225;3,3123;3,6412;4,5235;5,0245;5,0917;4,5534;3,7459;2,4653;1,9254;1,6132;1,4831;1,4245;1,4375;1,6782;2,3872;2,5498;2,5498;2,5564;2,5564;2,7645;2,9271;2,9661;2,9401;2,8035;2,8816;3,1678;3,9354;4,3712;4,4297;3,9614;3,2589;2,7322;2,2105;1,878;1,728;1,6432;1,6106;1,7606;2,1649;2,4127;2,4844;2,5496;2,5692;2,7974;2,9995;3,0517;2,9995;2,8626;2,8365;2,9604;3,4951;3,9385;4,1863;3,932;3,3973;3,9932;3,2308;2,7447;2,5255;2,4017;2,354;2,5732;3,1641;3,5262;3,6311;3,7264;3,755;4,0885;4,384;4,4602;4,384;4,1838;4,1457;4,3268;5,1083;5,7563;6,1185;5,7468;4,9653;3,4427;2,7854;2,3663;2,1774;2,0706;2,0295;2,2184;2,7279;3,0401;3,1305;3,2126;3,2373;3,5249;3,7796;3,8453;3,7796;3,607;3,5742;3,7303;4,404;4,9628;5,275;4,9545;4,2808;2,8644;2,3175;1,9688;1,8116;1,7227;1,6886;1,8458;2,2696;2,5294;2,6046;2,673;2,6935;2,9328;3,1447;3,1994;3,1447;3,0011;2,9738;3,1037;3,6642;4,1291;4,3889;4,1223;3,5617;2,4127;1,8843;1,5787;1,4514;1,3941;1,4069;1,6424;2,3363;2,4954;2,4954;2,5018;2,5018;2,7055;2,8647;2,9029;2,8774;2,7437;2,8201;3,1002;3,8514;4,2779;4,3352;3,8768;3,1893;2,7975;2,1849;1,8306;1,6829;1,6165;1,6313;1,9044;2,7089;2,8935;2,8935;2,9008;2,9008;3,137;3,3216;3,3659;3,3363;3,1813;3,2699;3,5947;4,4657;4,9602;5,0266;4,4952;3,698;3,1878;2,4351;2,0189;1,833;1,7533;1,8064;2,134;3,2143;3,4003;3,4888;3,5243;3,542;3,7988;3,9847;4,0201;4,0113;3,9139;4,2504;4,7994;5,7557;6,0479;5,9417;5,251;4,4275
127;173,59;11014,0998;1124,5396;1004,4859;933,9957;861,3026;774,2912;751,1616;1134,4523;978,0521;787,5081;757,7701;850,2885;1054,0494;1,3059;0,9976;0,8271;0,7509;0,7183;0,74;0,8742;1,3168;1,393;1,4293;1,4438;1,451;1,5562;1,6324;1,6469;1,6433;1,6034;1,7412;1,9661;2,3579;2,4776;2,4341;2,1511;1,8138;1,2915;0,9865;0,8179;0,7426;0,7103;0,7318;0,8646;1,3022;1,3776;1,4135;1,4278;1,435;1,539;1,6144;1,6287;1,6251;1,5857;1,722;1,9444;2,3318;2,4502;2,4072;2,1274;1,7937;1,1419;0,8918;0,7472;0,6869;0,6598;0,6658;0,7773;1,1057;1,1811;1,1811;1,1841;1,1841;1,2805;1,3558;1,3739;1,3618;1,2986;1,3347;1,4673;1,8228;2,0247;2,0518;1,8348;1,5095;1,0881;0,8498;0,712;0,6546;0,6288;0,6345;0,7407;1,0537;1,1254;1,1254;1,1283;1,1283;1,2202;1,292;1,3092;1,2977;1,2374;1,2719;1,3982;1,737;1,9293;1,9552;1,7484;1,4384;0,9466;0,7393;0,6194;0,5695;0,547;0,552;0,6444;0,9167;0,9791;0,9791;0,9816;0,9816;1,0615;1,124;1,139;1,129;1,0765;1,1065;1,2164;1,5111;1,6785;1,7009;1,5211;1,2514;1,0491;0,8488;0,7211;0,6635;0,631;0,6185;0,676;0,8313;0,9264;0,954;0,979;0,9865;1,0742;1,1518;1,1718;1,1518;1,0992;1,0892;1,1368;1,3421;1,5123;1,6075;1,5098;1,3045;1,5333;1,2406;1,0539;0,9698;0,9222;0,9039;0,9881;1,215;1,354;1,3943;1,4309;1,4419;1,5699;1,6834;1,7127;1,6834;1,6065;1,5919;1,6614;1,9615;2,2104;2,3494;2,2067;1,9066;1,3219;1,0695;0,9086;0,8361;0,7951;0,7793;0,8519;1,0475;1,1674;1,2021;1,2336;1,2431;1,3535;1,4513;1,4765;1,4513;1,385;1,3724;1,4324;1,6911;1,9056;2,0255;1,9025;1,6438;1,0999;0,8899;0,756;0,6956;0,6615;0,6484;0,7088;0,8715;0,9713;1,0001;1,0264;1,0343;1,1261;1,2075;1,2285;1,2075;1,1524;1,1419;1,1918;1,407;1,5855;1,6853;1,5829;1,3676;0,9264;0,7235;0,6062;0,5573;0,5353;0,5402;0,6307;0,8971;0,9582;0,9582;0,9607;0,9607;1,0389;1,1;1,1147;1,1049;1,0535;1,0829;1,1904;1,4789;1,6426;1,6646;1,4887;1,2247;1,0742;0,839;0,7029;0,6462;0,6207;0,6264;0,7312;1,0402;1,111;1,111;1,1139;1,1139;1,2046;1,2754;1,2924;1,2811;1,2216;1,2556;1,3803;1,7147;1,9046;1,9302;1,7261;1,42;1,2241;0,935;0,7752;0,7038;0,6732;0,6936;0,8194;1,2343;1,3057;1,3397;1,3533;1,3601;1,4587;1,5301;1,5437;1,5403;1,5029;1,6321;1,8429;2,2101;2,3223;2,2815;2,0163;1,7001
128;172,33;11029,2402;1126,0854;1005,8667;935,2796;862,4866;775,3556;752,1942;1136,0117;979,3965;788,5907;758,8117;851,4573;1055,4983;1,3077;0,9989;0,8282;0,7519;0,7192;0,741;0,8754;1,3186;1,3949;1,4312;1,4457;1,453;1,5584;1,6346;1,6492;1,6455;1,6056;1,7436;1,9688;2,3611;2,481;2,4374;2,1541;1,8163;1,2933;0,9879;0,8191;0,7436;0,7113;0,7328;0,8658;1,304;1,3795;1,4154;1,4298;1,437;1,5411;1,6166;1,6309;1,6273;1,5878;1,7243;1,9471;2,335;2,4536;2,4105;2,1303;1,7962;1,1435;0,893;0,7482;0,6879;0,6607;0,6668;0,7784;1,1073;1,1827;1,1827;1,1857;1,1857;1,2822;1,3577;1,3758;1,3637;1,3003;1,3365;1,4693;1,8253;2,0274;2,0546;1,8374;1,5115;1,0896;0,851;0,713;0,6555;0,6296;0,6354;0,7417;1,0551;1,127;1,127;1,1299;1,1299;1,2219;1,2937;1,311;1,2995;1,2391;1,2736;1,4001;1,7393;1,932;1,9578;1,7508;1,4404;0,9479;0,7403;0,6203;0,5703;0,5478;0,5528;0,6453;0,9179;0,9804;0,9804;0,983;0,983;1,063;1,1255;1,1405;1,1305;1,078;1,108;1,2181;1,5132;1,6808;1,7033;1,5232;1,2531;1,0506;0,85;0,7221;0,6644;0,6318;0,6193;0,677;0,8324;0,9277;0,9553;0,9804;0,9879;1,0756;1,1534;1,1734;1,1534;1,1007;1,0907;1,1383;1,3439;1,5144;1,6097;1,5119;1,3063;1,5354;1,2423;1,0554;0,9711;0,9235;0,9051;0,9894;1,2166;1,3559;1,3962;1,4328;1,4438;1,5721;1,6857;1,715;1,6857;1,6087;1,5941;1,6637;1,9642;2,2134;2,3526;2,2097;1,9092;1,3238;1,071;0,9099;0,8372;0,7962;0,7804;0,853;1,0489;1,169;1,2037;1,2353;1,2448;1,3554;1,4533;1,4786;1,4533;1,387;1,3743;1,4343;1,6934;1,9082;2,0283;1,9051;1,646;1,1014;0,8911;0,757;0,6966;0,6624;0,6493;0,7097;0,8727;0,9726;1,0015;1,0278;1,0357;1,1277;1,2092;1,2302;1,2092;1,154;1,1435;1,1934;1,4089;1,5877;1,6876;1,5851;1,3695;0,9277;0,7245;0,607;0,5581;0,5361;0,541;0,6315;0,8983;0,9595;0,9595;0,962;0,962;1,0403;1,1015;1,1162;1,1064;1,055;1,0844;1,1921;1,4809;1,6449;1,6669;1,4907;1,2263;1,0757;0,8401;0,7039;0,6471;0,6216;0,6272;0,7323;1,0416;1,1126;1,1126;1,1154;1,1154;1,2062;1,2772;1,2942;1,2829;1,2233;1,2573;1,3822;1,7171;1,9073;1,9328;1,7285;1,4219;1,2257;0,9363;0,7763;0,7048;0,6742;0,6946;0,8206;1,236;1,3075;1,3415;1,3551;1,3619;1,4607;1,5322;1,5458;1,5424;1,5049;1,6343;1,8454;2,2131;2,3255;2,2846;2,0191;1,7024
129;173,59;1839,8138;187,845;167,791;156,0162;143,8734;129,3389;125,4753;189,5008;163,3755;131,5467;126,5792;142,0336;176,0702;0,2181;0,1666;0,1382;0,1254;0,12;0,1236;0,146;0,22;0,2327;0,2387;0,2412;0,2424;0,26;0,2727;0,2751;0,2745;0,2678;0,2909;0,3284;0,3939;0,4139;0,4066;0,3593;0,303;0,2157;0,1648;0,1366;0,124;0,1187;0,1222;0,1444;0,2175;0,2301;0,2361;0,2385;0,2397;0,2571;0,2697;0,2721;0,2715;0,2649;0,2876;0,3248;0,3895;0,4093;0,4021;0,3554;0,2996;0,1907;0,149;0,1248;0,1147;0,1102;0,1112;0,1298;0,1847;0,1973;0,1973;0,1978;0,1978;0,2139;0,2265;0,2295;0,2275;0,2169;0,223;0,2451;0,3045;0,3382;0,3427;0,3065;0,2521;0,1818;0,142;0,1189;0,1093;0,105;0,106;0,1237;0,176;0,188;0,188;0,1885;0,1885;0,2038;0,2158;0,2187;0,2168;0,2067;0,2125;0,2336;0,2901;0,3223;0,3266;0,2921;0,2403;0,1581;0,1235;0,1035;0,0951;0,0914;0,0922;0,1076;0,1531;0,1636;0,1636;0,164;0,164;0,1773;0,1878;0,1903;0,1886;0,1798;0,1848;0,2032;0,2524;0,2804;0,2841;0,2541;0,209;0,1752;0,1418;0,1205;0,1108;0,1054;0,1033;0,1129;0,1389;0,1548;0,1594;0,1635;0,1648;0,1794;0,1924;0,1957;0,1924;0,1836;0,1819;0,1899;0,2242;0,2526;0,2685;0,2522;0,2179;0,2561;0,2072;0,1761;0,162;0,154;0,151;0,165;0,2029;0,2262;0,2329;0,239;0,2408;0,2622;0,2812;0,2861;0,2812;0,2684;0,2659;0,2775;0,3277;0,3692;0,3925;0,3686;0,3185;0,2208;0,1787;0,1518;0,1397;0,1328;0,1302;0,1423;0,175;0,195;0,2008;0,2061;0,2076;0,2261;0,2424;0,2466;0,2424;0,2314;0,2293;0,2393;0,2825;0,3183;0,3383;0,3178;0,2746;0,1837;0,1486;0,1263;0,1162;0,1105;0,1083;0,1184;0,1456;0,1622;0,1671;0,1714;0,1728;0,1881;0,2017;0,2052;0,2017;0,1925;0,1907;0,1991;0,235;0,2648;0,2815;0,2644;0,2285;0,1548;0,1209;0,1013;0,0931;0,0894;0,0902;0,1053;0,1499;0,1601;0,1601;0,1605;0,1605;0,1735;0,1837;0,1862;0,1846;0,176;0,1809;0,1989;0,247;0,2744;0,2781;0,2487;0,2046;0,1794;0,1401;0,1174;0,1079;0,1037;0,1046;0,1221;0,1738;0,1856;0,1856;0,1861;0,1861;0,2012;0,2131;0,2159;0,214;0,2041;0,2097;0,2306;0,2864;0,3182;0,3224;0,2883;0,2372;0,2045;0,1562;0,1295;0,1176;0,1125;0,1159;0,1369;0,2062;0,2181;0,2238;0,2261;0,2272;0,2437;0,2556;0,2579;0,2573;0,251;0,2726;0,3078;0,3692;0,3879;0,3811;0,3368;0,284
130;168,43;26615,3113;2717,4233;2427,3164;2256,9784;2081,3173;1871,0564;1815,1642;2741,3771;2363,4396;1902,9948;1831,1334;2054,702;2547,0853;3,1557;2,4106;1,9986;1,8145;1,7356;1,7882;2,1126;3,182;3,3661;3,4538;3,4888;3,5064;3,7606;3,9446;3,9797;3,9709;3,8745;4,2076;4,7511;5,6978;5,9871;5,8819;5,1982;4,3829;3,1208;2,384;1,9765;1,7945;1,7165;1,7685;2,0892;3,1468;3,3289;3,4156;3,4503;3,4676;3,719;3,901;3,9357;3,9271;3,8317;4,1611;4,6986;5,6348;5,9209;5,8169;5,1407;4,3345;2,7593;2,1551;1,8056;1,66;1,5944;1,609;1,8784;2,672;2,854;2,854;2,8613;2,8613;3,0942;3,2763;3,3199;3,2908;3,1379;3,2253;3,5456;4,4047;4,8925;4,9581;4,4339;3,6476;2,6294;2,0536;1,7206;1,5818;1,5194;1,5332;1,7899;2,5461;2,7196;2,7196;2,7265;2,7265;2,9485;3,122;3,1636;3,1359;2,9902;3,0734;3,3787;4,1973;4,6622;4,7246;4,2251;3,4758;2,2875;1,7866;1,4968;1,3761;1,3218;1,3339;1,5572;2,2151;2,366;2,366;2,372;2,372;2,5652;2,716;2,7523;2,7281;2,6014;2,6738;2,9394;3,6516;4,056;4,1103;3,6757;3,0239;2,5352;2,0511;1,7426;1,6034;1,5247;1,4945;1,6336;2,0088;2,2387;2,3053;2,3658;2,3839;2,5957;2,7833;2,8317;2,7833;2,6562;2,632;2,7469;3,2431;3,6545;3,8845;3,6485;3,1523;3,7053;2,9978;2,5468;2,3434;2,2285;2,1843;2,3877;2,9359;3,272;3,3692;3,4577;3,4842;3,7937;4,0678;4,1386;4,0678;3,8821;3,8468;4,0148;4,7399;5,3413;5,6773;5,3324;4,6073;3,1945;2,5845;2,1957;2,0204;1,9212;1,8831;2,0585;2,5312;2,8209;2,9047;2,981;3,0039;3,2707;3,507;3,568;3,507;3,3469;3,3164;3,4613;4,0865;4,6049;4,8946;4,5973;3,9721;2,6578;2,1504;1,8269;1,681;1,5985;1,5668;1,7127;2,106;2,347;2,4168;2,4802;2,4993;2,7213;2,9179;2,9687;2,9179;2,7847;2,7593;2,8799;3,4;3,8314;4,0724;3,825;3,3049;2,2387;1,7484;1,4649;1,3468;1,2936;1,3054;1,524;2,1678;2,3155;2,3155;2,3214;2,3214;2,5104;2,6581;2,6935;2,6699;2,5459;2,6167;2,8767;3,5737;3,9694;4,0226;3,5973;2,9593;2,5958;2,0273;1,6986;1,5616;1,4999;1,5136;1,767;2,5136;2,6848;2,6848;2,6917;2,6917;2,9108;3,0821;3,1231;3,0958;2,9519;3,0341;3,3355;4,1436;4,6025;4,6642;4,171;3,4314;2,9579;2,2595;1,8733;1,7008;1,6268;1,6761;1,9802;2,9826;3,1551;3,2373;3,2701;3,2866;3,5248;3,6974;3,7302;3,722;3,6317;3,9439;4,4533;5,3407;5,6118;5,5132;4,8723;4,1082
131;173,59;34711,751;3544,0698;3165,7117;2943,5565;2714,4589;2440,2361;2367,3414;3575,3104;3082,4035;2481,8902;2388,1685;2679,7472;3321,9146;4,1157;3,1439;2,6066;2,3665;2,2636;2,3322;2,7552;4,15;4,3901;4,5044;4,5501;4,573;4,9045;5,1446;5,1903;5,1789;5,0532;5,4876;6,1964;7,4311;7,8084;7,6712;6,7795;5,7162;4,0702;3,1092;2,5778;2,3404;2,2386;2,3064;2,7248;4,1041;4,3415;4,4546;4,4998;4,5224;4,8503;5,0878;5,133;5,1217;4,9973;5,4269;6,1279;7,349;7,7221;7,5864;6,7045;5,6531;3,5987;2,8106;2,3548;2,1649;2,0795;2,0985;2,4498;3,4848;3,7222;3,7222;3,7317;3,7317;4,0355;4,2729;4,3299;4,2919;4,0925;4,2064;4,6242;5,7447;6,3809;6,4663;5,7827;4,7572;3,4293;2,6783;2,244;2,063;1,9816;1,9997;2,3344;3,3207;3,5469;3,5469;3,5559;3,5559;3,8455;4,0717;4,126;4,0898;3,8998;4,0084;4,4065;5,4742;6,0804;6,1618;5,5104;4,5331;2,9834;2,33;1,9522;1,7948;1,7239;1,7397;2,0309;2,8889;3,0857;3,0857;3,0936;3,0936;3,3455;3,5423;3,5895;3,558;3,3927;3,4872;3,8335;4,7624;5,2898;5,3606;4,7939;3,9437;3,3064;2,6751;2,2726;2,0912;1,9886;1,9491;2,1306;2,6199;2,9197;3,0065;3,0854;3,1091;3,3853;3,6299;3,6931;3,6299;3,4642;3,4326;3,5826;4,2297;4,7662;5,0661;4,7584;4,1113;4,8324;3,9098;3,3216;3,0563;2,9064;2,8487;3,114;3,829;4,2673;4,3942;4,5095;4,5441;4,9478;5,3053;5,3976;5,3053;5,0631;5,017;5,2361;6,1818;6,9661;7,4044;6,9546;6,0088;4,1662;3,3708;2,8637;2,635;2,5057;2,456;2,6847;3,3012;3,679;3,7884;3,8878;3,9176;4,2656;4,5739;4,6534;4,5739;4,3651;4,3253;4,5142;5,3296;6,0057;6,3836;5,9958;5,1804;3,4664;2,8045;2,3826;2,1923;2,0848;2,0434;2,2337;2,7466;3,061;3,152;3,2347;3,2595;3,5491;3,8056;3,8717;3,8056;3,6318;3,5987;3,7559;4,4343;4,9969;5,3112;4,9886;4,3102;2,9197;2,2803;1,9105;1,7565;1,6871;1,7025;1,9876;2,8273;3,0199;3,0199;3,0276;3,0276;3,2741;3,4667;3,5129;3,4821;3,3203;3,4128;3,7517;4,6608;5,1769;5,2463;4,6916;3,8596;3,3854;2,644;2,2153;2,0366;1,9562;1,9741;2,3046;3,2782;3,5015;3,5015;3,5105;3,5105;3,7963;4,0196;4,0732;4,0375;3,8499;3,9571;4,3501;5,4042;6,0026;6,083;5,4399;4,4752;3,8577;2,9469;2,4432;2,2182;2,1217;2,186;2,5825;3,8899;4,1149;4,222;4,2649;4,2863;4,5971;4,8221;4,865;4,8543;4,7364;5,1436;5,808;6,9653;7,3189;7,1903;6,3545;5,3579
132;173,59;37044,561;3782,2497;3378,464;3141,3788;2896,8847;2604,2326;2526,4391;3815,5898;3289,557;2648,6861;2548,6658;2859,8401;3545,1645;4,3923;3,3552;2,7818;2,5256;2,4158;2,489;2,9404;4,4289;4,6851;4,8071;4,8559;4,8803;5,2341;5,4904;5,5392;5,527;5,3928;5,8564;6,6128;7,9305;8,3332;8,1867;7,2351;6,1004;4,3437;3,3181;2,751;2,4977;2,3891;2,4615;2,9079;4,3799;4,6333;4,754;4,8022;4,8264;5,1763;5,4297;5,4779;5,4659;5,3331;5,7917;6,5397;7,8429;8,241;8,0962;7,1551;6,033;3,8406;2,9995;2,5131;2,3104;2,2192;2,2395;2,6144;3,719;3,9723;3,9723;3,9825;3,9825;4,3067;4,5601;4,6209;4,5803;4,3675;4,4891;4,935;6,1308;6,8097;6,9009;6,1713;5,0769;3,6597;2,8583;2,3948;2,2016;2,1147;2,134;2,4913;3,5439;3,7853;3,7853;3,7949;3,7949;4,1039;4,3453;4,4033;4,3646;4,1619;4,2777;4,7026;5,8421;6,489;6,5759;5,8807;4,8378;3,1839;2,4866;2,0834;1,9154;1,8398;1,8566;2,1674;3,0831;3,2931;3,2931;3,3015;3,3015;3,5703;3,7803;3,8307;3,7971;3,6207;3,7215;4,0912;5,0825;5,6453;5,7209;5,1161;4,2088;3,5286;2,8549;2,4254;2,2317;2,1222;2,0801;2,2738;2,7959;3,1159;3,2086;3,2928;3,3181;3,6128;3,8739;3,9412;3,8739;3,697;3,6633;3,8233;4,5139;5,0866;5,4066;5,0781;4,3876;5,1572;4,1725;3,5448;3,2617;3,1017;3,0402;3,3233;4,0864;4,5541;4,6895;4,8126;4,8495;5,2803;5,6618;5,7603;5,6618;5,4034;5,3541;5,588;6,5973;7,4342;7,902;7,4219;6,4127;4,4462;3,5973;3,0561;2,812;2,6741;2,621;2,8651;3,523;3,9262;4,043;4,1491;4,1809;4,5523;4,8813;4,9662;4,8813;4,6584;4,616;4,8176;5,6878;6,4093;6,8126;6,3987;5,5286;3,6993;2,993;2,5427;2,3397;2,2249;2,1808;2,3838;2,9312;3,2667;3,3638;3,4521;3,4786;3,7876;4,0613;4,132;4,0613;3,8759;3,8406;4,0083;4,7323;5,3327;5,6682;5,3239;4,5999;3,1159;2,4336;2,0389;1,8745;1,8005;1,817;2,1211;3,0173;3,2228;3,2228;3,2311;3,2311;3,4941;3,6997;3,749;3,7161;3,5435;3,6421;4,0039;4,974;5,5248;5,5988;5,0069;4,119;3,6129;2,8217;2,3641;2,1735;2,0877;2,1067;2,4595;3,4985;3,7369;3,7369;3,7464;3,7464;4,0514;4,2898;4,347;4,3088;4,1086;4,223;4,6425;5,7673;6,406;6,4918;5,8055;4,7759;4,117;3,1449;2,6074;2,3673;2,2643;2,3329;2,7561;4,1513;4,3914;4,5058;4,5515;4,5744;4,9061;5,1462;5,192;5,1805;5,0547;5,4893;6,1983;7,4334;7,8108;7,6736;6,7816;5,718
133;168,43;28836,2431;2944,1804;2629,8654;2445,3134;2254,9942;2027,1879;1966,6318;2970,133;2560,6584;2061,7914;1983,9335;2226,158;2759,6285;3,419;2,6118;2,1654;1,966;1,8805;1,9375;2,2889;3,4475;3,647;3,742;3,7799;3,7989;4,0744;4,2738;4,3118;4,3023;4,1978;4,5587;5,1476;6,1733;6,4867;6,3727;5,6319;4,7487;3,3813;2,5829;2,1415;1,9442;1,8597;1,916;2,2636;3,4094;3,6067;3,7006;3,7382;3,757;4,0293;4,2266;4,2641;4,2547;4,1514;4,5083;5,0907;6,105;6,415;6,3023;5,5697;4,6962;2,9896;2,3349;1,9563;1,7985;1,7275;1,7433;2,0351;2,8949;3,0921;3,0921;3,1;3,1;3,3524;3,5496;3,597;3,5654;3,3998;3,4944;3,8415;4,7723;5,3008;5,3718;4,8039;3,9519;2,8488;2,2249;1,8641;1,7138;1,6461;1,6612;1,9393;2,7586;2,9465;2,9465;2,954;2,954;3,1946;3,3825;3,4276;3,3975;3,2397;3,3299;3,6606;4,5476;5,0512;5,1188;4,5776;3,7658;2,4784;1,9356;1,6218;1,491;1,4321;1,4452;1,6871;2,3999;2,5634;2,5634;2,57;2,57;2,7792;2,9427;2,9819;2,9558;2,8184;2,8969;3,1846;3,9563;4,3944;4,4533;3,9824;3,2762;2,7467;2,2223;1,888;1,7372;1,652;1,6192;1,77;2,1764;2,4255;2,4976;2,5632;2,5828;2,8123;3,0155;3,0679;3,0155;2,8778;2,8516;2,9762;3,5137;3,9595;4,2086;3,9529;3,4154;4,0145;3,248;2,7593;2,539;2,4144;2,3665;2,5869;3,1809;3,545;3,6504;3,7462;3,7749;4,1103;4,4073;4,4839;4,4073;4,2061;4,1678;4,3498;5,1355;5,787;6,151;5,7774;4,9917;3,461;2,8002;2,3789;2,1889;2,0816;2,0403;2,2303;2,7424;3,0563;3,1471;3,2297;3,2545;3,5436;3,7997;3,8658;3,7997;3,6262;3,5932;3,7501;4,4275;4,9892;5,303;4,9809;4,3036;2,8796;2,3298;1,9793;1,8212;1,7319;1,6975;1,8556;2,2817;2,5429;2,6185;2,6872;2,7078;2,9484;3,1614;3,2164;3,1614;3,0171;2,9896;3,1202;3,6837;4,1511;4,4122;4,1442;3,5806;2,4255;1,8943;1,5871;1,4592;1,4016;1,4144;1,6511;2,3487;2,5087;2,5087;2,5151;2,5151;2,7199;2,8799;2,9183;2,8927;2,7583;2,8351;3,1167;3,8719;4,3007;4,3583;3,8975;3,2063;2,8124;2,1965;1,8403;1,6919;1,6251;1,6399;1,9145;2,7233;2,9088;2,9088;2,9163;2,9163;3,1537;3,3392;3,3838;3,3541;3,1982;3,2873;3,6138;4,4894;4,9866;5,0534;4,5191;3,7177;3,2047;2,4481;2,0297;1,8427;1,7626;1,816;2,1454;3,2314;3,4184;3,5074;3,543;3,5608;3,819;4,0059;4,0415;4,0326;3,9347;4,273;4,8249;5,7863;6,0801;5,9733;5,2789;4,451
134;173,59;69553,3398;7101,396;6343,2646;5898,1232;5439,0712;4889,5998;4743,5378;7163,994;6176,3366;4973,0638;4785,2698;5369,5178;6656,2546;8,2468;6,2996;5,223;4,7419;4,5357;4,6732;5,5208;8,3155;8,7966;9,0256;9,1173;9,1631;9,8274;10,3085;10,4001;10,3772;10,1252;10,9957;12,416;14,89;15,646;15,3711;13,5843;11,4539;8,1556;6,23;5,1652;4,6895;4,4856;4,6215;5,4597;8,2236;8,6993;8,9259;9,0165;9,0618;9,7188;10,1945;10,2852;10,2625;10,0133;10,8742;12,2787;14,7254;15,473;15,2012;13,4341;11,3273;7,2109;5,6318;4,7185;4,338;4,1667;4,2048;4,9088;6,9826;7,4583;7,4583;7,4773;7,4773;8,0861;8,5618;8,6759;8,5998;8,2003;8,4286;9,2658;11,5109;12,7856;12,9568;11,587;9,5321;6,8714;5,3666;4,4963;4,1337;3,9705;4,0068;4,6776;6,6538;7,1071;7,1071;7,1252;7,1252;7,7054;8,1586;8,2674;8,1949;7,8141;8,0317;8,8294;10,9688;12,1835;12,3467;11,0413;9,0832;5,9779;4,6688;3,9117;3,5962;3,4543;3,4858;4,0694;5,7887;6,183;6,183;6,1988;6,1988;6,7035;7,0978;7,1924;7,1294;6,7981;6,9874;7,6814;9,5426;10,5994;10,7413;9,6057;7,9022;6,6251;5,3602;4,5538;4,1901;3,9846;3,9055;4,2692;5,2495;5,8504;6,0243;6,1824;6,2298;6,7833;7,2734;7,3999;7,2734;6,9414;6,8781;7,1786;8,4751;9,5503;10,1512;9,5345;8,2379;9,6829;7,8342;6,6556;6,1241;5,8236;5,7081;6,2396;7,6724;8,5506;8,8048;9,0359;9,1052;9,914;10,6304;10,8153;10,6304;10,1451;10,0527;10,4918;12,3868;13,9582;14,8364;13,9351;12,0401;8,348;6,7541;5,738;5,2798;5,0208;4,9211;5,3794;6,6147;7,3718;7,5909;7,7902;7,8499;8,5473;9,1649;9,3243;9,1649;8,7465;8,6668;9,0453;10,6791;12,0339;12,791;12,014;10,3802;6,9457;5,6196;4,7741;4,3929;4,1774;4,0945;4,4758;5,5035;6,1334;6,3158;6,4816;6,5313;7,1115;7,6254;7,758;7,6254;7,2773;7,2109;7,5259;8,8852;10,0124;10,6424;9,9959;8,6366;5,8504;4,5692;3,8282;3,5195;3,3806;3,4114;3,9826;5,6651;6,0511;6,0511;6,0665;6,0665;6,5605;6,9464;7,039;6,9772;6,6531;6,8383;7,5175;9,339;10,3732;10,5122;9,4007;7,7336;6,7835;5,2979;4,4388;4,0808;3,9197;3,9555;4,6178;6,5687;7,0162;7,0162;7,0341;7,0341;7,6068;8,0543;8,1617;8,0901;7,7142;7,929;8,7165;10,8285;12,0277;12,1888;10,9001;8,9671;7,7298;5,9047;4,8956;4,4447;4,2514;4,3802;5,1747;7,7943;8,2452;8,4599;8,5458;8,5887;9,2114;9,6623;9,7482;9,7267;9,4905;10,3065;11,6377;13,9567;14,6652;14,4076;12,7328;10,7359
135;172,33;38838,4286;3965,4036;3542,0647;3293,4987;3037,1651;2730,3415;2648,7808;4000,3581;3448,8525;2776,9476;2672,0839;2998,3267;3716,8376;4,605;3,5177;2,9165;2,6479;2,5327;2,6095;3,0828;4,6434;4,912;5,0399;5,0911;5,1166;5,4876;5,7562;5,8074;5,7946;5,6539;6,14;6,9331;8,3146;8,7367;8,5832;7,5854;6,3958;4,5541;3,4788;2,8843;2,6186;2,5047;2,5806;3,0487;4,592;4,8577;4,9842;5,0348;5,0601;5,4269;5,6926;5,7432;5,7306;5,5914;6,0721;6,8564;8,2227;8,6401;8,4883;7,5016;6,3251;4,0266;3,1448;2,6348;2,4223;2,3267;2,3479;2,741;3,8991;4,1647;4,1647;4,1753;4,1753;4,5153;4,7809;4,8446;4,8021;4,579;4,7065;5,174;6,4276;7,1395;7,2351;6,4701;5,3227;3,837;2,9967;2,5107;2,3082;2,2171;2,2374;2,612;3,7155;3,9686;3,9686;3,9787;3,9787;4,3027;4,5557;4,6165;4,576;4,3634;4,4849;4,9303;6,1249;6,8032;6,8944;6,1654;5,0721;3,3381;2,607;2,1843;2,0081;1,9289;1,9465;2,2723;3,2324;3,4526;3,4526;3,4614;3,4614;3,7432;3,9634;4,0162;3,981;3,7961;3,9017;4,2893;5,3286;5,9187;5,9979;5,3638;4,4126;3,6995;2,9931;2,5428;2,3398;2,225;2,1808;2,3839;2,9313;3,2668;3,364;3,4522;3,4787;3,7878;4,0615;4,1321;4,0615;3,876;3,8407;4,0085;4,7325;5,3329;5,6684;5,324;4,6;5,4069;4,3746;3,7165;3,4197;3,2519;3,1874;3,4842;4,2843;4,7746;4,9166;5,0456;5,0843;5,536;5,936;6,0393;5,936;5,665;5,6134;5,8586;6,9167;7,7942;8,2846;7,7813;6,7232;4,6615;3,7715;3,2041;2,9482;2,8036;2,748;3,0038;3,6936;4,1164;4,2388;4,35;4,3834;4,7728;5,1177;5,2067;5,1177;4,884;4,8395;5,0509;5,9632;6,7197;7,1425;6,7086;5,7963;3,8785;3,138;2,6659;2,453;2,3326;2,2864;2,4993;3,0732;3,4249;3,5267;3,6193;3,6471;3,971;4,258;4,332;4,258;4,0636;4,0266;4,2024;4,9615;5,5909;5,9427;5,5817;4,8226;3,2668;2,5514;2,1377;1,9653;1,8877;1,9049;2,2239;3,1634;3,3789;3,3789;3,3875;3,3875;3,6633;3,8788;3,9305;3,8961;3,7151;3,8185;4,1978;5,2149;5,7924;5,87;5,2494;4,3184;3,7879;2,9583;2,4786;2,2787;2,1888;2,2088;2,5786;3,668;3,9178;3,9178;3,9278;3,9278;4,2476;4,4975;4,5575;4,5175;4,3076;4,4275;4,8673;6,0466;6,7163;6,8062;6,0866;5,0072;4,3163;3,2972;2,7337;2,4819;2,374;2,4459;2,8895;4,3523;4,6041;4,724;4,7719;4,7959;5,1436;5,3954;5,4434;5,4314;5,2995;5,7551;6,4985;7,7934;8,189;8,0452;7,11;5,9949
136;173,59;24456,1787;2496,9758;2230,4035;2073,884;1912,4732;1719,2694;1667,9114;2518,9864;2171,7087;1748,6168;1682,5851;1888,017;2340,4563;2,8997;2,2151;1,8365;1,6673;1,5948;1,6432;1,9412;2,9239;3,093;3,1736;3,2058;3,2219;3,4555;3,6246;3,6569;3,6488;3,5602;3,8663;4,3657;5,2356;5,5014;5,4047;4,7765;4,0274;2,8677;2,1906;1,8162;1,6489;1,5772;1,625;1,9197;2,8916;3,0588;3,1385;3,1704;3,1863;3,4173;3,5846;3,6164;3,6085;3,5209;3,8235;4,3174;5,1777;5,4406;5,345;4,7237;3,9829;2,5355;1,9802;1,6591;1,5253;1,4651;1,4785;1,726;2,4552;2,6225;2,6225;2,6291;2,6291;2,8432;3,0105;3,0506;3,0239;2,8834;2,9636;3,258;4,0474;4,4956;4,5559;4,0742;3,3517;2,4161;1,887;1,581;1,4535;1,3961;1,4089;1,6447;2,3396;2,499;2,499;2,5053;2,5053;2,7093;2,8687;2,907;2,8815;2,7476;2,8241;3,1046;3,8568;4,2839;4,3413;3,8823;3,1938;2,1019;1,6416;1,3754;1,2645;1,2146;1,2257;1,4309;2,0354;2,174;2,174;2,1796;2,1796;2,3571;2,4957;2,529;2,5068;2,3903;2,4569;2,7009;3,3553;3,7269;3,7768;3,3775;2,7786;2,3295;1,8847;1,6012;1,4733;1,401;1,3732;1,5011;1,8458;2,0571;2,1182;2,1738;2,1905;2,3851;2,5575;2,6019;2,5575;2,4407;2,4185;2,5241;2,98;3,3581;3,5693;3,3525;2,8966;3,4047;2,7546;2,3402;2,1533;2,0477;2,0071;2,194;2,6978;3,0065;3,0959;3,1772;3,2016;3,486;3,7379;3,8029;3,7379;3,5672;3,5347;3,6891;4,3554;4,908;5,2167;4,8998;4,2335;2,9353;2,3749;2,0176;1,8565;1,7654;1,7304;1,8915;2,3258;2,592;2,6691;2,7392;2,7602;3,0054;3,2225;3,2786;3,2225;3,0754;3,0474;3,1805;3,755;4,2313;4,4975;4,2243;3,6499;2,4422;1,9759;1,6787;1,5446;1,4688;1,4397;1,5738;1,9351;2,1566;2,2207;2,279;2,2965;2,5005;2,6812;2,7278;2,6812;2,5588;2,5355;2,6462;3,1242;3,5205;3,742;3,5147;3,0368;2,0571;1,6066;1,3461;1,2375;1,1887;1,1995;1,4003;1,992;2,1277;2,1277;2,1331;2,1331;2,3068;2,4425;2,475;2,4533;2,3393;2,4045;2,6433;3,2838;3,6474;3,6963;3,3055;2,7193;2,3852;1,8628;1,5608;1,4349;1,3783;1,3908;1,6237;2,3097;2,467;2,467;2,4733;2,4733;2,6747;2,832;2,8698;2,8446;2,7125;2,788;3,0649;3,8075;4,2292;4,2858;3,8327;3,153;2,7179;2,0762;1,7214;1,5628;1,4949;1,5402;1,8195;2,7406;2,8991;2,9746;3,0048;3,0199;3,2389;3,3974;3,4276;3,4201;3,337;3,6239;4,092;4,9074;5,1566;5,066;4,4771;3,7749
137;168,43;22244,0924;2271,1218;2028,6612;1886,299;1739,488;1563,7597;1517,0471;2291,1415;1975,2754;1590,4526;1530,3936;1717,2439;2128,7596;2,6374;2,0147;1,6704;1,5165;1,4506;1,4945;1,7656;2,6594;2,8133;2,8865;2,9158;2,9305;3,1429;3,2968;3,3261;3,3188;3,2382;3,5166;3,9708;4,762;5,0038;4,9159;4,3444;3,6631;2,6083;1,9924;1,6519;1,4998;1,4346;1,478;1,7461;2,63;2,7822;2,8546;2,8836;2,8981;3,1082;3,2603;3,2893;3,2821;3,2024;3,4777;3,9269;4,7094;4,9485;4,8615;4,2964;3,6226;2,3062;1,8011;1,509;1,3873;1,3326;1,3447;1,5699;2,2331;2,3853;2,3853;2,3913;2,3913;2,5861;2,7382;2,7747;2,7503;2,6226;2,6956;2,9633;3,6813;4,089;4,1438;3,7057;3,0485;2,1976;1,7163;1,438;1,322;1,2698;1,2814;1,496;2,128;2,2729;2,2729;2,2787;2,2787;2,4643;2,6092;2,644;2,6208;2,4991;2,5686;2,8238;3,508;3,8965;3,9486;3,5312;2,9049;1,9118;1,4931;1,251;1,1501;1,1047;1,1148;1,3015;1,8513;1,9774;1,9774;1,9824;1,9824;2,1439;2,27;2,3002;2,2801;2,1741;2,2347;2,4566;3,0519;3,3898;3,4352;3,072;2,5272;2,1188;1,7143;1,4564;1,3401;1,2743;1,249;1,3653;1,6789;1,871;1,9266;1,9772;1,9924;2,1694;2,3261;2,3666;2,3261;2,2199;2,1997;2,2958;2,7105;3,0543;3,2465;3,0493;2,6346;3,0967;2,5055;2,1285;1,9586;1,8625;1,8255;1,9955;2,4537;2,7346;2,8159;2,8898;2,912;3,1706;3,3998;3,4589;3,3998;3,2446;3,215;3,3554;3,9615;4,464;4,7449;4,4566;3,8506;2,6698;2,1601;1,8351;1,6885;1,6057;1,5738;1,7204;2,1155;2,3576;2,4277;2,4914;2,5105;2,7335;2,9311;2,982;2,9311;2,7972;2,7718;2,8928;3,4153;3,8486;4,0907;3,8422;3,3197;2,2213;1,7972;1,5268;1,4049;1,336;1,3095;1,4314;1,7601;1,9616;2,0199;2,0729;2,0888;2,2743;2,4387;2,4811;2,4387;2,3274;2,3062;2,4069;2,8416;3,2021;3,4036;3,1968;2,7621;1,871;1,4613;1,2243;1,1256;1,0811;1,091;1,2737;1,8118;1,9352;1,9352;1,9401;1,9401;2,0981;2,2215;2,2512;2,2314;2,1277;2,187;2,4042;2,9867;3,3175;3,3619;3,0065;2,4733;2,1695;1,6943;1,4196;1,3051;1,2536;1,265;1,4768;2,1008;2,2439;2,2439;2,2496;2,2496;2,4328;2,5759;2,6102;2,5873;2,4671;2,5358;2,7877;3,4631;3,8466;3,8981;3,486;2,8678;2,4721;1,8884;1,5657;1,4215;1,3597;1,4009;1,6549;2,4927;2,6369;2,7056;2,7331;2,7468;2,9459;3,0901;3,1176;3,1107;3,0352;3,2961;3,7219;4,4635;4,6901;4,6077;4,0721;3,4335
138;168,43;18440,2146;1882,7459;1681,7476;1563,7302;1442,0248;1296,3471;1257,6226;1899,3421;1637,4911;1318,4753;1268,6868;1423,5846;1764,7285;2,1864;1,6702;1,3847;1,2572;1,2025;1,239;1,4637;2,2046;2,3322;2,3929;2,4172;2,4293;2,6055;2,733;2,7573;2,7512;2,6844;2,9152;3,2918;3,9477;4,1481;4,0752;3,6015;3,0367;2,1622;1,6517;1,3694;1,2433;1,1892;1,2253;1,4475;2,1803;2,3064;2,3665;2,3905;2,4025;2,5767;2,7028;2,7268;2,7208;2,6548;2,883;3,2554;3,9041;4,1023;4,0302;3,5617;3,0031;1,9118;1,4931;1,251;1,1501;1,1047;1,1148;1,3014;1,8513;1,9774;1,9774;1,9824;1,9824;2,1438;2,2699;2,3002;2,28;2,1741;2,2346;2,4566;3,0518;3,3898;3,4352;3,072;2,5272;1,8218;1,4228;1,1921;1,0959;1,0527;1,0623;1,2401;1,7641;1,8842;1,8842;1,8891;1,8891;2,0429;2,163;2,1919;2,1727;2,0717;2,1294;2,3409;2,9081;3,2301;3,2734;2,9273;2,4082;1,5849;1,2378;1,0371;0,9534;0,9158;0,9242;1,0789;1,5347;1,6393;1,6393;1,6434;1,6434;1,7773;1,8818;1,9069;1,8902;1,8023;1,8525;2,0365;2,53;2,8101;2,8478;2,5467;2,0951;1,7565;1,4211;1,2073;1,1109;1,0564;1,0354;1,1319;1,3918;1,5511;1,5972;1,6391;1,6517;1,7984;1,9284;1,9619;1,9284;1,8403;1,8236;1,9032;2,247;2,532;2,6913;2,5278;2,1841;2,5672;2,077;1,7646;1,6236;1,544;1,5133;1,6543;2,0341;2,267;2,3344;2,3956;2,414;2,6284;2,8184;2,8674;2,8184;2,6897;2,6652;2,7816;3,284;3,7007;3,9335;3,6945;3,1921;2,2133;1,7907;1,5213;1,3998;1,3311;1,3047;1,4262;1,7537;1,9544;2,0125;2,0654;2,0812;2,2661;2,4298;2,4721;2,4298;2,3189;2,2978;2,3981;2,8313;3,1905;3,3912;3,1852;2,752;1,8415;1,4899;1,2657;1,1647;1,1075;1,0855;1,1866;1,4591;1,6261;1,6745;1,7184;1,7316;1,8854;2,0217;2,0568;2,0217;1,9294;1,9118;1,9953;2,3557;2,6545;2,8215;2,6501;2,2898;1,5511;1,2114;1,0149;0,9331;0,8963;0,9045;1,0559;1,502;1,6043;1,6043;1,6084;1,6084;1,7393;1,8416;1,8662;1,8498;1,7639;1,813;1,9931;2,476;2,7502;2,787;2,4924;2,0504;1,7985;1,4046;1,1768;1,0819;1,0392;1,0487;1,2243;1,7415;1,8602;1,8602;1,8649;1,8649;2,0167;2,1354;2,1638;2,1449;2,0452;2,1022;2,311;2,8709;3,1888;3,2315;2,8899;2,3774;2,0494;1,5655;1,2979;1,1784;1,1271;1,1613;1,3719;2,0664;2,186;2,2429;2,2657;2,2771;2,4422;2,5617;2,5845;2,5788;2,5162;2,7325;3,0854;3,7002;3,8881;3,8198;3,3758;2,8463
139;168,43;28464,3912;2906,2143;2595,9525;2413,7804;2225,9154;2001,0467;1941,2715;2931,8323;2527,6379;2035,204;1958,3501;2197,451;2724,0422;3,375;2,5781;2,1375;1,9406;1,8562;1,9125;2,2593;3,4031;3,6;3,6937;3,7312;3,75;4,0218;4,2187;4,2562;4,2468;4,1437;4,4999;5,0812;6,0937;6,403;6,2905;5,5593;4,6874;3,3377;2,5496;2,1138;1,9192;1,8357;1,8913;2,2344;3,3655;3,5602;3,6529;3,69;3,7085;3,9774;4,1721;4,2092;4,1999;4,0979;4,4502;5,025;6,0263;6,3323;6,221;5,4979;4,6356;2,951;2,3048;1,931;1,7753;1,7052;1,7208;2,0089;2,8576;3,0523;3,0523;3,0601;3,0601;3,3092;3,5039;3,5506;3,5194;3,3559;3,4494;3,792;4,7108;5,2325;5,3025;4,7419;3,901;2,8121;2,1962;1,8401;1,6917;1,6249;1,6398;1,9143;2,723;2,9085;2,9085;2,9159;2,9159;3,1534;3,3389;3,3834;3,3537;3,1979;3,2869;3,6134;4,4889;4,9861;5,0528;4,5186;3,7173;2,4464;1,9107;1,6008;1,4717;1,4136;1,4266;1,6654;2,369;2,5304;2,5304;2,5368;2,5368;2,7434;2,9047;2,9435;2,9177;2,7821;2,8596;3,1436;3,9053;4,3378;4,3958;3,9311;3,2339;2,7113;2,1936;1,8636;1,7148;1,6307;1,5983;1,7471;2,1483;2,3942;2,4654;2,5301;2,5495;2,776;2,9766;3,0284;2,9766;2,8407;2,8148;2,9378;3,4684;3,9084;4,1543;3,902;3,3713;3,9627;3,2061;2,7238;2,5062;2,3833;2,336;2,5535;3,1399;3,4993;3,6033;3,6979;3,7263;4,0573;4,3505;4,4261;4,3505;4,1519;4,114;4,2937;5,0692;5,7123;6,0717;5,7029;4,9274;3,4164;2,7641;2,3483;2,1607;2,0547;2,014;2,2015;2,707;3,0169;3,1065;3,1881;3,2125;3,4979;3,7507;3,8159;3,7507;3,5795;3,5468;3,7018;4,3704;4,9248;5,2347;4,9167;4,2481;2,8425;2,2998;1,9538;1,7978;1,7096;1,6757;1,8317;2,2523;2,5101;2,5847;2,6525;2,6729;2,9103;3,1206;3,1749;3,1206;2,9782;2,951;3,0799;3,6362;4,0975;4,3553;4,0908;3,5345;2,3942;1,8699;1,5667;1,4403;1,3835;1,3961;1,6299;2,3184;2,4764;2,4764;2,4827;2,4827;2,6848;2,8428;2,8807;2,8554;2,7227;2,7985;3,0765;3,8219;4,2452;4,3021;3,8472;3,1649;2,7761;2,1682;1,8166;1,6701;1,6041;1,6188;1,8898;2,6882;2,8713;2,8713;2,8787;2,8787;3,1131;3,2962;3,3401;3,3108;3,157;3,2449;3,5672;4,4315;4,9223;4,9882;4,4608;3,6697;3,1634;2,4165;2,0035;1,819;1,7399;1,7926;2,1177;3,1898;3,3743;3,4622;3,4973;3,5149;3,7697;3,9543;3,9894;3,9806;3,884;4,2179;4,7627;5,7117;6,0017;5,8962;5,2108;4,3936
140;173,59;82633,8221;8436,9132;7536,2046;7007,3481;6461,9649;5809,1577;5635,6267;8511,2837;7337,8834;5908,3183;5685,207;6379,3311;7908,0568;9,7977;7,4844;6,2052;5,6337;5,3887;5,552;6,559;9,8794;10,4509;10,723;10,8319;10,8863;11,6756;12,2471;12,356;12,3288;12,0294;13,0636;14,751;17,6903;18,5884;18,2618;16,139;13,6079;9,6894;7,4016;6,1366;5,5714;5,3292;5,4907;6,4865;9,7702;10,3354;10,6045;10,7122;10,766;11,5465;12,1118;12,2194;12,1925;11,8964;12,9192;14,5879;17,4948;18,383;18,06;15,9606;13,4575;8,567;6,6909;5,6059;5,1538;4,9504;4,9956;5,8319;8,2958;8,8609;8,8609;8,8835;8,8835;9,6068;10,172;10,3076;10,2172;9,7425;10,0137;11,0083;13,6756;15,1901;15,3936;13,766;11,3248;8,1636;6,3758;5,3419;4,9111;4,7172;4,7603;5,5573;7,9051;8,4436;8,4436;8,4652;8,4652;9,1545;9,6929;9,8222;9,736;9,2837;9,5422;10,4899;13,0316;14,4748;14,6687;13,1178;10,7915;7,1022;5,5468;4,6473;4,2725;4,1039;4,1414;4,8347;6,8773;7,3458;7,3458;7,3645;7,3645;7,9642;8,4326;8,5451;8,4701;8,0766;8,3015;9,126;11,3372;12,5928;12,7614;11,4122;9,3883;7,8711;6,3683;5,4102;4,9781;4,7339;4,64;5,0721;6,2368;6,9506;7,1572;7,3451;7,4015;8,0589;8,6413;8,7916;8,6413;8,2468;8,1717;8,5286;10,069;11,3464;12,0602;11,3276;9,7872;11,504;9,3075;7,9073;7,2758;6,9188;6,7816;7,4131;9,1153;10,1586;10,4606;10,7352;10,8176;11,7785;12,6296;12,8493;12,6296;12,0531;11,9433;12,4649;14,7163;16,5833;17,6266;16,5558;14,3044;9,918;8,0243;6,8171;6,2727;5,965;5,8466;6,3911;7,8586;8,7581;9,0185;9,2552;9,3262;10,1547;10,8885;11,0778;10,8885;10,3914;10,2967;10,7464;12,6874;14,297;15,1965;14,2734;12,3324;8,252;6,6764;5,672;5,219;4,963;4,8645;5,3175;6,5385;7,2869;7,5036;7,7005;7,7596;8,4489;9,0594;9,217;9,0594;8,6458;8,5671;8,9413;10,5562;11,8954;12,6438;11,8757;10,2608;6,9506;5,4285;4,5482;4,1814;4,0163;4,053;4,7316;6,7306;7,189;7,189;7,2074;7,2074;7,7942;8,2527;8,3628;8,2894;7,9043;8,1243;8,9313;11,0953;12,3241;12,4891;11,1687;9,188;8,0592;6,2943;5,2736;4,8483;4,6569;4,6994;5,4862;7,804;8,3357;8,3357;8,3569;8,3569;9,0374;9,569;9,6966;9,6115;9,165;9,4201;10,3558;12,865;14,2897;14,4811;12,95;10,6535;9,1835;7,0152;5,8162;5,2805;5,051;5,204;6,1479;9,2601;9,7958;10,0509;10,1529;10,2039;10,9437;11,4794;11,5815;11,556;11,2754;12,2447;13,8263;16,5814;17,4232;17,1171;15,1273;12,7549
141;168,43;24460,3043;2497,3971;2230,7797;2074,2338;1912,7958;1719,5594;1668,1928;2519,4113;2172,075;1748,9118;1682,8689;1888,3355;2340,8511;2,9002;2,2154;1,8368;1,6676;1,5951;1,6434;1,9415;2,9244;3,0935;3,1741;3,2063;3,2224;3,4561;3,6253;3,6575;3,6494;3,5608;3,8669;4,3664;5,2365;5,5023;5,4057;4,7773;4,0281;2,8681;2,1909;1,8165;1,6492;1,5775;1,6253;1,9201;2,892;3,0594;3,139;3,1709;3,1868;3,4179;3,5852;3,6171;3,6091;3,5214;3,8242;4,3182;5,1786;5,4415;5,3459;4,7245;3,9835;2,5359;1,9806;1,6594;1,5256;1,4653;1,4787;1,7263;2,4556;2,6229;2,6229;2,6296;2,6296;2,8437;3,011;3,0511;3,0244;2,8839;2,9641;3,2586;4,0481;4,4964;4,5566;4,0749;3,3522;2,4165;1,8873;1,5812;1,4537;1,3963;1,4091;1,645;2,34;2,4994;2,4994;2,5058;2,5058;2,7098;2,8692;2,9074;2,8819;2,748;2,8246;3,1051;3,8575;4,2847;4,342;3,883;3,1944;2,1023;1,6419;1,3756;1,2647;1,2148;1,2259;1,4311;2,0357;2,1744;2,1744;2,18;2,18;2,3575;2,4961;2,5294;2,5072;2,3907;2,4573;2,7014;3,3559;3,7276;3,7775;3,3781;2,779;2,3299;1,8851;1,6015;1,4736;1,4013;1,3735;1,5014;1,8461;2,0574;2,1186;2,1742;2,1909;2,3855;2,5579;2,6024;2,5579;2,4411;2,4189;2,5245;2,9805;3,3586;3,5699;3,3531;2,8971;3,4053;2,7551;2,3406;2,1537;2,048;2,0074;2,1943;2,6982;3,007;3,0964;3,1777;3,2021;3,4865;3,7385;3,8035;3,7385;3,5678;3,5353;3,6897;4,3561;4,9088;5,2176;4,9007;4,2342;2,9358;2,3753;2,0179;1,8568;1,7657;1,7307;1,8918;2,3262;2,5925;2,6696;2,7396;2,7606;3,0059;3,2231;3,2791;3,2231;3,0759;3,0479;3,181;3,7556;4,232;4,4983;4,225;3,6505;2,4426;1,9763;1,679;1,5449;1,4691;1,4399;1,574;1,9355;2,157;2,2211;2,2794;2,2969;2,5009;2,6817;2,7283;2,6817;2,5592;2,5359;2,6467;3,1247;3,5211;3,7427;3,5153;3,0373;2,0574;1,6069;1,3463;1,2377;1,1889;1,1997;1,4006;1,9923;2,128;2,128;2,1334;2,1334;2,3072;2,4429;2,4754;2,4537;2,3397;2,4049;2,6437;3,2843;3,648;3,6969;3,306;2,7197;2,3856;1,8632;1,561;1,4351;1,3785;1,3911;1,624;2,3101;2,4674;2,4674;2,4737;2,4737;2,6751;2,8325;2,8703;2,8451;2,7129;2,7884;3,0654;3,8081;4,2299;4,2865;3,8333;3,1535;2,7184;2,0766;1,7217;1,5631;1,4951;1,5404;1,8198;2,7411;2,8996;2,9751;3,0054;3,0205;3,2394;3,398;3,4282;3,4207;3,3376;3,6245;4,0927;4,9082;5,1574;5,0668;4,4778;3,7756
142;168,43;30596,6203;3123,9149;2790,4118;2594,5934;2392,6557;2150,9424;2086,6895;3151,4519;2716,9799;2187,6584;2105,0475;2362,0591;2928,0966;3,6278;2,7712;2,2976;2,086;1,9953;2,0557;2,4286;3,658;3,8696;3,9704;4,0107;4,0309;4,3231;4,5347;4,575;4,5649;4,4541;4,837;5,4618;6,5501;6,8827;6,7618;5,9757;5,0386;3,5877;2,7406;2,2722;2,0629;1,9732;2,033;2,4017;3,6176;3,8269;3,9265;3,9664;3,9863;4,2753;4,4846;4,5245;4,5145;4,4049;4,7836;5,4014;6,4777;6,8066;6,687;5,9097;4,9829;3,1721;2,4774;2,0757;1,9083;1,833;1,8497;2,1594;3,0717;3,2809;3,2809;3,2893;3,2893;3,5571;3,7663;3,8166;3,7831;3,6073;3,7078;4,076;5,0636;5,6244;5,6997;5,0971;4,1932;3,0227;2,3608;1,9779;1,8184;1,7466;1,7626;2,0577;2,927;3,1264;3,1264;3,1344;3,1344;3,3896;3,589;3,6368;3,6049;3,4374;3,5332;3,8841;4,8252;5,3595;5,4313;4,8571;3,9957;2,6297;2,0538;1,7208;1,582;1,5195;1,5334;1,7901;2,5464;2,7199;2,7199;2,7268;2,7268;2,9489;3,1223;3,164;3,1362;2,9905;3,0738;3,3791;4,1978;4,6627;4,7251;4,2256;3,4762;2,9144;2,358;2,0032;1,8432;1,7528;1,718;1,878;2,3093;2,5736;2,6501;2,7197;2,7405;2,984;3,1996;3,2552;3,1996;3,0535;3,0257;3,1579;3,7282;4,2012;4,4655;4,1942;3,6239;4,2595;3,4463;2,9278;2,694;2,5618;2,511;2,7448;3,3751;3,7614;3,8732;3,9749;4,0054;4,3612;4,6763;4,7577;4,6763;4,4629;4,4222;4,6154;5,449;6,1402;6,5266;6,1301;5,2965;3,6723;2,9711;2,5242;2,3226;2,2086;2,1648;2,3664;2,9098;3,2428;3,3393;3,4269;3,4532;3,7599;4,0316;4,1018;4,0316;3,8476;3,8125;3,9791;4,6977;5,2937;5,6268;5,285;4,5663;3,0554;2,4721;2,1002;1,9324;1,8376;1,8012;1,9689;2,421;2,6981;2,7783;2,8512;2,8731;3,1284;3,3544;3,4127;3,3544;3,2013;3,1721;3,3107;3,9086;4,4045;4,6816;4,3972;3,7992;2,5736;2,01;1,684;1,5482;1,4871;1,5007;1,7519;2,4921;2,6619;2,6619;2,6687;2,6687;2,886;3,0557;3,0965;3,0693;2,9267;3,0082;3,307;4,1082;4,5632;4,6243;4,1354;3,402;2,9841;2,3306;1,9526;1,7952;1,7243;1,7401;2,0314;2,8896;3,0864;3,0864;3,0943;3,0943;3,3463;3,5431;3,5903;3,5588;3,3935;3,488;3,8344;4,7635;5,291;5,3619;4,795;3,9446;3,4004;2,5975;2,1536;1,9552;1,8702;1,9269;2,2764;3,4287;3,6271;3,7215;3,7593;3,7782;4,0521;4,2505;4,2882;4,2788;4,1749;4,5338;5,1194;6,1396;6,4513;6,3379;5,6012;4,7227
143;168,43;19952,0682;2037,1062;1819,6286;1691,9354;1560,2517;1402,6304;1360,7311;2055,063;1771,7437;1426,5729;1372,7023;1540,2997;1909,4129;2,3657;1,8071;1,4983;1,3603;1,3011;1,3405;1,5837;2,3854;2,5234;2,5891;2,6154;2,6285;2,8191;2,9571;2,9834;2,9768;2,9045;3,1542;3,5617;4,2714;4,4882;4,4093;3,8968;3,2857;2,3395;1,7871;1,4817;1,3452;1,2867;1,3257;1,5662;2,359;2,4955;2,5605;2,5865;2,5995;2,7879;2,9244;2,9504;2,9439;2,8724;3,1194;3,5223;4,2241;4,4386;4,3606;3,8537;3,2493;2,0685;1,6155;1,3535;1,2444;1,1953;1,2062;1,4081;2,003;2,1395;2,1395;2,1449;2,1449;2,3196;2,456;2,4888;2,467;2,3523;2,4178;2,658;3,302;3,6677;3,7168;3,3238;2,7344;1,9711;1,5394;1,2898;1,1858;1,139;1,1494;1,3418;1,9087;2,0387;2,0387;2,0439;2,0439;2,2104;2,3404;2,3716;2,3508;2,2416;2,304;2,5328;3,1465;3,495;3,5418;3,1673;2,6056;1,7148;1,3393;1,1221;1,0316;0,9909;0,9999;1,1674;1,6605;1,7736;1,7736;1,7782;1,7782;1,923;2,0361;2,0632;2,0451;1,9501;2,0044;2,2035;2,7374;3,0405;3,0813;2,7555;2,2668;1,9005;1,5376;1,3063;1,202;1,143;1,1203;1,2247;1,5059;1,6782;1,7281;1,7735;1,7871;1,9458;2,0865;2,1227;2,0865;1,9912;1,9731;2,0592;2,4312;2,7396;2,912;2,7351;2,3631;2,7776;2,2473;1,9092;1,7567;1,6706;1,6374;1,7899;2,2009;2,4528;2,5257;2,592;2,6119;2,8439;3,0494;3,1025;3,0494;2,9102;2,8837;3,0097;3,5533;4,0041;4,256;3,9974;3,4538;2,3947;1,9375;1,646;1,5146;1,4403;1,4117;1,5431;1,8975;2,1147;2,1775;2,2347;2,2518;2,4519;2,629;2,6748;2,629;2,509;2,4862;2,5947;3,0634;3,452;3,6692;3,4463;2,9777;1,9924;1,612;1,3695;1,2601;1,1983;1,1745;1,2839;1,5787;1,7594;1,8117;1,8593;1,8736;2,04;2,1874;2,2255;2,1874;2,0876;2,0685;2,1589;2,5488;2,8722;3,0529;2,8674;2,4775;1,6782;1,3107;1,0982;1,0096;0,9697;0,9786;1,1424;1,6251;1,7358;1,7358;1,7402;1,7402;1,8819;1,9926;2,0192;2,0015;1,9085;1,9616;2,1565;2,679;2,9757;3,0155;2,6967;2,2185;1,9459;1,5198;1,2733;1,1706;1,1244;1,1347;1,3247;1,8843;2,0127;2,0127;2,0178;2,0178;2,1821;2,3104;2,3413;2,3207;2,2129;2,2745;2,5004;3,1063;3,4503;3,4965;3,1268;2,5723;2,2174;1,6938;1,4043;1,275;1,2196;1,2565;1,4844;2,2359;2,3652;2,4268;2,4514;2,4638;2,6424;2,7717;2,7964;2,7902;2,7225;2,9565;3,3384;4,0036;4,2069;4,133;3,6525;3,0797
144;172,33;22792,3862;2327,1026;2078,6656;1932,7944;1782,3646;1602,3048;1554,4407;2347,6158;2023,9639;1629,6556;1568,1162;1759,5722;2181,2314;2,7024;2,0644;1,7115;1,5539;1,4863;1,5314;1,8091;2,725;2,8826;2,9577;2,9877;3,0027;3,2204;3,3781;3,4081;3,4006;3,318;3,6033;4,0687;4,8794;5,1271;5,0371;4,4515;3,7534;2,6726;2,0415;1,6926;1,5367;1,4699;1,5145;1,7891;2,6948;2,8507;2,925;2,9547;2,9695;3,1848;3,3407;3,3704;3,363;3,2813;3,5634;4,0237;4,8255;5,0705;4,9814;4,4023;3,7119;2,363;1,8455;1,5462;1,4215;1,3654;1,3779;1,6086;2,2882;2,444;2,444;2,4503;2,4503;2,6498;2,8057;2,8431;2,8181;2,6872;2,762;3,0364;3,7721;4,1898;4,2459;3,797;3,1236;2,2517;1,7586;1,4734;1,3546;1,3011;1,313;1,5328;2,1804;2,329;2,329;2,3349;2,3349;2,525;2,6735;2,7092;2,6854;2,5607;2,632;2,8934;3,5944;3,9925;4,046;3,6182;2,9765;1,9589;1,5299;1,2818;1,1785;1,132;1,1423;1,3335;1,8969;2,0261;2,0261;2,0313;2,0313;2,1967;2,3259;2,3569;2,3363;2,2277;2,2897;2,5172;3,1271;3,4734;3,5199;3,1478;2,5895;2,171;1,7565;1,4923;1,3731;1,3057;1,2798;1,399;1,7202;1,9171;1,9741;2,026;2,0415;2,2229;2,3835;2,4249;2,3835;2,2747;2,2539;2,3524;2,7773;3,1296;3,3265;3,1244;2,6995;3,1731;2,5672;2,181;2,0068;1,9084;1,8705;2,0447;2,5142;2,802;2,8853;2,961;2,9837;3,2488;3,4836;3,5441;3,4836;3,3245;3,2942;3,4381;4,0591;4,5741;4,8618;4,5665;3,9455;2,7356;2,2133;1,8803;1,7302;1,6453;1,6126;1,7628;2,1676;2,4157;2,4875;2,5528;2,5724;2,8009;3,0033;3,0555;3,0033;2,8662;2,8401;2,9641;3,4995;3,9435;4,1916;3,9369;3,4016;2,2761;1,8415;1,5645;1,4395;1,3689;1,3417;1,4667;1,8035;2,0099;2,0697;2,124;2,1403;2,3304;2,4988;2,5423;2,4988;2,3847;2,363;2,4662;2,9117;3,281;3,4875;3,2756;2,8302;1,9171;1,4973;1,2545;1,1533;1,1078;1,1179;1,3051;1,8564;1,9829;1,9829;1,988;1,988;2,1498;2,2763;2,3066;2,2864;2,1802;2,2409;2,4635;3,0604;3,3993;3,4448;3,0806;2,5343;2,2229;1,7361;1,4546;1,3373;1,2845;1,2962;1,5132;2,1525;2,2992;2,2992;2,305;2,305;2,4927;2,6394;2,6745;2,6511;2,5279;2,5983;2,8564;3,5485;3,9414;3,9942;3,5719;2,9385;2,533;1,935;1,6043;1,4565;1,3932;1,4354;1,6957;2,5542;2,7019;2,7723;2,8004;2,8145;3,0185;3,1663;3,1944;3,1874;3,11;3,3774;3,8136;4,5735;4,8057;4,7213;4,1725;3,5181
145;172,33;32148,6875;3282,381;2931,9603;2726,2087;2514,0274;2260,0527;2192,5405;3311,3148;2854,8034;2298,6312;2211,8297;2481,8787;3076,6294;3,8118;2,9118;2,4141;2,1918;2,0965;2,16;2,5518;3,8436;4,0659;4,1718;4,2142;4,2353;4,5424;4,7647;4,8071;4,7965;4,68;5,0824;5,7389;6,8824;7,2318;7,1048;6,2789;5,2942;3,7697;2,8796;2,3875;2,1676;2,0733;2,1361;2,5236;3,8011;4,021;4,1257;4,1676;4,1885;4,4922;4,7121;4,754;4,7435;4,6283;5,0262;5,6754;6,8063;7,1519;7,0262;6,2095;5,2356;3,333;2,6031;2,181;2,0051;1,9259;1,9435;2,2689;3,2275;3,4473;3,4473;3,4561;3,4561;3,7375;3,9574;4,0102;3,975;3,7903;3,8958;4,2828;5,3205;5,9097;5,9889;5,3557;4,4059;3,1761;2,4805;2,0783;1,9107;1,8352;1,852;2,1621;3,0755;3,285;3,285;3,2934;3,2934;3,5615;3,771;3,8213;3,7878;3,6118;3,7124;4,0811;5,07;5,6314;5,7068;5,1035;4,1984;2,7631;2,158;1,808;1,6622;1,5966;1,6112;1,8809;2,6756;2,8579;2,8579;2,8652;2,8652;3,0985;3,2807;3,3245;3,2953;3,1422;3,2297;3,5505;4,4107;4,8992;4,9648;4,4399;3,6525;3,0622;2,4776;2,1048;1,9367;1,8417;1,8052;1,9733;2,4264;2,7041;2,7845;2,8576;2,8795;3,1353;3,3619;3,4204;3,3619;3,2084;3,1792;3,318;3,9173;4,4143;4,692;4,407;3,8077;4,4756;3,6211;3,0763;2,8306;2,6918;2,6384;2,884;3,5463;3,9522;4,0697;4,1765;4,2086;4,5824;4,9136;4,999;4,9136;4,6892;4,6465;4,8495;5,7254;6,4517;6,8576;6,441;5,5651;3,8586;3,1219;2,6522;2,4404;2,3207;2,2746;2,4864;3,0574;3,4073;3,5086;3,6007;3,6284;3,9507;4,2362;4,3098;4,2362;4,0428;4,0059;4,1809;4,936;5,5623;5,9122;5,5531;4,7979;3,2104;2,5975;2,2067;2,0305;1,9309;1,8925;2,0688;2,5438;2,835;2,9193;2,9959;3,0189;3,287;3,5246;3,5859;3,5246;3,3637;3,333;3,4786;4,1069;4,6279;4,9191;4,6202;3,992;2,7041;2,1119;1,7695;1,6268;1,5626;1,5768;1,8408;2,6185;2,7969;2,7969;2,804;2,804;3,0323;3,2107;3,2535;3,225;3,0752;3,1608;3,4747;4,3166;4,7947;4,8589;4,3452;3,5746;3,1354;2,4488;2,0517;1,8862;1,8118;1,8283;2,1344;3,0362;3,243;3,243;3,2513;3,2513;3,516;3,7228;3,7725;3,7394;3,5656;3,6649;4,0289;5,0051;5,5594;5,6339;5,0382;4,1447;3,5729;2,7293;2,2628;2,0544;1,9651;2,0246;2,3918;3,6026;3,8111;3,9103;3,95;3,9698;4,2577;4,4661;4,5058;4,4958;4,3867;4,7638;5,3791;6,451;6,7785;6,6594;5,8853;4,9623
146;168,43;18022,6175;1840,1092;1643,6627;1528,318;1409,3687;1266,99;1229,1425;1856,3296;1600,4084;1288,6172;1239,9561;1391,3461;1724,7645;2,1369;1,6324;1,3534;1,2287;1,1753;1,2109;1,4305;2,1547;2,2794;2,3387;2,3625;2,3743;2,5465;2,6711;2,6949;2,6889;2,6236;2,8492;3,2172;3,8583;4,0542;3,9829;3,52;2,9679;2,1133;1,6143;1,3384;1,2151;1,1623;1,1975;1,4147;2,1309;2,2542;2,3129;2,3363;2,3481;2,5183;2,6416;2,6651;2,6592;2,5946;2,8177;3,1817;3,8156;4,0094;3,9389;3,481;2,9351;1,8685;1,4593;1,2227;1,1241;1,0797;1,0895;1,272;1,8093;1,9326;1,9326;1,9375;1,9375;2,0953;2,2185;2,2481;2,2284;2,1249;2,184;2,4009;2,9827;3,313;3,3574;3,0024;2,47;1,7805;1,3906;1,1651;1,0711;1,0288;1,0382;1,2121;1,7241;1,8416;1,8416;1,8463;1,8463;1,9966;2,1141;2,1422;2,1234;2,0248;2,0812;2,2879;2,8422;3,157;3,1993;2,861;2,3536;1,549;1,2098;1,0136;0,9319;0,8951;0,9032;1,0545;1,5;1,6021;1,6021;1,6062;1,6062;1,737;1,8392;1,8637;1,8474;1,7615;1,8106;1,9904;2,4727;2,7465;2,7833;2,489;2,0476;1,7167;1,3889;1,18;1,0857;1,0325;1,012;1,1062;1,3603;1,5159;1,561;1,602;1,6143;1,7577;1,8847;1,9175;1,8847;1,7986;1,7823;1,8601;2,1961;2,4747;2,6304;2,4706;2,1346;2,509;2,03;1,7246;1,5869;1,509;1,4791;1,6168;1,9881;2,2156;2,2815;2,3414;2,3593;2,5689;2,7546;2,8025;2,7546;2,6288;2,6048;2,7186;3,2097;3,6168;3,8444;3,6109;3,1198;2,1631;1,7501;1,4868;1,3681;1,301;1,2752;1,3939;1,714;1,9102;1,967;2,0186;2,0341;2,2148;2,3748;2,4161;2,3748;2,2664;2,2457;2,3438;2,7672;3,1182;3,3144;3,1131;2,6897;1,7998;1,4561;1,2371;1,1383;1,0824;1,061;1,1598;1,4261;1,5893;1,6365;1,6795;1,6924;1,8427;1,9759;2,0102;1,9759;1,8857;1,8685;1,9501;2,3023;2,5944;2,7576;2,5901;2,2379;1,5159;1,184;0,992;0,912;0,876;0,884;1,032;1,4679;1,5679;1,5679;1,5719;1,5719;1,6999;1,7999;1,8239;1,8079;1,7239;1,7719;1,9479;2,4199;2,6879;2,7239;2,4359;2,0039;1,7577;1,3728;1,1502;1,0574;1,0157;1,025;1,1966;1,7021;1,818;1,818;1,8227;1,8227;1,9711;2,087;2,1148;2,0963;1,9989;2,0546;2,2586;2,8059;3,1166;3,1584;2,8244;2,3235;2,003;1,53;1,2685;1,1517;1,1016;1,135;1,3409;2,0196;2,1365;2,1921;2,2144;2,2255;2,3869;2,5037;2,5259;2,5204;2,4592;2,6706;3,0156;3,6164;3,8;3,7333;3,2993;2,7819
147;173,59;23467,0836;2395,9892;2140,198;1990,0087;1835,1259;1649,736;1600,4551;2417,1096;2083,877;1677,8965;1614,5354;1811,6589;2245,7999;2,7824;2,1255;1,7622;1,5999;1,5303;1,5767;1,8627;2,8056;2,9679;3,0452;3,0761;3,0916;3,3157;3,478;3,509;3,5012;3,4162;3,7099;4,1891;5,0238;5,2789;5,1862;4,5833;3,8645;2,7517;2,102;1,7427;1,5822;1,5134;1,5593;1,8421;2,7746;2,9351;3,0116;3,0421;3,0574;3,2791;3,4396;3,4702;3,4625;3,3785;3,6689;4,1428;4,9683;5,2206;5,1288;4,5326;3,8218;2,4329;1,9001;1,592;1,4636;1,4058;1,4187;1,6562;2,3559;2,5164;2,5164;2,5228;2,5228;2,7282;2,8887;2,9272;2,9016;2,7668;2,8438;3,1262;3,8837;4,3138;4,3716;3,9094;3,2161;2,3184;1,8107;1,517;1,3947;1,3396;1,3519;1,5782;2,245;2,3979;2,3979;2,404;2,404;2,5998;2,7527;2,7894;2,7649;2,6365;2,7099;2,979;3,7008;4,1107;4,1657;3,7253;3,0647;2,0169;1,5752;1,3198;1,2134;1,1655;1,1761;1,373;1,9531;2,0861;2,0861;2,0914;2,0914;2,2617;2,3948;2,4267;2,4054;2,2937;2,3575;2,5917;3,2196;3,5762;3,6241;3,2409;2,6662;2,2353;1,8085;1,5364;1,4137;1,3444;1,3177;1,4404;1,7712;1,9739;2,0326;2,0859;2,1019;2,2887;2,454;2,4967;2,454;2,342;2,3207;2,422;2,8595;3,2222;3,425;3,2169;2,7795;3,267;2,6432;2,2456;2,0662;1,9649;1,9259;2,1052;2,5886;2,8849;2,9707;3,0487;3,0721;3,345;3,5867;3,6491;3,5867;3,4229;3,3918;3,5399;4,1793;4,7095;5,0058;4,7017;4,0623;2,8166;2,2788;1,936;1,7814;1,694;1,6604;1,815;2,2318;2,4872;2,5612;2,6284;2,6485;2,8838;3,0922;3,146;3,0922;2,951;2,9242;3,0519;3,6031;4,0602;4,3156;4,0535;3,5023;2,3435;1,896;1,6108;1,4821;1,4094;1,3815;1,5101;1,8569;2,0694;2,1309;2,1869;2,2036;2,3994;2,5728;2,6175;2,5728;2,4553;2,4329;2,5392;2,9978;3,3782;3,5907;3,3726;2,9139;1,9739;1,5416;1,2916;1,1875;1,1406;1,151;1,3437;1,9114;2,0416;2,0416;2,0468;2,0468;2,2135;2,3437;2,3749;2,3541;2,2447;2,3072;2,5364;3,1509;3,4999;3,5468;3,1718;2,6093;2,2887;1,7875;1,4976;1,3769;1,3225;1,3346;1,558;2,2163;2,3672;2,3672;2,3733;2,3733;2,5665;2,7175;2,7537;2,7296;2,6027;2,6752;2,9409;3,6535;4,0581;4,1125;3,6777;3,0255;2,608;1,9922;1,6517;1,4996;1,4344;1,4779;1,7459;2,6298;2,7819;2,8543;2,8833;2,8978;3,1079;3,26;3,289;3,2818;3,2021;3,4774;3,9265;4,7089;4,948;4,8611;4,296;3,6223
148;172,33;4044,5126;412,9447;368,8595;342,9747;316,2809;284,3292;275,8358;416,5848;359,1527;289,1826;278,2625;312,2364;387,0599;0,4795;0,3663;0,3037;0,2757;0,2638;0,2717;0,321;0,4835;0,5115;0,5248;0,5302;0,5328;0,5715;0,5994;0,6048;0,6034;0,5888;0,6394;0,722;0,8659;0,9098;0,8938;0,7899;0,666;0,4742;0,3623;0,3004;0,2727;0,2608;0,2687;0,3175;0,4782;0,5059;0,519;0,5243;0,5269;0,5651;0,5928;0,5981;0,5968;0,5823;0,6323;0,714;0,8563;0,8998;0,8839;0,7812;0,6587;0,4193;0,3275;0,2744;0,2523;0,2423;0,2445;0,2854;0,406;0,4337;0,4337;0,4348;0,4348;0,4702;0,4979;0,5045;0,5001;0,4768;0,4901;0,5388;0,6694;0,7435;0,7534;0,6738;0,5543;0,3996;0,3121;0,2615;0,2404;0,2309;0,233;0,272;0,3869;0,4133;0,4133;0,4143;0,4143;0,4481;0,4744;0,4807;0,4765;0,4544;0,467;0,5134;0,6378;0,7085;0,718;0,6421;0,5282;0,3476;0,2715;0,2275;0,2091;0,2009;0,2027;0,2366;0,3366;0,3595;0,3595;0,3605;0,3605;0,3898;0,4127;0,4182;0,4146;0,3953;0,4063;0,4467;0,5549;0,6164;0,6246;0,5586;0,4595;0,3853;0,3117;0,2648;0,2437;0,2317;0,2271;0,2483;0,3053;0,3402;0,3503;0,3595;0,3623;0,3944;0,4229;0,4303;0,4229;0,4036;0,4;0,4174;0,4928;0,5553;0,5903;0,5544;0,479;0,5631;0,4556;0,387;0,3561;0,3386;0,3319;0,3628;0,4461;0,4972;0,512;0,5254;0,5295;0,5765;0,6182;0,6289;0,6182;0,5899;0,5846;0,6101;0,7203;0,8117;0,8627;0,8103;0,7001;0,4854;0,3928;0,3337;0,307;0,292;0,2862;0,3128;0,3846;0,4287;0,4414;0,453;0,4565;0,497;0,5329;0,5422;0,5329;0,5086;0,504;0,526;0,621;0,6998;0,7438;0,6986;0,6036;0,4039;0,3268;0,2776;0,2554;0,2429;0,2381;0,2603;0,32;0,3567;0,3673;0,3769;0,3798;0,4135;0,4434;0,4511;0,4434;0,4232;0,4193;0,4376;0,5167;0,5822;0,6189;0,5813;0,5022;0,3402;0,2657;0,2226;0,2047;0,1966;0,1984;0,2316;0,3294;0,3519;0,3519;0,3528;0,3528;0,3815;0,4039;0,4093;0,4057;0,3869;0,3976;0,4371;0,5431;0,6032;0,6113;0,5467;0,4497;0,3945;0,3081;0,2581;0,2373;0,2279;0,23;0,2685;0,382;0,408;0,408;0,409;0,409;0,4423;0,4684;0,4746;0,4704;0,4486;0,4611;0,5069;0,6297;0,6994;0,7088;0,6338;0,5214;0,4495;0,3434;0,2847;0,2585;0,2472;0,2547;0,3009;0,4532;0,4795;0,4919;0,4969;0,4994;0,5356;0,5619;0,5669;0,5656;0,5519;0,5993;0,6767;0,8116;0,8528;0,8378;0,7404;0,6243
149;168,43;56927,5299;5812,3008;5191,7907;4827,4545;4451,7328;4002,0054;3882,4575;5863,5356;5055,1647;4070,3184;3916,6141;4394,8053;5447,9646;6,7498;5,1561;4,2749;3,8811;3,7124;3,8249;4,5186;6,806;7,1998;7,3872;7,4622;7,4997;8,0435;8,4372;8,5122;8,4935;8,2872;8,9997;10,1622;12,1871;12,8058;12,5808;11,1184;9,3747;6,6752;5,0991;4,2276;3,8382;3,6713;3,7826;4,4686;6,7308;7,1202;7,3056;7,3798;7,4168;7,9546;8,3439;8,4181;8,3996;8,1956;8,9002;10,0498;12,0524;12,6643;12,4418;10,9955;9,2711;5,902;4,6094;3,862;3,5505;3,4104;3,4415;4,0177;5,7151;6,1044;6,1044;6,12;6,12;6,6183;7,0076;7,101;7,0387;6,7117;6,8986;7,5838;9,4213;10,4647;10,6048;9,4836;7,8018;5,624;4,3924;3,6801;3,3833;3,2498;3,2794;3,8285;5,446;5,8169;5,8169;5,8318;5,8318;6,3066;6,6776;6,7666;6,7073;6,3957;6,5737;7,2266;8,9777;9,9719;10,1054;9,037;7,4344;4,8928;3,8213;3,2016;2,9434;2,8272;2,853;3,3307;4,7379;5,0606;5,0606;5,0735;5,0735;5,4866;5,8094;5,8868;5,8352;5,5641;5,719;6,287;7,8104;8,6753;8,7915;7,862;6,4678;5,4225;4,3872;3,7272;3,4295;3,2613;3,1966;3,4942;4,2966;4,7884;4,9307;5,0601;5,099;5,5519;5,9531;6,0566;5,9531;5,6813;5,6296;5,8755;6,9367;7,8167;8,3085;7,8037;6,7425;7,9252;6,4121;5,4474;5,0124;4,7665;4,6719;5,107;6,2797;6,9984;7,2065;7,3956;7,4524;8,1144;8,7007;8,852;8,7007;8,3035;8,2279;8,5872;10,1382;11,4244;12,1432;11,4055;9,8545;6,8326;5,5281;4,6964;4,3214;4,1094;4,0278;4,4029;5,4139;6,0336;6,213;6,376;6,425;6,9957;7,5012;7,6317;7,5012;7,1588;7,0935;7,4034;8,7405;9,8494;10,4691;9,8331;8,4959;5,6849;4,5995;3,9075;3,5954;3,4191;3,3512;3,6633;4,5045;5,0201;5,1693;5,305;5,3457;5,8206;6,2412;6,3497;6,2412;5,9562;5,902;6,1597;7,2723;8,1949;8,7105;8,1813;7,0688;4,7884;3,7397;3,1333;2,8806;2,7669;2,7922;3,2596;4,6368;4,9526;4,9526;4,9653;4,9653;5,3696;5,6854;5,7612;5,7107;5,4454;5,597;6,1529;7,6437;8,4902;8,6039;7,6943;6,3298;5,5521;4,3362;3,633;3,3401;3,2082;3,2375;3,7795;5,3763;5,7425;5,7425;5,7572;5,7572;6,226;6,5922;6,6801;6,6215;6,3139;6,4897;7,1342;8,8629;9,8444;9,9762;8,9215;7,3393;6,3267;4,8329;4,0069;3,6378;3,4797;3,5851;4,2354;6,3794;6,7484;6,9242;6,9945;7,0296;7,5393;7,9083;7,9786;7,9611;7,7677;8,4356;9,5252;11,4232;12,0031;11,7922;10,4214;8,787
150;173,59;18202,4339;1858,4685;1660,062;1543,5664;1423,4303;1279,6311;1241,406;1874,8507;1616,3761;1301,474;1252,3274;1405,2279;1741,9729;2,1582;1,6486;1,3669;1,241;1,187;1,223;1,4448;2,1762;2,3021;2,3621;2,386;2,398;2,5719;2,6978;2,7218;2,7158;2,6498;2,8776;3,2493;3,8968;4,0946;4,0227;3,5551;2,9975;2,1344;1,6304;1,3518;1,2273;1,1739;1,2095;1,4288;2,1522;2,2767;2,3359;2,3597;2,3715;2,5435;2,668;2,6917;2,6857;2,6205;2,8458;3,2134;3,8537;4,0494;3,9782;3,5158;2,9644;1,8871;1,4739;1,2349;1,1353;1,0905;1,1004;1,2846;1,8274;1,9519;1,9519;1,9568;1,9568;2,1162;2,2407;2,2705;2,2506;2,1461;2,2058;2,4249;3,0124;3,3461;3,3909;3,0324;2,4946;1,7983;1,4045;1,1767;1,0818;1,0391;1,0486;1,2242;1,7413;1,8599;1,8599;1,8647;1,8647;2,0165;2,1351;2,1636;2,1446;2,045;2,1019;2,3107;2,8706;3,1885;3,2312;2,8896;2,3771;1,5645;1,2218;1,0237;0,9411;0,904;0,9123;1,065;1,5149;1,6181;1,6181;1,6222;1,6222;1,7543;1,8575;1,8823;1,8658;1,7791;1,8286;2,0103;2,4973;2,7739;2,8111;2,5139;2,068;1,7338;1,4028;1,1917;1,0966;1,0428;1,0221;1,1173;1,3738;1,5311;1,5766;1,618;1,6304;1,7752;1,9035;1,9366;1,9035;1,8166;1,8;1,8787;2,218;2,4994;2,6566;2,4952;2,1559;2,5341;2,0502;1,7418;1,6027;1,5241;1,4938;1,6329;2,0079;2,2377;2,3043;2,3647;2,3829;2,5946;2,782;2,8304;2,782;2,655;2,6308;2,7457;3,2417;3,6529;3,8828;3,6469;3,151;2,1847;1,7676;1,5017;1,3817;1,314;1,2879;1,4078;1,7311;1,9292;1,9866;2,0387;2,0544;2,2369;2,3985;2,4402;2,3985;2,289;2,2681;2,3672;2,7948;3,1493;3,3475;3,1441;2,7166;1,8177;1,4707;1,2494;1,1496;1,0932;1,0715;1,1713;1,4403;1,6052;1,6529;1,6963;1,7093;1,8611;1,9956;2,0303;1,9956;1,9045;1,8871;1,9696;2,3253;2,6203;2,7852;2,616;2,2602;1,5311;1,1958;1,0019;0,9211;0,8847;0,8928;1,0423;1,4826;1,5836;1,5836;1,5876;1,5876;1,7169;1,8179;1,8421;1,826;1,7411;1,7896;1,9674;2,4441;2,7147;2,7511;2,4602;2,0239;1,7753;1,3865;1,1617;1,068;1,0258;1,0352;1,2085;1,7191;1,8362;1,8362;1,8408;1,8408;1,9907;2,1078;2,1359;2,1172;2,0188;2,0751;2,2812;2,8339;3,1477;3,1899;2,8526;2,3467;2,0229;1,5453;1,2812;1,1632;1,1126;1,1463;1,3542;2,0398;2,1578;2,214;2,2365;2,2477;2,4107;2,5287;2,5511;2,5455;2,4837;2,6972;3,0456;3,6525;3,838;3,7705;3,3322;2,8096
151;172,33;27154,794;2772,5045;2476,5172;2302,7265;2123,5049;1908,982;1851,957;2796,9438;2411,3457;1941,5678;1868,2498;2096,3501;2598,7138;3,2197;2,4595;2,0391;1,8513;1,7708;1,8245;2,1554;3,2465;3,4343;3,5238;3,5595;3,5774;3,8368;4,0246;4,0604;4,0514;3,9531;4,2929;4,8474;5,8133;6,1085;6,0011;5,3035;4,4718;3,1841;2,4323;2,0166;1,8309;1,7513;1,8043;2,1316;3,2106;3,3964;3,4848;3,5202;3,5379;3,7944;3,9801;4,0155;4,0067;3,9094;4,2455;4,7938;5,7491;6,0409;5,9348;5,2449;4,4224;2,8153;2,1987;1,8422;1,6936;1,6268;1,6416;1,9165;2,7261;2,9118;2,9118;2,9193;2,9193;3,157;3,3427;3,3872;3,3575;3,2015;3,2907;3,6175;4,494;4,9917;5,0586;4,5237;3,7215;2,6827;2,0952;1,7554;1,6139;1,5502;1,5643;1,8262;2,5978;2,7747;2,7747;2,7818;2,7818;3,0083;3,1853;3,2277;3,1994;3,0508;3,1357;3,4472;4,2824;4,7567;4,8204;4,3107;3,5463;2,3339;1,8228;1,5272;1,404;1,3486;1,3609;1,5888;2,26;2,4139;2,4139;2,4201;2,4201;2,6172;2,7711;2,8081;2,7834;2,6541;2,728;2,9989;3,7256;4,1382;4,1936;3,7502;3,0852;2,5866;2,0927;1,7779;1,6359;1,5556;1,5248;1,6668;2,0495;2,2841;2,352;2,4137;2,4322;2,6483;2,8397;2,8891;2,8397;2,71;2,6853;2,8026;3,3088;3,7286;3,9632;3,7224;3,2162;3,7804;3,0586;2,5985;2,3909;2,2736;2,2285;2,436;2,9954;3,3383;3,4375;3,5278;3,5548;3,8706;4,1503;4,2225;4,1503;3,9608;3,9247;4,0962;4,836;5,4495;5,7924;5,4405;4,7007;3,2592;2,6369;2,2402;2,0613;1,9602;1,9213;2,1002;2,5825;2,8781;2,9636;3,0414;3,0647;3,337;3,5781;3,6404;3,5781;3,4148;3,3837;3,5315;4,1693;4,6982;4,9938;4,6905;4,0526;2,7117;2,194;1,8639;1,7151;1,6309;1,5986;1,7474;2,1487;2,3946;2,4658;2,5305;2,5499;2,7764;2,9771;3,0288;2,9771;2,8412;2,8153;2,9382;3,4689;3,909;4,155;3,9026;3,3719;2,2841;1,7839;1,4946;1,3741;1,3198;1,3319;1,5549;2,2118;2,3624;2,3624;2,3685;2,3685;2,5613;2,712;2,7481;2,724;2,5975;2,6698;2,935;3,6461;4,0499;4,1041;3,6702;3,0193;2,6484;2,0684;1,733;1,5932;1,5303;1,5443;1,8029;2,5645;2,7392;2,7392;2,7462;2,7462;2,9698;3,1445;3,1865;3,1585;3,0118;3,0956;3,4031;4,2276;4,6958;4,7587;4,2556;3,5009;3,0179;2,3053;1,9113;1,7353;1,6598;1,7101;2,0203;3,043;3,2191;3,3029;3,3364;3,3532;3,5963;3,7723;3,8059;3,7975;3,7053;4,0238;4,5436;5,4489;5,7256;5,625;4,9711;4,1915
152;168,43;36123,4985;3688,2092;3294,4631;3063,2727;2824,8576;2539,4819;2463,6226;3720,7203;3207,7667;2582,8301;2485,2967;2788,7341;3457,0188;4,2831;3,2718;2,7126;2,4628;2,3557;2,4271;2,8673;4,3188;4,5686;4,6876;4,7352;4,759;5,104;5,3539;5,4014;5,3895;5,2587;5,7108;6,4484;7,7333;8,126;7,9832;7,0552;5,9487;4,2357;3,2356;2,6826;2,4355;2,3297;2,4003;2,8356;4,271;4,5181;4,6358;4,6828;4,7064;5,0476;5,2947;5,3417;5,33;5,2005;5,6477;6,3771;7,6479;8,0361;7,8949;6,9772;5,883;3,7451;2,9249;2,4506;2,253;2,1641;2,1838;2,5494;3,6265;3,8736;3,8736;3,8834;3,8834;4,1996;4,4467;4,506;4,4664;4,2589;4,3775;4,8123;5,9783;6,6404;6,7293;6,0178;4,9506;3,5687;2,7872;2,3352;2,1469;2,0621;2,081;2,4294;3,4557;3,6911;3,6911;3,7006;3,7006;4,0019;4,2373;4,2938;4,2561;4,0584;4,1714;4,5857;5,6968;6,3277;6,4124;5,7345;4,7175;3,1047;2,4248;2,0316;1,8677;1,794;1,8104;2,1135;3,0064;3,2112;3,2112;3,2194;3,2194;3,4815;3,6863;3,7355;3,7027;3,5307;3,629;3,9894;4,9561;5,5049;5,5787;4,9889;4,1041;3,4409;2,7839;2,3651;2,1762;2,0694;2,0284;2,2173;2,7264;3,0385;3,1288;3,2109;3,2356;3,523;3,7776;3,8433;3,7776;3,6051;3,5723;3,7283;4,4017;4,9601;5,2722;4,9519;4,2785;5,029;4,0688;3,4567;3,1806;3,0246;2,9646;3,2406;3,9848;4,4409;4,5729;4,6929;4,7289;5,149;5,5211;5,6171;5,5211;5,269;5,221;5,4491;6,4332;7,2494;7,7055;7,2374;6,2532;4,3357;3,5078;2,9801;2,7421;2,6076;2,5559;2,7939;3,4354;3,8286;3,9424;4,0459;4,077;4,4391;4,7599;4,8427;4,7599;4,5426;4,5012;4,6978;5,5463;6,25;6,6432;6,2396;5,3911;3,6074;2,9186;2,4795;2,2815;2,1696;2,1265;2,3245;2,8583;3,1855;3,2802;3,3663;3,3921;3,6934;3,9603;4,0292;3,9603;3,7795;3,7451;3,9087;4,6147;5,2001;5,5273;5,1915;4,4855;3,0385;2,3731;1,9882;1,8279;1,7557;1,7718;2,0684;2,9423;3,1427;3,1427;3,1507;3,1507;3,4073;3,6077;3,6558;3,6237;3,4554;3,5516;3,9043;4,8503;5,3875;5,4596;4,8824;4,0166;3,5231;2,7516;2,3054;2,1194;2,0358;2,0544;2,3983;3,4116;3,6439;3,6439;3,6532;3,6532;3,9507;4,1831;4,2389;4,2017;4,0065;4,118;4,527;5,6239;6,2468;6,3304;5,6611;4,6572;4,0146;3,0667;2,5426;2,3084;2,208;2,2749;2,6876;4,0481;4,2822;4,3938;4,4384;4,4607;4,7841;5,0183;5,0629;5,0517;4,929;5,3528;6,0442;7,2486;7,6166;7,4828;6,6129;5,5758
153;168,43;7245,0265;739,7172;660,7464;614,3782;566,5611;509,3254;494,1108;746,2377;643,3584;518,0194;498,4578;559,316;693,349;0,859;0,6562;0,5441;0,4939;0,4725;0,4868;0,5751;0,8662;0,9163;0,9402;0,9497;0,9545;1,0237;1,0738;1,0833;1,0809;1,0547;1,1454;1,2933;1,551;1,6298;1,6011;1,415;1,1931;0,8495;0,6489;0,538;0,4885;0,4672;0,4814;0,5687;0,8566;0,9062;0,9298;0,9392;0,9439;1,0124;1,0619;1,0714;1,069;1,043;1,1327;1,279;1,5339;1,6117;1,5834;1,3994;1,1799;0,7511;0,5866;0,4915;0,4519;0,434;0,438;0,5113;0,7273;0,7769;0,7769;0,7789;0,7789;0,8423;0,8918;0,9037;0,8958;0,8542;0,878;0,9652;1,199;1,3318;1,3497;1,207;0,9929;0,7158;0,559;0,4684;0,4306;0,4136;0,4174;0,4872;0,6931;0,7403;0,7403;0,7422;0,7422;0,8026;0,8498;0,8612;0,8536;0,814;0,8366;0,9197;1,1426;1,2691;1,2861;1,1501;0,9462;0,6227;0,4863;0,4075;0,3746;0,3598;0,3631;0,4239;0,603;0,6441;0,6441;0,6457;0,6457;0,6983;0,7393;0,7492;0,7426;0,7081;0,7278;0,8001;0,994;1,1041;1,1189;1,0006;0,8231;0,6901;0,5583;0,4743;0,4365;0,4151;0,4068;0,4447;0,5468;0,6094;0,6275;0,644;0,6489;0,7066;0,7576;0,7708;0,7576;0,723;0,7165;0,7478;0,8828;0,9948;1,0574;0,9932;0,8581;1,0086;0,816;0,6933;0,6379;0,6066;0,5946;0,6499;0,7992;0,8907;0,9172;0,9412;0,9484;1,0327;1,1073;1,1266;1,1073;1,0568;1,0471;1,0929;1,2903;1,454;1,5454;1,4516;1,2542;0,8696;0,7035;0,5977;0,55;0,523;0,5126;0,5603;0,689;0,7679;0,7907;0,8115;0,8177;0,8903;0,9547;0,9713;0,9547;0,9111;0,9028;0,9422;1,1124;1,2535;1,3324;1,2514;1,0813;0,7235;0,5854;0,4973;0,4576;0,4351;0,4265;0,4662;0,5733;0,6389;0,6579;0,6752;0,6803;0,7408;0,7943;0,8081;0,7943;0,758;0,7511;0,7839;0,9255;1,0429;1,1086;1,0412;0,8996;0,6094;0,4759;0,3988;0,3666;0,3521;0,3554;0,4148;0,5901;0,6303;0,6303;0,6319;0,6319;0,6834;0,7236;0,7332;0,7268;0,693;0,7123;0,7831;0,9728;1,0805;1,095;0,9792;0,8056;0,7066;0,5519;0,4624;0,4251;0,4083;0,412;0,481;0,6842;0,7308;0,7308;0,7327;0,7327;0,7924;0,839;0,8502;0,8427;0,8036;0,8259;0,908;1,128;1,2529;1,2696;1,1354;0,9341;0,8052;0,6151;0,5099;0,463;0,4428;0,4563;0,539;0,8119;0,8589;0,8812;0,8902;0,8946;0,9595;1,0065;1,0154;1,0132;0,9886;1,0736;1,2122;1,4538;1,5276;1,5008;1,3263;1,1183
154;168,43;25200,4871;2572,9697;2298,2844;2137,0013;1970,6781;1771,5942;1718,6732;2595,6502;2237,8033;1801,8348;1733,7935;1945,4776;2411,6866;2,988;2,2825;1,8924;1,7181;1,6434;1,6932;2,0003;3,0129;3,1872;3,2702;3,3034;3,32;3,5607;3,735;3,7682;3,7599;3,6686;3,984;4,4985;5,3949;5,6688;5,5692;4,9218;4,15;2,9549;2,2572;1,8715;1,6991;1,6252;1,6745;1,9782;2,9796;3,1519;3,234;3,2668;3,2833;3,5213;3,6937;3,7265;3,7183;3,628;3,9399;4,4488;5,3353;5,6062;5,5077;4,8674;4,1041;2,6127;2,0405;1,7096;1,5717;1,5097;1,5235;1,7785;2,5299;2,7023;2,7023;2,7092;2,7092;2,9298;3,1021;3,1435;3,1159;2,9711;3,0538;3,3572;4,1706;4,6325;4,6945;4,1982;3,4537;2,4896;1,9444;1,6291;1,4977;1,4386;1,4517;1,6948;2,4108;2,575;2,575;2,5816;2,5816;2,7918;2,956;2,9954;2,9692;2,8312;2,91;3,1991;3,9742;4,4143;4,4734;4,0005;3,291;2,1659;1,6916;1,4173;1,303;1,2515;1,263;1,4744;2,0973;2,2402;2,2402;2,2459;2,2459;2,4288;2,5717;2,606;2,5831;2,4631;2,5317;2,7831;3,4575;3,8404;3,8918;3,4803;2,8631;2,4004;1,9421;1,6499;1,5182;1,4437;1,415;1,5468;1,902;2,1197;2,1827;2,24;2,2572;2,4577;2,6353;2,6811;2,6353;2,515;2,4921;2,6009;3,0707;3,4603;3,678;3,4545;2,9848;3,5083;2,8385;2,4114;2,2189;2,11;2,0681;2,2607;2,7799;3,098;3,1901;3,2739;3,299;3,592;3,8516;3,9186;3,8516;3,6758;3,6423;3,8014;4,488;5,0573;5,3755;5,049;4,3624;3,0246;2,4471;2,079;1,913;1,8191;1,783;1,9491;2,3966;2,6709;2,7503;2,8225;2,8442;3,0968;3,3206;3,3784;3,3206;3,169;3,1401;3,2773;3,8692;4,3601;4,6344;4,3529;3,761;2,5166;2,0361;1,7298;1,5916;1,5135;1,4835;1,6217;1,994;2,2223;2,2883;2,3484;2,3664;2,5766;2,7628;2,8109;2,7628;2,6367;2,6127;2,7268;3,2193;3,6277;3,8559;3,6217;3,1292;2,1197;1,6555;1,387;1,2752;1,2248;1,236;1,443;2,0526;2,1924;2,1924;2,198;2,198;2,377;2,5168;2,5504;2,528;2,4105;2,4776;2,7237;3,3837;3,7584;3,8088;3,4061;2,802;2,4578;1,9195;1,6083;1,4786;1,4202;1,4332;1,6731;2,38;2,5421;2,5421;2,5486;2,5486;2,7561;2,9182;2,9571;2,9312;2,795;2,8728;3,1582;3,9234;4,3579;4,4162;3,9493;3,2489;2,8007;2,1394;1,7738;1,6104;1,5404;1,587;1,8749;2,824;2,9874;3,0652;3,0963;3,1119;3,3375;3,5008;3,532;3,5242;3,4386;3,7342;4,2166;5,0568;5,3135;5,2201;4,6133;3,8898
155;173,59;13807,3713;1409,7326;1259,2323;1170,8651;1079,7364;970,6582;941,6627;1422,1592;1226,0946;987,227;949,9471;1065,9291;1321,3654;1,6371;1,2506;1,0368;0,9413;0,9004;0,9277;1,096;1,6508;1,7462;1,7917;1,8099;1,819;1,9509;2,0464;2,0646;2,06;2,01;2,1828;2,4648;2,9559;3,106;3,0514;2,6967;2,2738;1,619;1,2367;1,0254;0,9309;0,8905;0,9174;1,0838;1,6325;1,7269;1,7719;1,7899;1,7989;1,9293;2,0238;2,0418;2,0373;1,9878;2,1587;2,4375;2,9232;3,0716;3,0177;2,6669;2,2486;1,4315;1,118;0,9367;0,8612;0,8272;0,8347;0,9745;1,3862;1,4806;1,4806;1,4844;1,4844;1,6052;1,6996;1,7223;1,7072;1,6279;1,6732;1,8394;2,2851;2,5381;2,5721;2,3002;1,8923;1,3641;1,0653;0,8926;0,8206;0,7882;0,7954;0,9286;1,3209;1,4109;1,4109;1,4145;1,4145;1,5296;1,6196;1,6412;1,6268;1,5512;1,5944;1,7528;2,1775;2,4186;2,451;2,1919;1,8032;1,1867;0,9268;0,7765;0,7139;0,6857;0,692;0,8078;1,1491;1,2274;1,2274;1,2305;1,2305;1,3307;1,409;1,4278;1,4153;1,3495;1,3871;1,5249;1,8943;2,1041;2,1323;1,9069;1,5687;1,3152;1,0641;0,904;0,8318;0,791;0,7753;0,8475;1,0421;1,1614;1,1959;1,2273;1,2367;1,3466;1,4439;1,469;1,4439;1,378;1,3654;1,425;1,6824;1,8959;2,0152;1,8927;1,6354;1,9222;1,5552;1,3212;1,2157;1,1561;1,1331;1,2387;1,5231;1,6974;1,7479;1,7938;1,8075;1,9681;2,1103;2,147;2,1103;2,014;1,9956;2,0828;2,459;2,7709;2,9452;2,7663;2,3901;1,6572;1,3408;1,1391;1,0481;0,9967;0,9769;1,0679;1,3131;1,4634;1,5069;1,5465;1,5583;1,6968;1,8194;1,851;1,8194;1,7363;1,7205;1,7956;2,12;2,3889;2,5392;2,385;2,0606;1,3788;1,1156;0,9477;0,8721;0,8293;0,8128;0,8885;1,0925;1,2176;1,2538;1,2867;1,2966;1,4117;1,5137;1,5401;1,5137;1,4446;1,4315;1,494;1,7638;1,9876;2,1127;1,9843;1,7145;1,1614;0,907;0,76;0,6987;0,6711;0,6772;0,7906;1,1246;1,2012;1,2012;1,2043;1,2043;1,3023;1,379;1,3973;1,3851;1,3207;1,3575;1,4923;1,8539;2,0592;2,0868;1,8662;1,5352;1,3466;1,0517;0,8812;0,8101;0,7781;0,7852;0,9167;1,304;1,3928;1,3928;1,3964;1,3964;1,5101;1,5989;1,6202;1,606;1,5314;1,574;1,7304;2,1496;2,3877;2,4197;2,1638;1,7801;1,5345;1,1722;0,9718;0,8823;0,844;0,8695;1,0273;1,5473;1,6368;1,6794;1,6965;1,705;1,8286;1,9181;1,9352;1,9309;1,884;2,046;2,3103;2,7706;2,9113;2,8601;2,5276;2,1312
156;168,43;24688,5694;2520,7029;2251,5975;2093,5907;1930,6461;1735,6064;1683,7604;2542,9227;2192,345;1765,2327;1698,5736;1905,9576;2362,6961;2,9273;2,2361;1,8539;1,6832;1,61;1,6588;1,9596;2,9517;3,1224;3,2037;3,2363;3,2525;3,4883;3,6591;3,6916;3,6835;3,594;3,903;4,4072;5,2853;5,5537;5,4561;4,8219;4,0656;2,8949;2,2114;1,8334;1,6646;1,5922;1,6404;1,938;2,919;3,0879;3,1683;3,2005;3,2166;3,4498;3,6186;3,6508;3,6428;3,5543;3,8599;4,3584;5,2269;5,4923;5,3958;4,7686;4,0207;2,5596;1,999;1,6749;1,5398;1,479;1,4925;1,7424;2,4785;2,6474;2,6474;2,6541;2,6541;2,8702;3,0391;3,0796;3,0526;2,9108;2,9918;3,289;4,0859;4,5384;4,5991;4,1129;3,3835;2,439;1,9049;1,596;1,4673;1,4094;1,4222;1,6604;2,3618;2,5227;2,5227;2,5291;2,5291;2,7351;2,896;2,9346;2,9088;2,7737;2,8509;3,1341;3,8935;4,3246;4,3826;3,9192;3,2242;2,1219;1,6572;1,3885;1,2765;1,2261;1,2373;1,4445;2,0547;2,1947;2,1947;2,2003;2,2003;2,3795;2,5194;2,553;2,5306;2,4131;2,4802;2,7266;3,3872;3,7623;3,8127;3,4096;2,805;2,3517;1,9026;1,6164;1,4873;1,4144;1,3863;1,5154;1,8634;2,0766;2,1384;2,1945;2,2113;2,4078;2,5818;2,6267;2,5818;2,4639;2,4415;2,5481;3,0083;3,39;3,6032;3,3844;2,9241;3,437;2,7808;2,3625;2,1738;2,0672;2,0261;2,2148;2,7234;3,0351;3,1253;3,2074;3,232;3,5191;3,7734;3,839;3,7734;3,6011;3,5683;3,7242;4,3968;4,9546;5,2663;4,9464;4,2738;2,9632;2,3974;2,0368;1,8741;1,7822;1,7468;1,9095;2,3479;2,6167;2,6945;2,7652;2,7864;3,0339;3,2532;3,3097;3,2532;3,1046;3,0764;3,2107;3,7906;4,2715;4,5403;4,2645;3,6846;2,4654;1,9947;1,6946;1,5593;1,4828;1,4534;1,5887;1,9535;2,1771;2,2418;2,3007;2,3183;2,5243;2,7067;2,7538;2,7067;2,5831;2,5596;2,6714;3,1539;3,554;3,7776;3,5481;3,0656;2,0766;1,6219;1,3589;1,2493;1,2;1,2109;1,4137;2,0109;2,1479;2,1479;2,1534;2,1534;2,3287;2,4657;2,4985;2,4766;2,3616;2,4273;2,6684;3,315;3,6821;3,7314;3,3369;2,7451;2,4079;1,8805;1,5756;1,4485;1,3913;1,4041;1,6391;2,3316;2,4905;2,4905;2,4968;2,4968;2,7001;2,8589;2,8971;2,8716;2,7382;2,8145;3,094;3,8437;4,2693;4,3265;3,8691;3,1829;2,7438;2,0959;1,7377;1,5777;1,5091;1,5548;1,8368;2,7666;2,9267;3,0029;3,0334;3,0486;3,2697;3,4297;3,4602;3,4526;3,3687;3,6584;4,1309;4,954;5,2056;5,1141;4,5196;3,8108
157;168,43;47977,7252;4898,5257;4375,5685;4068,5111;3751,8581;3372,8341;3272,0809;4941,7057;4260,422;3430,4074;3300,8675;3703,8804;4591,4683;5,6886;4,3455;3,6028;3,271;3,1287;3,2235;3,8082;5,736;6,0679;6,2259;6,2891;6,3207;6,7789;7,1108;7,174;7,1582;6,9843;7,5848;8,5645;10,2711;10,7926;10,6029;9,3704;7,9008;5,6257;4,2974;3,563;3,2348;3,0942;3,1879;3,7661;5,6726;6,0008;6,1571;6,2196;6,2508;6,704;7,0322;7,0947;7,079;6,9071;7,501;8,4699;10,1576;10,6733;10,4857;9,2668;7,8135;4,9741;3,8848;3,2548;2,9923;2,8742;2,9005;3,3861;4,8166;5,1447;5,1447;5,1578;5,1578;5,5778;5,9059;5,9846;5,9322;5,6565;5,814;6,3915;7,9402;8,8195;8,9376;7,9927;6,5752;4,7398;3,7018;3,1015;2,8514;2,7389;2,7639;3,2266;4,5898;4,9024;4,9024;4,9149;4,9149;5,3151;5,6278;5,7028;5,6528;5,3902;5,5402;6,0905;7,5662;8,4042;8,5167;7,6163;6,2656;4,1236;3,2205;2,6983;2,4807;2,3827;2,4045;2,8071;3,993;4,265;4,265;4,2759;4,2759;4,624;4,896;4,9613;4,9178;4,6893;4,8199;5,2986;6,5825;7,3114;7,4094;6,626;5,4509;4,57;3,6975;3,1412;2,8903;2,7485;2,694;2,9449;3,6211;4,0356;4,1555;4,2646;4,2973;4,6791;5,0172;5,1044;5,0172;4,7881;4,7445;4,9517;5,8461;6,5878;7,0023;6,5769;5,6825;6,6793;5,404;4,591;4,2244;4,0171;3,9374;4,3041;5,2924;5,8982;6,0735;6,2329;6,2807;6,8387;7,3329;7,4604;7,3329;6,9981;6,9343;7,2372;8,5444;9,6284;10,2341;9,6124;8,3053;5,7584;4,659;3,9581;3,642;3,4633;3,3946;3,7107;4,5628;5,085;5,2362;5,3736;5,4149;5,8959;6,3219;6,4319;6,3219;6,0333;5,9783;6,2395;7,3664;8,301;8,8232;8,2872;7,1603;4,7911;3,8764;3,2932;3,0302;2,8815;2,8244;3,0874;3,7963;4,2308;4,3566;4,471;4,5053;4,9055;5,26;5,3514;5,26;5,0198;4,9741;5,1913;6,129;6,9066;7,3411;6,8951;5,9575;4,0356;3,1518;2,6407;2,4277;2,3319;2,3532;2,7472;3,9078;4,174;4,174;4,1846;4,1846;4,5254;4,7916;4,8555;4,8129;4,5893;4,717;5,1856;6,442;7,1554;7,2513;6,4846;5,3346;4,6792;3,6545;3,0619;2,8149;2,7038;2,7285;3,1853;4,5311;4,8397;4,8397;4,8521;4,8521;5,2472;5,5558;5,6299;5,5805;5,3212;5,4694;6,0126;7,4695;8,2967;8,4078;7,5189;6,1855;5,332;4,0731;3,377;3,0659;2,9326;3,0215;3,5695;5,3765;5,6875;5,8356;5,8949;5,9245;6,354;6,665;6,7243;6,7095;6,5465;7,1094;8,0277;9,6273;10,116;9,9383;8,783;7,4056
158;173,59;34107,5314;3482,379;3110,6069;2892,3187;2667,209;2397,7595;2326,1336;3513,0757;3028,7488;2438,6885;2346,5982;2633,1014;3264,0908;4,0441;3,0892;2,5612;2,3253;2,2242;2,2916;2,7073;4,0778;4,3137;4,426;4,4709;4,4934;4,8192;5,0551;5,1;5,0888;4,9652;5,3921;6,0885;7,3018;7,6725;7,5377;6,6615;5,6167;3,9994;3,0551;2,5329;2,2996;2,1996;2,2663;2,6773;4,0327;4,266;4,3771;4,4215;4,4437;4,7659;4,9992;5,0436;5,0325;4,9103;5,3325;6,0212;7,2211;7,5877;7,4543;6,5878;5,5547;3,5361;2,7617;2,3139;2,1273;2,0433;2,0619;2,4072;3,4241;3,6574;3,6574;3,6667;3,6667;3,9653;4,1985;4,2545;4,2172;4,0213;4,1332;4,5437;5,6447;6,2698;6,3538;5,682;4,6744;3,3696;2,6316;2,2049;2,0271;1,9471;1,9648;2,2938;3,2629;3,4852;3,4852;3,494;3,494;3,7785;4,0008;4,0542;4,0186;3,8319;3,9386;4,3298;5,3789;5,9745;6,0546;5,4144;4,4542;2,9315;2,2895;1,9182;1,7635;1,6939;1,7094;1,9956;2,8386;3,032;3,032;3,0397;3,0397;3,2873;3,4806;3,527;3,4961;3,3337;3,4265;3,7668;4,6795;5,1977;5,2673;4,7104;3,8751;3,2488;2,6285;2,2331;2,0548;1,954;1,9152;2,0935;2,5743;2,8689;2,9542;3,0317;3,055;3,3264;3,5667;3,6288;3,5667;3,4039;3,3729;3,5202;4,156;4,6833;4,9779;4,6755;4,0397;4,7483;3,8417;3,2638;3,0031;2,8558;2,7991;3,0598;3,7624;4,193;4,3177;4,431;4,465;4,8616;5,213;5,3036;5,213;4,975;4,9296;5,145;6,0742;6,8448;7,2755;6,8335;5,9042;4,0937;3,3121;2,8138;2,5891;2,4621;2,4132;2,6379;3,2437;3,615;3,7224;3,8201;3,8494;4,1914;4,4943;4,5724;4,4943;4,2891;4,25;4,4357;5,2368;5,9012;6,2724;5,8914;5,0903;3,406;2,7557;2,3411;2,1542;2,0485;2,0079;2,1948;2,6988;3,0077;3,0971;3,1784;3,2028;3,4873;3,7393;3,8044;3,7393;3,5686;3,5361;3,6905;4,3571;4,9099;5,2188;4,9018;4,2352;2,8689;2,2406;1,8773;1,7259;1,6578;1,6729;1,953;2,7781;2,9673;2,9673;2,9749;2,9749;3,2171;3,4064;3,4518;3,4215;3,2625;3,3534;3,6864;4,5797;5,0868;5,1549;4,6099;3,7924;3,3265;2,598;2,1767;2,0012;1,9222;1,9397;2,2645;3,2212;3,4406;3,4406;3,4494;3,4494;3,7302;3,9497;4,0023;3,9672;3,7829;3,8882;4,2744;5,3101;5,8981;5,9771;5,3452;4,3973;3,7906;2,8956;2,4007;2,1796;2,0848;2,148;2,5376;3,8221;4,0433;4,1486;4,1907;4,2117;4,5171;4,7382;4,7803;4,7698;4,654;5,0541;5,7069;6,8441;7,1915;7,0652;6,2439;5,2647
159;173,59;39097,0185;3991,8056;3565,6481;3315,4272;3057,3868;2748,5204;2666,4167;4026,9929;3471,8152;2795,4368;2689,8749;3018,2898;3741,5847;4,6356;3,5411;2,9359;2,6655;2,5496;2,6269;3,1033;4,6743;4,9447;5,0735;5,125;5,1507;5,5241;5,7946;5,8461;5,8332;5,6915;6,1809;6,9792;8,3699;8,7948;8,6403;7,6359;6,4384;4,5844;3,502;2,9035;2,636;2,5214;2,5978;3,069;4,6226;4,89;5,0174;5,0683;5,0938;5,4631;5,7305;5,7814;5,7687;5,6286;6,1125;6,9021;8,2774;8,6976;8,5448;7,5515;6,3672;4,0534;3,1657;2,6523;2,4384;2,3422;2,3636;2,7593;3,925;4,1924;4,1924;4,2031;4,2031;4,5453;4,8127;4,8769;4,8341;4,6095;4,7379;5,2084;6,4704;7,187;7,2832;6,5132;5,3582;3,8625;3,0166;2,5274;2,3236;2,2319;2,2523;2,6294;3,7402;3,995;3,995;4,0052;4,0052;4,3313;4,5861;4,6472;4,6065;4,3924;4,5147;4,9632;6,1657;6,8485;6,9403;6,2065;5,1058;3,3603;2,6244;2,1988;2,0215;1,9417;1,9594;2,2875;3,2539;3,4755;3,4755;3,4844;3,4844;3,7681;3,9898;4,043;4,0075;3,8213;3,9277;4,3178;5,364;5,9581;6,0379;5,3995;4,442;3,7241;3,0131;2,5598;2,3553;2,2398;2,1953;2,3998;2,9508;3,2886;3,3863;3,4752;3,5019;3,813;4,0885;4,1596;4,0885;3,9019;3,8663;4,0352;4,764;5,3684;5,7061;5,3595;4,6307;5,4429;4,4037;3,7412;3,4424;3,2736;3,2086;3,5074;4,3128;4,8064;4,9493;5,0792;5,1182;5,5728;5,9755;6,0795;5,9755;5,7027;5,6508;5,8976;6,9628;7,8461;8,3398;7,8332;6,7679;4,6926;3,7966;3,2254;2,9678;2,8222;2,7663;3,0238;3,7182;4,1438;4,267;4,379;4,4126;4,8045;5,1517;5,2413;5,1517;4,9165;4,8717;5,0845;6,0029;6,7644;7,19;6,7532;5,8349;3,9043;3,1588;2,6836;2,4693;2,3482;2,3016;2,5159;3,0936;3,4477;3,5502;3,6434;3,6713;3,9975;4,2863;4,3609;4,2863;4,0907;4,0534;4,2304;4,9945;5,6281;5,9822;5,6188;4,8547;3,2886;2,5684;2,1519;1,9784;1,9003;1,9176;2,2387;3,1845;3,4014;3,4014;3,4101;3,4101;3,6877;3,9047;3,9567;3,922;3,7398;3,8439;4,2257;5,2496;5,831;5,909;5,2843;4,3472;3,8131;2,978;2,4951;2,2939;2,2034;2,2235;2,5957;3,6924;3,9439;3,9439;3,954;3,954;4,2759;4,5274;4,5878;4,5476;4,3363;4,457;4,8997;6,0869;6,761;6,8515;6,1271;5,0405;4,3451;3,3191;2,7519;2,4984;2,3898;2,4622;2,9088;4,3813;4,6347;4,7554;4,8037;4,8279;5,1779;5,4313;5,4796;5,4675;5,3348;5,7934;6,5417;7,8453;8,2436;8,0987;7,1573;6,0348
160;173,59;30981,3512;3163,196;2825,4992;2627,2186;2422,7417;2177,989;2112,9282;3191,0792;2751,144;2215,1666;2131,517;2391,7603;2964,9153;3,6734;2,8061;2,3265;2,1122;2,0204;2,0816;2,4591;3,704;3,9183;4,0203;4,0611;4,0815;4,3775;4,5917;4,6326;4,6223;4,5101;4,8979;5,5305;6,6325;6,9692;6,8468;6,0509;5,1019;3,6328;2,775;2,3008;2,0889;1,998;2,0586;2,4319;3,6631;3,875;3,9759;4,0162;4,0364;4,3291;4,541;4,5813;4,5713;4,4603;4,8437;5,4694;6,5592;6,8922;6,7711;5,984;5,0455;3,212;2,5086;2,1018;1,9323;1,856;1,873;2,1865;3,1103;3,3222;3,3222;3,3306;3,3306;3,6018;3,8137;3,8646;3,8307;3,6527;3,7544;4,1273;5,1273;5,6951;5,7714;5,1612;4,2459;3,0607;2,3904;2,0028;1,8413;1,7686;1,7848;2,0836;2,9638;3,1657;3,1657;3,1738;3,1738;3,4322;3,6341;3,6826;3,6503;3,4807;3,5776;3,9329;4,8859;5,4269;5,4996;4,9182;4,046;2,6628;2,0796;1,7424;1,6019;1,5386;1,5527;1,8126;2,5785;2,7541;2,7541;2,7611;2,7611;2,986;3,1616;3,2038;3,1756;3,0281;3,1124;3,4216;4,2506;4,7213;4,7846;4,2787;3,5199;2,9511;2,3876;2,0284;1,8664;1,7749;1,7396;1,9016;2,3383;2,6059;2,6834;2,7538;2,775;3,0215;3,2398;3,2962;3,2398;3,0919;3,0637;3,1976;3,7751;4,254;4,5217;4,247;3,6695;4,3131;3,4896;2,9646;2,7279;2,594;2,5426;2,7793;3,4175;3,8087;3,9219;4,0249;4,0558;4,416;4,7351;4,8175;4,7351;4,519;4,4778;4,6734;5,5175;6,2175;6,6086;6,2072;5,3631;3,7185;3,0085;2,5559;2,3518;2,2364;2,192;2,3962;2,9464;3,2836;3,3812;3,47;3,4966;3,8072;4,0823;4,1533;4,0823;3,896;3,8605;4,0291;4,7568;5,3603;5,6975;5,3514;4,6237;3,0938;2,5031;2,1266;1,9567;1,8607;1,8238;1,9936;2,4515;2,732;2,8133;2,8871;2,9093;3,1677;3,3966;3,4557;3,3966;3,2415;3,212;3,3523;3,9578;4,4599;4,7405;4,4525;3,847;2,606;2,0353;1,7052;1,5677;1,5058;1,5196;1,774;2,5234;2,6953;2,6953;2,7022;2,7022;2,9222;3,0941;3,1354;3,1079;2,9635;3,046;3,3485;4,1599;4,6206;4,6825;4,1874;3,4448;3,0216;2,3599;1,9772;1,8177;1,746;1,7619;2,0569;2,9259;3,1252;3,1252;3,1332;3,1332;3,3883;3,5876;3,6355;3,6036;3,4362;3,5318;3,8826;4,8234;5,3575;5,4293;4,8553;3,9942;3,4431;2,6302;2,1806;1,9798;1,8937;1,9511;2,305;3,4718;3,6727;3,7683;3,8066;3,8257;4,1031;4,3039;4,3422;4,3326;4,2274;4,5908;5,1838;6,2168;6,5324;6,4176;5,6716;4,7821
161;168,43;21529,8454;2198,1972;1963,5219;1825,7309;1683,6339;1513,5481;1468,3355;2217,5741;1911,8503;1539,3839;1481,2534;1662,1041;2060,4062;2,5527;1,95;1,6167;1,4678;1,404;1,4466;1,7089;2,574;2,7229;2,7938;2,8222;2,8364;3,042;3,1909;3,2193;3,2122;3,1342;3,4037;3,8433;4,6091;4,8431;4,758;4,2049;3,5455;2,5245;1,9285;1,5989;1,4516;1,3885;1,4306;1,69;2,5456;2,6928;2,763;2,791;2,805;3,0084;3,1557;3,1837;3,1767;3,0996;3,366;3,8008;4,5582;4,7896;4,7054;4,1585;3,5063;2,2321;1,7433;1,4606;1,3428;1,2898;1,3016;1,5195;2,1614;2,3087;2,3087;2,3146;2,3146;2,503;2,6503;2,6856;2,662;2,5384;2,609;2,8682;3,5631;3,9577;4,0107;3,5867;2,9506;2,127;1,6612;1,3918;1,2796;1,2291;1,2403;1,4479;2,0596;2,1999;2,1999;2,2056;2,2056;2,3851;2,5255;2,5591;2,5367;2,4188;2,4862;2,7331;3,3953;3,7713;3,8218;3,4178;2,8117;1,8504;1,4452;1,2108;1,1132;1,0692;1,079;1,2597;1,7918;1,9139;1,9139;1,9188;1,9188;2,075;2,1971;2,2264;2,2069;2,1043;2,1629;2,3777;2,9539;3,281;3,3249;2,9734;2,4461;2,0508;1,6592;1,4096;1,297;1,2334;1,2089;1,3215;1,625;1,8109;1,8648;1,9137;1,9284;2,0997;2,2514;2,2906;2,2514;2,1487;2,1291;2,2221;2,6234;2,9562;3,1422;2,9514;2,55;2,9973;2,425;2,0602;1,8957;1,8027;1,7669;1,9314;2,375;2,6468;2,7255;2,797;2,8185;3,0688;3,2906;3,3478;3,2906;3,1404;3,1118;3,2477;3,8343;4,3207;4,5925;4,3135;3,727;2,5841;2,0907;1,7762;1,6343;1,5541;1,5233;1,6652;2,0475;2,2819;2,3497;2,4114;2,4299;2,6458;2,8369;2,8863;2,8369;2,7074;2,6828;2,7999;3,3057;3,725;3,9594;3,7189;3,2131;2,15;1,7395;1,4778;1,3598;1,2931;1,2674;1,3854;1,7036;1,8986;1,955;2,0063;2,0217;2,2013;2,3604;2,4014;2,3604;2,2526;2,2321;2,3296;2,7504;3,0993;3,2943;3,0942;2,6734;1,811;1,4144;1,185;1,0894;1,0464;1,056;1,2328;1,7536;1,8731;1,8731;1,8778;1,8778;2,0308;2,1502;2,1789;2,1598;2,0594;2,1168;2,327;2,8908;3,211;3,254;2,9099;2,3939;2,0998;1,6399;1,374;1,2632;1,2133;1,2244;1,4294;2,0333;2,1718;2,1718;2,1774;2,1774;2,3546;2,4932;2,5264;2,5042;2,3879;2,4544;2,6981;3,3519;3,7231;3,773;3,3741;2,7757;2,3927;1,8278;1,5154;1,3758;1,316;1,3559;1,6018;2,4127;2,5522;2,6187;2,6453;2,6586;2,8513;2,9909;3,0175;3,0109;2,9377;3,1903;3,6024;4,3202;4,5395;4,4598;3,9414;3,3232
162;168,43;55692,7993;5686,2348;5079,1833;4722,7494;4355,1769;3915,2038;3798,2489;5736,3583;4945,5206;3982,0351;3831,6646;4299,4841;5329,8009;6,6034;5,0442;4,1821;3,7969;3,6319;3,7419;4,4206;6,6584;7,0436;7,227;7,3004;7,3371;7,869;8,2542;8,3276;8,3092;8,1075;8,8045;9,9417;11,9228;12,5281;12,3079;10,8772;9,1713;6,5304;4,9885;4,1359;3,755;3,5917;3,7005;4,3717;6,5848;6,9657;7,1471;7,2197;7,256;7,782;8,163;8,2355;8,2174;8,0179;8,7072;9,8318;11,791;12,3896;12,1719;10,757;9,07;5,7739;4,5095;3,7782;3,4735;3,3364;3,3669;3,9305;5,5911;5,972;5,972;5,9872;5,9872;6,4747;6,8556;6,947;6,8861;6,5661;6,749;7,4193;9,217;10,2377;10,3748;9,2779;7,6326;5,502;4,2971;3,6003;3,3099;3,1793;3,2083;3,7455;5,3278;5,6908;5,6908;5,7053;5,7053;6,1698;6,5328;6,6199;6,5618;6,2569;6,4311;7,0699;8,7829;9,7556;9,8863;8,841;7,2731;4,7867;3,7384;3,1322;2,8796;2,7659;2,7912;3,2585;4,6351;4,9508;4,9508;4,9635;4,9635;5,3676;5,6834;5,7591;5,7086;5,4434;5,595;6,1507;7,641;8,4872;8,6008;7,6915;6,3275;5,3049;4,292;3,6463;3,3551;3,1905;3,1272;3,4184;4,2034;4,6845;4,8238;4,9504;4,9884;5,4315;5,824;5,9253;5,824;5,5581;5,5075;5,748;6,7862;7,6471;8,1283;7,6345;6,5963;7,7533;6,273;5,3293;4,9037;4,6631;4,5706;4,9962;6,1435;6,8466;7,0502;7,2352;7,2907;7,9384;8,512;8,6601;8,512;8,1234;8,0494;8,401;9,9183;11,1766;11,8798;11,1581;9,6408;6,6844;5,4082;4,5945;4,2276;4,0202;3,9405;4,3074;5,2965;5,9027;6,0782;6,2377;6,2856;6,844;7,3385;7,4661;7,3385;7,0035;6,9397;7,2428;8,551;9,6358;10,242;9,6198;8,3117;5,5616;4,4997;3,8228;3,5175;3,3449;3,2785;3,5838;4,4068;4,9112;5,0572;5,1899;5,2297;5,6943;6,1058;6,212;6,1058;5,827;5,774;6,0261;7,1146;8,0172;8,5216;8,0039;6,9155;4,6845;3,6586;3,0653;2,8181;2,7069;2,7316;3,1889;4,5362;4,8452;4,8452;4,8576;4,8576;5,2531;5,5621;5,6363;5,5868;5,3272;5,4756;6,0194;7,4779;8,3061;8,4173;7,5274;6,1925;5,4317;4,2422;3,5542;3,2676;3,1386;3,1673;3,6976;5,2597;5,618;5,618;5,6323;5,6323;6,0909;6,4492;6,5352;6,4779;6,1769;6,3489;6,9795;8,6706;9,6308;9,7598;8,728;7,1801;6,1894;4,728;3,92;3,5589;3,4042;3,5074;4,1435;6,241;6,6021;6,774;6,8428;6,8772;7,3758;7,7368;7,8056;7,7884;7,5993;8,2526;9,3186;11,1754;11,7428;11,5364;10,1954;8,5965
163;168,43;20366,1886;2079,3879;1857,3964;1727,0528;1592,6359;1431,7431;1388,9741;2097,7174;1808,5175;1456,1825;1401,1938;1572,2698;1949,0442;2,4148;1,8446;1,5294;1,3885;1,3281;1,3684;1,6166;2,4349;2,5758;2,6428;2,6697;2,6831;2,8776;3,0185;3,0453;3,0386;2,9648;3,2197;3,6356;4,36;4,5814;4,5009;3,9777;3,3539;2,3881;1,8242;1,5125;1,3731;1,3134;1,3532;1,5987;2,408;2,5473;2,6136;2,6402;2,6534;2,8458;2,9851;3,0116;3,005;2,932;3,1841;3,5954;4,3118;4,5307;4,4511;3,9337;3,3168;2,1115;1,6491;1,3816;1,2702;1,2201;1,2312;1,4374;2,0446;2,1839;2,1839;2,1895;2,1895;2,3677;2,507;2,5404;2,5182;2,4012;2,468;2,7131;3,3705;3,7438;3,7939;3,3928;2,7911;2,012;1,5714;1,3166;1,2104;1,1626;1,1732;1,3697;1,9483;2,081;2,081;2,0864;2,0864;2,2562;2,389;2,4208;2,3996;2,2881;2,3518;2,5854;3,2118;3,5675;3,6153;3,2331;2,6597;1,7504;1,3671;1,1454;1,053;1,0115;1,0207;1,1916;1,695;1,8105;1,8105;1,8151;1,8151;1,9629;2,0783;2,106;2,0876;1,9906;2,046;2,2492;2,7942;3,1036;3,1452;2,8127;2,3139;1,9399;1,5695;1,3334;1,2269;1,1667;1,1436;1,2501;1,5371;1,7131;1,764;1,8103;1,8242;1,9862;2,1298;2,1668;2,1298;2,0325;2,014;2,102;2,4816;2,7965;2,9724;2,7918;2,4122;2,8353;2,294;1,9488;1,7932;1,7052;1,6714;1,827;2,2466;2,5037;2,5782;2,6458;2,6661;2,903;3,1127;3,1669;3,1127;2,9706;2,9436;3,0721;3,627;4,0872;4,3443;4,0804;3,5255;2,4444;1,9777;1,6802;1,546;1,4701;1,441;1,5752;1,9369;2,1586;2,2227;2,2811;2,2986;2,5028;2,6836;2,7303;2,6836;2,5611;2,5378;2,6486;3,127;3,5237;3,7454;3,5179;3,0395;2,0338;1,6455;1,3979;1,2863;1,2232;1,1989;1,3106;1,6115;1,796;1,8494;1,8979;1,9125;2,0823;2,2328;2,2716;2,2328;2,1309;2,1115;2,2037;2,6017;2,9318;3,1162;2,9269;2,5289;1,7131;1,3379;1,121;1,0306;0,9899;0,9989;1,1662;1,6588;1,7718;1,7718;1,7764;1,7764;1,921;2,034;2,0611;2,043;1,9481;2,0024;2,2012;2,7346;3,0374;3,0781;2,7527;2,2645;1,9863;1,5513;1,2997;1,1949;1,1478;1,1582;1,3522;1,9234;2,0544;2,0544;2,0597;2,0597;2,2274;2,3584;2,3899;2,3689;2,2588;2,3217;2,5523;3,1707;3,5219;3,5691;3,1917;2,6257;2,2634;1,729;1,4335;1,3015;1,2449;1,2826;1,5152;2,2823;2,4143;2,4772;2,5023;2,5149;2,6972;2,8293;2,8544;2,8481;2,779;3,0179;3,4077;4,0867;4,2942;4,2187;3,7283;3,1436
164;173,59;10674,9866;1089,9161;973,5588;905,2389;834,7839;750,4516;728,0341;1099,5236;947,9388;763,2615;734,4391;824,109;1021,5962;1,2657;0,9669;0,8016;0,7278;0,6961;0,7172;0,8473;1,2763;1,3501;1,3852;1,3993;1,4063;1,5083;1,5821;1,5962;1,5927;1,554;1,6876;1,9056;2,2853;2,4013;2,3591;2,0849;1,7579;1,2517;0,9562;0,7928;0,7197;0,6884;0,7093;0,838;1,2621;1,3352;1,3699;1,3838;1,3908;1,4916;1,5646;1,5786;1,5751;1,5368;1,669;1,8845;2,26;2,3748;2,3331;2,0619;1,7385;1,1067;0,8644;0,7242;0,6658;0,6395;0,6453;0,7534;1,0717;1,1447;1,1447;1,1476;1,1476;1,2411;1,3141;1,3316;1,3199;1,2586;1,2936;1,4221;1,7667;1,9623;1,9886;1,7784;1,463;1,0546;0,8237;0,6901;0,6344;0,6094;0,615;0,7179;1,0212;1,0908;1,0908;1,0936;1,0936;1,1826;1,2522;1,2689;1,2577;1,1993;1,2327;1,3551;1,6835;1,8699;1,895;1,6946;1,3941;0,9175;0,7166;0,6004;0,5519;0,5302;0,535;0,6246;0,8884;0,949;0,949;0,9514;0,9514;1,0288;1,0894;1,1039;1,0942;1,0434;1,0724;1,1789;1,4646;1,6268;1,6486;1,4743;1,2128;1,0168;0,8227;0,6989;0,6431;0,6115;0,5994;0,6552;0,8057;0,8979;0,9246;0,9489;0,9562;1,0411;1,1163;1,1357;1,1163;1,0654;1,0556;1,1018;1,3008;1,4658;1,558;1,4633;1,2644;1,4861;1,2024;1,0215;0,9399;0,8938;0,8761;0,9576;1,1776;1,3123;1,3513;1,3868;1,3975;1,5216;1,6316;1,6599;1,6316;1,5571;1,5429;1,6103;1,9011;2,1423;2,2771;2,1388;1,8479;1,2812;1,0366;0,8807;0,8103;0,7706;0,7553;0,8256;1,0152;1,1314;1,165;1,1956;1,2048;1,3118;1,4066;1,4311;1,4066;1,3424;1,3302;1,3883;1,639;1,847;1,9632;1,8439;1,5931;1,066;0,8625;0,7327;0,6742;0,6411;0,6284;0,6869;0,8447;0,9414;0,9693;0,9948;1,0024;1,0915;1,1703;1,1907;1,1703;1,1169;1,1067;1,1551;1,3637;1,5367;1,6334;1,5342;1,3255;0,8979;0,7013;0,5876;0,5402;0,5188;0,5236;0,6112;0,8695;0,9287;0,9287;0,9311;0,9311;1,0069;1,0661;1,0803;1,0709;1,0211;1,0495;1,1538;1,4333;1,5921;1,6134;1,4428;1,1869;1,0411;0,8131;0,6813;0,6263;0,6016;0,6071;0,7087;1,0082;1,0768;1,0768;1,0796;1,0796;1,1675;1,2362;1,2526;1,2417;1,184;1,2169;1,3378;1,662;1,846;1,8707;1,6729;1,3763;1,1864;0,9063;0,7514;0,6822;0,6525;0,6723;0,7942;1,1963;1,2655;1,2984;1,3116;1,3182;1,4138;1,483;1,4961;1,4928;1,4566;1,5818;1,7861;2,1421;2,2508;2,2113;1,9542;1,6477
165;173,59;182704,5901;18654,1387;16662,6586;15493,3492;14287,4989;12844,1327;12460,453;18818,5728;16224,1676;13063,3782;12570,0758;14104,7944;17484,8293;21,6629;16,548;13,7198;12,4562;11,9146;12,2756;14,5021;21,8434;23,1071;23,7088;23,9495;24,0699;25,8149;27,0786;27,3193;27,2591;26,5972;28,8838;32,6147;39,1135;41,0993;40,3772;35,6836;30,0873;21,4234;16,3651;13,5682;12,3185;11,7829;12,1399;14,3418;21,6019;22,8516;23,4467;23,6848;23,8038;25,5296;26,7793;27,0173;26,9578;26,3032;28,5646;32,2541;38,6812;40,645;39,9309;35,2891;29,7547;18,9419;14,7936;12,3947;11,3951;10,9453;11,0453;12,8945;18,3421;19,5916;19,5916;19,6416;19,6416;21,2409;22,4903;22,7902;22,5903;21,5408;22,1405;24,3396;30,237;33,5856;34,0354;30,4369;25,0393;18,0499;14,097;11,811;10,8585;10,4299;10,5251;12,2872;17,4784;18,669;18,669;18,7166;18,7166;20,2406;21,4312;21,717;21,5265;20,5264;21,0979;23,1934;28,8131;32,004;32,4326;29,0036;23,8601;15,703;12,2641;10,2753;9,4467;9,0738;9,1566;10,6896;15,2058;16,2416;16,2416;16,283;16,283;17,6089;18,6447;18,8933;18,7276;17,8575;18,3547;20,1777;25,0668;27,8428;28,2157;25,2325;20,7578;17,4031;14,0803;11,962;11,0067;10,4668;10,2591;11,2144;13,7896;15,3679;15,8248;16,2401;16,3647;17,8184;19,106;19,4383;19,106;18,2338;18,0677;18,8568;22,2627;25,087;26,6654;25,0455;21,6397;25,4354;20,579;17,4831;16,0868;15,2977;14,9942;16,3904;20,1541;22,4609;23,1286;23,7357;23,9178;26,0425;27,9243;28,41;27,9243;26,6495;26,4067;27,5601;32,5379;36,6659;38,9727;36,6052;31,6273;21,9288;17,7419;15,0728;13,869;13,1887;12,927;14,1307;17,3756;19,3643;19,94;20,4634;20,6204;22,4522;24,0746;24,4933;24,0746;22,9755;22,7662;23,7606;28,0521;31,611;33,5997;31,5586;27,2671;18,2452;14,7616;12,5408;11,5393;10,9732;10,7555;11,757;14,4568;16,1115;16,5905;17,0259;17,1566;18,6806;20,0305;20,3789;20,0305;19,1161;18,9419;19,7692;23,3399;26,3009;27,9556;26,2574;22,6867;15,3679;12,0024;10,0561;9,2451;8,8802;8,9612;10,4615;14,8813;15,8951;15,8951;15,9356;15,9356;17,2332;18,2469;18,4902;18,328;17,4765;17,963;19,7472;24,5319;27,2487;27,6136;24,6941;20,3149;17,8191;13,9167;11,66;10,7196;10,2965;10,3905;12,1301;17,2549;18,4303;18,4303;18,4773;18,4773;19,9818;21,1572;21,4393;21,2512;20,2639;20,8281;22,8968;28,4447;31,5947;32,0179;28,6327;23,555;20,305;15,5107;12,8598;11,6754;11,1677;11,5061;13,593;20,4742;21,6586;22,2227;22,4483;22,5611;24,1967;25,3812;25,6068;25,5504;24,93;27,0733;30,5702;36,6617;38,523;37,8462;33,4468;28,2013
166;173,59;36472,9308;3723,8862;3326,3313;3092,9045;2852,1832;2564,047;2487,4539;3756,7119;3238,7963;2607,8146;2509,3376;2815,7103;3490,4595;4,3245;3,3034;2,7389;2,4866;2,3785;2,4506;2,895;4,3606;4,6128;4,7329;4,781;4,805;5,1534;5,4056;5,4537;5,4417;5,3095;5,766;6,5108;7,8081;8,2046;8,0604;7,1234;6,0063;4,2767;3,2669;2,7086;2,4591;2,3522;2,4235;2,863;4,3124;4,5618;4,6806;4,7281;4,7519;5,0964;5,3459;5,3934;5,3815;5,2509;5,7023;6,4388;7,7218;8,1139;7,9713;7,0447;5,9399;3,7813;2,9532;2,4743;2,2748;2,185;2,2049;2,5741;3,6616;3,911;3,911;3,921;3,921;4,2403;4,4897;4,5496;4,5097;4,3001;4,4199;4,8589;6,0362;6,7046;6,7944;6,0761;4,9985;3,6033;2,8142;2,3578;2,1677;2,0821;2,1011;2,4529;3,4892;3,7269;3,7269;3,7364;3,7364;4,0406;4,2783;4,3353;4,2973;4,0976;4,2117;4,63;5,7519;6,3889;6,4745;5,7899;4,7631;3,1348;2,4483;2,0512;1,8858;1,8114;1,8279;2,1339;3,0355;3,2423;3,2423;3,2505;3,2505;3,5152;3,722;3,7716;3,7385;3,5649;3,6641;4,028;5,004;5,5582;5,6326;5,0371;4,1438;3,4741;2,8108;2,388;2,1973;2,0895;2,048;2,2387;2,7528;3,0679;3,1591;3,242;3,2669;3,5571;3,8141;3,8804;3,8141;3,64;3,6068;3,7643;4,4443;5,0081;5,3232;4,9998;4,3199;5,0776;4,1081;3,4901;3,2114;3,0538;2,9933;3,272;4,0233;4,4838;4,6171;4,7383;4,7747;5,1988;5,5745;5,6714;5,5745;5,32;5,2715;5,5018;6,4955;7,3195;7,78;7,3074;6,3137;4,3776;3,5418;3,0089;2,7686;2,6328;2,5806;2,8209;3,4686;3,8657;3,9806;4,0851;4,1164;4,4821;4,806;4,8895;4,806;4,5866;4,5448;4,7433;5,6;6,3104;6,7074;6,3;5,4433;3,6422;2,9468;2,5035;2,3036;2,1906;2,1471;2,347;2,886;3,2163;3,3119;3,3989;3,4249;3,7292;3,9986;4,0682;3,9986;3,8161;3,7813;3,9465;4,6593;5,2504;5,5807;5,2417;4,5289;3,0679;2,396;2,0075;1,8456;1,7727;1,7889;2,0884;2,9707;3,1731;3,1731;3,1812;3,1812;3,4402;3,6426;3,6912;3,6588;3,4888;3,5859;3,9421;4,8973;5,4396;5,5124;4,9296;4,0554;3,5572;2,7782;2,3277;2,1399;2,0555;2,0742;2,4215;3,4446;3,6792;3,6792;3,6886;3,6886;3,9889;4,2236;4,2799;4,2423;4,0452;4,1579;4,5708;5,6783;6,3072;6,3917;5,7159;4,7022;4,0534;3,0964;2,5672;2,3307;2,2294;2,2969;2,7136;4,0872;4,3237;4,4363;4,4813;4,5038;4,8303;5,0668;5,1118;5,1006;4,9767;5,4046;6,1027;7,3187;7,6903;7,5552;6,6769;5,6298
167;168,43;33945,2977;3465,8149;3095,8111;2878,5612;2654,5223;2386,3544;2315,0693;3496,3657;3014,3424;2427,0888;2335,4365;2620,577;3248,565;4,0248;3,0745;2,5491;2,3143;2,2136;2,2807;2,6944;4,0584;4,2931;4,4049;4,4497;4,472;4,7962;5,031;5,0757;5,0646;4,9416;5,3664;6,0596;7,267;7,636;7,5018;6,6298;5,59;3,9803;3,0405;2,5209;2,2887;2,1892;2,2555;2,6646;4,0135;4,2457;4,3562;4,4005;4,4226;4,7432;4,9754;5,0196;5,0086;4,887;5,3071;5,9926;7,1867;7,5516;7,4189;6,5565;5,5282;3,5193;2,7486;2,3028;2,1171;2,0336;2,0521;2,3957;3,4078;3,64;3,64;3,6493;3,6493;3,9464;4,1786;4,2343;4,1971;4,0021;4,1136;4,5221;5,6178;6,24;6,3235;5,655;4,6521;3,3535;2,6191;2,1944;2,0174;1,9378;1,9555;2,2829;3,2474;3,4686;3,4686;3,4774;3,4774;3,7606;3,9818;4,0349;3,9995;3,8137;3,9198;4,3092;5,3533;5,9461;6,0258;5,3887;4,4331;2,9175;2,2786;1,9091;1,7551;1,6858;1,7012;1,9861;2,8251;3,0176;3,0176;3,0253;3,0253;3,2716;3,4641;3,5103;3,4795;3,3178;3,4102;3,7489;4,6572;5,173;5,2423;4,688;3,8567;3,2334;2,616;2,2225;2,045;1,9447;1,9061;2,0836;2,562;2,8553;2,9401;3,0173;3,0405;3,3105;3,5498;3,6115;3,5498;3,3877;3,3569;3,5035;4,1363;4,661;4,9542;4,6533;4,0205;4,7257;3,8234;3,2482;2,9888;2,8422;2,7858;3,0452;3,7445;4,1731;4,2971;4,4099;4,4438;4,8385;5,1882;5,2784;5,1882;4,9513;4,9062;5,1205;6,0453;6,8123;7,2409;6,801;5,8762;4,0742;3,2963;2,8004;2,5768;2,4504;2,4018;2,6254;3,2283;3,5978;3,7047;3,802;3,8311;4,1715;4,4729;4,5507;4,4729;4,2687;4,2298;4,4146;5,2119;5,8731;6,2426;5,8634;5,066;3,3898;2,7426;2,33;2,1439;2,0388;1,9983;2,1844;2,686;2,9934;3,0824;3,1633;3,1876;3,4707;3,7215;3,7863;3,7215;3,5516;3,5193;3,673;4,3364;4,8865;5,194;4,8784;4,215;2,8553;2,23;1,8683;1,7177;1,6499;1,6649;1,9437;2,7649;2,9532;2,9532;2,9607;2,9607;3,2018;3,3901;3,4354;3,4052;3,247;3,3374;3,6689;4,5579;5,0626;5,1304;4,588;3,7744;3,3107;2,5856;2,1663;1,9916;1,913;1,9305;2,2537;3,2058;3,4242;3,4242;3,433;3,433;3,7125;3,9309;3,9833;3,9483;3,7649;3,8697;4,2541;5,2848;5,8701;5,9487;5,3198;4,3764;3,7725;2,8818;2,3893;2,1692;2,0749;2,1378;2,5255;3,804;4,024;4,1288;4,1707;4,1917;4,4956;4,7157;4,7576;4,7471;4,6318;5,03;5,6797;6,8115;7,1573;7,0316;6,2142;5,2396
168;168,43;22354,7693;2282,4219;2038,755;1895,6844;1748,143;1571,5403;1524,5953;2302,5412;1985,1035;1598,366;1538,0081;1725,7882;2139,3514;2,6506;2,0247;1,6787;1,5241;1,4578;1,502;1,7744;2,6726;2,8273;2,9009;2,9303;2,9451;3,1586;3,3132;3,3426;3,3353;3,2543;3,5341;3,9906;4,7857;5,0287;4,9403;4,3661;3,6813;2,6213;2,0023;1,6601;1,5072;1,4417;1,4854;1,7548;2,6431;2,796;2,8688;2,8979;2,9125;3,1237;3,2766;3,3057;3,2984;3,2183;3,495;3,9464;4,7328;4,9731;4,8857;4,3178;3,6406;2,3176;1,8101;1,5165;1,3942;1,3392;1,3514;1,5777;2,2442;2,3971;2,3971;2,4032;2,4032;2,5989;2,7518;2,7885;2,764;2,6356;2,709;2,9781;3,6996;4,1094;4,1644;3,7241;3,0637;2,2085;1,7248;1,4451;1,3286;1,2761;1,2878;1,5034;2,1386;2,2842;2,2842;2,2901;2,2901;2,4765;2,6222;2,6572;2,6339;2,5115;2,5814;2,8378;3,5254;3,9158;3,9683;3,5487;2,9194;1,9213;1,5006;1,2572;1,1558;1,1102;1,1204;1,3079;1,8605;1,9872;1,9872;1,9923;1,9923;2,1545;2,2813;2,3117;2,2914;2,1849;2,2458;2,4688;3,067;3,4067;3,4523;3,0873;2,5398;2,1294;1,7228;1,4636;1,3467;1,2807;1,2553;1,3721;1,6872;1,8803;1,9362;1,9871;2,0023;2,1802;2,3377;2,3784;2,3377;2,231;2,2107;2,3072;2,7239;3,0695;3,2626;3,0644;2,6477;3,1121;2,5179;2,1391;1,9683;1,8717;1,8346;2,0054;2,4659;2,7482;2,8299;2,9042;2,9265;3,1864;3,4167;3,4761;3,4167;3,2607;3,231;3,3721;3,9812;4,4862;4,7685;4,4788;3,8698;2,6831;2,1708;1,8442;1,6969;1,6137;1,5817;1,729;2,126;2,3693;2,4398;2,5038;2,523;2,7471;2,9456;2,9969;2,9456;2,8112;2,7855;2,9072;3,4323;3,8678;4,1111;3,8613;3,3363;2,2324;1,8062;1,5344;1,4119;1,3426;1,316;1,4385;1,7689;1,9713;2,0299;2,0832;2,0992;2,2857;2,4508;2,4935;2,4508;2,3389;2,3176;2,4189;2,8557;3,218;3,4205;3,2127;2,7758;1,8803;1,4685;1,2304;1,1312;1,0865;1,0965;1,28;1,8208;1,9448;1,9448;1,9498;1,9498;2,1086;2,2326;2,2624;2,2425;2,1383;2,1979;2,4162;3,0016;3,334;3,3787;3,0214;2,4856;2,1802;1,7028;1,4267;1,3116;1,2598;1,2713;1,4842;2,1112;2,255;2,255;2,2608;2,2608;2,4449;2,5887;2,6232;2,6002;2,4794;2,5484;2,8015;3,4803;3,8658;3,9175;3,5034;2,8821;2,4844;1,8978;1,5735;1,4285;1,3664;1,4078;1,6632;2,5051;2,65;2,719;2,7467;2,7605;2,9606;3,1055;3,1331;3,1262;3,0503;3,3125;3,7404;4,4857;4,7135;4,6307;4,0924;3,4506
169;173,59;38663,6587;3947,5596;3526,1257;3278,6783;3023,4981;2718,0552;2636,8615;3982,3568;3433,3329;2764,4516;2660,0597;2984,8345;3700,1121;4,5843;3,5019;2,9034;2,636;2,5213;2,5977;3,0689;4,6225;4,8899;5,0172;5,0682;5,0936;5,4629;5,7303;5,7813;5,7685;5,6285;6,1124;6,9019;8,2771;8,6974;8,5446;7,5513;6,367;4,5336;3,4632;2,8713;2,6068;2,4935;2,569;3,035;4,5714;4,8358;4,9618;5,0121;5,0373;5,4025;5,667;5,7174;5,7048;5,5662;6,0448;6,8256;8,1856;8,6012;8,4501;7,4678;6,2967;4,0084;3,1306;2,6229;2,4114;2,3162;2,3374;2,7287;3,8815;4,1459;4,1459;4,1565;4,1565;4,495;4,7594;4,8228;4,7805;4,5584;4,6853;5,1507;6,3987;7,1073;7,2025;6,441;5,2988;3,8197;2,9832;2,4994;2,2979;2,2072;2,2273;2,6002;3,6987;3,9507;3,9507;3,9608;3,9608;4,2833;4,5352;4,5957;4,5554;4,3438;4,4647;4,9081;6,0974;6,7726;6,8633;6,1377;5,0492;3,323;2,5953;2,1744;1,9991;1,9202;1,9377;2,2621;3,2178;3,437;3,437;3,4458;3,4458;3,7264;3,9456;3,9982;3,9631;3,779;3,8842;4,27;5,3046;5,892;5,971;5,3397;4,3927;3,6828;2,9797;2,5314;2,3292;2,215;2,171;2,3732;2,9181;3,2521;3,3488;3,4367;3,4631;3,7707;4,0432;4,1135;4,0432;3,8586;3,8234;3,9905;4,7112;5,3089;5,6429;5,3001;4,5793;5,3826;4,3549;3,6997;3,4043;3,2373;3,173;3,4685;4,265;4,7531;4,8944;5,0229;5,0614;5,5111;5,9093;6,0121;5,9093;5,6395;5,5881;5,8322;6,8856;7,7592;8,2473;7,7463;6,6929;4,6405;3,7545;3,1897;2,9349;2,791;2,7356;2,9903;3,677;4,0978;4,2197;4,3304;4,3637;4,7513;5,0946;5,1832;5,0946;4,862;4,8177;5,0282;5,9363;6,6895;7,1103;6,6784;5,7702;3,861;3,1238;2,6539;2,4419;2,3221;2,2761;2,488;3,0593;3,4095;3,5109;3,603;3,6306;3,9532;4,2388;4,3125;4,2388;4,0453;4,0085;4,1835;4,9392;5,5658;5,9159;5,5565;4,8009;3,2521;2,5399;2,128;1,9564;1,8792;1,8964;2,2139;3,1492;3,3637;3,3637;3,3723;3,3723;3,6469;3,8614;3,9129;3,8785;3,6983;3,8013;4,1789;5,1914;5,7663;5,8436;5,2257;4,299;3,7708;2,945;2,4675;2,2685;2,1789;2,1988;2,567;3,6514;3,9002;3,9002;3,9101;3,9101;4,2285;4,4773;4,5369;4,4972;4,2882;4,4076;4,8454;6,0194;6,686;6,7756;6,0592;4,9847;4,2969;3,2824;2,7214;2,4707;2,3633;2,4349;2,8765;4,3327;4,5834;4,7027;4,7505;4,7743;5,1205;5,3711;5,4189;5,4069;5,2756;5,7292;6,4692;7,7583;8,1522;8,009;7,078;5,9679
170;168,43;37572,9327;3836,1964;3426,6515;3186,1847;2938,2033;2641,3772;2562,474;3870,0121;3336,4764;2686,4647;2585,0178;2900,6304;3595,7297;4,4549;3,4031;2,8215;2,5616;2,4502;2,5245;2,9823;4,4921;4,7519;4,8757;4,9252;4,9499;5,3088;5,5687;5,6182;5,6058;5,4697;5,9399;6,7072;8,0436;8,452;8,3035;7,3383;6,1874;4,4057;3,3655;2,7903;2,5333;2,4231;2,4966;2,9494;4,4424;4,6994;4,8218;4,8707;4,8952;5,2501;5,5071;5,5561;5,5438;5,4092;5,8743;6,633;7,9547;8,3586;8,2117;7,2572;6,119;3,8954;3,0423;2,5489;2,3434;2,2509;2,2714;2,6517;3,772;4,029;4,029;4,0393;4,0393;4,3682;4,6251;4,6868;4,6457;4,4298;4,5532;5,0054;6,2182;6,9068;6,9993;6,2593;5,1493;3,7119;2,899;2,4289;2,233;2,1449;2,1645;2,5269;3,5944;3,8393;3,8393;3,849;3,849;4,1625;4,4073;4,4661;4,4269;4,2212;4,3387;4,7697;5,9254;6,5816;6,6697;5,9646;4,9068;3,2293;2,5221;2,1131;1,9427;1,866;1,883;2,1983;3,127;3,3401;3,3401;3,3486;3,3486;3,6212;3,8343;3,8854;3,8513;3,6724;3,7746;4,1495;5,1549;5,7258;5,8025;5,189;4,2688;3,5789;2,8956;2,46;2,2635;2,1525;2,1098;2,3062;2,8358;3,1604;3,2543;3,3398;3,3654;3,6643;3,9291;3,9975;3,9291;3,7498;3,7156;3,8779;4,5783;5,1591;5,4837;5,1506;4,4502;5,2308;4,232;3,5954;3,3082;3,1459;3,0835;3,3707;4,1447;4,619;4,7564;4,8812;4,9187;5,3556;5,7426;5,8425;5,7426;5,4804;5,4305;5,6677;6,6914;7,5403;8,0147;7,5278;6,5041;4,5096;3,6486;3,0997;2,8521;2,7122;2,6584;2,906;3,5733;3,9822;4,1006;4,2083;4,2406;4,6173;4,9509;5,037;4,9509;4,7249;4,6818;4,8863;5,7689;6,5007;6,9097;6,49;5,6074;3,7521;3,0357;2,579;2,373;2,2566;2,2119;2,4178;2,973;3,3133;3,4118;3,5014;3,5282;3,8416;4,1192;4,1909;4,1192;3,9312;3,8954;4,0655;4,7998;5,4087;5,749;5,3998;4,6655;3,1604;2,4683;2,068;1,9012;1,8262;1,8429;2,1514;3,0603;3,2688;3,2688;3,2771;3,2771;3,544;3,7524;3,8025;3,7691;3,594;3,6941;4,061;5,045;5,6037;5,6787;5,0783;4,1777;3,6645;2,862;2,3979;2,2045;2,1175;2,1368;2,4945;3,5484;3,7902;3,7902;3,7998;3,7998;4,1092;4,3509;4,409;4,3703;4,1672;4,2833;4,7087;5,8496;6,4974;6,5844;5,8883;4,8441;4,1757;3,1898;2,6446;2,401;2,2966;2,3662;2,7954;4,2105;4,4541;4,5701;4,6165;4,6397;4,976;5,2196;5,266;5,2544;5,1268;5,5676;6,2867;7,5394;7,9222;7,783;6,8783;5,7996
171;173,59;37037,1841;3781,4965;3377,7912;3140,7532;2896,3078;2603,714;2525,936;3814,83;3288,9019;2648,1587;2548,1583;2859,2706;3544,4585;4,3914;3,3546;2,7812;2,5251;2,4153;2,4885;2,9398;4,428;4,6842;4,8062;4,855;4,8794;5,2331;5,4893;5,5381;5,5259;5,3917;5,8552;6,6115;7,9289;8,3315;8,1851;7,2336;6,0992;4,3429;3,3175;2,7505;2,4972;2,3886;2,461;2,9073;4,3791;4,6324;4,753;4,8013;4,8254;5,1753;5,4286;5,4768;5,4648;5,3321;5,7905;6,5384;7,8413;8,2394;8,0946;7,1537;6,0318;3,8398;2,9989;2,5126;2,31;2,2188;2,2391;2,6139;3,7182;3,9715;3,9715;3,9817;3,9817;4,3059;4,5592;4,6199;4,5794;4,3667;4,4882;4,934;6,1295;6,8083;6,8995;6,1701;5,0759;3,659;2,8577;2,3943;2,2012;2,1143;2,1336;2,4908;3,5431;3,7845;3,7845;3,7942;3,7942;4,1031;4,3445;4,4024;4,3638;4,161;4,2769;4,7017;5,8409;6,4877;6,5746;5,8795;4,8368;3,1833;2,4861;2,083;1,915;1,8394;1,8562;2,167;3,0825;3,2924;3,2924;3,3008;3,3008;3,5696;3,7796;3,83;3,7964;3,62;3,7208;4,0904;5,0814;5,6442;5,7198;5,115;4,2079;3,5279;2,8543;2,4249;2,2312;2,1218;2,0797;2,2733;2,7954;3,1153;3,2079;3,2921;3,3174;3,6121;3,8731;3,9405;3,8731;3,6963;3,6626;3,8226;4,513;5,0856;5,4055;5,0771;4,3867;5,1562;4,1717;3,5441;3,2611;3,1011;3,0396;3,3226;4,0856;4,5532;4,6885;4,8116;4,8485;5,2792;5,6607;5,7592;5,6607;5,4023;5,3531;5,5869;6,596;7,4328;7,9004;7,4205;6,4114;4,4453;3,5966;3,0555;2,8115;2,6736;2,6205;2,8645;3,5223;3,9255;4,0422;4,1483;4,1801;4,5514;4,8803;4,9652;4,8803;4,6575;4,6151;4,8166;5,6866;6,4081;6,8112;6,3974;5,5275;3,6986;2,9924;2,5422;2,3392;2,2245;2,1803;2,3833;2,9306;3,2661;3,3632;3,4514;3,4779;3,7869;4,0605;4,1311;4,0605;3,8751;3,8398;4,0075;4,7314;5,3316;5,6671;5,3228;4,599;3,1153;2,4331;2,0385;1,8741;1,8002;1,8166;2,1207;3,0167;3,2222;3,2222;3,2304;3,2304;3,4934;3,6989;3,7483;3,7154;3,5428;3,6414;4,0031;4,973;5,5237;5,5977;5,0059;4,1182;3,6122;2,8211;2,3637;2,173;2,0873;2,1063;2,459;3,4978;3,7361;3,7361;3,7456;3,7456;4,0506;4,2889;4,3461;4,308;4,1078;4,2222;4,6415;5,7662;6,4048;6,4905;5,8043;4,775;4,1161;3,1443;2,6069;2,3668;2,2639;2,3325;2,7555;4,1504;4,3906;4,5049;4,5506;4,5735;4,9051;5,1452;5,1909;5,1795;5,0537;5,4882;6,1971;7,4319;7,8092;7,672;6,7802;5,7169
172;173,59;62361,6281;6367,1222;5687,3805;5288,2661;4876,6793;4384,0225;4253,063;6423,2477;5537,7126;4458,8564;4290,48;4814,3177;5968,0078;7,3941;5,6483;4,6829;4,2516;4,0667;4,19;4,9499;7,4557;7,887;8,0924;8,1746;8,2156;8,8113;9,2426;9,3248;9,3042;9,0783;9,8588;11,1322;13,3504;14,0282;13,7817;12,1797;10,2696;7,3123;5,5858;4,6312;4,2046;4,0218;4,1437;4,8952;7,3733;7,7998;8,003;8,0842;8,1248;8,7139;9,1404;9,2217;9,2014;8,9779;9,7498;11,0091;13,2028;13,8731;13,6294;12,0451;10,156;6,4653;5,0494;4,2306;3,8894;3,7359;3,77;4,4012;6,2606;6,6871;6,6871;6,7042;6,7042;7,25;7,6765;7,7789;7,7106;7,3524;7,5571;8,3077;10,3206;11,4636;11,6171;10,3889;8,5465;6,1609;4,8117;4,0314;3,7063;3,56;3,5925;4,1939;5,9658;6,3722;6,3722;6,3884;6,3884;6,9086;7,315;7,4126;7,3475;7,0062;7,2012;7,9165;9,8346;10,9238;11,0701;9,8997;8,1441;5,3598;4,186;3,5072;3,2244;3,0971;3,1254;3,6486;5,1901;5,5437;5,5437;5,5578;5,5578;6,0104;6,3639;6,4488;6,3922;6,0952;6,2649;6,8872;8,5559;9,5034;9,6307;8,6125;7,0851;5,9401;4,806;4,0829;3,7569;3,5726;3,5017;3,8278;4,7067;5,2454;5,4014;5,5432;5,5857;6,0819;6,5214;6,6348;6,5214;6,2236;6,1669;6,4363;7,5988;8,5628;9,1016;8,5487;7,3862;8,6817;7,0241;5,9674;5,4908;5,2215;5,1179;5,5944;6,8791;7,6665;7,8944;8,1016;8,1637;8,8889;9,5313;9,697;9,5313;9,0961;9,0133;9,4069;11,106;12,515;13,3023;12,4943;10,7952;7,4848;6,0558;5,1447;4,7339;4,5016;4,4123;4,8232;5,9307;6,6095;6,806;6,9847;7,0383;7,6635;8,2173;8,3602;8,2173;7,8421;7,7707;8,1101;9,5749;10,7896;11,4684;10,7717;9,3069;6,2275;5,0385;4,2805;3,9387;3,7454;3,6711;4,013;4,9345;5,4993;5,6627;5,8114;5,856;6,3762;6,8369;6,9558;6,8369;6,5248;6,4653;6,7477;7,9665;8,9772;9,542;8,9623;7,7435;5,2455;4,0967;3,4324;3,1556;3,031;3,0587;3,5708;5,0794;5,4254;5,4254;5,4392;5,4392;5,8821;6,2281;6,3112;6,2558;5,9652;6,1312;6,7402;8,3734;9,3007;9,4252;8,4287;6,934;6,0821;4,7501;3,9798;3,6589;3,5145;3,5465;4,1403;5,8895;6,2907;6,2907;6,3068;6,3068;6,8203;7,2215;7,3178;7,2536;6,9166;7,1091;7,8152;9,7089;10,7841;10,9285;9,7731;8,0399;6,9306;5,2942;4,3894;3,9851;3,8118;3,9273;4,6396;6,9883;7,3926;7,5851;7,6622;7,7007;8,259;8,6632;8,7402;8,721;8,5092;9,2408;10,4344;12,5136;13,1489;12,9178;11,4162;9,6258
173;173,59;59504,7216;6075,4321;5426,8306;5046,0004;4653,2692;4183,1819;4058,222;6128,9863;5284,0193;4254,5876;4093,9248;4593,7645;5694,6019;7,0553;5,3895;4,4684;4,0568;3,8804;3,998;4,7232;7,1141;7,5257;7,7217;7,8001;7,8393;8,4076;8,8192;8,8976;8,878;8,6624;9,4071;10,6222;12,7388;13,3855;13,1504;11,6217;9,7991;6,9774;5,3299;4,419;4,012;3,8375;3,9538;4,671;7,0355;7,4425;7,6363;7,7139;7,7526;8,3147;8,7217;8,7992;8,7798;8,5666;9,3031;10,5048;12,598;13,2376;13,005;11,4933;9,6908;6,1691;4,8181;4,0368;3,7113;3,5648;3,5973;4,1996;5,9738;6,3807;6,3807;6,397;6,397;6,9179;7,3248;7,4225;7,3574;7,0156;7,2109;7,9271;9,8478;10,9384;11,0849;9,9129;8,155;5,8786;4,5912;3,8467;3,5365;3,3969;3,4279;4,0018;5,6925;6,0803;6,0803;6,0958;6,0958;6,5921;6,9799;7,073;7,0109;6,6852;6,8713;7,5538;9,3841;10,4233;10,5629;9,4461;7,771;5,1143;3,9943;3,3465;3,0767;2,9552;2,9822;3,4815;4,9523;5,2897;5,2897;5,3032;5,3032;5,735;6,0724;6,1533;6,0993;5,816;5,9779;6,5716;8,164;9,0681;9,1895;8,2179;6,7606;5,668;4,5858;3,8959;3,5848;3,4089;3,3413;3,6524;4,4911;5,0051;5,1539;5,2892;5,3298;5,8033;6,2226;6,3308;6,2226;5,9385;5,8844;6,1414;7,2507;8,1706;8,6846;8,157;7,0478;8,284;6,7023;5,694;5,2393;4,9823;4,8834;5,3381;6,5639;7,3152;7,5327;7,7304;7,7897;8,4817;9,0946;9,2528;9,0946;8,6794;8,6004;8,976;10,5972;11,9416;12,6929;11,9219;10,3007;7,1419;5,7783;4,909;4,517;4,2954;4,2102;4,6022;5,659;6,3067;6,4942;6,6647;6,7158;7,3124;7,8408;7,9772;7,8408;7,4829;7,4147;7,7385;9,1362;10,2953;10,943;10,2783;8,8806;5,9422;4,8077;4,0844;3,7582;3,5739;3,5029;3,8291;4,7084;5,2473;5,4033;5,5451;5,5877;6,0841;6,5237;6,6372;6,5237;6,2259;6,1692;6,4386;7,6015;8,5659;9,1048;8,5517;7,3888;5,0052;3,909;3,2751;3,011;2,8922;2,9186;3,4072;4,8467;5,1768;5,1768;5,19;5,19;5,6126;5,9428;6,022;5,9692;5,6919;5,8504;6,4314;7,9898;8,8746;8,9934;8,0426;6,6163;5,8035;4,5325;3,7975;3,4913;3,3534;3,3841;3,9506;5,6197;6,0025;6,0025;6,0178;6,0178;6,5078;6,8906;6,9825;6,9213;6,5997;6,7835;7,4572;9,2641;10,29;10,4278;9,3253;7,6716;6,6131;5,0517;4,1883;3,8025;3,6372;3,7474;4,4271;6,6682;7,054;7,2377;7,3111;7,3479;7,8806;8,2664;8,3398;8,3215;8,1194;8,8174;9,9564;11,9403;12,5465;12,3261;10,8932;9,1848
174;173,59;39604,1117;4043,5798;3611,895;3358,4287;3097,0415;2784,1691;2701,0004;4079,2235;3516,8451;2831,694;2724,7629;3057,4374;3790,1135;4,6958;3,587;2,974;2,7001;2,5827;2,6609;3,1436;4,7349;5,0088;5,1393;5,1914;5,2175;5,5958;5,8697;5,9219;5,9088;5,7654;6,261;7,0697;8,4785;8,9089;8,7524;7,735;6,5219;4,6439;3,5474;2,9411;2,6702;2,5541;2,6315;3,1088;4,6826;4,9535;5,0825;5,1341;5,1598;5,5339;5,8048;5,8564;5,8435;5,7016;6,1918;6,9916;8,3848;8,8104;8,6556;7,6495;6,4498;4,1059;3,2068;2,6867;2,4701;2,3726;2,3942;2,7951;3,9759;4,2468;4,2468;4,2576;4,2576;4,6043;4,8751;4,9401;4,8968;4,6693;4,7993;5,276;6,5544;7,2802;7,3777;6,5977;5,4277;3,9126;3,0557;2,5602;2,3538;2,2608;2,2815;2,6635;3,7887;4,0468;4,0468;4,0571;4,0571;4,3875;4,6456;4,7075;4,6662;4,4494;4,5733;5,0275;6,2457;6,9374;7,0303;6,287;5,1721;3,4039;2,6584;2,2273;2,0477;1,9669;1,9848;2,3171;3,2961;3,5206;3,5206;3,5296;3,5296;3,817;4,0415;4,0954;4,0595;3,8709;3,9787;4,3738;5,4336;6,0354;6,1162;5,4695;4,4996;3,7724;3,0521;2,593;2,3859;2,2688;2,2238;2,4309;2,9891;3,3312;3,4303;3,5203;3,5473;3,8624;4,1415;4,2136;4,1415;3,9525;3,9165;4,0875;4,8258;5,438;5,7801;5,429;4,6907;5,5135;4,4608;3,7897;3,4871;3,316;3,2502;3,5529;4,3687;4,8688;5,0135;5,1451;5,1846;5,6451;6,053;6,1583;6,053;5,7767;5,7241;5,9741;7,0531;7,9479;8,4479;7,9347;6,8557;4,7534;3,8458;3,2673;3,0063;2,8589;2,8021;3,0631;3,7664;4,1975;4,3223;4,4358;4,4698;4,8669;5,2185;5,3093;5,2185;4,9803;4,9349;5,1505;6,0807;6,8522;7,2833;6,8408;5,9106;3,9549;3,1998;2,7184;2,5013;2,3786;2,3314;2,5485;3,1337;3,4924;3,5963;3,6906;3,719;4,0493;4,3419;4,4174;4,3419;4,1437;4,106;4,2853;5,0593;5,7011;6,0598;5,6917;4,9177;3,3312;2,6017;2,1798;2,004;1,9249;1,9425;2,2677;3,2258;3,4455;3,4455;3,4543;3,4543;3,7356;3,9553;4,008;3,9729;3,7883;3,8938;4,2805;5,3177;5,9066;5,9857;5,3528;4,4036;3,8626;3,0167;2,5275;2,3237;2,2319;2,2523;2,6294;3,7403;3,9951;3,9951;4,0052;4,0052;4,3314;4,5862;4,6473;4,6065;4,3925;4,5148;4,9632;6,1658;6,8487;6,9404;6,2066;5,1059;4,4014;3,3622;2,7876;2,5308;2,4208;2,4941;2,9465;4,4381;4,6949;4,8171;4,866;4,8905;5,245;5,5018;5,5507;5,5385;5,404;5,8686;6,6266;7,947;8,3505;8,2038;7,2501;6,1131
175;173,59;19476,9628;1988,5979;1776,299;1651,6464;1523,0985;1369,2305;1328,3289;2006,1272;1729,5543;1392,6028;1340,015;1503,6215;1863,9453;2,3093;1,7641;1,4626;1,3279;1,2701;1,3086;1,546;2,3286;2,4633;2,5274;2,5531;2,5659;2,752;2,8867;2,9123;2,9059;2,8354;3,0791;3,4768;4,1696;4,3813;4,3044;3,804;3,2074;2,2838;1,7446;1,4464;1,3132;1,2561;1,2942;1,5289;2,3028;2,4361;2,4995;2,5249;2,5376;2,7215;2,8548;2,8801;2,8738;2,804;3,0451;3,4384;4,1236;4,3329;4,2568;3,7619;3,172;2,0193;1,5771;1,3213;1,2148;1,1668;1,1775;1,3746;1,9553;2,0885;2,0885;2,0939;2,0939;2,2644;2,3976;2,4295;2,4082;2,2963;2,3603;2,5947;3,2234;3,5803;3,6283;3,2447;2,6693;1,9242;1,5028;1,2591;1,1576;1,1119;1,122;1,3099;1,8633;1,9902;1,9902;1,9953;1,9953;2,1577;2,2846;2,3151;2,2948;2,1882;2,2491;2,4725;3,0716;3,4117;3,4574;3,0919;2,5436;1,674;1,3074;1,0954;1,007;0,9673;0,9761;1,1396;1,621;1,7314;1,7314;1,7358;1,7358;1,8772;1,9876;2,0141;1,9964;1,9037;1,9567;2,151;2,6722;2,9681;3,0079;2,6899;2,2129;1,8552;1,501;1,2752;1,1734;1,1158;1,0937;1,1955;1,47;1,6383;1,687;1,7313;1,7445;1,8995;2,0368;2,0722;2,0368;1,9438;1,9261;2,0102;2,3733;2,6744;2,8426;2,6699;2,3069;2,7115;2,1938;1,8638;1,7149;1,6308;1,5984;1,7473;2,1485;2,3944;2,4656;2,5303;2,5497;2,7762;2,9768;3,0286;2,9768;2,8409;2,815;2,938;3,4687;3,9087;4,1546;3,9022;3,3716;2,3377;1,8914;1,6068;1,4785;1,406;1,3781;1,5064;1,8523;2,0643;2,1257;2,1815;2,1982;2,3935;2,5664;2,6111;2,5664;2,4493;2,427;2,533;2,9905;3,3698;3,5819;3,3643;2,9068;1,945;1,5736;1,3369;1,2301;1,1698;1,1466;1,2533;1,5411;1,7175;1,7686;1,815;1,829;1,9914;2,1353;2,1725;2,1353;2,0378;2,0193;2,1075;2,4881;2,8038;2,9802;2,7991;2,4185;1,6383;1,2795;1,072;0,9856;0,9467;0,9553;1,1152;1,5864;1,6945;1,6945;1,6988;1,6988;1,8371;1,9452;1,9711;1,9538;1,8631;1,9149;2,1051;2,6152;2,9048;2,9437;2,6325;2,1656;1,8996;1,4836;1,243;1,1428;1,0976;1,1077;1,2931;1,8394;1,9647;1,9647;1,9697;1,9697;2,1301;2,2554;2,2855;2,2655;2,1602;2,2203;2,4409;3,0323;3,3681;3,4132;3,0524;2,511;2,1646;1,6535;1,3709;1,2446;1,1905;1,2266;1,4491;2,1826;2,3089;2,369;2,3931;2,4051;2,5795;2,7057;2,7298;2,7238;2,6576;2,8861;3,2589;3,9083;4,1067;4,0345;3,5655;3,0064
176;173,59;26325,7169;2687,8557;2400,9054;2232,4208;2058,6711;1850,6979;1795,4139;2711,5488;2337,7237;1882,2888;1811,2093;2032,3453;2519,3711;3,1214;2,3844;1,9769;1,7948;1,7168;1,7688;2,0896;3,1474;3,3295;3,4162;3,4509;3,4682;3,7196;3,9017;3,9364;3,9277;3,8324;4,1618;4,6994;5,6358;5,922;5,8179;5,1416;4,3353;3,0869;2,358;1,955;1,775;1,6978;1,7492;2,0665;3,1126;3,2927;3,3784;3,4127;3,4299;3,6785;3,8586;3,8929;3,8843;3,79;4,1158;4,6475;5,5735;5,8565;5,7536;5,0848;4,2873;2,7293;2,1316;1,7859;1,6419;1,5771;1,5915;1,858;2,6429;2,8229;2,8229;2,8301;2,8301;3,0606;3,2406;3,2838;3,255;3,1038;3,1902;3,5071;4,3568;4,8393;4,9041;4,3856;3,6079;2,6008;2,0312;1,7018;1,5646;1,5028;1,5166;1,7705;2,5184;2,69;2,69;2,6969;2,6969;2,9165;3,088;3,1292;3,1017;2,9576;3,04;3,3419;4,1517;4,6114;4,6732;4,1791;3,438;2,2626;1,7671;1,4806;1,3612;1,3074;1,3194;1,5403;2,191;2,3402;2,3402;2,3462;2,3462;2,5372;2,6865;2,7223;2,6984;2,5731;2,6447;2,9074;3,6118;4,0118;4,0656;3,6357;2,991;2,5076;2,0288;1,7236;1,5859;1,5081;1,4782;1,6159;1,9869;2,2143;2,2802;2,34;2,358;2,5674;2,753;2,8008;2,753;2,6273;2,6034;2,7171;3,2078;3,6148;3,8422;3,6088;3,118;3,665;2,9652;2,5191;2,3179;2,2042;2,1605;2,3617;2,904;3,2364;3,3326;3,4201;3,4463;3,7524;4,0236;4,0936;4,0236;3,8399;3,8049;3,9711;4,6884;5,2831;5,6155;5,2744;4,5572;3,1597;2,5564;2,1718;1,9984;1,9003;1,8626;2,0361;2,5036;2,7902;2,8731;2,9485;2,9712;3,2351;3,4689;3,5292;3,4689;3,3105;3,2804;3,4236;4,042;4,5548;4,8414;4,5472;3,9289;2,6289;2,127;1,807;1,6627;1,5811;1,5498;1,6941;2,0831;2,3215;2,3905;2,4532;2,4721;2,6917;2,8862;2,9364;2,8862;2,7544;2,7293;2,8485;3,363;3,7897;4,0281;3,7834;3,2689;2,2143;1,7294;1,449;1,3321;1,2795;1,2912;1,5074;2,1442;2,2903;2,2903;2,2961;2,2961;2,4831;2,6292;2,6642;2,6409;2,5182;2,5883;2,8454;3,5348;3,9262;3,9788;3,5581;2,9271;2,5675;2,0052;1,6801;1,5446;1,4836;1,4972;1,7478;2,4862;2,6556;2,6556;2,6624;2,6624;2,8792;3,0485;3,0892;3,0621;2,9198;3,0011;3,2992;4,0986;4,5525;4,6134;4,1257;3,394;2,9257;2,2349;1,853;1,6823;1,6091;1,6579;1,9586;2,9501;3,1208;3,202;3,2345;3,2508;3,4865;3,6572;3,6897;3,6815;3,5921;3,901;4,4048;5,2826;5,5507;5,4532;4,8193;4,0635
177;168,43;20924,4196;2136,3832;1908,3071;1774,3908;1636,2896;1470,9867;1427,0454;2155,2152;1858,0885;1496,096;1439,6001;1615,3652;2002,467;2,481;1,8952;1,5713;1,4266;1,3645;1,4059;1,6609;2,5016;2,6464;2,7153;2,7428;2,7566;2,9565;3,1012;3,1288;3,1219;3,0461;3,3079;3,7352;4,4795;4,7069;4,6242;4,0867;3,4458;2,4535;1,8742;1,5539;1,4108;1,3494;1,3903;1,6425;2,474;2,6171;2,6853;2,7125;2,7262;2,9238;3,0669;3,0942;3,0874;3,0124;3,2714;3,6939;4,43;4,6549;4,5731;4,0415;3,4077;2,1693;1,6943;1,4195;1,305;1,2535;1,265;1,4768;2,1006;2,2437;2,2437;2,2495;2,2495;2,4326;2,5757;2,6101;2,5872;2,467;2,5357;2,7875;3,4629;3,8464;3,8979;3,4858;2,8676;2,0672;1,6145;1,3527;1,2436;1,1945;1,2054;1,4072;2,0017;2,1381;2,1381;2,1435;2,1435;2,3181;2,4544;2,4872;2,4653;2,3508;2,4163;2,6562;3,2999;3,6653;3,7144;3,3217;2,7326;1,7984;1,4046;1,1768;1,0819;1,0392;1,0487;1,2242;1,7415;1,8601;1,8601;1,8648;1,8648;2,0167;2,1353;2,1638;2,1448;2,0451;2,1021;2,3109;2,8708;3,1887;3,2314;2,8898;2,3773;1,9931;1,6126;1,37;1,2606;1,1987;1,1749;1,2843;1,5793;1,76;1,8123;1,8599;1,8742;2,0407;2,1881;2,2262;2,1881;2,0882;2,0692;2,1596;2,5497;2,8731;3,0539;2,8684;2,4783;2,913;2,3568;2,0023;1,8424;1,752;1,7172;1,8771;2,3082;2,5724;2,6488;2,7184;2,7392;2,9825;3,1981;3,2537;3,1981;3,0521;3,0243;3,1563;3,7264;4,1992;4,4634;4,1922;3,6222;2,5114;2,0319;1,7262;1,5884;1,5104;1,4805;1,6183;1,99;2,2177;2,2837;2,3436;2,3616;2,5714;2,7572;2,8051;2,7572;2,6313;2,6073;2,7212;3,2127;3,6203;3,848;3,6143;3,1228;2,0895;1,6906;1,4363;1,3216;1,2567;1,2318;1,3465;1,6557;1,8452;1,9;1,9499;1,9649;2,1394;2,294;2,3339;2,294;2,1893;2,1693;2,2641;2,673;3,0121;3,2016;3,0072;2,5982;1,76;1,3746;1,1517;1,0588;1,017;1,0263;1,1981;1,7043;1,8204;1,8204;1,825;1,825;1,9736;2,0897;2,1176;2,099;2,0015;2,0572;2,2616;2,8095;3,1207;3,1625;2,8281;2,3266;2,0407;1,5938;1,3354;1,2277;1,1792;1,19;1,3892;1,9761;2,1107;2,1107;2,1161;2,1161;2,2884;2,423;2,4554;2,4338;2,3207;2,3854;2,6223;3,2577;3,6184;3,6669;3,2792;2,6977;2,3254;1,7764;1,4728;1,3371;1,279;1,3178;1,5568;2,3448;2,4805;2,5451;2,5709;2,5838;2,7712;2,9068;2,9326;2,9262;2,8551;3,1006;3,5011;4,1987;4,4119;4,3344;3,8305;3,2298
178;173,59;6088,5509;621,6411;555,2758;516,3091;476,1247;428,0251;415,2392;627,1207;540,6633;435,3314;418,8923;470,0361;582,6743;0,7219;0,5515;0,4572;0,4151;0,397;0,4091;0,4833;0,7279;0,77;0,7901;0,7981;0,8021;0,8603;0,9024;0,9104;0,9084;0,8863;0,9625;1,0869;1,3034;1,3696;1,3456;1,1891;1,0026;0,7139;0,5454;0,4522;0,4105;0,3927;0,4046;0,4779;0,7199;0,7615;0,7814;0,7893;0,7933;0,8508;0,8924;0,9003;0,8984;0,8765;0,9519;1,0749;1,289;1,3545;1,3307;1,176;0,9916;0,6312;0,493;0,413;0,3797;0,3647;0,3681;0,4297;0,6112;0,6529;0,6529;0,6545;0,6545;0,7078;0,7495;0,7595;0,7528;0,7178;0,7378;0,8111;1,0076;1,1192;1,1342;1,0143;0,8344;0,6015;0,4698;0,3936;0,3619;0,3476;0,3507;0,4095;0,5825;0,6221;0,6221;0,6237;0,6237;0,6745;0,7142;0,7237;0,7174;0,684;0,7031;0,7729;0,9602;1,0665;1,0808;0,9665;0,7951;0,5233;0,4087;0,3424;0,3148;0,3024;0,3051;0,3562;0,5067;0,5412;0,5412;0,5426;0,5426;0,5868;0,6213;0,6296;0,6241;0,5951;0,6117;0,6724;0,8353;0,9278;0,9403;0,8409;0,6917;0,58;0,4692;0,3986;0,3668;0,3488;0,3419;0,3737;0,4595;0,5121;0,5274;0,5412;0,5453;0,5938;0,6367;0,6478;0,6367;0,6076;0,6021;0,6284;0,7419;0,836;0,8886;0,8346;0,7211;0,8476;0,6858;0,5826;0,5361;0,5098;0,4997;0,5462;0,6716;0,7485;0,7708;0,791;0,7971;0,8679;0,9306;0,9468;0,9306;0,8881;0,88;0,9184;1,0843;1,2219;1,2987;1,2199;1,054;0,7308;0,5912;0,5023;0,4622;0,4395;0,4308;0,4709;0,579;0,6453;0,6645;0,6819;0,6872;0,7482;0,8023;0,8162;0,8023;0,7656;0,7587;0,7918;0,9348;1,0534;1,1197;1,0517;0,9087;0,608;0,4919;0,4179;0,3845;0,3657;0,3584;0,3918;0,4818;0,5369;0,5529;0,5674;0,5717;0,6225;0,6675;0,6791;0,6675;0,637;0,6312;0,6588;0,7778;0,8765;0,9316;0,875;0,756;0,5121;0,4;0,3351;0,3081;0,2959;0,2986;0,3486;0,4959;0,5297;0,5297;0,531;0,531;0,5743;0,6081;0,6162;0,6108;0,5824;0,5986;0,6581;0,8175;0,9081;0,9202;0,8229;0,677;0,5938;0,4638;0,3886;0,3572;0,3431;0,3463;0,4042;0,575;0,6142;0,6142;0,6157;0,6157;0,6659;0,7051;0,7145;0,7082;0,6753;0,6941;0,763;0,9479;1,0529;1,067;0,9542;0,785;0,6767;0,5169;0,4285;0,3891;0,3722;0,3834;0,453;0,6823;0,7218;0,7406;0,7481;0,7518;0,8063;0,8458;0,8533;0,8515;0,8308;0,9022;1,0187;1,2217;1,2838;1,2612;1,1146;0,9398
179;168,43;35130,2845;3586,802;3203,8819;2979,0481;2747,1882;2469,659;2395,8854;3618,4193;3119,5693;2511,8153;2416,9636;2712,058;3361,9682;4,1653;3,1818;2,638;2,3951;2,2909;2,3603;2,7884;4,2;4,443;4,5587;4,605;4,6281;4,9637;5,2066;5,2529;5,2414;5,1141;5,5538;6,2711;7,5207;7,9025;7,7637;6,8612;5,7852;4,1193;3,1467;2,6089;2,3686;2,2656;2,3343;2,7576;4,1536;4,3939;4,5083;4,5541;4,577;4,9088;5,1491;5,1949;5,1834;5,0576;5,4924;6,2018;7,4376;7,8152;7,6779;6,7854;5,7212;3,6421;2,8445;2,3832;2,191;2,1046;2,1238;2,4793;3,5268;3,7671;3,7671;3,7767;3,7767;4,0842;4,3244;4,3821;4,3436;4,1418;4,2572;4,68;5,8139;6,4578;6,5443;5,8524;4,8145;3,4706;2,7106;2,271;2,0879;2,0054;2,0238;2,3626;3,3607;3,5897;3,5897;3,5988;3,5988;3,8919;4,1208;4,1757;4,1391;3,9468;4,0567;4,4596;5,5402;6,1537;6,2361;5,5768;4,5878;3,0194;2,3581;1,9757;1,8164;1,7447;1,7606;2,0554;2,9238;3,1229;3,1229;3,1309;3,1309;3,3858;3,585;3,6328;3,6009;3,4336;3,5292;3,8798;4,8198;5,3536;5,4253;4,8517;3,9913;3,3463;2,7074;2,3;2,1164;2,0125;1,9726;2,1563;2,6514;2,9549;3,0428;3,1226;3,1466;3,4261;3,6737;3,7376;3,6737;3,506;3,474;3,6258;4,2806;4,8237;5,1272;4,8157;4,1609;4,8907;3,9569;3,3616;3,0932;2,9414;2,8831;3,1515;3,8752;4,3188;4,4472;4,5639;4,5989;5,0074;5,3693;5,4626;5,3693;5,1241;5,0775;5,2992;6,2564;7,0501;7,4936;7,0384;6,0813;4,2165;3,4114;2,8982;2,6667;2,5359;2,4856;2,717;3,341;3,7234;3,8341;3,9347;3,9649;4,3171;4,629;4,7095;4,629;4,4177;4,3775;4,5687;5,3938;6,0781;6,4605;6,0681;5,2429;3,5082;2,8384;2,4113;2,2188;2,1099;2,0681;2,2606;2,7797;3,0979;3,19;3,2737;3,2989;3,5919;3,8515;3,9184;3,8515;3,6756;3,6421;3,8012;4,4878;5,0571;5,3753;5,0487;4,3622;2,9549;2,3078;1,9336;1,7776;1,7075;1,7231;2,0115;2,8614;3,0563;3,0563;3,0641;3,0641;3,3136;3,5085;3,5553;3,5241;3,3604;3,4539;3,797;4,717;5,2394;5,3095;4,7482;3,9061;3,4262;2,6759;2,242;2,0612;1,9798;1,9979;2,3324;3,3178;3,5438;3,5438;3,5528;3,5528;3,8421;4,0681;4,1223;4,0862;3,8963;4,0048;4,4026;5,4693;6,075;6,1564;5,5055;4,5291;3,9042;2,9824;2,4727;2,2449;2,1473;2,2124;2,6137;3,9368;4,1645;4,273;4,3163;4,338;4,6525;4,8803;4,9237;4,9128;4,7935;5,2056;5,878;7,0493;7,4072;7,277;6,4311;5,4225
180;168,43;7624,9709;778,5095;695,3974;646,5975;596,2727;536,0355;520,023;785,372;677,0974;545,1854;524,598;588,6478;729,7097;0,9041;0,6906;0,5726;0,5198;0,4972;0,5123;0,6052;0,9116;0,9643;0,9895;0,9995;1,0045;1,0774;1,1301;1,1401;1,1376;1,11;1,2054;1,3611;1,6324;1,7152;1,6851;1,4892;1,2557;0,8941;0,683;0,5663;0,5141;0,4917;0,5066;0,5985;0,9015;0,9537;0,9785;0,9885;0,9934;1,0654;1,1176;1,1275;1,1251;1,0977;1,1921;1,3461;1,6143;1,6963;1,6665;1,4728;1,2418;0,7905;0,6174;0,5173;0,4756;0,4568;0,461;0,5381;0,7655;0,8176;0,8176;0,8197;0,8197;0,8865;0,9386;0,9511;0,9428;0,899;0,924;1,0158;1,2619;1,4017;1,4204;1,2703;1,045;0,7533;0,5883;0,4929;0,4532;0,4353;0,4393;0,5128;0,7294;0,7791;0,7791;0,7811;0,7811;0,8447;0,8944;0,9063;0,8984;0,8566;0,8805;0,9679;1,2025;1,3357;1,3535;1,2104;0,9958;0,6553;0,5118;0,4288;0,3942;0,3787;0,3821;0,4461;0,6346;0,6778;0,6778;0,6796;0,6796;0,7349;0,7781;0,7885;0,7816;0,7453;0,766;0,8421;1,0461;1,162;1,1775;1,0531;0,8663;0,7263;0,5876;0,4992;0,4594;0,4368;0,4282;0,468;0,5755;0,6414;0,6604;0,6778;0,683;0,7436;0,7974;0,8112;0,7974;0,761;0,754;0,787;0,9291;1,047;1,1128;1,0452;0,9031;1,0615;0,8588;0,7296;0,6714;0,6384;0,6258;0,684;0,8411;0,9374;0,9652;0,9906;0,9982;1,0869;1,1654;1,1857;1,1654;1,1122;1,1021;1,1502;1,3579;1,5302;1,6265;1,5277;1,3199;0,9152;0,7404;0,629;0,5788;0,5504;0,5395;0,5897;0,7251;0,8081;0,8322;0,854;0,8606;0,937;1,0047;1,0222;1,0047;0,9589;0,9501;0,9916;1,1707;1,3192;1,4022;1,3171;1,138;0,7614;0,6161;0,5234;0,4816;0,458;0,4489;0,4907;0,6033;0,6724;0,6924;0,7106;0,716;0,7796;0,836;0,8505;0,836;0,7978;0,7905;0,825;0,9741;1,0976;1,1667;1,0958;0,9468;0,6414;0,5009;0,4197;0,3858;0,3706;0,374;0,4366;0,6211;0,6634;0,6634;0,6651;0,6651;0,7192;0,7615;0,7717;0,7649;0,7294;0,7497;0,8241;1,0238;1,1372;1,1524;1,0306;0,8478;0,7437;0,5808;0,4866;0,4474;0,4297;0,4336;0,5062;0,7201;0,7692;0,7692;0,7711;0,7711;0,8339;0,883;0,8947;0,8869;0,8457;0,8692;0,9556;1,1871;1,3186;1,3362;1,195;0,983;0,8474;0,6473;0,5367;0,4873;0,4661;0,4802;0,5673;0,8545;0,9039;0,9274;0,9369;0,9416;1,0098;1,0593;1,0687;1,0663;1,0404;1,1299;1,2758;1,53;1,6077;1,5795;1,3959;1,177
181;173,59;35581,7094;3632,8925;3245,0519;3017,329;2782,4897;2501,3942;2426,6726;3664,9161;3159,6558;2544,0922;2448,0216;2746,908;3405,1696;4,2188;3,2227;2,6719;2,4258;2,3204;2,3907;2,8243;4,254;4,5001;4,6173;4,6642;4,6876;5,0275;5,2736;5,3204;5,3087;5,1798;5,6251;6,3517;7,6174;8,0041;7,8635;6,9494;5,8595;4,1722;3,1871;2,6424;2,399;2,2947;2,3643;2,7931;4,207;4,4504;4,5663;4,6126;4,6358;4,9719;5,2153;5,2616;5,25;5,1225;5,5629;6,2815;7,5332;7,9156;7,7765;6,8726;5,7947;3,6889;2,8811;2,4139;2,2192;2,1316;2,1511;2,5112;3,5721;3,8155;3,8155;3,8252;3,8252;4,1367;4,38;4,4384;4,3995;4,1951;4,3119;4,7401;5,8887;6,5408;6,6284;5,9276;4,8764;3,5152;2,7454;2,3002;2,1147;2,0312;2,0498;2,3929;3,4039;3,6358;3,6358;3,6451;3,6451;3,9419;4,1737;4,2294;4,1923;3,9975;4,1088;4,5169;5,6114;6,2328;6,3163;5,6485;4,6468;3,0582;2,3884;2,0011;1,8397;1,7671;1,7833;2,0818;2,9613;3,1631;3,1631;3,1711;3,1711;3,4293;3,6311;3,6795;3,6472;3,4777;3,5746;3,9296;4,8818;5,4224;5,495;4,914;4,0426;3,3893;2,7421;2,3296;2,1436;2,0384;1,998;2,184;2,6855;2,9929;3,0819;3,1628;3,187;3,4701;3,7209;3,7856;3,7209;3,551;3,5187;3,6724;4,3357;4,8857;5,1931;4,8776;4,2143;4,9535;4,0078;3,4048;3,1329;2,9792;2,9201;3,192;3,925;4,3743;4,5043;4,6225;4,658;5,0718;5,4383;5,5328;5,4383;5,19;5,1427;5,3673;6,3368;7,1407;7,5899;7,1289;6,1594;4,2706;3,4552;2,9354;2,701;2,5685;2,5175;2,752;3,3839;3,7712;3,8833;3,9852;4,0158;4,3726;4,6885;4,7701;4,6885;4,4745;4,4337;4,6274;5,4631;6,1562;6,5435;6,146;5,3103;3,5532;2,8748;2,4423;2,2473;2,137;2,0946;2,2897;2,8155;3,1377;3,231;3,3158;3,3412;3,6381;3,9009;3,9688;3,9009;3,7229;3,6889;3,8501;4,5454;5,1221;5,4444;5,1136;4,4182;2,9929;2,3375;1,9584;1,8005;1,7294;1,7452;2,0374;2,8981;3,0956;3,0956;3,1035;3,1035;3,3562;3,5536;3,601;3,5694;3,4035;3,4983;3,8458;4,7776;5,3067;5,3778;4,8092;3,9563;3,4703;2,7103;2,2708;2,0877;2,0052;2,0236;2,3623;3,3604;3,5893;3,5893;3,5984;3,5984;3,8915;4,1204;4,1753;4,1387;3,9464;4,0563;4,4591;5,5396;6,1531;6,2355;5,5762;4,5873;3,9544;3,0207;2,5044;2,2738;2,1749;2,2408;2,6472;3,9873;4,218;4,3279;4,3718;4,3938;4,7123;4,943;4,9869;4,9759;4,8551;5,2725;5,9536;7,1399;7,5024;7,3705;6,5138;5,4922
182;168,43;50625,6061;5168,8744;4617,0553;4293,0514;3958,9224;3558,9801;3452,6663;5214,4374;4495,5538;3619,7308;3483,0417;3908,2968;4844,8705;6,0026;4,5853;3,8016;3,4515;3,3014;3,4015;4,0184;6,0526;6,4027;6,5695;6,6362;6,6695;7,1531;7,5032;7,5699;7,5532;7,3698;8,0034;9,0372;10,838;11,3882;11,1881;9,8876;8,3369;5,9362;4,5346;3,7596;3,4133;3,2649;3,3639;3,974;5,9857;6,332;6,4969;6,5628;6,5958;7,074;7,4203;7,4862;7,4697;7,2884;7,915;8,9373;10,7182;11,2623;11,0644;9,7783;8,2447;5,2486;4,0992;3,4344;3,1575;3,0328;3,0605;3,5729;5,0824;5,4286;5,4286;5,4425;5,4425;5,8856;6,2318;6,3149;6,2595;5,9687;6,1349;6,7442;8,3784;9,3062;9,4309;8,4338;6,9381;5,0014;3,9061;3,2727;3,0088;2,89;2,9164;3,4047;4,8431;5,173;5,173;5,1862;5,1862;5,6085;5,9384;6,0176;5,9648;5,6877;5,846;6,4267;7,9838;8,868;8,9868;8,0366;6,6114;4,3511;3,3983;2,8472;2,6176;2,5142;2,5372;2,962;4,2134;4,5004;4,5004;4,5119;4,5119;4,8792;5,1663;5,2351;5,1892;4,9481;5,0859;5,591;6,9458;7,715;7,8183;6,9917;5,7518;4,8222;3,9015;3,3146;3,0499;2,9002;2,8427;3,1074;3,821;4,2583;4,3849;4,5;4,5345;4,9373;5,2941;5,3862;5,2941;5,0524;5,0064;5,225;6,1688;6,9514;7,3887;6,9399;5,9961;7,0479;5,7022;4,8444;4,4575;4,2388;4,1547;4,5416;5,5845;6,2237;6,4087;6,5769;6,6274;7,2161;7,7376;7,8721;7,7376;7,3843;7,317;7,6366;9,0159;10,1597;10,7989;10,1429;8,7636;6,0762;4,9161;4,1765;3,843;3,6545;3,5819;3,9155;4,8146;5,3657;5,5252;5,6702;5,7137;6,2213;6,6708;6,7868;6,6708;6,3663;6,3083;6,5838;7,773;8,7591;9,3101;8,7446;7,5554;5,0556;4,0903;3,4749;3,1974;3,0406;2,9802;3,2578;4,0058;4,4643;4,5971;4,7177;4,7539;5,1762;5,5503;5,6468;5,5503;5,2969;5,2486;5,4779;6,4673;7,2877;7,7462;7,2757;6,2863;4,2583;3,3257;2,7864;2,5617;2,4606;2,4831;2,8988;4,1235;4,4044;4,4044;4,4156;4,4156;4,7751;5,056;5,1234;5,0785;4,8426;4,9774;5,4717;6,7975;7,5503;7,6515;6,8425;5,629;4,9375;3,8562;3,2309;2,9703;2,8531;2,8791;3,3611;4,7811;5,1068;5,1068;5,1199;5,1199;5,5368;5,8624;5,9406;5,8885;5,6149;5,7713;6,3445;7,8817;8,7546;8,8718;7,9338;6,5269;5,6263;4,2979;3,5633;3,2351;3,0945;3,1882;3,7665;5,6732;6,0014;6,1577;6,2202;6,2514;6,7047;7,0329;7,0954;7,0798;6,9078;7,5017;8,4707;10,1586;10,6743;10,4868;9,2678;7,8143
183;173,59;38222,8004;3902,5479;3485,9194;3241,2935;2989,023;2687,0629;2606,795;3936,9484;3394,1847;2732,9302;2629,7287;2950,8002;3657,922;4,532;3,4619;2,8703;2,6059;2,4926;2,5681;3,0339;4,5698;4,8341;4,96;5,0104;5,0355;5,4006;5,665;5,7153;5,7028;5,5643;6,0427;6,8232;8,1828;8,5982;8,4471;7,4652;6,2944;4,4819;3,4237;2,8385;2,5771;2,465;2,5397;3,0004;4,5192;4,7807;4,9052;4,955;4,9799;5,3409;5,6024;5,6522;5,6397;5,5028;5,9759;6,7477;8,0923;8,5032;8,3538;7,3827;6,2249;3,9627;3,0949;2,593;2,3839;2,2898;2,3107;2,6976;3,8373;4,0987;4,0987;4,1091;4,1091;4,4437;4,7051;4,7678;4,726;4,5064;4,6319;5,092;6,3258;7,0263;7,1204;6,3676;5,2383;3,7761;2,9492;2,4709;2,2717;2,182;2,2019;2,5706;3,6566;3,9057;3,9057;3,9156;3,9156;4,2344;4,4835;4,5433;4,5035;4,2942;4,4138;4,8522;6,0279;6,6954;6,7851;6,0677;4,9917;3,2852;2,5657;2,1497;1,9763;1,8983;1,9156;2,2363;3,1811;3,3978;3,3978;3,4065;3,4065;3,6839;3,9006;3,9526;3,9179;3,7359;3,8399;4,2213;5,2441;5,8249;5,9029;5,2788;4,3426;3,6408;2,9457;2,5025;2,3027;2,1897;2,1463;2,3461;2,8849;3,215;3,3106;3,3975;3,4236;3,7277;3,9971;4,0666;3,9971;3,8146;3,7799;3,9449;4,6575;5,2483;5,5785;5,2397;4,5271;5,3212;4,3052;3,6576;3,3655;3,2004;3,1369;3,429;4,2163;4,6989;4,8386;4,9656;5,0037;5,4482;5,8419;5,9435;5,8419;5,5752;5,5244;5,7657;6,8071;7,6707;8,1533;7,658;6,6166;4,5876;3,7117;3,1533;2,9015;2,7591;2,7044;2,9562;3,6351;4,0511;4,1716;4,2811;4,3139;4,6971;5,0365;5,1241;5,0365;4,8066;4,7628;4,9708;5,8687;6,6132;7,0292;6,6022;5,7044;3,817;3,0882;2,6236;2,4141;2,2957;2,2501;2,4596;3,0244;3,3706;3,4708;3,5619;3,5892;3,9081;4,1905;4,2634;4,1905;3,9992;3,9627;4,1358;4,8828;5,5023;5,8485;5,4932;4,7462;3,2151;2,511;2,1038;1,9341;1,8578;1,8747;2,1886;3,1133;3,3253;3,3253;3,3338;3,3338;3,6053;3,8173;3,8682;3,8343;3,6562;3,758;4,1312;5,1322;5,7006;5,7769;5,1661;4,25;3,7278;2,9115;2,4393;2,2426;2,1541;2,1738;2,5377;3,6098;3,8557;3,8557;3,8655;3,8655;4,1803;4,4262;4,4852;4,4459;4,2393;4,3573;4,7901;5,9508;6,6098;6,6983;5,9901;4,9278;4,2479;3,2449;2,6903;2,4425;2,3364;2,4071;2,8437;4,2833;4,5311;4,6491;4,6963;4,7199;5,0621;5,3099;5,3571;5,3453;5,2155;5,6639;6,3955;7,6698;8,0592;7,9176;6,9973;5,8999
184;168,43;6954,3046;710,0345;634,2326;589,725;543,8266;488,8876;474,2836;716,2934;617,5422;497,2328;478,4562;536,8723;665,5269;0,8246;0,6299;0,5222;0,4741;0,4535;0,4672;0,552;0,8314;0,8795;0,9024;0,9116;0,9162;0,9826;1,0307;1,0399;1,0376;1,0124;1,0994;1,2414;1,4888;1,5644;1,5369;1,3582;1,1452;0,8154;0,6229;0,5164;0,4689;0,4485;0,4621;0,5459;0,8222;0,8698;0,8925;0,9015;0,906;0,9717;1,0193;1,0284;1,0261;1,0012;1,0873;1,2277;1,4723;1,5471;1,5199;1,3432;1,1326;0,721;0,5631;0,4718;0,4337;0,4166;0,4204;0,4908;0,6982;0,7457;0,7457;0,7476;0,7476;0,8085;0,8561;0,8675;0,8599;0,8199;0,8427;0,9264;1,1509;1,2784;1,2955;1,1585;0,9531;0,687;0,5366;0,4496;0,4133;0,397;0,4006;0,4677;0,6653;0,7106;0,7106;0,7124;0,7124;0,7704;0,8157;0,8266;0,8194;0,7813;0,8031;0,8828;1,0967;1,2182;1,2345;1,104;0,9082;0,5977;0,4668;0,3911;0,3596;0,3454;0,3485;0,4069;0,5788;0,6182;0,6182;0,6198;0,6198;0,6702;0,7097;0,7191;0,7128;0,6797;0,6986;0,768;0,9541;1,0598;1,074;0,9604;0,7901;0,6624;0,5359;0,4553;0,419;0,3984;0,3905;0,4269;0,5249;0,5849;0,6023;0,6181;0,6229;0,6782;0,7272;0,7399;0,7272;0,694;0,6877;0,7177;0,8474;0,9549;1,015;0,9533;0,8237;0,9682;0,7833;0,6655;0,6123;0,5823;0,5707;0,6239;0,7671;0,8549;0,8803;0,9035;0,9104;0,9913;1,0629;1,0814;1,0629;1,0144;1,0051;1,049;1,2385;1,3956;1,4834;1,3933;1,2038;0,8347;0,6753;0,5737;0,5279;0,502;0,492;0,5379;0,6614;0,7371;0,759;0,7789;0,7849;0,8546;0,9164;0,9323;0,9164;0,8745;0,8666;0,9044;1,0678;1,2032;1,2789;1,2012;1,0379;0,6945;0,5619;0,4773;0,4392;0,4177;0,4094;0,4475;0,5503;0,6133;0,6315;0,6481;0,653;0,711;0,7624;0,7757;0,7624;0,7276;0,721;0,7525;0,8884;1,0011;1,0641;0,9994;0,8635;0,585;0,4568;0,3828;0,3519;0,338;0,3411;0,3982;0,5664;0,605;0,605;0,6066;0,6066;0,6559;0,6945;0,7038;0,6976;0,6652;0,6837;0,7516;0,9338;1,0372;1,0511;0,9399;0,7732;0,6782;0,5297;0,4438;0,408;0,3919;0,3955;0,4617;0,6568;0,7015;0,7015;0,7033;0,7033;0,7606;0,8053;0,816;0,8089;0,7713;0,7928;0,8715;1,0827;1,2026;1,2187;1,0899;0,8966;0,7729;0,5904;0,4895;0,4444;0,4251;0,438;0,5174;0,7793;0,8244;0,8459;0,8545;0,8587;0,921;0,9661;0,9747;0,9725;0,9489;1,0305;1,1636;1,3955;1,4663;1,4405;1,2731;1,0734
185;168,43;49788,8379;5083,4404;4540,742;4222,0935;3893,4871;3500,1553;3395,5987;5128,2503;4421,2488;3559,9019;3425,472;3843,6983;4764,7918;5,9034;4,5095;3,7388;3,3944;3,2468;3,3452;3,952;5,9525;6,2969;6,4609;6,5265;6,5593;7,0348;7,3792;7,4448;7,4284;7,248;7,8711;8,8878;10,6588;11,2;11,0032;9,7241;8,1991;5,8381;4,4597;3,6975;3,3569;3,211;3,3083;3,9083;5,8867;6,2273;6,3895;6,4543;6,4868;6,9571;7,2976;7,3625;7,3463;7,1679;7,7841;8,7896;10,541;11,0762;10,8816;9,6166;8,1085;5,1618;4,0314;3,3777;3,1053;2,9827;3,0099;3,5139;4,9984;5,3389;5,3389;5,3525;5,3525;5,7884;6,1288;6,2106;6,1561;5,8701;6,0335;6,6328;8,2399;9,1524;9,275;8,2944;6,8234;4,9188;3,8416;3,2186;2,9591;2,8422;2,8682;3,3484;4,763;5,0875;5,0875;5,1005;5,1005;5,5158;5,8402;5,9181;5,8662;5,5936;5,7494;6,3204;7,8519;8,7214;8,8382;7,9038;6,5021;4,2792;3,3421;2,8001;2,5743;2,4727;2,4953;2,913;4,1437;4,426;4,426;4,4373;4,4373;4,7986;5,0809;5,1486;5,1035;4,8663;5,0018;5,4986;6,8309;7,5874;7,6891;6,8761;5,6567;4,7425;3,837;3,2598;2,9994;2,8523;2,7957;3,056;3,7578;4,1879;4,3124;4,4256;4,4596;4,8557;5,2066;5,2971;5,2066;4,9689;4,9236;5,1387;6,0668;6,8365;7,2666;6,8252;5,897;6,9314;5,608;4,7643;4,3838;4,1688;4,0861;4,4665;5,4922;6,1208;6,3028;6,4682;6,5178;7,0968;7,6097;7,742;7,6097;7,2623;7,1961;7,5104;8,8669;9,9918;10,6204;9,9753;8,6188;5,9758;4,8348;4,1075;3,7795;3,594;3,5227;3,8508;4,735;5,277;5,4339;5,5765;5,6193;6,1184;6,5606;6,6747;6,5606;6,2611;6,204;6,475;7,6445;8,6143;9,1563;8,6;7,4306;4,972;4,0227;3,4175;3,1446;2,9903;2,931;3,2039;3,9396;4,3905;4,5211;4,6397;4,6753;5,0907;5,4585;5,5534;5,4585;5,2093;5,1619;5,3873;6,3604;7,1673;7,6182;7,1554;6,1824;4,1879;3,2708;2,7404;2,5194;2,4199;2,442;2,8509;4,0553;4,3316;4,3316;4,3426;4,3426;4,6962;4,9725;5,0388;4,9946;4,7625;4,8951;5,3813;6,6852;7,4255;7,525;6,7294;5,536;4,8559;3,7924;3,1775;2,9212;2,8059;2,8315;3,3056;4,7021;5,0224;5,0224;5,0352;5,0352;5,4452;5,7655;5,8424;5,7912;5,5221;5,6759;6,2396;7,7515;8,6099;8,7252;7,8027;6,419;5,5333;4,2268;3,5044;3,1817;3,0433;3,1355;3,7042;5,5794;5,9022;6,0559;6,1174;6,1481;6,5939;6,9166;6,9781;6,9627;6,7937;7,3777;8,3307;9,9907;10,4979;10,3135;9,1146;7,6851
186;173,59;16213,4491;1655,3932;1478,6666;1374,9005;1267,8917;1139,8055;1105,7572;1669,9853;1439,7543;1159,2616;1115,4853;1251,6783;1551,6271;1,9224;1,4685;1,2175;1,1054;1,0573;1,0894;1,2869;1,9384;2,0506;2,104;2,1253;2,136;2,2909;2,403;2,4243;2,419;2,3603;2,5632;2,8943;3,471;3,6472;3,5831;3,1666;2,67;1,9011;1,4523;1,2041;1,0932;1,0456;1,0773;1,2727;1,917;2,0279;2,0807;2,1018;2,1124;2,2655;2,3764;2,3976;2,3923;2,3342;2,5349;2,8623;3,4326;3,6069;3,5435;3,1316;2,6405;1,6809;1,3128;1,0999;1,0112;0,9713;0,9802;1,1443;1,6277;1,7386;1,7386;1,743;1,743;1,8849;1,9958;2,0224;2,0047;1,9116;1,9648;2,1599;2,6833;2,9804;3,0203;2,701;2,222;1,6018;1,251;1,0481;0,9636;0,9256;0,934;1,0904;1,5511;1,6567;1,6567;1,6609;1,6609;1,7962;1,9018;1,9272;1,9103;1,8215;1,8723;2,0582;2,5569;2,8401;2,8781;2,5738;2,1174;1,3935;1,0883;0,9118;0,8383;0,8052;0,8126;0,9486;1,3494;1,4413;1,4413;1,445;1,445;1,5626;1,6546;1,6766;1,6619;1,5847;1,6288;1,7906;2,2245;2,4708;2,5039;2,2392;1,8421;1,5444;1,2495;1,0615;0,9768;0,9288;0,9104;0,9952;1,2237;1,3638;1,4043;1,4412;1,4522;1,5812;1,6955;1,725;1,6955;1,6181;1,6033;1,6734;1,9756;2,2263;2,3663;2,2226;1,9203;2,2572;1,8262;1,5515;1,4276;1,3575;1,3306;1,4545;1,7885;1,9932;2,0525;2,1063;2,1225;2,311;2,478;2,5211;2,478;2,3649;2,3434;2,4457;2,8875;3,2538;3,4585;3,2484;2,8067;1,946;1,5744;1,3376;1,2308;1,1704;1,1472;1,254;1,5419;1,7184;1,7695;1,8159;1,8299;1,9924;2,1364;2,1736;2,1364;2,0389;2,0203;2,1085;2,4894;2,8052;2,9817;2,8006;2,4197;1,6191;1,31;1,1129;1,024;0,9738;0,9545;1,0433;1,2829;1,4298;1,4723;1,5109;1,5225;1,6577;1,7775;1,8084;1,7775;1,6964;1,6809;1,7543;2,0712;2,334;2,4808;2,3301;2,0133;1,3638;1,0651;0,8924;0,8204;0,788;0,7952;0,9284;1,3206;1,4105;1,4105;1,4141;1,4141;1,5293;1,6193;1,6408;1,6264;1,5509;1,5941;1,7524;2,177;2,4181;2,4505;2,1914;1,8028;1,5813;1,235;1,0347;0,9513;0,9137;0,9221;1,0764;1,5312;1,6355;1,6355;1,6397;1,6397;1,7732;1,8775;1,9026;1,8859;1,7982;1,8483;2,0319;2,5242;2,8038;2,8413;2,5409;2,0903;1,8019;1,3764;1,1412;1,0361;0,991;1,0211;1,2063;1,8169;1,922;1,9721;1,9921;2,0021;2,1473;2,2524;2,2724;2,2674;2,2123;2,4025;2,7128;3,2534;3,4186;3,3585;2,9681;2,5026
187;168,43;12628,5375;1289,3737;1151,7226;1070,9;987,5516;887,7862;861,2663;1300,7394;1121,4141;902,9404;868,8434;974,9231;1208,551;1,4973;1,1438;0,9483;0,861;0,8235;0,8485;1,0024;1,5098;1,5972;1,6388;1,6554;1,6637;1,7843;1,8717;1,8883;1,8841;1,8384;1,9964;2,2543;2,7035;2,8408;2,7909;2,4664;2,0796;1,4808;1,1312;0,9378;0,8515;0,8144;0,8391;0,9913;1,4931;1,5795;1,6206;1,6371;1,6453;1,7646;1,851;1,8674;1,8633;1,8181;1,9744;2,2294;2,6736;2,8094;2,76;2,4392;2,0566;1,3093;1,0225;0,8567;0,7876;0,7565;0,7634;0,8913;1,2678;1,3542;1,3542;1,3576;1,3576;1,4682;1,5545;1,5753;1,5614;1,4889;1,5304;1,6823;2,09;2,3214;2,3525;2,1038;1,7307;1,2476;0,9744;0,8164;0,7505;0,7209;0,7275;0,8493;1,2081;1,2904;1,2904;1,2937;1,2937;1,399;1,4813;1,5011;1,4879;1,4188;1,4583;1,6031;1,9916;2,2121;2,2417;2,0047;1,6492;1,0854;0,8477;0,7102;0,653;0,6272;0,6329;0,7389;1,051;1,1226;1,1226;1,1255;1,1255;1,2171;1,2887;1,3059;1,2944;1,2343;1,2687;1,3947;1,7326;1,9245;1,9503;1,7441;1,4348;1,2029;0,9732;0,8268;0,7608;0,7235;0,7091;0,7751;0,9531;1,0622;1,0938;1,1225;1,1311;1,2316;1,3206;1,3436;1,3206;1,2603;1,2488;1,3034;1,5388;1,734;1,8431;1,7311;1,4957;1,7581;1,4224;1,2084;1,1119;1,0574;1,0364;1,1329;1,393;1,5525;1,5987;1,6406;1,6532;1,8001;1,9301;1,9637;1,9301;1,842;1,8252;1,905;2,249;2,5343;2,6938;2,5301;2,1861;1,5157;1,2263;1,0418;0,9586;0,9116;0,8935;0,9767;1,201;1,3385;1,3783;1,4144;1,4253;1,5519;1,664;1,693;1,664;1,5881;1,5736;1,6423;1,939;2,1849;2,3224;2,1813;1,8847;1,2611;1,0203;0,8668;0,7976;0,7585;0,7434;0,8126;0,9993;1,1136;1,1467;1,1768;1,1859;1,2912;1,3845;1,4086;1,3845;1,3213;1,3093;1,3664;1,6133;1,8179;1,9323;1,8149;1,5681;1,0622;0,8296;0,6951;0,639;0,6138;0,6194;0,7231;1,0286;1,0987;1,0987;1,1015;1,1015;1,1912;1,2612;1,278;1,2668;1,208;1,2416;1,3649;1,6956;1,8834;1,9087;1,7069;1,4042;1,2317;0,9619;0,8059;0,7409;0,7117;0,7182;0,8384;1,1927;1,2739;1,2739;1,2771;1,2771;1,3811;1,4624;1,4819;1,4689;1,4006;1,4396;1,5826;1,9661;2,1838;2,2131;1,9791;1,6281;1,4035;1,0721;0,8889;0,807;0,7719;0,7953;0,9396;1,4152;1,497;1,536;1,5516;1,5594;1,6725;1,7543;1,7699;1,766;1,7232;1,8713;2,113;2,5341;2,6627;2,6159;2,3118;1,9493
188;172,85;172319,0521;17593,7752;15715,4975;14612,6556;13475,3499;12114,0294;11752,1594;17748,8624;15301,9318;12320,8122;11855,5508;13303,0308;16490,9333;20,4315;15,6074;12,9399;11,7481;11,2373;11,5778;13,6777;20,6017;21,7936;22,3611;22,5881;22,7016;24,3475;25,5394;25,7664;25,7096;25,0853;27,242;30,7607;36,8902;38,7631;38,082;33,6552;28,3771;20,2056;15,4349;12,7969;11,6182;11,1131;11,4499;13,5266;20,374;21,5527;22,114;22,3385;22,4507;24,0784;25,257;25,4816;25,4254;24,808;26,9409;30,4207;36,4824;38,3346;37,6611;33,2832;28,0634;17,8651;13,9527;11,6901;10,7474;10,3231;10,4174;12,1615;17,2995;18,4779;18,4779;18,5251;18,5251;20,0335;21,2119;21,4947;21,3062;20,3163;20,882;22,956;28,5182;31,6765;32,1007;28,7068;23,6159;17,0239;13,2957;11,1396;10,2413;9,837;9,9268;11,5888;16,4848;17,6078;17,6078;17,6527;17,6527;19,0901;20,213;20,4825;20,3029;19,3596;19,8986;21,875;27,1753;30,1848;30,589;27,355;22,5038;14,8104;11,5669;9,6912;8,9097;8,558;8,6361;10,082;14,3414;15,3184;15,3184;15,3575;15,3575;16,6079;17,5849;17,8193;17,663;16,8424;17,3113;19,0307;23,6419;26,2601;26,6118;23,7982;19,5778;16,4138;13,2799;11,2821;10,3811;9,8718;9,6759;10,5769;13,0057;14,4943;14,9252;15,317;15,4345;16,8056;18,02;18,3334;18,02;17,1973;17,0406;17,7849;20,9972;23,661;25,1496;23,6218;20,4096;23,9896;19,4092;16,4893;15,1724;14,4281;14,1418;15,4587;19,0085;21,1841;21,8139;22,3865;22,5582;24,5621;26,337;26,7951;26,337;25,1347;24,9057;25,9935;30,6884;34,5817;36,7573;34,5244;29,8295;20,6823;16,7334;14,216;13,0807;12,439;12,1922;13,3275;16,3879;18,2636;18,8066;19,3002;19,4483;21,1759;22,7061;23,101;22,7061;21,6695;21,4721;22,4099;26,4575;29,8141;31,6898;29,7647;25,7171;17,2081;13,9225;11,828;10,8834;10,3495;10,1441;11,0887;13,635;15,1957;15,6474;16,0581;16,1813;17,6188;18,8919;19,2205;18,8919;18,0295;17,8652;18,6455;22,0132;24,8059;26,3665;24,7648;21,3971;14,4944;11,3201;9,4844;8,7196;8,3754;8,4519;9,8669;14,0354;14,9915;14,9915;15,0298;15,0298;16,2536;17,2097;17,4391;17,2862;16,483;16,942;18,6247;23,1374;25,6998;26,044;23,2904;19,1601;16,8062;13,1257;10,9972;10,1103;9,7112;9,7999;11,4406;16,274;17,3826;17,3826;17,427;17,427;18,846;19,9545;20,2206;20,0432;19,112;19,6441;21,5953;26,8278;29,7988;30,1979;27,0052;22,2161;19,1508;14,6291;12,1288;11,0117;10,5329;10,8521;12,8204;19,3104;20,4275;20,9594;21,1722;21,2786;22,8213;23,9385;24,1512;24,098;23,5129;25,5343;28,8325;34,5778;36,3332;35,6949;31,5456;26,5983
189;172,85;40906,5428;4176,558;3730,6767;3468,8748;3198,8916;2875,73;2789,8262;4213,3739;3632,501;2924,8178;2814,3701;3157,9851;3914,7561;4,8502;3,705;3,0718;2,7889;2,6676;2,7484;3,2469;4,8906;5,1735;5,3083;5,3622;5,3891;5,7798;6,0627;6,1166;6,1032;5,955;6,4669;7,3022;8,7573;9,2019;9,0402;7,9894;6,7364;4,7966;3,6641;3,0378;2,758;2,6381;2,7181;3,211;4,8366;5,1164;5,2496;5,3029;5,3295;5,7159;5,9957;6,049;6,0357;5,8891;6,3954;7,2215;8,6605;9,1002;8,9403;7,901;6,6619;4,241;3,3122;2,7751;2,5513;2,4506;2,473;2,887;4,1067;4,3864;4,3864;4,3976;4,3976;4,7557;5,0355;5,1026;5,0578;4,8229;4,9571;5,4495;6,7699;7,5196;7,6203;6,8147;5,6061;4,0413;3,1562;2,6444;2,4312;2,3352;2,3565;2,751;3,9133;4,1799;4,1799;4,1905;4,1905;4,5318;4,7983;4,8623;4,8197;4,5957;4,7237;5,1929;6,4511;7,1655;7,2615;6,4938;5,3421;3,5158;2,7459;2,3006;2,1151;2,0316;2,0501;2,3933;3,4045;3,6364;3,6364;3,6457;3,6457;3,9425;4,1744;4,2301;4,193;3,9982;4,1095;4,5177;5,6123;6,2338;6,3173;5,6494;4,6476;3,8965;3,1525;2,6782;2,4643;2,3435;2,297;2,5108;3,0874;3,4408;3,5431;3,6361;3,664;3,9895;4,2777;4,3521;4,2777;4,0824;4,0452;4,2219;4,9845;5,6169;5,9702;5,6076;4,845;5,6949;4,6075;3,9144;3,6018;3,4251;3,3571;3,6697;4,5124;5,0289;5,1784;5,3143;5,3551;5,8308;6,2521;6,3608;6,2521;5,9667;5,9123;6,1706;7,2851;8,2093;8,7258;8,1957;7,0812;4,9097;3,9723;3,3747;3,1052;2,9529;2,8943;3,1638;3,8903;4,3356;4,4645;4,5816;4,6168;5,0269;5,3902;5,4839;5,3902;5,1441;5,0972;5,3199;6,2807;7,0775;7,5228;7,0658;6,1049;4,085;3,305;2,8078;2,5836;2,4568;2,4081;2,6323;3,2368;3,6073;3,7145;3,812;3,8413;4,1825;4,4847;4,5627;4,4847;4,28;4,241;4,4262;5,2257;5,8886;6,2591;5,8789;5,0794;3,4408;2,6873;2,2515;2,0699;1,9882;2,0064;2,3423;3,3319;3,5588;3,5588;3,5679;3,5679;3,8584;4,0854;4,1398;4,1035;3,9129;4,0218;4,4213;5,4926;6,1008;6,1825;5,5289;4,5484;3,9896;3,1159;2,6106;2,4001;2,3053;2,3264;2,7159;3,8633;4,1264;4,1264;4,137;4,137;4,4738;4,737;4,8001;4,758;4,537;4,6633;5,1265;6,3686;7,0739;7,1686;6,4107;5,2738;4,5462;3,4728;2,8792;2,614;2,5004;2,5762;3,0434;4,5841;4,8492;4,9755;5,026;5,0513;5,4175;5,6827;5,7332;5,7206;5,5817;6,0616;6,8445;8,2084;8,6251;8,4736;7,4885;6,3141
190;168,43;23486,0505;2397,9258;2141,9278;1991,6171;1836,6091;1651,0693;1601,7486;2419,0632;2085,5613;1679,2526;1615,8403;1813,1231;2247,615;2,7847;2,1272;1,7636;1,6012;1,5316;1,578;1,8642;2,8079;2,9703;3,0477;3,0786;3,0941;3,3184;3,4809;3,5118;3,5041;3,419;3,7129;4,1925;5,0279;5,2832;5,1903;4,587;3,8676;2,7539;2,1037;1,7441;1,5835;1,5146;1,5605;1,8436;2,7769;2,9375;3,014;3,0446;3,0599;3,2817;3,4424;3,473;3,4653;3,3812;3,6719;4,1462;4,9723;5,2248;5,133;4,5363;3,8249;2,4349;1,9017;1,5933;1,4648;1,407;1,4198;1,6575;2,3578;2,5184;2,5184;2,5249;2,5249;2,7304;2,8911;2,9296;2,9039;2,769;2,8461;3,1288;3,8869;4,3173;4,3751;3,9126;3,2187;2,3202;1,8121;1,5183;1,3958;1,3407;1,353;1,5795;2,2468;2,3998;2,3998;2,406;2,406;2,6019;2,7549;2,7916;2,7672;2,6386;2,7121;2,9814;3,7038;4,114;4,1691;3,7283;3,0671;2,0186;1,5765;1,3209;1,2143;1,1664;1,1771;1,3741;1,9547;2,0878;2,0878;2,0931;2,0931;2,2636;2,3967;2,4287;2,4074;2,2955;2,3594;2,5938;3,2222;3,5791;3,627;3,2436;2,6683;2,2371;1,81;1,5377;1,4149;1,3455;1,3188;1,4416;1,7726;1,9755;2,0342;2,0876;2,1036;2,2905;2,456;2,4987;2,456;2,3439;2,3225;2,424;2,8618;3,2249;3,4277;3,2195;2,7817;3,2696;2,6454;2,2474;2,0679;1,9665;1,9274;2,1069;2,5907;2,8873;2,9731;3,0511;3,0746;3,3477;3,5896;3,652;3,5896;3,4257;3,3945;3,5428;4,1826;4,7133;5,0098;4,7055;4,0656;2,8189;2,2807;1,9376;1,7828;1,6954;1,6617;1,8165;2,2336;2,4892;2,5632;2,6305;2,6507;2,8861;3,0947;3,1485;3,0947;2,9534;2,9265;3,0543;3,606;4,0635;4,3191;4,0568;3,5051;2,3454;1,8976;1,6121;1,4833;1,4106;1,3826;1,5113;1,8584;2,0711;2,1327;2,1886;2,2054;2,4013;2,5749;2,6196;2,5749;2,4573;2,4349;2,5413;3,0003;3,3809;3,5936;3,3753;2,9163;1,9755;1,5429;1,2927;1,1884;1,1415;1,1519;1,3448;1,9129;2,0433;2,0433;2,0485;2,0485;2,2153;2,3456;2,3768;2,356;2,2465;2,3091;2,5384;3,1535;3,5027;3,5496;3,1743;2,6114;2,2906;1,7889;1,4988;1,378;1,3236;1,3357;1,5593;2,2181;2,3691;2,3691;2,3752;2,3752;2,5686;2,7197;2,7559;2,7318;2,6049;2,6774;2,9433;3,6565;4,0614;4,1158;3,6806;3,0279;2,6101;1,9939;1,6531;1,5008;1,4356;1,4791;1,7473;2,6319;2,7841;2,8566;2,8856;2,9001;3,1104;3,2627;3,2917;3,2844;3,2047;3,4802;3,9297;4,7127;4,952;4,865;4,2995;3,6252
191;178,27;38949,7923;3976,7738;3552,2211;3302,9424;3045,8738;2738,1704;2656,3758;4011,8286;3458,7416;2784,9101;2679,7457;3006,924;3727,4951;4,6182;3,5278;2,9249;2,6555;2,54;2,617;3,0916;4,6567;4,9261;5,0544;5,1057;5,1313;5,5033;5,7727;5,824;5,8112;5,6701;6,1576;6,9529;8,3384;8,7617;8,6078;7,6072;6,4142;4,5671;3,4888;2,8925;2,6261;2,5119;2,588;3,0574;4,6052;4,8716;4,9985;5,0492;5,0746;5,4425;5,7089;5,7597;5,747;5,6074;6,0895;6,8761;8,2462;8,6649;8,5126;7,5231;6,3433;4,0381;3,1538;2,6424;2,4293;2,3334;2,3547;2,7489;3,9103;4,1766;4,1766;4,1873;4,1873;4,5282;4,7946;4,8585;4,8159;4,5922;4,72;5,1888;6,4461;7,1599;7,2558;6,4887;5,338;3,848;3,0053;2,5179;2,3149;2,2235;2,2438;2,6195;3,7261;3,9799;3,9799;3,9901;3,9901;4,315;4,5688;4,6297;4,5891;4,3759;4,4977;4,9445;6,1425;6,8228;6,9141;6,1831;5,0866;3,3476;2,6145;2,1905;2,0139;1,9344;1,9521;2,2789;3,2416;3,4625;3,4625;3,4713;3,4713;3,7539;3,9748;4,0278;3,9924;3,8069;3,9129;4,3016;5,3438;5,9356;6,0151;5,3792;4,4252;3,7101;3,0017;2,5501;2,3465;2,2314;2,1871;2,3907;2,9397;3,2762;3,3736;3,4621;3,4887;3,7986;4,0731;4,1439;4,0731;3,8872;3,8517;4,02;4,7461;5,3482;5,6846;5,3393;4,6132;5,4224;4,3871;3,7271;3,4295;3,2612;3,1965;3,4942;4,2965;4,7883;4,9307;5,0601;5,0989;5,5519;5,953;6,0566;5,953;5,6813;5,6295;5,8754;6,9366;7,8166;8,3084;7,8037;6,7425;4,6749;3,7823;3,2133;2,9567;2,8116;2,7558;3,0125;3,7042;4,1282;4,2509;4,3625;4,3959;4,7865;5,1323;5,2216;5,1323;4,898;4,8534;5,0654;5,9803;6,739;7,1629;6,7278;5,8129;3,8896;3,1469;2,6735;2,46;2,3393;2,2929;2,5064;3,082;3,4347;3,5368;3,6297;3,6575;3,9824;4,2702;4,3445;4,2702;4,0753;4,0381;4,2145;4,9757;5,607;5,9597;5,5977;4,8365;3,2762;2,5587;2,1438;1,9709;1,8931;1,9104;2,2302;3,1725;3,3886;3,3886;3,3972;3,3972;3,6738;3,89;3,9418;3,9072;3,7257;3,8294;4,2098;5,2298;5,809;5,8868;5,2644;4,3308;3,7987;2,9668;2,4857;2,2853;2,1951;2,2151;2,586;3,6785;3,929;3,929;3,9391;3,9391;4,2598;4,5104;4,5705;4,5304;4,3199;4,4402;4,8812;6,064;6,7355;6,8257;6,1041;5,0216;4,3287;3,3066;2,7415;2,489;2,3808;2,4529;2,8978;4,3648;4,6173;4,7375;4,7856;4,8097;5,1584;5,4109;5,459;5,447;5,3147;5,7716;6,5171;7,8157;8,2125;8,0682;7,1303;6,0121
192;178,27;10116,9487;1032,9405;922,6657;857,9173;791,1454;711,2215;689,9759;1042,0457;898,385;723,3618;696,0461;781,0284;968,192;1,1995;0,9163;0,7597;0,6897;0,6597;0,6797;0,803;1,2095;1,2795;1,3128;1,3262;1,3328;1,4295;1,4994;1,5128;1,5094;1,4728;1,5994;1,806;2,1658;2,2758;2,2358;1,9759;1,666;1,1863;0,9062;0,7513;0,6821;0,6525;0,6722;0,7942;1,1962;1,2654;1,2983;1,3115;1,3181;1,4137;1,4829;1,496;1,4927;1,4565;1,5817;1,786;2,1419;2,2506;2,2111;1,9541;1,6476;1,0489;0,8192;0,6863;0,631;0,6061;0,6116;0,714;1,0157;1,0849;1,0849;1,0876;1,0876;1,1762;1,2454;1,262;1,2509;1,1928;1,226;1,3478;1,6743;1,8597;1,8847;1,6854;1,3865;0,9995;0,7806;0,654;0,6013;0,5775;0,5828;0,6804;0,9678;1,0338;1,0338;1,0364;1,0364;1,1208;1,1867;1,2025;1,192;1,1366;1,1683;1,2843;1,5955;1,7722;1,7959;1,606;1,3212;0,8695;0,6791;0,569;0,5231;0,5024;0,507;0,5919;0,842;0,8994;0,8994;0,9016;0,9016;0,9751;1,0324;1,0462;1,037;0,9888;1,0164;1,1173;1,388;1,5417;1,5624;1,3972;1,1494;0,9637;0,7797;0,6624;0,6095;0,5796;0,5681;0,621;0,7636;0,851;0,8763;0,8993;0,9062;0,9867;1,058;1,0764;1,058;1,0097;1,0005;1,0442;1,2328;1,3892;1,4765;1,3869;1,1983;1,4084;1,1395;0,9681;0,8908;0,8471;0,8303;0,9076;1,116;1,2437;1,2807;1,3143;1,3244;1,4421;1,5463;1,5732;1,5463;1,4757;1,4622;1,5261;1,8017;2,0303;2,158;2,0269;1,7513;1,2143;0,9824;0,8346;0,768;0,7303;0,7158;0,7825;0,9621;1,0723;1,1041;1,1331;1,1418;1,2432;1,3331;1,3563;1,3331;1,2722;1,2606;1,3157;1,5533;1,7504;1,8605;1,7475;1,5099;1,0103;0,8174;0,6944;0,639;0,6076;0,5956;0,651;0,8005;0,8921;0,9187;0,9428;0,95;1,0344;1,1092;1,1284;1,1092;1,0585;1,0489;1,0947;1,2924;1,4564;1,548;1,454;1,2562;0,851;0,6646;0,5568;0,5119;0,4917;0,4962;0,5793;0,824;0,8802;0,8802;0,8824;0,8824;0,9543;1,0104;1,0239;1,0149;0,9677;0,9947;1,0935;1,3584;1,5088;1,5291;1,3674;1,1249;0,9867;0,7706;0,6457;0,5936;0,5702;0,5754;0,6717;0,9555;1,0205;1,0205;1,0231;1,0231;1,1065;1,1715;1,1872;1,1767;1,1221;1,1533;1,2679;1,5751;1,7495;1,7729;1,5855;1,3043;1,1244;0,8589;0,7121;0,6465;0,6184;0,6371;0,7527;1,1337;1,1993;1,2305;1,243;1,2493;1,3399;1,4054;1,4179;1,4148;1,3805;1,4991;1,6928;2,0301;2,1331;2,0957;1,8521;1,5616
193;172,33;13015,7432;1328,9074;1187,0358;1103,735;1017,8311;915,0067;887,6737;1340,6215;1155,798;930,6256;895,4831;1004,8154;1245,6066;1,5432;1,1789;0,9774;0,8874;0,8488;0,8745;1,0331;1,5561;1,6461;1,689;1,7061;1,7147;1,839;1,9291;1,9462;1,9419;1,8948;2,0577;2,3234;2,7864;2,9279;2,8764;2,5421;2,1434;1,5262;1,1658;0,9666;0,8776;0,8394;0,8648;1,0217;1,5389;1,6279;1,6703;1,6873;1,6958;1,8187;1,9077;1,9247;1,9205;1,8738;2,0349;2,2978;2,7556;2,8955;2,8446;2,514;2,1197;1,3494;1,0539;0,883;0,8118;0,7797;0,7869;0,9186;1,3067;1,3957;1,3957;1,3993;1,3993;1,5132;1,6022;1,6236;1,6093;1,5345;1,5773;1,7339;2,1541;2,3926;2,4247;2,1683;1,7838;1,2859;1,0043;0,8414;0,7736;0,743;0,7498;0,8753;1,2451;1,33;1,33;1,3334;1,3334;1,4419;1,5267;1,5471;1,5335;1,4623;1,503;1,6523;2,0526;2,2799;2,3105;2,0662;1,6998;1,1187;0,8737;0,732;0,673;0,6464;0,6523;0,7615;1,0832;1,157;1,157;1,16;1,16;1,2544;1,3282;1,3459;1,3341;1,2722;1,3076;1,4374;1,7857;1,9835;2,0101;1,7975;1,4788;1,2398;1,0031;0,8522;0,7841;0,7456;0,7309;0,7989;0,9824;1,0948;1,1273;1,1569;1,1658;1,2694;1,3611;1,3848;1,3611;1,299;1,2871;1,3433;1,586;1,7872;1,8996;1,7842;1,5416;1,812;1,466;1,2455;1,146;1,0898;1,0682;1,1676;1,4358;1,6001;1,6477;1,6909;1,7039;1,8552;1,9893;2,0239;1,9893;1,8985;1,8812;1,9634;2,318;2,612;2,7764;2,6077;2,2531;1,5622;1,2639;1,0738;0,988;0,9396;0,9209;1,0067;1,2378;1,3795;1,4205;1,4578;1,469;1,5995;1,7151;1,7449;1,7151;1,6368;1,6218;1,6927;1,9984;2,2519;2,3936;2,2482;1,9425;1,2998;1,0516;0,8934;0,8221;0,7817;0,7662;0,8376;1,0299;1,1478;1,1819;1,2129;1,2222;1,3308;1,427;1,4518;1,427;1,3618;1,3494;1,4083;1,6627;1,8737;1,9915;1,8706;1,6162;1,0948;0,855;0,7164;0,6586;0,6326;0,6384;0,7453;1,0601;1,1324;1,1324;1,1352;1,1352;1,2277;1,2999;1,3172;1,3057;1,245;1,2797;1,4068;1,7476;1,9412;1,9672;1,7592;1,4472;1,2694;0,9914;0,8306;0,7637;0,7335;0,7402;0,8641;1,2292;1,313;1,313;1,3163;1,3163;1,4235;1,5072;1,5273;1,5139;1,4436;1,4838;1,6312;2,0264;2,2508;2,2809;2,0398;1,678;1,4465;1,105;0,9161;0,8317;0,7956;0,8197;0,9684;1,4586;1,5429;1,5831;1,5992;1,6072;1,7238;1,8081;1,8242;1,8202;1,776;1,9287;2,1778;2,6118;2,7444;2,6961;2,3827;2,009
194;178,27;17917,5613;1829,383;1634,0816;1519,4092;1401,1533;1259,6046;1221,9777;1845,5088;1591,0794;1281,1056;1232,7282;1383,2357;1714,7106;2,1244;1,6228;1,3455;1,2216;1,1684;1,2039;1,4222;2,1421;2,2661;2,3251;2,3487;2,3605;2,5316;2,6556;2,6792;2,6733;2,6083;2,8326;3,1985;3,8358;4,0305;3,9597;3,4994;2,9506;2,101;1,6049;1,3306;1,2081;1,1555;1,1905;1,4065;2,1185;2,241;2,2994;2,3227;2,3344;2,5036;2,6262;2,6495;2,6437;2,5795;2,8013;3,1631;3,7934;3,986;3,916;3,4608;2,918;1,8576;1,4508;1,2155;1,1175;1,0734;1,0832;1,2645;1,7988;1,9213;1,9213;1,9262;1,9262;2,0831;2,2056;2,235;2,2154;2,1125;2,1713;2,3869;2,9653;3,2937;3,3378;2,9849;2,4556;1,7701;1,3825;1,1583;1,0649;1,0228;1,0322;1,205;1,7141;1,8308;1,8308;1,8355;1,8355;1,985;2,1017;2,1298;2,1111;2,013;2,069;2,2745;2,8257;3,1386;3,1806;2,8443;2,3399;1,54;1,2027;1,0077;0,9264;0,8898;0,898;1,0483;1,4912;1,5928;1,5928;1,5969;1,5969;1,7269;1,8285;1,8528;1,8366;1,7513;1,8;1,9788;2,4583;2,7305;2,7671;2,4745;2,0357;1,7067;1,3808;1,1731;1,0794;1,0265;1,0061;1,0998;1,3523;1,5071;1,5519;1,5926;1,6049;1,7474;1,8737;1,9063;1,8737;1,7882;1,7719;1,8493;2,1833;2,4602;2,615;2,4562;2,1222;2,4944;2,0182;1,7145;1,5776;1,5002;1,4705;1,6074;1,9765;2,2027;2,2682;2,3277;2,3456;2,5539;2,7385;2,7861;2,7385;2,6135;2,5897;2,7028;3,1909;3,5958;3,822;3,5898;3,1016;2,1505;1,7399;1,4782;1,3601;1,2934;1,2677;1,3858;1,704;1,899;1,9555;2,0068;2,0222;2,2018;2,361;2,402;2,361;2,2532;2,2326;2,3302;2,751;3,1;3,2951;3,0949;2,674;1,7893;1,4476;1,2299;1,1316;1,0761;1,0548;1,153;1,4178;1,58;1,627;1,6697;1,6825;1,832;1,9644;1,9985;1,9644;1,8747;1,8576;1,9387;2,2889;2,5793;2,7416;2,575;2,2249;1,5071;1,1771;0,9862;0,9067;0,8709;0,8788;1,0259;1,4594;1,5588;1,5588;1,5628;1,5628;1,69;1,7894;1,8133;1,7974;1,7139;1,7616;1,9366;2,4058;2,6722;2,708;2,4217;1,9922;1,7475;1,3648;1,1435;1,0513;1,0098;1,019;1,1896;1,6922;1,8074;1,8074;1,812;1,812;1,9596;2,0749;2,1025;2,0841;1,9872;2,0426;2,2455;2,7895;3,0984;3,1399;2,808;2,31;1,9913;1,5211;1,2611;1,145;1,0952;1,1284;1,333;2,0079;2,124;2,1793;2,2015;2,2125;2,3729;2,4891;2,5112;2,5057;2,4448;2,655;2,998;3,5954;3,7779;3,7115;3,2801;2,7657
195;173,59;25489,5603;2602,4841;2324,6479;2161,5147;1993,2836;1791,9161;1738,388;2625,4247;2263,473;1822,5036;1753,6818;1967,7941;2439,3509;3,0222;2,3087;1,9141;1,7378;1,6622;1,7126;2,0232;3,0474;3,2237;3,3077;3,3413;3,358;3,6015;3,7778;3,8114;3,803;3,7106;4,0297;4,5501;5,4568;5,7339;5,6331;4,9783;4,1976;2,9888;2,2831;1,8929;1,7186;1,6439;1,6937;2,0009;3,0137;3,1881;3,2711;3,3043;3,3209;3,5617;3,736;3,7693;3,7609;3,6696;3,9851;4,4999;5,3965;5,6705;5,5709;4,9233;4,1512;2,6426;2,0639;1,7292;1,5898;1,527;1,541;1,7989;2,559;2,7333;2,7333;2,7402;2,7402;2,9634;3,1377;3,1795;3,1516;3,0052;3,0889;3,3957;4,2184;4,6856;4,7484;4,2463;3,4933;2,5182;1,9667;1,6478;1,5149;1,4551;1,4684;1,7142;2,4385;2,6046;2,6046;2,6112;2,6112;2,8238;2,9899;3,0298;3,0032;2,8637;2,9434;3,2358;4,0198;4,465;4,5248;4,0464;3,3288;2,1908;1,711;1,4335;1,3179;1,2659;1,2775;1,4913;2,1214;2,2659;2,2659;2,2717;2,2717;2,4567;2,6012;2,6359;2,6127;2,4913;2,5607;2,815;3,4971;3,8844;3,9364;3,5202;2,896;2,4279;1,9644;1,6689;1,5356;1,4602;1,4313;1,5645;1,9238;2,144;2,2078;2,2657;2,2831;2,4859;2,6655;2,7119;2,6655;2,5438;2,5207;2,6308;3,1059;3,5;3,7202;3,4942;3,019;3,5486;2,871;2,4391;2,2443;2,1342;2,0919;2,2867;2,8117;3,1336;3,2267;3,3114;3,3368;3,6332;3,8958;3,9635;3,8958;3,7179;3,6841;3,845;4,5394;5,1153;5,4372;5,1069;4,4124;3,0593;2,4752;2,1028;1,9349;1,84;1,8035;1,9714;2,4241;2,7016;2,7819;2,8549;2,8768;3,1324;3,3587;3,4171;3,3587;3,2054;3,1762;3,3149;3,9136;4,4101;4,6876;4,4028;3,8041;2,5454;2,0594;1,7496;1,6099;1,5309;1,5005;1,6403;2,0169;2,2478;2,3146;2,3753;2,3936;2,6062;2,7945;2,8431;2,7945;2,6669;2,6426;2,7581;3,2562;3,6693;3,9002;3,6632;3,1651;2,144;1,6745;1,4029;1,2898;1,2389;1,2502;1,4595;2,0761;2,2176;2,2176;2,2232;2,2232;2,4042;2,5457;2,5796;2,557;2,4382;2,5061;2,755;3,4225;3,8015;3,8524;3,4451;2,8342;2,486;1,9416;1,6267;1,4955;1,4365;1,4496;1,6923;2,4073;2,5713;2,5713;2,5778;2,5778;2,7877;2,9517;2,991;2,9648;2,8271;2,9058;3,1944;3,9684;4,4079;4,4669;3,9946;3,2862;2,8328;2,1639;1,7941;1,6289;1,558;1,6053;1,8964;2,8564;3,0216;3,1003;3,1318;3,1475;3,3757;3,541;3,5725;3,5646;3,478;3,7771;4,2649;5,1148;5,3744;5,28;4,6662;3,9344
196;168,43;11693,0466;1193,8601;1066,4058;991,5704;914,3962;822,0212;797,4658;1204,3838;1038,3425;836,0528;804,4816;902,7032;1119,0246;1,3864;1,0591;0,8781;0,7972;0,7625;0,7856;0,9281;1,398;1,4788;1,5174;1,5328;1,5405;1,6521;1,733;1,7484;1,7446;1,7022;1,8486;2,0873;2,5033;2,6303;2,5841;2,2837;1,9256;1,3711;1,0474;0,8684;0,7884;0,7541;0,777;0,9179;1,3825;1,4625;1,5006;1,5158;1,5234;1,6339;1,7139;1,7291;1,7253;1,6834;1,8281;2,0643;2,4756;2,6013;2,5556;2,2585;1,9043;1,2123;0,9468;0,7933;0,7293;0,7005;0,7069;0,8252;1,1739;1,2539;1,2539;1,2571;1,2571;1,3594;1,4394;1,4586;1,4458;1,3786;1,417;1,5577;1,9352;2,1495;2,1783;1,948;1,6025;1,1552;0,9022;0,7559;0,6949;0,6675;0,6736;0,7864;1,1186;1,1948;1,1948;1,1979;1,1979;1,2954;1,3716;1,3899;1,3777;1,3137;1,3503;1,4844;1,844;2,0482;2,0757;1,8562;1,527;1,005;0,7849;0,6576;0,6046;0,5807;0,586;0,6841;0,9732;1,0395;1,0395;1,0421;1,0421;1,127;1,1933;1,2092;1,1986;1,1429;1,1747;1,2914;1,6043;1,7819;1,8058;1,6149;1,3285;1,1138;0,9011;0,7656;0,7044;0,6699;0,6566;0,7177;0,8825;0,9835;1,0128;1,0394;1,0473;1,1404;1,2228;1,244;1,2228;1,167;1,1563;1,2068;1,4248;1,6056;1,7066;1,6029;1,3849;1,6279;1,3171;1,1189;1,0296;0,979;0,9596;1,049;1,2899;1,4375;1,4802;1,5191;1,5307;1,6667;1,7872;1,8182;1,7872;1,7056;1,69;1,7638;2,0824;2,3466;2,4942;2,3427;2,0241;1,4034;1,1355;0,9647;0,8876;0,8441;0,8273;0,9044;1,112;1,2393;1,2762;1,3097;1,3197;1,4369;1,5408;1,5676;1,5408;1,4704;1,457;1,5207;1,7953;2,0231;2,1504;2,0197;1,7451;1,1677;0,9447;0,8026;0,7385;0,7023;0,6884;0,7524;0,9252;1,0311;1,0618;1,0897;1,098;1,1956;1,2819;1,3042;1,2819;1,2234;1,2123;1,2652;1,4937;1,6833;1,7892;1,6805;1,4519;0,9835;0,7682;0,6436;0,5917;0,5683;0,5735;0,6695;0,9524;1,0173;1,0173;1,0199;1,0199;1,1029;1,1678;1,1834;1,173;1,1185;1,1496;1,2638;1,57;1,7439;1,7673;1,5804;1,3001;1,1404;0,8907;0,7462;0,6861;0,659;0,665;0,7763;1,1043;1,1795;1,1795;1,1825;1,1825;1,2788;1,3541;1,3721;1,3601;1,2969;1,333;1,4654;1,8205;2,0221;2,0491;1,8325;1,5075;1,2995;0,9927;0,823;0,7472;0,7147;0,7364;0,87;1,3103;1,3861;1,4222;1,4367;1,4439;1,5486;1,6244;1,6388;1,6352;1,5955;1,7327;1,9565;2,3463;2,4655;2,4221;2,1406;1,8049
197;168,43;20528,1221;2095,9213;1872,1647;1740,7848;1605,2991;1443,127;1400,0179;2114,3966;1822,8972;1467,7607;1412,3348;1584,771;1964,5413;2,434;1,8593;1,5415;1,3995;1,3387;1,3793;1,6294;2,4543;2,5962;2,6638;2,6909;2,7044;2,9005;3,0425;3,0695;3,0627;2,9884;3,2453;3,6645;4,3947;4,6178;4,5367;4,0093;3,3805;2,4071;1,8387;1,5245;1,3841;1,3239;1,364;1,6114;2,4271;2,5675;2,6344;2,6611;2,6745;2,8684;3,0088;3,0356;3,0289;2,9553;3,2094;3,624;4,3461;4,5667;4,4865;3,965;3,3432;2,1282;1,6622;1,3926;1,2803;1,2298;1,241;1,4488;2,0609;2,2013;2,2013;2,2069;2,2069;2,3866;2,5269;2,5606;2,5382;2,4203;2,4876;2,7347;3,3973;3,7736;3,8241;3,4198;2,8133;2,028;1,5839;1,327;1,22;1,1719;1,1826;1,3806;1,9638;2,0976;2,0976;2,1029;2,1029;2,2742;2,4079;2,4401;2,4187;2,3063;2,3705;2,6059;3,2374;3,5959;3,644;3,2588;2,6808;1,7643;1,378;1,1545;1,0614;1,0195;1,0288;1,2011;1,7085;1,8249;1,8249;1,8295;1,8295;1,9785;2,0949;2,1228;2,1042;2,0064;2,0623;2,2671;2,8164;3,1283;3,1702;2,835;2,3323;1,9554;1,582;1,344;1,2367;1,176;1,1527;1,26;1,5494;1,7267;1,778;1,8247;1,8387;2,002;2,1467;2,184;2,1467;2,0487;2,03;2,1187;2,5014;2,8187;2,996;2,814;2,4314;2,8578;2,3122;1,9643;1,8075;1,7188;1,6847;1,8416;2,2645;2,5236;2,5987;2,6669;2,6873;2,9261;3,1375;3,1921;3,1375;2,9943;2,967;3,0966;3,6559;4,1197;4,3788;4,1128;3,5536;2,4639;1,9934;1,6935;1,5583;1,4818;1,4524;1,5877;1,9523;2,1757;2,2404;2,2992;2,3168;2,5227;2,7049;2,752;2,7049;2,5815;2,5579;2,6697;3,1518;3,5517;3,7752;3,5458;3,0636;2,05;1,6586;1,4091;1,2965;1,2329;1,2085;1,321;1,6243;1,8102;1,8641;1,913;1,9277;2,0989;2,2506;2,2897;2,2506;2,1478;2,1283;2,2212;2,6224;2,9551;3,141;2,9502;2,549;1,7267;1,3486;1,1299;1,0387;0,9977;1,0069;1,1754;1,672;1,7859;1,7859;1,7905;1,7905;1,9363;2,0502;2,0775;2,0593;1,9636;2,0183;2,2187;2,7563;3,0616;3,1026;2,7746;2,2825;2,0021;1,5636;1,3101;1,2044;1,1569;1,1674;1,3629;1,9387;2,0708;2,0708;2,0761;2,0761;2,2451;2,3772;2,4089;2,3877;2,2768;2,3402;2,5726;3,196;3,5499;3,5974;3,2171;2,6466;2,2814;1,7427;1,4449;1,3118;1,2548;1,2928;1,5273;2,3004;2,4335;2,4969;2,5222;2,5349;2,7187;2,8518;2,8771;2,8708;2,8011;3,0419;3,4348;4,1192;4,3283;4,2523;3,758;3,1686
198;172,85;63569,8012;6490,4767;5797,5659;5390,7191;4971,1585;4468,957;4335,4604;6547,6895;5644,9983;4545,2408;4373,6023;4907,5886;6083,63;7,5373;5,7577;4,7736;4,334;4,1455;4,2712;5,0458;7,6001;8,0398;8,2492;8,3329;8,3748;8,982;9,4217;9,5054;9,4845;9,2542;10,0498;11,3479;13,6091;14,3;14,0487;12,4157;10,4685;7,454;5,694;4,7209;4,2861;4,0997;4,2239;4,99;7,5161;7,9509;8,158;8,2408;8,2822;8,8827;9,3175;9,4003;9,3796;9,1519;9,9387;11,2224;13,4586;14,1419;13,8935;12,2784;10,3528;6,5906;5,1473;4,3126;3,9648;3,8083;3,8431;4,4865;6,3819;6,8167;6,8167;6,834;6,834;7,3905;7,8252;7,9296;7,86;7,4948;7,7035;8,4686;10,5206;11,6857;11,8422;10,5902;8,7121;6,2802;4,9049;4,1095;3,7781;3,6289;3,6621;4,2752;6,0814;6,4956;6,4956;6,5122;6,5122;7,0425;7,4567;7,5562;7,4899;7,1419;7,3407;8,0698;10,0252;11,1354;11,2845;10,0915;8,3018;5,4637;4,2671;3,5752;3,2868;3,1571;3,1859;3,7193;5,2907;5,6511;5,6511;5,6655;5,6655;6,1268;6,4872;6,5737;6,516;6,2133;6,3863;7,0206;8,7217;9,6875;9,8173;8,7793;7,2224;6,0552;4,8991;4,162;3,8297;3,6418;3,5695;3,9019;4,7979;5,3471;5,506;5,6506;5,6939;6,1997;6,6477;6,7633;6,6477;6,3442;6,2864;6,561;7,746;8,7287;9,2779;8,7143;7,5292;8,8499;7,1602;6,083;5,5972;5,3226;5,217;5,7028;7,0124;7,815;8,0473;8,2585;8,3219;9,0612;9,7159;9,8849;9,7159;9,2724;9,1879;9,5892;11,3212;12,7574;13,5601;12,7363;11,0043;7,6299;6,1731;5,2444;4,8256;4,5888;4,4978;4,9166;6,0456;6,7376;6,9379;7,12;7,1746;7,8119;8,3764;8,5221;8,3764;7,994;7,9212;8,2672;9,7604;10,9986;11,6906;10,9804;9,4872;6,3482;5,1361;4,3634;4,015;3,818;3,7422;4,0907;5,0301;5,6058;5,7725;5,924;5,9694;6,4997;6,9694;7,0906;6,9694;6,6512;6,5906;6,8785;8,1208;9,1511;9,7268;9,1359;7,8936;5,3471;4,1761;3,4989;3,2167;3,0897;3,118;3,64;5,1778;5,5305;5,5305;5,5446;5,5446;5,9961;6,3488;6,4334;6,377;6,0807;6,25;6,8708;8,5356;9,4808;9,6078;8,592;7,0683;6,1999;4,8422;4,0569;3,7298;3,5825;3,6153;4,2205;6,0036;6,4126;6,4126;6,4289;6,4289;6,9524;7,3614;7,4595;7,3941;7,0506;7,2469;7,9667;9,897;10,993;11,1402;9,9624;8,1957;7,0649;5,3968;4,4744;4,0623;3,8857;4,0034;4,7295;7,1237;7,5359;7,7321;7,8106;7,8498;8,419;8,8311;8,9096;8,8899;8,6741;9,4198;10,6365;12,756;13,4036;13,1681;11,6374;9,8123
199;168,43;33344,01;3404,4234;3040,9737;2827,5721;2607,5016;2344,0839;2274,0615;3434,433;2960,9481;2384,0967;2294,0679;2574,1576;3191,0218;3,9535;3,0201;2,5039;2,2733;2,1744;2,2403;2,6467;3,9865;4,2171;4,3269;4,3708;4,3928;4,7113;4,9419;4,9858;4,9749;4,854;5,2714;5,9522;7,1383;7,5007;7,3689;6,5123;5,491;3,9098;2,9867;2,4762;2,2481;2,1504;2,2156;2,6174;3,9424;4,1705;4,2791;4,3225;4,3442;4,6592;4,8873;4,9307;4,9199;4,8004;5,2131;5,8865;7,0594;7,4178;7,2875;6,4403;5,4303;3,4569;2,6999;2,2621;2,0796;1,9975;2,0158;2,3533;3,3475;3,5755;3,5755;3,5846;3,5846;3,8765;4,1045;4,1593;4,1228;3,9312;4,0407;4,442;5,5183;6,1294;6,2115;5,5548;4,5697;3,2941;2,5727;2,1555;1,9817;1,9035;1,9209;2,2425;3,1898;3,4071;3,4071;3,4158;3,4158;3,694;3,9113;3,9634;3,9286;3,7461;3,8504;4,2328;5,2585;5,8408;5,919;5,2932;4,3545;2,8658;2,2382;1,8753;1,724;1,656;1,6711;1,9509;2,7751;2,9641;2,9641;2,9717;2,9717;3,2137;3,4027;3,4481;3,4178;3,259;3,3498;3,6825;4,5747;5,0814;5,1494;4,605;3,7883;3,1761;2,5697;2,1831;2,0088;1,9102;1,8723;2,0467;2,5166;2,8047;2,8881;2,9639;2,9866;3,2519;3,4869;3,5475;3,4869;3,3277;3,2974;3,4414;4,063;4,5784;4,8665;4,5709;3,9493;4,642;3,7557;3,1907;2,9359;2,7919;2,7365;2,9913;3,6782;4,0992;4,221;4,3318;4,3651;4,7528;5,0963;5,1849;5,0963;4,8636;4,8193;5,0298;5,9382;6,6916;7,1126;6,6805;5,7721;4,0021;3,2379;2,7508;2,5311;2,407;2,3592;2,5789;3,1711;3,534;3,6391;3,7346;3,7633;4,0976;4,3937;4,4701;4,3937;4,1931;4,1549;4,3364;5,1196;5,7691;6,132;5,7595;4,9763;3,3298;2,694;2,2887;2,106;2,0026;1,9629;2,1457;2,6384;2,9404;3,0278;3,1073;3,1311;3,4093;3,6556;3,7192;3,6556;3,4887;3,4569;3,6079;4,2596;4,8;5,102;4,792;4,1404;2,8047;2,1905;1,8353;1,6872;1,6206;1,6354;1,9093;2,7159;2,9009;2,9009;2,9083;2,9083;3,1451;3,3301;3,3745;3,3449;3,1895;3,2783;3,6039;4,4771;4,9729;5,0395;4,5067;3,7075;3,252;2,5398;2,128;1,9564;1,8791;1,8963;2,2138;3,1491;3,3636;3,3636;3,3721;3,3721;3,6467;3,8612;3,9127;3,8784;3,6982;3,8012;4,1787;5,1912;5,7661;5,8433;5,2255;4,2988;3,7057;2,8307;2,3469;2,1308;2,0381;2,0999;2,4808;3,7366;3,9527;4,0557;4,0969;4,1174;4,416;4,6321;4,6733;4,663;4,5498;4,9409;5,5791;6,6909;7,0305;6,907;6,1041;5,1468
200;168,43;33208,6504;3390,6032;3028,6289;2816,0936;2596,9165;2334,5681;2264,83;3420,491;2948,9282;2374,4185;2284,7551;2563,7078;3178,0678;3,9375;3,0078;2,4937;2,264;2,1656;2,2312;2,6359;3,9703;4,2;4,3093;4,3531;4,375;4,6922;4,9218;4,9656;4,9547;4,8343;5,25;5,9281;7,1093;7,4703;7,339;6,4859;5,4687;3,894;2,9745;2,4662;2,239;2,1417;2,2066;2,6068;3,9264;4,1535;4,2617;4,305;4,3266;4,6403;4,8674;4,9107;4,8999;4,7809;5,1919;5,8626;7,0307;7,3877;7,2579;6,4142;5,4083;3,4429;2,6889;2,2529;2,0712;1,9894;2,0076;2,3437;3,3339;3,561;3,561;3,5701;3,5701;3,8608;4,0879;4,1424;4,106;3,9153;4,0243;4,424;5,4959;6,1046;6,1863;5,5323;4,5512;3,2808;2,5623;2,1468;1,9737;1,8957;1,9131;2,2333;3,1769;3,3933;3,3933;3,402;3,402;3,679;3,8954;3,9473;3,9127;3,7309;3,8348;4,2157;5,2371;5,8171;5,895;5,2717;4,3369;2,8542;2,2291;1,8677;1,717;1,6493;1,6643;1,943;2,7638;2,9521;2,9521;2,9596;2,9596;3,2006;3,3889;3,4341;3,404;3,2458;3,3362;3,6675;4,5562;5,0607;5,1285;4,5863;3,773;3,1632;2,5593;2,1742;2,0006;1,9025;1,8647;2,0383;2,5064;2,7933;2,8763;2,9518;2,9745;3,2387;3,4727;3,5331;3,4727;3,3142;3,284;3,4274;4,0465;4,5599;4,8467;4,5523;3,9333;4,6232;3,7405;3,1777;2,924;2,7805;2,7254;2,9791;3,6632;4,0825;4,2039;4,3142;4,3473;4,7335;5,0756;5,1638;5,0756;4,8439;4,7997;5,0094;5,9141;6,6644;7,0837;6,6534;5,7486;3,9858;3,2248;2,7396;2,5209;2,3972;2,3496;2,5684;3,1582;3,5197;3,6243;3,7195;3,748;4,0809;4,3758;4,4519;4,3758;4,1761;4,138;4,3188;5,0988;5,7457;6,1071;5,7361;4,9561;3,3163;2,6831;2,2794;2,0974;1,9945;1,9549;2,137;2,6277;2,9284;3,0155;3,0947;3,1184;3,3954;3,6408;3,7041;3,6408;3,4746;3,4429;3,5933;4,2423;4,7805;5,0813;4,7726;4,1236;2,7933;2,1816;1,8278;1,6804;1,6141;1,6288;1,9015;2,7049;2,8891;2,8891;2,8965;2,8965;3,1323;3,3166;3,3608;3,3313;3,1765;3,265;3,5893;4,459;4,9528;5,0191;4,4884;3,6925;3,2388;2,5295;2,1193;1,9484;1,8715;1,8886;2,2048;3,1363;3,3499;3,3499;3,3585;3,3585;3,6319;3,8456;3,8968;3,8627;3,6832;3,7857;4,1618;5,1701;5,7427;5,8196;5,2043;4,2814;3,6907;2,8193;2,3374;2,1221;2,0299;2,0914;2,4707;3,7214;3,9367;4,0392;4,0802;4,1007;4,398;4,6133;4,6543;4,6441;4,5313;4,9209;5,5565;6,6637;7,002;6,879;6,0793;5,1259
201;172,85;10167,9506;1038,1478;927,3171;862,2422;795,1337;714,8069;693,4542;1047,2989;902,914;727,0085;699,555;784,9658;973,0729;1,2056;0,9209;0,7635;0,6932;0,6631;0,6832;0,8071;1,2156;1,286;1,3195;1,3328;1,3395;1,4367;1,507;1,5204;1,517;1,4802;1,6075;1,8151;2,1768;2,2873;2,2471;1,9859;1,6744;1,1923;0,9108;0,7551;0,6856;0,6557;0,6756;0,7982;1,2022;1,2717;1,3049;1,3181;1,3247;1,4208;1,4903;1,5036;1,5003;1,4638;1,5897;1,795;2,1527;2,262;2,2222;1,9639;1,6559;1,0542;0,8233;0,6898;0,6342;0,6091;0,6147;0,7176;1,0208;1,0903;1,0903;1,0931;1,0931;1,1821;1,2516;1,2683;1,2572;1,1988;1,2322;1,3546;1,6828;1,8691;1,8942;1,6939;1,3935;1,0045;0,7845;0,6573;0,6043;0,5804;0,5857;0,6838;0,9727;1,039;1,039;1,0416;1,0416;1,1264;1,1927;1,2086;1,198;1,1423;1,1741;1,2908;1,6035;1,7811;1,805;1,6141;1,3279;0,8739;0,6825;0,5718;0,5257;0,505;0,5096;0,5949;0,8462;0,9039;0,9039;0,9062;0,9062;0,98;1,0376;1,0515;1,0422;0,9938;1,0215;1,1229;1,395;1,5495;1,5703;1,4042;1,1552;0,9685;0,7836;0,6657;0,6126;0,5825;0,5709;0,6241;0,7674;0,8553;0,8807;0,9038;0,9107;0,9916;1,0633;1,0818;1,0633;1,0148;1,0055;1,0494;1,239;1,3962;1,484;1,3938;1,2043;1,4155;1,1453;0,973;0,8953;0,8514;0,8345;0,9122;1,1216;1,25;1,2872;1,3209;1,3311;1,4493;1,5541;1,5811;1,5541;1,4831;1,4696;1,5338;1,8108;2,0405;2,1689;2,0372;1,7601;1,2204;0,9874;0,8388;0,7718;0,734;0,7194;0,7864;0,967;1,0777;1,1097;1,1388;1,1476;1,2495;1,3398;1,3631;1,3398;1,2786;1,267;1,3223;1,5612;1,7592;1,8699;1,7563;1,5175;1,0154;0,8215;0,6979;0,6422;0,6107;0,5986;0,6543;0,8046;0,8966;0,9233;0,9475;0,9548;1,0396;1,1147;1,1341;1,1147;1,0639;1,0542;1,1002;1,2989;1,4637;1,5558;1,4613;1,2626;0,8553;0,668;0,5596;0,5145;0,4942;0,4987;0,5822;0,8282;0,8846;0,8846;0,8869;0,8869;0,9591;1,0155;1,029;1,02;0,9726;0,9997;1,099;1,3653;1,5165;1,5368;1,3743;1,1306;0,9917;0,7745;0,6489;0,5966;0,573;0,5783;0,6751;0,9603;1,0257;1,0257;1,0283;1,0283;1,112;1,1774;1,1931;1,1827;1,1277;1,1591;1,2743;1,583;1,7583;1,7819;1,5935;1,3109;1,13;0,8632;0,7157;0,6498;0,6215;0,6403;0,7565;1,1394;1,2054;1,2367;1,2493;1,2556;1,3466;1,4125;1,4251;1,4219;1,3874;1,5067;1,7013;2,0403;2,1439;2,1062;1,8614;1,5695
202;172,85;48875,3765;4990,1759;4457,4343;4144,6319;3822,0544;3435,939;3333,3007;5034,1638;4340,1334;3494,5894;3362,6259;3773,1791;4677,3735;5,795;4,4268;3,6702;3,3321;3,1873;3,2839;3,8795;5,8433;6,1814;6,3424;6,4067;6,4389;6,9058;7,2438;7,3082;7,2921;7,115;7,7267;8,7248;10,4633;10,9945;10,8013;9,5457;8,0487;5,731;4,3778;3,6296;3,2953;3,152;3,2476;3,8366;5,7787;6,1131;6,2722;6,3359;6,3678;6,8294;7,1637;7,2274;7,2115;7,0364;7,6413;8,6283;10,3476;10,873;10,6819;9,4402;7,9597;5,0671;3,9575;3,3157;3,0483;2,928;2,9547;3,4494;4,9067;5,241;5,241;5,2543;5,2543;5,6822;6,0164;6,0966;6,0431;5,7624;5,9228;6,5111;8,0887;8,9845;9,1048;8,1422;6,6983;4,8285;3,7711;3,1596;2,9048;2,7901;2,8156;3,287;4,6756;4,9942;4,9942;5,0069;5,0069;5,4146;5,7331;5,8095;5,7586;5,491;5,6439;6,2045;7,7078;8,5614;8,6761;7,7588;6,3828;4,2007;3,2808;2,7488;2,5271;2,4273;2,4495;2,8596;4,0677;4,3448;4,3448;4,3559;4,3559;4,7106;4,9877;5,0542;5,0098;4,7771;4,9101;5,3977;6,7056;7,4482;7,548;6,75;5,5529;4,6555;3,7666;3,2;2,9444;2,8;2,7444;3,0;3,6889;4,1111;4,2333;4,3444;4,3777;4,7666;5,1111;5,1999;5,1111;4,8777;4,8333;5,0444;5,9555;6,711;7,1333;6,6999;5,7888;6,8042;5,5051;4,6769;4,3034;4,0923;4,0111;4,3846;5,3914;6,0085;6,1871;6,3495;6,3983;6,9666;7,47;7,6;7,47;7,129;7,0641;7,3726;8,7042;9,8085;10,4256;9,7923;8,4606;5,8662;4,7461;4,0321;3,7101;3,5281;3,4581;3,7801;4,6481;5,1802;5,3342;5,4742;5,5162;6,0062;6,4402;6,5522;6,4402;6,1462;6,0902;6,3562;7,5042;8,4563;8,9883;8,4423;7,2942;4,8808;3,9489;3,3548;3,0869;2,9355;2,8772;3,1451;3,8673;4,31;4,4381;4,5546;4,5896;4,9973;5,3584;5,4516;5,3584;5,1137;5,0672;5,2885;6,2437;7,0358;7,4784;7,0241;6,0689;4,1111;3,2108;2,6901;2,4732;2,3755;2,3972;2,7986;3,9809;4,2521;4,2521;4,2629;4,2629;4,6101;4,8812;4,9463;4,9029;4,6751;4,8053;5,2826;6,5625;7,2893;7,3869;6,6059;5,4344;4,7668;3,7229;3,1192;2,8676;2,7544;2,7796;3,2449;4,6159;4,9303;4,9303;4,9429;4,9429;5,3453;5,6598;5,7352;5,6849;5,4208;5,5717;6,1251;7,6092;8,4519;8,5651;7,6596;6,3012;5,4318;4,1493;3,4401;3,1233;2,9875;3,078;3,6363;5,4771;5,7939;5,9448;6,0051;6,0353;6,4729;6,7897;6,8501;6,835;6,669;7,2424;8,1779;9,8074;10,3053;10,1243;8,9474;7,5442
203;178,27;22285,6599;2275,3659;2032,4522;1889,824;1742,7386;1566,6819;1519,882;2295,423;1978,9666;1593,4247;1533,2534;1720,4529;2132,7377;2,6424;2,0185;1,6735;1,5194;1,4533;1,4973;1,7689;2,6644;2,8185;2,8919;2,9213;2,936;3,1488;3,303;3,3323;3,325;3,2442;3,5231;3,9782;4,7709;5,0131;4,9251;4,3526;3,6699;2,6132;1,9962;1,655;1,5026;1,4372;1,4808;1,7494;2,6349;2,7874;2,86;2,889;2,9035;3,114;3,2664;3,2955;3,2882;3,2084;3,4842;3,9342;4,7182;4,9577;4,8706;4,3044;3,6294;2,3105;1,8045;1,5119;1,3899;1,3351;1,3473;1,5728;2,2373;2,3897;2,3897;2,3958;2,3958;2,5909;2,7433;2,7799;2,7555;2,6275;2,7006;2,9689;3,6882;4,0967;4,1515;3,7126;3,0542;2,2017;1,7195;1,4407;1,3245;1,2722;1,2838;1,4988;2,132;2,2772;2,2772;2,283;2,283;2,4689;2,6141;2,649;2,6257;2,5037;2,5734;2,829;3,5145;3,9037;3,956;3,5378;2,9104;1,9154;1,4959;1,2533;1,1523;1,1068;1,1169;1,3039;1,8547;1,9811;1,9811;1,9861;1,9861;2,1479;2,2742;2,3045;2,2843;2,1782;2,2388;2,4612;3,0576;3,3962;3,4416;3,0778;2,532;2,1228;1,7175;1,4591;1,3426;1,2767;1,2514;1,3679;1,682;1,8745;1,9303;1,9809;1,9961;2,1734;2,3305;2,371;2,3305;2,2241;2,2038;2,3001;2,7155;3,06;3,2525;3,055;2,6395;3,1025;2,5102;2,1325;1,9622;1,866;1,8289;1,9992;2,4583;2,7397;2,8211;2,8952;2,9174;3,1766;3,4061;3,4653;3,4061;3,2506;3,221;3,3617;3,9689;4,4724;4,7537;4,465;3,8578;2,6748;2,1641;1,8385;1,6917;1,6087;1,5768;1,7236;2,1194;2,362;2,4322;2,4961;2,5152;2,7386;2,9365;2,9876;2,9365;2,8025;2,7769;2,8982;3,4217;3,8558;4,0984;3,8494;3,3259;2,2255;1,8006;1,5297;1,4075;1,3385;1,3119;1,4341;1,7634;1,9652;2,0236;2,0768;2,0927;2,2786;2,4433;2,4857;2,4433;2,3317;2,3105;2,4114;2,8469;3,2081;3,4099;3,2028;2,7672;1,8745;1,464;1,2266;1,1277;1,0832;1,0931;1,2761;1,8152;1,9388;1,9388;1,9438;1,9438;2,102;2,2257;2,2554;2,2356;2,1317;2,1911;2,4087;2,9923;3,3237;3,3682;3,0121;2,4779;2,1735;1,6975;1,4222;1,3075;1,2559;1,2674;1,4796;2,1047;2,2481;2,2481;2,2538;2,2538;2,4373;2,5807;2,6151;2,5921;2,4717;2,5405;2,7929;3,4696;3,8538;3,9054;3,4925;2,8732;2,4767;1,8919;1,5686;1,4241;1,3622;1,4035;1,658;2,4974;2,6418;2,7106;2,7382;2,7519;2,9514;3,0959;3,1234;3,1165;3,0409;3,3023;3,7289;4,4719;4,6989;4,6163;4,0797;3,4399
204;168,43;2760,7204;281,8696;251,7777;234,1091;215,8883;194,0786;188,2811;284,3542;245,152;197,3915;189,9376;213,1276;264,2009;0,3273;0,25;0,2073;0,1882;0,18;0,1855;0,2191;0,3301;0,3492;0,3582;0,3619;0,3637;0,3901;0,4092;0,4128;0,4119;0,4019;0,4364;0,4928;0,591;0,621;0,6101;0,5392;0,4546;0,3237;0,2473;0,205;0,1861;0,178;0,1834;0,2167;0,3264;0,3453;0,3543;0,3579;0,3597;0,3858;0,4046;0,4082;0,4073;0,3974;0,4316;0,4874;0,5845;0,6142;0,6034;0,5332;0,4496;0,2862;0,2235;0,1873;0,1722;0,1654;0,1669;0,1948;0,2772;0,296;0,296;0,2968;0,2968;0,321;0,3398;0,3444;0,3413;0,3255;0,3345;0,3678;0,4569;0,5075;0,5143;0,4599;0,3784;0,2727;0,213;0,1785;0,1641;0,1576;0,159;0,1857;0,2641;0,2821;0,2821;0,2828;0,2828;0,3058;0,3238;0,3282;0,3253;0,3102;0,3188;0,3505;0,4354;0,4836;0,4901;0,4383;0,3605;0,2373;0,1853;0,1553;0,1427;0,1371;0,1384;0,1615;0,2298;0,2454;0,2454;0,246;0,246;0,2661;0,2817;0,2855;0,283;0,2698;0,2773;0,3049;0,3788;0,4207;0,4263;0,3813;0,3137;0,263;0,2128;0,1807;0,1663;0,1582;0,155;0,1695;0,2084;0,2322;0,2391;0,2454;0,2473;0,2692;0,2887;0,2937;0,2887;0,2755;0,273;0,2849;0,3364;0,3791;0,4029;0,3784;0,327;0,3843;0,311;0,2642;0,2431;0,2312;0,2266;0,2477;0,3045;0,3394;0,3495;0,3587;0,3614;0,3935;0,4219;0,4293;0,4219;0,4027;0,399;0,4164;0,4917;0,554;0,5889;0,5531;0,4779;0,3314;0,2681;0,2278;0,2096;0,1993;0,1953;0,2135;0,2625;0,2926;0,3013;0,3092;0,3116;0,3393;0,3638;0,3701;0,3638;0,3472;0,344;0,359;0,4239;0,4777;0,5077;0,4769;0,412;0,2757;0,2231;0,1895;0,1744;0,1658;0,1625;0,1777;0,2184;0,2434;0,2507;0,2573;0,2592;0,2823;0,3027;0,3079;0,3027;0,2888;0,2862;0,2987;0,3527;0,3974;0,4224;0,3968;0,3428;0,2322;0,1814;0,152;0,1397;0,1342;0,1354;0,1581;0,2249;0,2402;0,2402;0,2408;0,2408;0,2604;0,2757;0,2794;0,2769;0,2641;0,2714;0,2984;0,3707;0,4117;0,4172;0,3731;0,307;0,2693;0,2103;0,1762;0,162;0,1556;0,157;0,1833;0,2607;0,2785;0,2785;0,2792;0,2792;0,3019;0,3197;0,324;0,3211;0,3062;0,3147;0,346;0,4298;0,4774;0,4838;0,4326;0,3559;0,3068;0,2344;0,1943;0,1764;0,1687;0,1739;0,2054;0,3094;0,3273;0,3358;0,3392;0,3409;0,3656;0,3835;0,3869;0,3861;0,3767;0,4091;0,4619;0,554;0,5821;0,5719;0,5054;0,4261
205;173,59;4500,3966;459,4905;410,4362;381,6336;351,931;316,3779;306,927;463,5409;399,6352;321,7784;309,6273;347,4306;430,688;0,5336;0,4076;0,3379;0,3068;0,2935;0,3024;0,3572;0,538;0,5692;0,584;0,5899;0,5929;0,6359;0,667;0,6729;0,6714;0,6551;0,7115;0,8034;0,9634;1,0124;0,9946;0,879;0,7411;0,5277;0,4031;0,3342;0,3034;0,2902;0,299;0,3533;0,5321;0,5629;0,5775;0,5834;0,5863;0,6288;0,6596;0,6655;0,664;0,6479;0,7036;0,7945;0,9528;1,0012;0,9836;0,8692;0,7329;0,4666;0,3644;0,3053;0,2807;0,2696;0,2721;0,3176;0,4518;0,4826;0,4826;0,4838;0,4838;0,5232;0,554;0,5614;0,5564;0,5306;0,5454;0,5995;0,7448;0,8273;0,8384;0,7497;0,6168;0,4446;0,3472;0,2909;0,2675;0,2569;0,2593;0,3027;0,4305;0,4599;0,4599;0,461;0,461;0,4986;0,5279;0,5349;0,5302;0,5056;0,5197;0,5713;0,7097;0,7883;0,7989;0,7144;0,5877;0,3868;0,3021;0,2531;0,2327;0,2235;0,2255;0,2633;0,3746;0,4001;0,4001;0,4011;0,4011;0,4337;0,4593;0,4654;0,4613;0,4399;0,4521;0,497;0,6174;0,6858;0,695;0,6215;0,5113;0,4287;0,3468;0,2946;0,2711;0,2578;0,2527;0,2762;0,3397;0,3785;0,3898;0,4;0,4031;0,4389;0,4706;0,4788;0,4706;0,4491;0,445;0,4645;0,5484;0,6179;0,6568;0,6169;0,533;0,6265;0,5069;0,4306;0,3963;0,3768;0,3693;0,4037;0,4964;0,5533;0,5697;0,5847;0,5891;0,6415;0,6878;0,6998;0,6878;0,6564;0,6505;0,6789;0,8015;0,9032;0,96;0,9017;0,779;0,5402;0,437;0,3713;0,3416;0,3249;0,3184;0,3481;0,428;0,477;0,4912;0,5041;0,5079;0,553;0,593;0,6033;0,593;0,5659;0,5608;0,5853;0,691;0,7786;0,8276;0,7774;0,6716;0,4494;0,3636;0,3089;0,2842;0,2703;0,2649;0,2896;0,3561;0,3969;0,4087;0,4194;0,4226;0,4601;0,4934;0,502;0,4934;0,4709;0,4666;0,487;0,5749;0,6478;0,6886;0,6468;0,5588;0,3785;0,2956;0,2477;0,2277;0,2187;0,2207;0,2577;0,3666;0,3915;0,3915;0,3925;0,3925;0,4245;0,4495;0,4555;0,4515;0,4305;0,4425;0,4864;0,6043;0,6712;0,6802;0,6083;0,5004;0,4389;0,3428;0,2872;0,264;0,2536;0,2559;0,2988;0,425;0,454;0,454;0,4551;0,4551;0,4922;0,5211;0,5281;0,5235;0,4991;0,513;0,564;0,7007;0,7782;0,7887;0,7053;0,5802;0,5002;0,3821;0,3168;0,2876;0,2751;0,2834;0,3348;0,5043;0,5335;0,5474;0,5529;0,5557;0,596;0,6252;0,6307;0,6294;0,6141;0,6669;0,753;0,9031;0,9489;0,9322;0,8239;0,6947
206;168,43;5719,9106;584,0029;521,6558;485,0484;447,297;402,1097;390,0979;589,1508;507,9281;408,9736;393,5298;441,5771;547,3954;0,6782;0,5181;0,4295;0,39;0,373;0,3843;0,454;0,6838;0,7234;0,7422;0,7498;0,7536;0,8082;0,8477;0,8553;0,8534;0,8327;0,9043;1,0211;1,2245;1,2867;1,2641;1,1171;0,9419;0,6707;0,5123;0,4248;0,3857;0,3689;0,3801;0,449;0,6763;0,7154;0,734;0,7415;0,7452;0,7993;0,8384;0,8458;0,844;0,8235;0,8943;1,0098;1,211;1,2725;1,2501;1,1048;0,9315;0,593;0,4631;0,388;0,3567;0,3427;0,3458;0,4037;0,5742;0,6134;0,6134;0,6149;0,6149;0,665;0,7041;0,7135;0,7072;0,6744;0,6931;0,762;0,9466;1,0515;1,0655;0,9529;0,7839;0,5651;0,4413;0,3698;0,3399;0,3265;0,3295;0,3847;0,5472;0,5845;0,5845;0,586;0,586;0,6337;0,6709;0,6799;0,6739;0,6426;0,6605;0,7261;0,902;1,0019;1,0154;0,908;0,747;0,4916;0,3839;0,3217;0,2957;0,2841;0,2867;0,3347;0,476;0,5085;0,5085;0,5098;0,5098;0,5513;0,5837;0,5915;0,5863;0,5591;0,5746;0,6317;0,7848;0,8717;0,8833;0,79;0,6499;0,5448;0,4408;0,3745;0,3446;0,3277;0,3212;0,3511;0,4317;0,4811;0,4954;0,5084;0,5123;0,5578;0,5982;0,6086;0,5982;0,5708;0,5656;0,5903;0,697;0,7854;0,8348;0,7841;0,6775;0,7963;0,6443;0,5473;0,5036;0,4789;0,4694;0,5131;0,631;0,7032;0,7241;0,7431;0,7488;0,8153;0,8742;0,8894;0,8742;0,8343;0,8267;0,8628;1,0187;1,1479;1,2201;1,146;0,9902;0,6865;0,5554;0,4719;0,4342;0,4129;0,4047;0,4424;0,544;0,6062;0,6243;0,6406;0,6456;0,7029;0,7537;0,7668;0,7537;0,7193;0,7127;0,7439;0,8782;0,9896;1,0519;0,988;0,8536;0,5712;0,4621;0,3926;0,3613;0,3435;0,3367;0,3681;0,4526;0,5044;0,5194;0,533;0,5371;0,5848;0,6271;0,638;0,6271;0,5985;0,593;0,6189;0,7307;0,8234;0,8752;0,822;0,7103;0,4811;0,3758;0,3148;0,2894;0,278;0,2805;0,3275;0,4659;0,4976;0,4976;0,4989;0,4989;0,5395;0,5713;0,5789;0,5738;0,5471;0,5624;0,6182;0,768;0,8531;0,8645;0,7731;0,636;0,5579;0,4357;0,365;0,3356;0,3224;0,3253;0,3798;0,5402;0,577;0,577;0,5785;0,5785;0,6256;0,6624;0,6712;0,6653;0,6344;0,6521;0,7168;0,8905;0,9891;1,0024;0,8964;0,7374;0,6357;0,4856;0,4026;0,3655;0,3496;0,3602;0,4256;0,641;0,6781;0,6957;0,7028;0,7063;0,7575;0,7946;0,8017;0,7999;0,7805;0,8476;0,9571;1,1478;1,206;1,1848;1,0471;0,8829
207;168,43;6969,5155;711,5875;635,6198;591,0149;545,0161;489,9569;475,321;717,8601;618,893;498,3204;479,5027;538,0466;666,9826;0,8264;0,6312;0,5234;0,4752;0,4545;0,4683;0,5532;0,8332;0,8815;0,9044;0,9136;0,9182;0,9847;1,0329;1,0421;1,0398;1,0146;1,1018;1,2441;1,492;1,5678;1,5402;1,3612;1,1477;0,8172;0,6243;0,5176;0,4699;0,4495;0,4631;0,5471;0,824;0,8717;0,8944;0,9035;0,908;0,9739;1,0215;1,0306;1,0283;1,0034;1,0896;1,2304;1,4755;1,5505;1,5232;1,3462;1,135;0,7226;0,5643;0,4728;0,4347;0,4175;0,4213;0,4919;0,6997;0,7473;0,7473;0,7493;0,7493;0,8103;0,8579;0,8694;0,8617;0,8217;0,8446;0,9285;1,1534;1,2812;1,2983;1,1611;0,9552;0,6885;0,5377;0,4505;0,4142;0,3979;0,4015;0,4687;0,6667;0,7122;0,7122;0,714;0,714;0,7721;0,8175;0,8284;0,8212;0,783;0,8048;0,8847;1,0991;1,2208;1,2372;1,1064;0,9102;0,599;0,4678;0,392;0,3604;0,3461;0,3493;0,4078;0,58;0,6196;0,6196;0,6211;0,6211;0,6717;0,7112;0,7207;0,7144;0,6812;0,7002;0,7697;0,9562;1,0621;1,0763;0,9625;0,7918;0,6639;0,5371;0,4563;0,4199;0,3993;0,3913;0,4278;0,526;0,5862;0,6037;0,6195;0,6243;0,6797;0,7288;0,7415;0,7288;0,6956;0,6892;0,7193;0,8492;0,957;1,0172;0,9554;0,8255;0,9703;0,785;0,6669;0,6137;0,5836;0,572;0,6252;0,7688;0,8568;0,8823;0,9054;0,9124;0,9934;1,0652;1,0837;1,0652;1,0166;1,0073;1,0513;1,2412;1,3987;1,4867;1,3964;1,2065;0,8365;0,6768;0,575;0,5291;0,5031;0,4931;0,539;0,6628;0,7387;0,7606;0,7806;0,7866;0,8565;0,9184;0,9343;0,9184;0,8764;0,8684;0,9064;1,0701;1,2058;1,2817;1,2038;1,0401;0,696;0,5631;0,4784;0,4402;0,4186;0,4103;0,4485;0,5515;0,6146;0,6329;0,6495;0,6545;0,7126;0,7641;0,7774;0,7641;0,7292;0,7226;0,7541;0,8903;1,0033;1,0664;1,0016;0,8654;0,5862;0,4578;0,3836;0,3527;0,3387;0,3418;0,3991;0,5677;0,6063;0,6063;0,6079;0,6079;0,6574;0,6961;0,7053;0,6991;0,6667;0,6852;0,7533;0,9358;1,0394;1,0534;0,942;0,7749;0,6797;0,5309;0,4448;0,4089;0,3928;0,3964;0,4627;0,6582;0,703;0,703;0,7048;0,7048;0,7622;0,8071;0,8178;0,8107;0,773;0,7945;0,8734;1,0851;1,2052;1,2214;1,0922;0,8985;0,7746;0,5917;0,4906;0,4454;0,426;0,4389;0,5185;0,781;0,8262;0,8477;0,8563;0,8606;0,923;0,9682;0,9768;0,9747;0,951;1,0327;1,1661;1,3985;1,4695;1,4437;1,2759;1,0758
208;173,59;17691,6412;1806,3166;1613,4777;1500,2512;1383,4863;1243,7224;1206,5699;1822,239;1571,0177;1264,9523;1217,1849;1365,7947;1693,0901;2,0977;1,6024;1,3285;1,2062;1,1537;1,1887;1,4043;2,1151;2,2375;2,2958;2,3191;2,3307;2,4997;2,6221;2,6454;2,6396;2,5755;2,7969;3,1581;3,7874;3,9797;3,9098;3,4553;2,9134;2,0745;1,5847;1,3138;1,1928;1,141;1,1755;1,3887;2,0918;2,2128;2,2704;2,2934;2,305;2,4721;2,5931;2,6161;2,6104;2,547;2,766;3,1232;3,7456;3,9357;3,8666;3,4171;2,8812;1,8342;1,4325;1,2002;1,1034;1,0599;1,0695;1,2486;1,7761;1,8971;1,8971;1,9019;1,9019;2,0568;2,1778;2,2068;2,1875;2,0858;2,1439;2,3568;2,9279;3,2522;3,2957;2,9473;2,4246;1,7478;1,365;1,1437;1,0514;1,0099;1,0192;1,1898;1,6925;1,8078;1,8078;1,8124;1,8124;1,9599;2,0752;2,1029;2,0845;1,9876;2,0429;2,2459;2,79;3,099;3,1405;2,8085;2,3104;1,5206;1,1876;0,995;0,9147;0,8786;0,8867;1,0351;1,4724;1,5727;1,5727;1,5767;1,5767;1,7051;1,8054;1,8295;1,8134;1,7292;1,7773;1,9538;2,4273;2,6961;2,7322;2,4433;2,01;1,6852;1,3634;1,1583;1,0658;1,0135;0,9934;1,0859;1,3353;1,4881;1,5323;1,5726;1,5846;1,7254;1,8501;1,8822;1,8501;1,7656;1,7495;1,8259;2,1557;2,4292;2,5821;2,4252;2,0954;2,463;1,9927;1,6929;1,5577;1,4813;1,4519;1,5871;1,9516;2,1749;2,2396;2,2984;2,316;2,5217;2,704;2,751;2,704;2,5805;2,557;2,6687;3,1507;3,5504;3,7738;3,5445;3,0625;2,1234;1,718;1,4595;1,343;1,2771;1,2517;1,3683;1,6825;1,8751;1,9308;1,9815;1,9967;2,1741;2,3312;2,3717;2,3312;2,2248;2,2045;2,3008;2,7163;3,061;3,2535;3,0559;2,6403;1,7667;1,4294;1,2144;1,1174;1,0626;1,0415;1,1385;1,3999;1,5601;1,6065;1,6487;1,6613;1,8089;1,9396;1,9733;1,9396;1,851;1,8342;1,9143;2,26;2,5468;2,707;2,5426;2,1968;1,4881;1,1622;0,9737;0,8952;0,8599;0,8677;1,013;1,441;1,5391;1,5391;1,5431;1,5431;1,6687;1,7669;1,7904;1,7747;1,6923;1,7394;1,9122;2,3755;2,6385;2,6739;2,3912;1,9671;1,7255;1,3476;1,1291;1,038;0,997;1,0061;1,1746;1,6708;1,7846;1,7846;1,7892;1,7892;1,9349;2,0487;2,076;2,0578;1,9622;2,0168;2,2171;2,7544;3,0594;3,1004;2,7726;2,2809;1,9662;1,5019;1,2452;1,1305;1,0814;1,1142;1,3162;1,9826;2,0972;2,1519;2,1737;2,1846;2,343;2,4577;2,4796;2,4741;2,414;2,6216;2,9602;3,55;3,7303;3,6647;3,2387;2,7308
209;173,59;23991,6639;2449,5489;2188,0397;2034,4931;1876,1481;1686,614;1636,2315;2471,1414;2130,4598;1715,404;1650,6265;1852,1564;2296,0022;2,8446;2,173;1,8016;1,6357;1,5646;1,612;1,9043;2,8683;3,0343;3,1133;3,1449;3,1607;3,3899;3,5558;3,5874;3,5795;3,4926;3,7928;4,2828;5,1362;5,3969;5,3021;4,6857;3,9509;2,8132;2,149;1,7817;1,6176;1,5473;1,5941;1,8833;2,8366;3,0007;3,0789;3,1101;3,1258;3,3524;3,5165;3,5478;3,5399;3,454;3,7509;4,2354;5,0794;5,3373;5,2435;4,634;3,9072;2,4873;1,9426;1,6276;1,4963;1,4373;1,4504;1,6932;2,4086;2,5726;2,5726;2,5792;2,5792;2,7892;2,9533;2,9927;2,9664;2,8286;2,9074;3,1961;3,9705;4,4103;4,4693;3,9968;3,288;2,3702;1,8511;1,5509;1,4259;1,3696;1,3821;1,6135;2,2952;2,4515;2,4515;2,4578;2,4578;2,6579;2,8142;2,8517;2,8267;2,6954;2,7704;3,0456;3,7836;4,2026;4,2589;3,8086;3,1332;2,062;1,6104;1,3493;1,2405;1,1915;1,2024;1,4037;1,9967;2,1328;2,1328;2,1382;2,1382;2,3123;2,4483;2,481;2,4592;2,3449;2,4102;2,6496;3,2916;3,6561;3,7051;3,3134;2,7258;2,2853;1,8489;1,5708;1,4453;1,3744;1,3472;1,4726;1,8108;2,018;2,078;2,1326;2,1489;2,3398;2,5089;2,5525;2,5089;2,3944;2,3725;2,4762;2,9234;3,2943;3,5015;3,2888;2,8416;3,34;2,7023;2,2958;2,1124;2,0088;1,9689;2,1523;2,6465;2,9494;3,0371;3,1168;3,1407;3,4197;3,6669;3,7306;3,6669;3,4995;3,4676;3,619;4,2727;4,8147;5,1177;4,8068;4,1531;2,8796;2,3298;1,9793;1,8212;1,7319;1,6975;1,8556;2,2817;2,5428;2,6184;2,6871;2,7077;2,9483;3,1613;3,2163;3,1613;3,017;2,9895;3,1201;3,6836;4,151;4,4121;4,1441;3,5805;2,3958;1,9384;1,6468;1,5153;1,4409;1,4123;1,5439;1,8984;2,1157;2,1786;2,2357;2,2529;2,453;2,6303;2,676;2,6303;2,5102;2,4873;2,596;3,0649;3,4537;3,671;3,448;2,9791;2,018;1,5761;1,3205;1,214;1,1661;1,1767;1,3737;1,9541;2,0872;2,0872;2,0926;2,0926;2,263;2,3961;2,428;2,4067;2,2949;2,3588;2,5931;3,2214;3,5781;3,6261;3,2427;2,6676;2,3399;1,8275;1,5311;1,4076;1,3521;1,3644;1,5929;2,2658;2,4202;2,4202;2,4263;2,4263;2,6239;2,7782;2,8153;2,7906;2,6609;2,735;3,0067;3,7352;4,1488;4,2044;3,7599;3,0931;2,6663;2,0368;1,6887;1,5331;1,4665;1,5109;1,785;2,6885;2,8441;2,9181;2,9478;2,9626;3,1774;3,3329;3,3625;3,3551;3,2737;3,5551;4,0143;4,8142;5,0586;4,9697;4,392;3,7032
210;173,59;15498,6863;1582,4159;1413,4802;1314,2886;1211,9973;1089,5576;1057,0104;1596,3647;1376,2833;1108,1561;1066,3096;1196,4986;1483,2243;1,8376;1,4038;1,1638;1,0566;1,0107;1,0413;1,2302;1,853;1,9602;2,0112;2,0316;2,0418;2,1899;2,2971;2,3175;2,3124;2,2562;2,4502;2,7667;3,318;3,4864;3,4252;3,027;2,5523;1,8173;1,3882;1,151;1,045;0,9995;1,0298;1,2166;1,8325;1,9385;1,989;2,0092;2,0193;2,1657;2,2717;2,2919;2,2868;2,2313;2,4231;2,7361;3,2813;3,4479;3,3873;2,9935;2,5241;1,6068;1,2549;1,0514;0,9666;0,9285;0,937;1,0938;1,5559;1,6619;1,6619;1,6662;1,6662;1,8018;1,9078;1,9333;1,9163;1,8273;1,8782;2,0647;2,565;2,849;2,8872;2,5819;2,1241;1,5312;1,1958;1,0019;0,9211;0,8848;0,8928;1,0423;1,4827;1,5837;1,5837;1,5877;1,5877;1,717;1,818;1,8422;1,8261;1,7412;1,7897;1,9675;2,4442;2,7149;2,7512;2,4604;2,024;1,3321;1,0404;0,8716;0,8014;0,7697;0,7767;0,9068;1,2899;1,3778;1,3778;1,3813;1,3813;1,4937;1,5816;1,6027;1,5886;1,5148;1,557;1,7117;2,1264;2,3619;2,3935;2,1405;1,7609;1,4763;1,1944;1,0147;0,9337;0,8879;0,8703;0,9513;1,1698;1,3036;1,3424;1,3776;1,3882;1,5115;1,6207;1,6489;1,6207;1,5468;1,5327;1,5996;1,8885;2,1281;2,262;2,1246;1,8357;2,1577;1,7457;1,4831;1,3646;1,2977;1,2719;1,3904;1,7097;1,9053;1,962;2,0135;2,0289;2,2092;2,3688;2,41;2,3688;2,2607;2,2401;2,3379;2,7602;3,1103;3,306;3,1052;2,6829;1,8602;1,505;1,2786;1,1765;1,1188;1,0966;1,1987;1,474;1,6427;1,6915;1,7359;1,7492;1,9046;2,0422;2,0777;2,0422;1,949;1,9312;2,0156;2,3796;2,6815;2,8502;2,6771;2,313;1,5477;1,2522;1,0638;0,9789;0,9309;0,9124;0,9973;1,2264;1,3667;1,4074;1,4443;1,4554;1,5847;1,6992;1,7287;1,6992;1,6216;1,6068;1,677;1,9799;2,2311;2,3715;2,2274;1,9245;1,3036;1,0182;0,853;0,7843;0,7533;0,7602;0,8874;1,2624;1,3484;1,3484;1,3518;1,3518;1,4619;1,5479;1,5685;1,5547;1,4825;1,5238;1,6751;2,081;2,3115;2,3424;2,0948;1,7233;1,5116;1,1805;0,9891;0,9093;0,8734;0,8814;1,029;1,4637;1,5634;1,5634;1,5674;1,5674;1,695;1,7947;1,8187;1,8027;1,719;1,7668;1,9423;2,4129;2,6802;2,7161;2,4289;1,9982;1,7225;1,3158;1,0909;0,9904;0,9473;0,9761;1,1531;1,7368;1,8373;1,8851;1,9043;1,9138;2,0526;2,1531;2,1722;2,1674;2,1148;2,2966;2,5933;3,11;3,2679;3,2105;2,8373;2,3923
211;172,85;182806,1741;18664,5104;16671,9231;15501,9636;14295,4428;12851,274;12467,3811;18829,0359;16233,1883;13070,6414;12577,0648;14112,6366;17494,5509;21,6749;16,5572;13,7274;12,4631;11,9212;12,2825;14,5102;21,8555;23,1199;23,722;23,9628;24,0832;25,8293;27,0936;27,3345;27,2743;26,612;28,8999;32,6328;39,1353;41,1221;40,3996;35,7034;30,104;21,4353;16,3742;13,5757;12,3253;11,7894;12,1467;14,3498;21,614;22,8644;23,4598;23,6979;23,817;25,5438;26,7942;27,0323;26,9728;26,3178;28,5804;32,2721;38,7027;40,6676;39,9531;35,3088;29,7713;18,9524;14,8019;12,4016;11,4014;10,9514;11,0514;12,9016;18,3523;19,6025;19,6025;19,6525;19,6525;21,2527;22,5029;22,8029;22,6029;21,5527;22,1528;24,3531;30,2538;33,6043;34,0543;30,4539;25,0532;18,0599;14,1048;11,8176;10,8645;10,4357;10,531;12,2941;17,4881;18,6794;18,6794;18,727;18,727;20,2519;21,4432;21,7291;21,5385;20,5378;21,1096;23,2063;28,8291;32,0218;32,4507;29,0197;23,8734;15,7117;12,2709;10,281;9,4519;9,0788;9,1617;10,6956;15,2143;16,2506;16,2506;16,2921;16,2921;17,6187;18,6551;18,9038;18,738;17,8674;18,3649;20,1889;25,0807;27,8582;28,2313;25,2465;20,7693;17,4128;14,0881;11,9687;11,0129;10,4726;10,2648;11,2206;13,7972;15,3764;15,8336;16,2492;16,3738;17,8284;19,1167;19,4491;19,1167;18,2439;18,0777;18,8673;22,2751;25,101;26,6802;25,0594;21,6517;25,4496;20,5905;17,4928;16,0958;15,3062;15,0025;16,3995;20,1653;22,4734;23,1415;23,7489;23,9311;26,057;27,9399;28,4258;27,9399;26,6643;26,4214;27,5754;32,556;36,6863;38,9943;36,6255;31,6449;21,941;17,7518;15,0812;13,8768;13,196;12,9342;14,1386;17,3852;19,3751;19,9511;20,4748;20,6319;22,4646;24,088;24,5069;24,088;22,9883;22,7788;23,7738;28,0677;31,6285;33,6184;31,5762;27,2822;18,2553;14,7698;12,5478;11,5457;10,9793;10,7615;11,7636;14,4648;16,1205;16,5997;17,0354;17,1661;18,691;20,0417;20,3902;20,0417;19,1267;18,9524;19,7802;23,3529;26,3156;27,9712;26,272;22,6993;15,3765;12,0091;10,0617;9,2502;8,8851;8,9662;10,4674;14,8896;15,9039;15,9039;15,9445;15,9445;17,2428;18,257;18,5005;18,3382;17,4862;17,973;19,7582;24,5456;27,2638;27,629;24,7078;20,3262;17,829;13,9245;11,6664;10,7256;10,3022;10,3963;12,1369;17,2645;18,4405;18,4405;18,4876;18,4876;19,9929;21,169;21,4512;21,263;20,2752;20,8397;22,9095;28,4605;31,6123;32,0357;28,6487;23,5681;20,3163;15,5194;12,867;11,6818;11,1739;11,5125;13,6006;20,4856;21,6707;22,235;22,4607;22,5736;24,2102;25,3953;25,6211;25,5646;24,9438;27,0883;30,5872;36,6821;38,5444;37,8672;33,4654;28,217
212;168,43;123942,6002;12654,5395;11303,5651;10510,3325;9692,3113;8713,1648;8452,8853;12766,0878;11006,1029;8861,8959;8527,2509;9568,3687;11861,3068;14,6956;11,2258;9,3072;8,45;8,0826;8,3275;9,8379;14,8181;15,6753;16,0835;16,2468;16,3284;17,5122;18,3695;18,5328;18,492;18,0429;19,5941;22,125;26,5337;27,8808;27,391;24,2069;20,4105;14,5332;11,1017;9,2043;8,3566;7,9932;8,2355;9,7291;14,6543;15,502;15,9057;16,0672;16,148;17,3187;18,1664;18,3279;18,2876;17,8435;19,3775;21,8805;26,2404;27,5726;27,0882;23,9393;20,1849;12,8497;10,0357;8,4083;7,7302;7,425;7,4928;8,7473;12,4429;13,2905;13,2905;13,3244;13,3244;14,4093;15,2569;15,4604;15,3247;14,6128;15,0196;16,5114;20,5121;22,7837;23,0888;20,6477;16,9861;12,2446;9,5631;8,0123;7,3662;7,0754;7,14;8,3354;11,8569;12,6646;12,6646;12,6969;12,6969;13,7308;14,5385;14,7323;14,6031;13,9246;14,3123;15,7339;19,5462;21,7108;22,0015;19,6754;16,1862;10,6525;8,3197;6,9705;6,4084;6,1554;6,2116;7,2516;10,3153;11,0179;11,0179;11,046;11,046;11,9455;12,6481;12,8168;12,7044;12,1141;12,4514;13,6881;17,0047;18,8879;19,1409;17,1172;14,0816;11,8059;9,5518;8,1148;7,4667;7,1004;6,9595;7,6076;9,3545;10,4252;10,7352;11,0169;11,1015;12,0876;12,9611;13,1865;12,9611;12,3694;12,2567;12,792;15,1025;17,0185;18,0892;16,9903;14,6798;17,2548;13,9603;11,8601;10,9129;10,3776;10,1717;11,1189;13,6721;15,2369;15,6899;16,1017;16,2253;17,6666;18,9432;19,2727;18,9432;18,0784;17,9137;18,6961;22,073;24,8733;26,4382;24,8321;21,4553;14,876;12,0357;10,225;9,4084;8,9469;8,7694;9,586;11,7872;13,1363;13,5269;13,8819;13,9884;15,231;16,3316;16,6157;16,3316;15,5861;15,444;16,1186;19,0299;21,4441;22,7933;21,4086;18,4974;12,3771;10,0139;8,5074;7,828;7,444;7,2963;7,9757;9,8072;10,9297;11,2546;11,55;11,6386;12,6725;13,5882;13,8246;13,5882;12,9679;12,8497;13,411;15,8333;17,842;18,9645;17,8124;15,3902;10,4253;8,1421;6,8218;6,2717;6,0241;6,0791;7,0969;10,0952;10,7828;10,7828;10,8104;10,8104;11,6906;12,3783;12,5433;12,4333;11,8556;12,1857;13,396;16,6419;18,4849;18,7324;16,7519;13,7811;12,088;9,4408;7,9099;7,272;6,9849;7,0487;8,2288;11,7053;12,5027;12,5027;12,5346;12,5346;13,5552;14,3526;14,5439;14,4163;13,7466;14,1293;15,5327;19,2962;21,4331;21,7202;19,4238;15,9792;13,7744;10,5221;8,7238;7,9203;7,5759;7,8055;9,2212;13,8892;14,6927;15,0753;15,2284;15,3049;16,4145;17,218;17,3711;17,3328;16,9119;18,3659;20,7382;24,8705;26,1331;25,674;22,6895;19,1311
213;168,43;46521,512;4749,8464;4242,7619;3945,0242;3637,9822;3270,4623;3172,7671;4791,7157;4131,1103;3326,2881;3200,68;3591,4607;4452,1087;5,516;4,2136;3,4934;3,1717;3,0338;3,1257;3,6926;5,5619;5,8837;6,0369;6,0982;6,1288;6,5732;6,8949;6,9562;6,9409;6,7724;7,3546;8,3046;9,9594;10,465;10,2811;9,086;7,661;5,455;4,167;3,4548;3,1366;3,0002;3,0912;3,6518;5,5004;5,8186;5,9702;6,0308;6,0611;6,5005;6,8187;6,8793;6,8642;6,6975;7,2733;8,2128;9,8493;10,3493;10,1675;8,9856;7,5764;4,8231;3,7669;3,156;2,9015;2,787;2,8124;3,2833;4,6704;4,9885;4,9885;5,0013;5,0013;5,4085;5,7266;5,803;5,7521;5,4849;5,6376;6,1975;7,6992;8,5518;8,6663;7,7501;6,3757;4,596;3,5895;3,0074;2,7649;2,6557;2,68;3,1287;4,4505;4,7536;4,7536;4,7658;4,7658;5,1538;5,457;5,5297;5,4812;5,2266;5,3721;5,9057;7,3366;8,1491;8,2582;7,3851;6,0754;3,9984;3,1228;2,6164;2,4054;2,3104;2,3315;2,7219;3,8718;4,1356;4,1356;4,1461;4,1461;4,4837;4,7474;4,8107;4,7685;4,547;4,6736;5,1378;6,3827;7,0895;7,1845;6,4249;5,2855;4,4313;3,5852;3,0459;2,8026;2,6651;2,6122;2,8555;3,5112;3,9131;4,0294;4,1352;4,1669;4,5371;4,8649;4,9495;4,8649;4,6428;4,6005;4,8015;5,6687;6,3878;6,7897;6,3773;5,51;6,4765;5,24;4,4517;4,0961;3,8952;3,8179;4,1734;5,1318;5,7191;5,8892;6,0437;6,0901;6,6311;7,1103;7,2339;7,1103;6,7857;6,7239;7,0175;8,285;9,3361;9,9235;9,3207;8,0532;5,5837;4,5176;3,8379;3,5314;3,3582;3,2916;3,5981;4,4243;4,9307;5,0773;5,2105;5,2505;5,7169;6,13;6,2366;6,13;5,8502;5,7969;6,0501;7,1428;8,049;8,5554;8,0357;6,9429;4,6457;3,7587;3,1932;2,9382;2,7941;2,7386;2,9937;3,6811;4,1024;4,2244;4,3353;4,3685;4,7566;5,1003;5,189;5,1003;4,8675;4,8231;5,0338;5,943;6,6969;7,1183;6,6858;5,7767;3,9131;3,0561;2,5605;2,354;2,2611;2,2818;2,6638;3,7892;4,0473;4,0473;4,0576;4,0576;4,388;4,6461;4,7081;4,6668;4,45;4,5739;5,0282;6,2465;6,9382;7,0312;6,2878;5,1727;4,5372;3,5436;2,9689;2,7295;2,6218;2,6457;3,0887;4,3936;4,6928;4,6928;4,7048;4,7048;5,0879;5,3872;5,459;5,4111;5,1597;5,3034;5,8301;7,2428;8,0449;8,1526;7,2907;5,9977;5,1702;3,9495;3,2745;2,9729;2,8436;2,9298;3,4612;5,2133;5,5149;5,6585;5,7159;5,7447;6,1611;6,4627;6,5202;6,5058;6,3478;6,8936;7,784;9,3351;9,809;9,6367;8,5165;7,1808
214;173,59;181113,1643;18491,6541;16517,5206;15358,3963;14163,0494;12732,2555;12351,9178;18654,6559;16082,849;12949,5912;12460,5857;13981,9363;17332,5298;21,4742;16,4039;13,6003;12,3477;11,8108;12,1687;14,3758;21,6531;22,9058;23,5023;23,7409;23,8602;25,5901;26,8427;27,0813;27,0217;26,3655;28,6322;32,3306;38,7728;40,7413;40,0255;35,3727;29,8252;21,2368;16,2226;13,45;12,2112;11,6802;12,0342;14,2169;21,4138;22,6526;23,2425;23,4785;23,5965;25,3072;26,546;26,782;26,723;26,0741;28,3157;31,9732;38,3442;40,291;39,5831;34,9817;29,4956;18,7769;14,6648;12,2867;11,2959;10,85;10,9491;12,7821;18,1824;19,4209;19,4209;19,4705;19,4705;21,0559;22,2944;22,5917;22,3935;21,3531;21,9476;24,1275;29,9736;33,293;33,7389;30,1718;24,8212;17,8927;13,9742;11,7081;10,7639;10,339;10,4334;12,1802;17,3261;18,5064;18,5064;18,5536;18,5536;20,0643;21,2446;21,5278;21,339;20,3476;20,9141;22,9914;28,5621;31,7252;32,1501;28,751;23,6523;15,5662;12,1573;10,1858;9,3644;8,9947;9,0769;10,5965;15,0733;16,1001;16,1001;16,1412;16,1412;17,4555;18,4823;18,7287;18,5644;17,7019;18,1948;20,002;24,8484;27,6002;27,9699;25,0127;20,577;17,2515;13,9577;11,8578;10,9109;10,3756;10,1697;11,1167;13,6695;15,234;15,6869;16,0987;16,2222;17,6632;18,9396;19,269;18,9396;18,075;17,9103;18,6926;22,0688;24,8685;26,4331;24,8274;21,4512;25,2139;20,3998;17,3308;15,9467;15,1644;14,8635;16,2476;19,9785;22,2652;22,9272;23,5289;23,7095;25,8156;27,6811;28,1625;27,6811;26,4174;26,1767;27,32;32,2545;36,3465;38,6332;36,2863;31,3519;21,7378;17,5874;14,9415;13,7482;13,0738;12,8144;14,0076;17,2242;19,1957;19,7663;20,2851;20,4408;22,2566;23,8649;24,2799;23,8649;22,7754;22,5679;23,5536;27,8078;31,3356;33,3071;31,2837;27,0296;18,0863;14,633;12,4316;11,4388;10,8777;10,6618;11,6546;14,3309;15,9712;16,446;16,8776;17,0071;18,5179;19,856;20,2014;19,856;18,9496;18,7769;19,597;23,1366;26,0718;27,7121;26,0287;22,4891;15,2341;11,8978;9,9685;9,1646;8,8028;8,8832;10,3704;14,7517;15,7566;15,7566;15,7968;15,7968;17,0831;18,0879;18,3291;18,1683;17,3242;17,8066;19,5752;24,3182;27,0113;27,3731;24,479;20,1379;17,6638;13,7955;11,5584;10,6263;10,2068;10,3;12,0245;17,1046;18,2697;18,2697;18,3163;18,3163;19,8077;20,9729;21,2525;21,0661;20,0874;20,6467;22,6973;28,1969;31,3195;31,739;28,3833;23,3498;20,1281;15,3756;12,7478;11,5737;11,0705;11,4059;13,4746;20,2958;21,47;22,0291;22,2527;22,3646;23,986;25,1601;25,3838;25,3279;24,7128;26,8375;30,304;36,3424;38,1875;37,5165;33,1555;27,9557
215;168,43;13839,8963;1413,0534;1262,1985;1173,6232;1082,2799;972,9447;943,8809;1425,5093;1228,9828;989,5526;952,1849;1068,44;1324,4781;1,641;1,2535;1,0393;0,9436;0,9025;0,9299;1,0985;1,6546;1,7504;1,7959;1,8142;1,8233;1,9555;2,0512;2,0694;2,0649;2,0147;2,188;2,4706;2,9629;3,1133;3,0586;2,703;2,2791;1,6228;1,2397;1,0278;0,9331;0,8926;0,9196;1,0864;1,6364;1,731;1,7761;1,7941;1,8031;1,9339;2,0285;2,0466;2,0421;1,9925;2,1638;2,4433;2,9301;3,0789;3,0248;2,6732;2,2539;1,4348;1,1206;0,9389;0,8632;0,8291;0,8367;0,9768;1,3894;1,4841;1,4841;1,4879;1,4879;1,609;1,7036;1,7264;1,7112;1,6317;1,6771;1,8437;2,2905;2,5441;2,5782;2,3056;1,8967;1,3673;1,0678;0,8947;0,8225;0,7901;0,7973;0,9308;1,324;1,4142;1,4142;1,4178;1,4178;1,5332;1,6234;1,6451;1,6306;1,5549;1,5982;1,7569;2,1826;2,4243;2,4568;2,197;1,8074;1,1895;0,929;0,7784;0,7156;0,6873;0,6936;0,8097;1,1518;1,2303;1,2303;1,2334;1,2334;1,3339;1,4123;1,4312;1,4186;1,3527;1,3904;1,5285;1,8988;2,1091;2,1373;1,9114;1,5724;1,3183;1,0666;0,9061;0,8338;0,7929;0,7771;0,8495;1,0446;1,1641;1,1987;1,2302;1,2396;1,3497;1,4473;1,4725;1,4473;1,3812;1,3686;1,4284;1,6864;1,9003;2,0199;1,8972;1,6392;1,9267;1,5589;1,3243;1,2186;1,1588;1,1358;1,2416;1,5267;1,7014;1,752;1,798;1,8118;1,9727;2,1153;2,1521;2,1153;2,0187;2,0003;2,0877;2,4648;2,7774;2,9522;2,7728;2,3958;1,6611;1,344;1,1418;1,0506;0,999;0,9792;1,0704;1,3162;1,4669;1,5105;1,5501;1,562;1,7008;1,8237;1,8554;1,8237;1,7404;1,7245;1,7999;2,125;2,3945;2,5452;2,3906;2,0655;1,3821;1,1182;0,95;0,8741;0,8312;0,8147;0,8906;1,0951;1,2204;1,2567;1,2897;1,2996;1,4151;1,5173;1,5437;1,5173;1,448;1,4349;1,4975;1,768;1,9923;2,1176;1,989;1,7185;1,1641;0,9092;0,7617;0,7003;0,6727;0,6788;0,7925;1,1273;1,2041;1,2041;1,2071;1,2071;1,3054;1,3822;1,4006;1,3883;1,3238;1,3607;1,4959;1,8583;2,0641;2,0917;1,8706;1,5389;1,3498;1,0542;0,8832;0,812;0,78;0,7871;0,9189;1,3071;1,3961;1,3961;1,3997;1,3997;1,5136;1,6027;1,624;1,6098;1,535;1,5777;1,7344;2,1547;2,3933;2,4254;2,1689;1,7843;1,5381;1,1749;0,9741;0,8844;0,846;0,8716;1,0297;1,5509;1,6406;1,6834;1,7005;1,709;1,8329;1,9226;1,9397;1,9354;1,8884;2,0508;2,3157;2,7771;2,9181;2,8669;2,5336;2,1363
216;172,85;79242,4945;8090,6587;7226,9155;6719,7635;6196,7631;5570,7474;5404,3381;8161,9769;7036,7335;5665,8384;5451,8836;6117,5206;7583,5067;9,3956;7,1772;5,9505;5,4025;5,1676;5,3242;6,2898;9,4739;10,022;10,283;10,3874;10,4396;11,1964;11,7445;11,8489;11,8228;11,5357;12,5275;14,1456;16,9643;17,8255;17,5124;15,4766;13,0494;9,2917;7,0979;5,8848;5,3428;5,1105;5,2653;6,2203;9,3692;9,9112;10,1693;10,2725;10,3242;11,0727;11,6147;11,7179;11,6921;11,4082;12,389;13,9892;16,7768;17,6285;17,3188;15,3056;12,9052;8,2155;6,4163;5,3758;4,9423;4,7472;4,7905;5,5926;7,9553;8,4972;8,4972;8,5189;8,5189;9,2126;9,7545;9,8846;9,7978;9,3426;9,6028;10,5565;13,1144;14,5667;14,7618;13,2011;10,86;7,8286;6,1141;5,1227;4,7095;4,5236;4,5649;5,3292;7,5807;8,0971;8,0971;8,1178;8,1178;8,7787;9,2951;9,4191;9,3365;8,9027;9,1506;10,0594;12,4968;13,8807;14,0667;12,5794;10,3486;6,8107;5,3192;4,4566;4,0972;3,9355;3,9714;4,6363;6,595;7,0443;7,0443;7,0623;7,0623;7,6373;8,0866;8,1944;8,1225;7,7451;7,9608;8,7515;10,8719;12,0759;12,2377;10,9438;9,003;7,5481;6,1069;5,1882;4,7738;4,5396;4,4496;4,8639;5,9808;6,6654;6,8635;7,0437;7,0977;7,7282;8,2867;8,4308;8,2867;7,9083;7,8363;8,1786;9,6558;10,8807;11,5653;10,8627;9,3855;11,0318;8,9255;7,5827;6,9772;6,6349;6,5033;7,1088;8,7412;9,7417;10,0313;10,2946;10,3736;11,2951;12,1113;12,322;12,1113;11,5584;11,4531;11,9533;14,1123;15,9027;16,9032;15,8764;13,7174;9,5109;7,695;6,5374;6,0153;5,7202;5,6067;6,1288;7,5361;8,3987;8,6484;8,8754;8,9435;9,7379;10,4416;10,6232;10,4416;9,9649;9,8741;10,3054;12,1667;13,7103;14,5728;13,6876;11,8263;7,9133;6,4024;5,4392;5,0048;4,7593;4,6649;5,0993;6,2702;6,9879;7,1956;7,3845;7,4411;8,1021;8,6876;8,8387;8,6876;8,291;8,2155;8,5743;10,123;11,4072;12,1249;11,3883;9,8397;6,6654;5,2057;4,3615;4,0098;3,8515;3,8867;4,5374;6,4543;6,894;6,894;6,9116;6,9116;7,4744;7,914;8,0195;7,9492;7,5799;7,7909;8,5647;10,64;11,8183;11,9766;10,7103;8,8109;7,7285;6,036;5,0572;4,6493;4,4658;4,5066;5,2611;7,4838;7,9936;7,9936;8,014;8,014;8,6665;9,1763;9,2986;9,2171;8,7888;9,0335;9,9308;12,337;13,7032;13,8868;12,4186;10,2163;8,8067;6,7273;5,5775;5,0638;4,8437;4,9904;5,8956;8,88;9,3938;9,6384;9,7362;9,7852;10,4946;11,0083;11,1062;11,0817;10,8126;11,7422;13,2589;15,9009;16,7082;16,4146;14,5065;12,2315
217;168,43;6409,8666;654,4474;584,5798;543,5567;501,2516;450,6136;437,1529;660,2163;569,1962;458,3055;440,9988;494,8417;613,4242;0,76;0,5806;0,4813;0,437;0,418;0,4307;0,5088;0,7663;0,8107;0,8318;0,8402;0,8444;0,9057;0,95;0,9584;0,9563;0,9331;1,0133;1,1442;1,3722;1,4419;1,4166;1,2519;1,0556;0,7516;0,5741;0,476;0,4322;0,4134;0,4259;0,5032;0,7579;0,8017;0,8226;0,8309;0,8351;0,8957;0,9395;0,9479;0,9458;0,9228;1,0021;1,1316;1,3571;1,426;1,4009;1,2381;1,0439;0,6645;0,519;0,4348;0,3998;0,384;0,3875;0,4524;0,6435;0,6873;0,6873;0,6891;0,6891;0,7452;0,789;0,7996;0,7925;0,7557;0,7768;0,8539;1,0608;1,1783;1,1941;1,0678;0,8785;0,6332;0,4946;0,4144;0,381;0,3659;0,3693;0,4311;0,6132;0,655;0,655;0,6566;0,6566;0,7101;0,7519;0,7619;0,7552;0,7201;0,7402;0,8137;1,0109;1,1228;1,1378;1,0175;0,8371;0,5509;0,4303;0,3605;0,3314;0,3183;0,3212;0,375;0,5335;0,5698;0,5698;0,5713;0,5713;0,6178;0,6541;0,6628;0,657;0,6265;0,6439;0,7079;0,8794;0,9768;0,9899;0,8852;0,7282;0,6106;0,494;0,4197;0,3862;0,3672;0,3599;0,3934;0,4838;0,5392;0,5552;0,5698;0,5741;0,6251;0,6703;0,682;0,6703;0,6397;0,6339;0,6616;0,781;0,8801;0,9355;0,8787;0,7592;0,8924;0,722;0,6134;0,5644;0,5367;0,526;0,575;0,7071;0,788;0,8114;0,8327;0,8391;0,9137;0,9797;0,9967;0,9797;0,935;0,9264;0,9669;1,1415;1,2864;1,3673;1,2842;1,1096;0,7693;0,6224;0,5288;0,4866;0,4627;0,4535;0,4958;0,6096;0,6794;0,6996;0,7179;0,7234;0,7877;0,8446;0,8593;0,8446;0,8061;0,7987;0,8336;0,9842;1,109;1,1788;1,1072;0,9566;0,6401;0,5179;0,44;0,4048;0,385;0,3773;0,4125;0,5072;0,5652;0,582;0,5973;0,6019;0,6554;0,7027;0,715;0,7027;0,6707;0,6645;0,6936;0,8188;0,9227;0,9808;0,9212;0,7959;0,5392;0,4211;0,3528;0,3243;0,3115;0,3144;0,367;0,5221;0,5577;0,5577;0,5591;0,5591;0,6046;0,6402;0,6487;0,643;0,6131;0,6302;0,6928;0,8607;0,956;0,9688;0,8663;0,7127;0,6252;0,4882;0,4091;0,3761;0,3612;0,3645;0,4256;0,6054;0,6466;0,6466;0,6482;0,6482;0,701;0,7423;0,7522;0,7456;0,7109;0,7307;0,8033;0,9979;1,1084;1,1233;1,0045;0,8264;0,7124;0,5442;0,4512;0,4096;0,3918;0,4037;0,4769;0,7183;0,7599;0,7796;0,7876;0,7915;0,8489;0,8905;0,8984;0,8964;0,8746;0,9498;1,0725;1,2862;1,3515;1,3278;1,1734;0,9894
218;172,85;39611,7298;4044,3576;3612,5898;3359,0747;3097,6373;2784,7046;2701,52;4080,0082;3517,5216;2832,2387;2725,287;3058,0255;3790,8425;4,6967;3,5877;2,9746;2,7006;2,5832;2,6614;3,1442;4,7358;5,0098;5,1402;5,1924;5,2185;5,5969;5,8708;5,923;5,91;5,7665;6,2622;7,0711;8,4801;8,9106;8,7541;7,7365;6,5232;4,6448;3,5481;2,9417;2,6707;2,5546;2,632;3,1094;4,6835;4,9544;5,0834;5,135;5,1608;5,535;5,8059;5,8576;5,8447;5,7027;6,193;6,9929;8,3864;8,8121;8,6573;7,6509;6,4511;4,1067;3,2074;2,6873;2,4705;2,373;2,3947;2,7956;3,9767;4,2476;4,2476;4,2584;4,2584;4,6052;4,8761;4,9411;4,8977;4,6702;4,8002;5,277;6,5556;7,2816;7,3791;6,599;5,4287;3,9133;3,0563;2,5607;2,3542;2,2613;2,2819;2,664;3,7894;4,0476;4,0476;4,0579;4,0579;4,3883;4,6465;4,7084;4,6671;4,4503;4,5742;5,0285;6,2469;6,9387;7,0316;6,2882;5,1731;3,4045;2,6589;2,2278;2,0481;1,9673;1,9852;2,3176;3,2967;3,5213;3,5213;3,5303;3,5303;3,8177;4,0423;4,0962;4,0603;3,8716;3,9794;4,3747;5,4347;6,0365;6,1174;5,4706;4,5004;3,7731;3,0527;2,5935;2,3863;2,2693;2,2243;2,4314;2,9897;3,3319;3,4309;3,521;3,548;3,8632;4,1423;4,2144;4,1423;3,9532;3,9172;4,0883;4,8267;5,4391;5,7813;5,4301;4,6916;5,5146;4,4617;3,7905;3,4877;3,3167;3,2508;3,5536;4,3696;4,8697;5,0145;5,1461;5,1856;5,6462;6,0542;6,1595;6,0542;5,7778;5,7252;5,9752;7,0545;7,9494;8,4496;7,9363;6,857;4,7543;3,8466;3,2679;3,0069;2,8594;2,8027;3,0636;3,7672;4,1983;4,3231;4,4366;4,4707;4,8678;5,2195;5,3103;5,2195;4,9813;4,9359;5,1515;6,0819;6,8535;7,2847;6,8421;5,9117;3,9557;3,2004;2,7189;2,5018;2,3791;2,3319;2,549;3,1343;3,4931;3,5969;3,6914;3,7197;4,0501;4,3428;4,4183;4,3428;4,1445;4,1067;4,2861;5,0603;5,7022;6,061;5,6928;4,9187;3,3319;2,6022;2,1802;2,0044;1,9253;1,9429;2,2681;3,2264;3,4462;3,4462;3,455;3,455;3,7363;3,9561;4,0088;3,9736;3,789;3,8945;4,2813;5,3187;5,9077;5,9868;5,3539;4,4044;3,8633;3,0173;2,528;2,3241;2,2324;2,2527;2,6299;3,741;3,9958;3,9958;4,006;4,006;4,3322;4,587;4,6482;4,6074;4,3934;4,5157;4,9642;6,167;6,85;6,9417;6,2078;5,1069;4,4023;3,3628;2,7881;2,5313;2,4212;2,4946;2,9471;4,439;4,6958;4,818;4,867;4,8914;5,246;5,5028;5,5518;5,5395;5,405;5,8697;6,6279;7,9485;8,3521;8,2053;7,2515;6,1143
219;168,43;16528,8777;1687,5984;1507,4336;1401,6488;1292,5582;1161,9801;1127,2695;1702,4744;1467,7643;1181,8148;1137,1868;1276,0294;1581,8136;1,9598;1,4971;1,2412;1,1269;1,0779;1,1105;1,312;1,9761;2,0904;2,1449;2,1667;2,1775;2,3354;2,4497;2,4715;2,4661;2,4062;2,6131;2,9506;3,5385;3,7182;3,6528;3,2282;2,7219;1,9381;1,4805;1,2275;1,1144;1,066;1,0983;1,2975;1,9543;2,0673;2,1212;2,1427;2,1535;2,3096;2,4227;2,4442;2,4388;2,3796;2,5842;2,918;3,4994;3,6771;3,6125;3,1925;2,6918;1,7136;1,3383;1,1213;1,0309;0,9902;0,9992;1,1665;1,6594;1,7724;1,7724;1,7769;1,7769;1,9216;2,0347;2,0618;2,0437;1,9487;2,003;2,2019;2,7355;3,0384;3,0791;2,7536;2,2652;1,6329;1,2753;1,0685;0,9823;0,9436;0,9522;1,1116;1,5812;1,6889;1,6889;1,6933;1,6933;1,8311;1,9388;1,9647;1,9475;1,857;1,9087;2,0983;2,6067;2,8953;2,9341;2,6239;2,1586;1,4206;1,1095;0,9296;0,8546;0,8209;0,8284;0,9671;1,3756;1,4693;1,4693;1,4731;1,4731;1,593;1,6867;1,7092;1,6942;1,6155;1,6605;1,8254;2,2677;2,5189;2,5526;2,2827;1,8779;1,5744;1,2738;1,0822;0,9958;0,9469;0,9281;1,0145;1,2475;1,3903;1,4316;1,4692;1,4805;1,612;1,7285;1,7585;1,7285;1,6496;1,6345;1,7059;2,0141;2,2696;2,4124;2,2658;1,9577;2,3011;1,8617;1,5817;1,4553;1,3839;1,3565;1,4828;1,8233;2,032;2,0924;2,1473;2,1638;2,356;2,5263;2,5702;2,5263;2,4109;2,389;2,4933;2,9436;3,3171;3,5258;3,3116;2,8613;1,9838;1,6051;1,3636;1,2547;1,1932;1,1695;1,2784;1,5719;1,7518;1,8039;1,8513;1,8655;2,0312;2,178;2,2159;2,178;2,0785;2,0596;2,1496;2,5378;2,8598;3,0397;2,855;2,4668;1,6506;1,3355;1,1345;1,0439;0,9927;0,973;1,0636;1,3079;1,4576;1,5009;1,5403;1,5521;1,69;1,8121;1,8436;1,8121;1,7294;1,7136;1,7885;2,1115;2,3794;2,5291;2,3754;2,0524;1,3903;1,0858;0,9097;0,8364;0,8034;0,8107;0,9464;1,3463;1,438;1,438;1,4417;1,4417;1,559;1,6508;1,6728;1,6581;1,5811;1,6251;1,7865;2,2193;2,4651;2,4981;2,234;1,8378;1,6121;1,259;1,0549;0,9698;0,9315;0,94;1,0974;1,561;1,6673;1,6673;1,6716;1,6716;1,8077;1,914;1,9396;1,9226;1,8332;1,8843;2,0714;2,5733;2,8583;2,8966;2,5903;2,131;1,8369;1,4032;1,1634;1,0562;1,0103;1,0409;1,2297;1,8523;1,9594;2,0104;2,0308;2,041;2,189;2,2962;2,3166;2,3115;2,2554;2,4493;2,7656;3,3167;3,4851;3,4239;3,0259;2,5513
220;168,43;58515,9835;5974,4819;5336,6577;4962,1554;4575,9499;4113,6736;3990,7901;6027,1463;5196,2193;4183,8928;4025,8997;4517,4339;5599,9796;6,9381;5,2999;4,3941;3,9894;3,816;3,9316;4,6447;6,9959;7,4006;7,5934;7,6705;7,709;8,2679;8,6726;8,7497;8,7305;8,5185;9,2508;10,4457;12,5271;13,1631;12,9319;11,4286;9,6363;6,8614;5,2414;4,3456;3,9453;3,7738;3,8881;4,5933;6,9186;7,3188;7,5094;7,5857;7,6238;8,1765;8,5768;8,653;8,6339;8,4243;9,1486;10,3302;12,3887;13,0176;12,7889;11,3023;9,5297;6,0666;4,7381;3,9697;3,6496;3,5055;3,5375;4,1298;5,8746;6,2747;6,2747;6,2907;6,2907;6,803;7,2031;7,2992;7,2351;6,899;7,0911;7,7954;9,6842;10,7567;10,9007;9,7482;8,0195;5,781;4,5149;3,7828;3,4777;3,3404;3,3709;3,9353;5,5979;5,9792;5,9792;5,9945;5,9945;6,4826;6,8639;6,9554;6,8944;6,5741;6,7572;7,4283;9,2282;10,2501;10,3874;9,2892;7,6418;5,0293;3,9279;3,2909;3,0255;2,9061;2,9327;3,4236;4,8701;5,2018;5,2018;5,2151;5,2151;5,6397;5,9715;6,0511;5,998;5,7193;5,8786;6,4624;8,0283;8,9174;9,0368;8,0814;6,6482;5,5738;4,5096;3,8312;3,5252;3,3523;3,2858;3,5917;4,4165;4,922;5,0683;5,2013;5,2412;5,7068;6,1192;6,2256;6,1192;5,8399;5,7866;6,0394;7,1302;8,0348;8,5403;8,0215;6,9307;8,1464;6,591;5,5994;5,1522;4,8995;4,8023;5,2495;6,4549;7,1937;7,4076;7,602;7,6603;8,3408;8,9435;9,099;8,9435;8,5352;8,4574;8,8269;10,4211;11,7432;12,482;11,7238;10,1295;7,0233;5,6823;4,8275;4,4419;4,224;4,1402;4,5257;5,565;6,2019;6,3863;6,5539;6,6042;7,1909;7,7105;7,8446;7,7105;7,3585;7,2915;7,6099;8,9844;10,1242;10,7612;10,1075;8,733;5,8435;4,7278;4,0165;3,6958;3,5145;3,4447;3,7655;4,6302;5,1601;5,3135;5,453;5,4948;5,983;6,4153;6,5269;6,4153;6,1224;6,0666;6,3316;7,4752;8,4236;8,9535;8,4096;7,266;4,922;3,8441;3,2207;2,961;2,8441;2,8701;3,3506;4,7661;5,0908;5,0908;5,1038;5,1038;5,5194;5,844;5,922;5,87;5,5973;5,7531;6,3246;7,857;8,7271;8,844;7,9089;6,5064;5,707;4,4572;3,7344;3,4332;3,2977;3,3278;3,885;5,5263;5,9028;5,9028;5,9178;5,9178;6,3997;6,7762;6,8665;6,8063;6,49;6,6707;7,3333;9,1102;10,1191;10,2546;9,1704;7,5441;6,5032;4,9677;4,1187;3,7393;3,5768;3,6851;4,3535;6,5574;6,9367;7,1174;7,1897;7,2258;7,7496;8,129;8,2013;8,1832;7,9845;8,6709;9,7909;11,7419;12,338;12,1212;10,7122;9,0322
221;168,43;8907,5607;909,4619;812,3695;755,3611;696,5712;626,2015;607,4956;917,4788;790,9914;636,8906;612,8402;687,6637;852,4536;1,0561;0,8068;0,6689;0,6073;0,5809;0,5985;0,707;1,065;1,1266;1,1559;1,1676;1,1735;1,2586;1,3202;1,3319;1,329;1,2967;1,4082;1,5901;1,9069;2,0038;1,9685;1,7397;1,4669;1,0445;0,7979;0,6615;0,6006;0,5745;0,5919;0,6992;1,0532;1,1141;1,1431;1,1547;1,1605;1,2447;1,3056;1,3172;1,3143;1,2824;1,3926;1,5725;1,8859;1,9816;1,9468;1,7205;1,4507;0,9235;0,7212;0,6043;0,5556;0,5336;0,5385;0,6287;0,8943;0,9552;0,9552;0,9576;0,9576;1,0356;1,0965;1,1111;1,1014;1,0502;1,0794;1,1866;1,4742;1,6374;1,6594;1,4839;1,2208;0,88;0,6873;0,5758;0,5294;0,5085;0,5131;0,5991;0,8521;0,9102;0,9102;0,9125;0,9125;0,9868;1,0449;1,0588;1,0495;1,0007;1,0286;1,1308;1,4048;1,5603;1,5812;1,414;1,1633;0,7656;0,5979;0,501;0,4606;0,4424;0,4464;0,5212;0,7413;0,7918;0,7918;0,7939;0,7939;0,8585;0,909;0,9211;0,913;0,8706;0,8949;0,9837;1,2221;1,3574;1,3756;1,2302;1,012;0,8485;0,6865;0,5832;0,5366;0,5103;0,5002;0,5467;0,6723;0,7492;0,7715;0,7918;0,7978;0,8687;0,9315;0,9477;0,9315;0,889;0,8809;0,9193;1,0854;1,2231;1,3;1,2211;1,055;1,2401;1,0033;0,8524;0,7843;0,7458;0,731;0,7991;0,9826;1,0951;1,1276;1,1572;1,1661;1,2697;1,3614;1,3851;1,3614;1,2993;1,2874;1,3437;1,5864;1,7876;1,9001;1,7846;1,542;1,0691;0,865;0,7349;0,6762;0,643;0,6302;0,6889;0,8471;0,9441;0,9722;0,9977;1,0053;1,0946;1,1737;1,1941;1,1737;1,1201;1,1099;1,1584;1,3676;1,5412;1,6381;1,5386;1,3294;0,8895;0,7197;0,6114;0,5626;0,535;0,5244;0,5732;0,7048;0,7855;0,8089;0,8301;0,8364;0,9108;0,9766;0,9935;0,9766;0,932;0,9235;0,9638;1,1379;1,2823;1,3629;1,2802;1,1061;0,7492;0,5852;0,4903;0,4507;0,4329;0,4369;0,51;0,7255;0,7749;0,7749;0,7769;0,7769;0,8402;0,8896;0,9015;0,8936;0,852;0,8758;0,9628;1,196;1,3285;1,3463;1,2039;0,9904;0,8687;0,6785;0,5685;0,5226;0,502;0,5066;0,5914;0,8412;0,8985;0,8985;0,9008;0,9008;0,9742;1,0315;1,0452;1,0361;0,9879;1,0155;1,1163;1,3868;1,5404;1,561;1,396;1,1484;0,9899;0,7562;0,627;0,5692;0,5445;0,561;0,6627;0,9982;1,0559;1,0834;1,0944;1,0999;1,1797;1,2374;1,2484;1,2457;1,2154;1,3199;1,4904;1,7874;1,8781;1,8451;1,6307;1,3749
222;168,43;27814,5409;2839,8646;2536,6861;2358,6731;2175,0971;1955,3622;1896,9517;2864,8977;2469,9312;1988,7397;1913,6404;2147,2826;2661,8516;3,2979;2,5192;2,0887;1,8963;1,8138;1,8688;2,2078;3,3254;3,5178;3,6094;3,646;3,6643;3,93;4,1224;4,159;4,1499;4,0491;4,3972;4,9652;5,9546;6,2569;6,1469;5,4324;4,5804;3,2615;2,4914;2,0656;1,8753;1,7938;1,8482;2,1834;3,2886;3,4789;3,5695;3,6057;3,6238;3,8866;4,0768;4,1131;4,104;4,0043;4,3486;4,9103;5,8887;6,1877;6,079;5,3723;4,5298;2,8837;2,2522;1,8869;1,7348;1,6663;1,6815;1,963;2,7924;2,9826;2,9826;2,9902;2,9902;3,2337;3,4239;3,4695;3,4391;3,2793;3,3706;3,7054;4,6032;5,113;5,1815;4,6337;3,8119;2,7479;2,1461;1,7981;1,6531;1,5878;1,6023;1,8706;2,6609;2,8421;2,8421;2,8494;2,8494;3,0814;3,2626;3,3061;3,2771;3,1249;3,2119;3,5309;4,3864;4,8722;4,9375;4,4154;3,6324;2,3906;1,8671;1,5643;1,4381;1,3814;1,394;1,6274;2,3149;2,4726;2,4726;2,4789;2,4789;2,6807;2,8384;2,8763;2,851;2,7186;2,7943;3,0718;3,8161;4,2387;4,2955;3,8413;3,1601;2,6494;2,1436;1,8211;1,6756;1,5934;1,5618;1,7073;2,0993;2,3396;2,4091;2,4724;2,4913;2,7126;2,9087;2,9592;2,9087;2,7759;2,7506;2,8707;3,3892;3,8192;4,0595;3,8129;3,2944;3,8722;3,1329;2,6616;2,449;2,3289;2,2827;2,4952;3,0682;3,4194;3,5211;3,6135;3,6412;3,9646;4,2511;4,3251;4,2511;4,0571;4,0201;4,1957;4,9535;5,5819;5,9331;5,5727;4,8149;3,3384;2,701;2,2946;2,1114;2,0078;1,968;2,1512;2,6452;2,948;3,0356;3,1153;3,1392;3,4181;3,6651;3,7288;3,6651;3,4977;3,4659;3,6173;4,2706;4,8124;5,1151;4,8044;4,1511;2,7776;2,2473;1,9092;1,7567;1,6705;1,6374;1,7899;2,2009;2,4528;2,5257;2,592;2,6119;2,8439;3,0494;3,1024;3,0494;2,9102;2,8837;3,0096;3,5532;4,004;4,2559;3,9974;3,4538;2,3396;1,8272;1,5309;1,4075;1,3519;1,3642;1,5926;2,2655;2,4198;2,4198;2,426;2,426;2,6235;2,7779;2,8149;2,7902;2,6606;2,7347;3,0063;3,7347;4,1483;4,2038;3,7594;3,0927;2,7127;2,1187;1,7751;1,6319;1,5675;1,5818;1,8467;2,6268;2,8058;2,8058;2,8129;2,8129;3,042;3,2209;3,2639;3,2352;3,0849;3,1708;3,4858;4,3304;4,8099;4,8743;4,359;3,586;3,0912;2,3613;1,9577;1,7774;1,7002;1,7517;2,0694;3,1169;3,2973;3,3831;3,4175;3,4346;3,6837;3,864;3,8983;3,8897;3,7953;4,1216;4,6539;5,5813;5,8647;5,7616;5,0919;4,2933
223;168,43;22811,0046;2329,0036;2080,3636;1934,3732;1783,8206;1603,6136;1555,7105;2349,5335;2025,6172;1630,9868;1569,3971;1761,0096;2183,0131;2,7046;2,0661;1,7129;1,5552;1,4876;1,5326;1,8106;2,7272;2,885;2,9601;2,9901;3,0052;3,223;3,3808;3,4109;3,4034;3,3207;3,6062;4,072;4,8834;5,1313;5,0412;4,4552;3,7565;2,6748;2,0432;1,694;1,538;1,4711;1,5157;1,7906;2,697;2,8531;2,9274;2,9571;2,9719;3,1874;3,3434;3,3732;3,3657;3,284;3,5663;4,027;4,8294;5,0746;4,9854;4,4059;3,7149;2,3649;1,847;1,5475;1,4227;1,3665;1,379;1,6099;2,29;2,446;2,446;2,4523;2,4523;2,652;2,808;2,8454;2,8204;2,6894;2,7643;3,0388;3,7751;4,1932;4,2494;3,8001;3,1262;2,2536;1,76;1,4746;1,3557;1,3022;1,3141;1,5341;2,1822;2,3309;2,3309;2,3368;2,3368;2,5271;2,6757;2,7114;2,6876;2,5628;2,6341;2,8957;3,5974;3,9958;4,0493;3,6212;2,979;1,9605;1,5312;1,2829;1,1794;1,1329;1,1432;1,3346;1,8985;2,0278;2,0278;2,033;2,033;2,1985;2,3278;2,3589;2,3382;2,2295;2,2916;2,5192;3,1296;3,4762;3,5228;3,1503;2,5916;2,1728;1,758;1,4935;1,3742;1,3068;1,2809;1,4001;1,7217;1,9187;1,9758;2,0276;2,0432;2,2247;2,3854;2,4269;2,3854;2,2765;2,2558;2,3543;2,7795;3,1322;3,3292;3,127;2,7018;3,1757;2,5693;2,1828;2,0085;1,9099;1,872;2,0464;2,5163;2,8043;2,8877;2,9634;2,9862;3,2515;3,4864;3,547;3,4864;3,3272;3,2969;3,4409;4,0624;4,5778;4,8658;4,5702;3,9487;2,7379;2,2151;1,8819;1,7316;1,6466;1,614;1,7642;2,1694;2,4177;2,4895;2,5549;2,5745;2,8032;3,0058;3,058;3,0058;2,8685;2,8424;2,9665;3,5024;3,9467;4,195;3,9402;3,4043;2,2779;1,843;1,5657;1,4407;1,37;1,3428;1,4679;1,805;2,0116;2,0714;2,1257;2,142;2,3323;2,5008;2,5443;2,5008;2,3867;2,3649;2,4682;2,914;3,2837;3,4903;3,2783;2,8325;1,9187;1,4985;1,2555;1,1543;1,1087;1,1188;1,3061;1,858;1,9845;1,9845;1,9896;1,9896;2,1516;2,2782;2,3085;2,2883;2,182;2,2427;2,4655;3,0629;3,402;3,4476;3,0831;2,5363;2,2247;1,7375;1,4558;1,3384;1,2855;1,2973;1,5145;2,1543;2,3011;2,3011;2,3069;2,3069;2,4948;2,6415;2,6767;2,6533;2,53;2,6004;2,8587;3,5514;3,9447;3,9975;3,5748;2,9409;2,5351;1,9365;1,6056;1,4577;1,3943;1,4366;1,6971;2,5562;2,7041;2,7745;2,8027;2,8168;3,021;3,1689;3,1971;3,19;3,1126;3,3801;3,8168;4,5773;4,8097;4,7252;4,1759;3,521
224;168,43;16248,2449;1658,9458;1481,8399;1377,8512;1270,6127;1142,2516;1108,1303;1673,5692;1442,8441;1161,7495;1117,8792;1254,3645;1554,957;1,9265;1,4716;1,2201;1,1077;1,0596;1,0917;1,2897;1,9426;2,055;2,1085;2,1299;2,1406;2,2958;2,4081;2,4296;2,4242;2,3653;2,5687;2,9005;3,4784;3,655;3,5908;3,1734;2,6757;1,9052;1,4554;1,2066;1,0955;1,0479;1,0796;1,2754;1,9211;2,0322;2,0852;2,1063;2,1169;2,2704;2,3815;2,4027;2,3974;2,3392;2,5403;2,8684;3,44;3,6146;3,5511;3,1383;2,6461;1,6845;1,3156;1,1023;1,0134;0,9734;0,9823;1,1467;1,6312;1,7423;1,7423;1,7468;1,7468;1,889;2,0001;2,0268;2,009;1,9157;1,969;2,1646;2,689;2,9868;3,0268;2,7068;2,2268;1,6052;1,2537;1,0504;0,9657;0,9275;0,936;1,0927;1,5544;1,6603;1,6603;1,6645;1,6645;1,8;1,9059;1,9313;1,9144;1,8254;1,8763;2,0626;2,5624;2,8462;2,8843;2,5793;2,1219;1,3965;1,0907;0,9138;0,8401;0,8069;0,8143;0,9506;1,3523;1,4444;1,4444;1,4481;1,4481;1,566;1,6581;1,6802;1,6655;1,5881;1,6323;1,7944;2,2292;2,4761;2,5093;2,244;1,846;1,5477;1,2522;1,0638;0,9788;0,9308;0,9124;0,9973;1,2263;1,3667;1,4073;1,4443;1,4553;1,5846;1,6991;1,7287;1,6991;1,6216;1,6068;1,677;1,9799;2,231;2,3714;2,2273;1,9245;2,262;1,8301;1,5548;1,4306;1,3604;1,3335;1,4576;1,7923;1,9975;2,0569;2,1109;2,1271;2,316;2,4834;2,5265;2,4834;2,37;2,3484;2,451;2,8937;3,2608;3,4659;3,2554;2,8127;1,9502;1,5778;1,3404;1,2334;1,1729;1,1496;1,2567;1,5452;1,7221;1,7733;1,8198;1,8338;1,9967;2,141;2,1782;2,141;2,0433;2,0246;2,1131;2,4947;2,8112;2,9881;2,8066;2,4249;1,6226;1,3128;1,1153;1,0262;0,9759;0,9565;1,0456;1,2857;1,4328;1,4754;1,5141;1,5258;1,6613;1,7813;1,8123;1,7813;1,7;1,6845;1,7581;2,0757;2,339;2,4861;2,3351;2,0176;1,3667;1,0674;0,8943;0,8222;0,7897;0,7969;0,9304;1,3234;1,4136;1,4136;1,4172;1,4172;1,5326;1,6227;1,6444;1,6299;1,5542;1,5975;1,7562;2,1817;2,4233;2,4557;2,1961;1,8066;1,5847;1,2376;1,0369;0,9533;0,9157;0,924;1,0788;1,5345;1,639;1,639;1,6432;1,6432;1,777;1,8815;1,9066;1,8899;1,8021;1,8523;2,0363;2,5296;2,8098;2,8474;2,5464;2,0948;1,8058;1,3794;1,1436;1,0383;0,9932;1,0233;1,2089;1,8208;1,9261;1,9763;1,9964;2,0064;2,1519;2,2572;2,2773;2,2722;2,2171;2,4077;2,7187;3,2604;3,4259;3,3657;2,9745;2,508
225;173,59;13189,5707;1346,6552;1202,8889;1118,4756;1031,4244;927,2268;899,5287;1358,5258;1171,2339;943,0543;907,4425;1018,2349;1262,2419;1,5639;1,1946;0,9904;0,8992;0,8601;0,8862;1,0469;1,5769;1,6681;1,7116;1,7289;1,7376;1,8636;1,9548;1,9722;1,9679;1,9201;2,0851;2,3545;2,8236;2,967;2,9149;2,576;2,172;1,5466;1,1814;0,9795;0,8893;0,8506;0,8764;1,0353;1,5595;1,6497;1,6926;1,7098;1,7184;1,843;1,9332;1,9504;1,9461;1,8988;2,0621;2,3284;2,7924;2,9342;2,8826;2,5475;2,148;1,3674;1,068;0,8948;0,8226;0,7901;0,7974;0,9309;1,3241;1,4143;1,4143;1,4179;1,4179;1,5334;1,6236;1,6452;1,6308;1,555;1,5983;1,7571;2,1828;2,4246;2,457;2,1973;1,8076;1,303;1,0177;0,8526;0,7839;0,7529;0,7598;0,887;1,2618;1,3477;1,3477;1,3512;1,3512;1,4612;1,5471;1,5678;1,554;1,4818;1,5231;1,6743;2,08;2,3104;2,3413;2,0938;1,7225;1,1336;0,8854;0,7418;0,682;0,655;0,661;0,7717;1,0977;1,1725;1,1725;1,1755;1,1755;1,2712;1,346;1,3639;1,352;1,2891;1,325;1,4566;1,8096;2,01;2,0369;1,8216;1,4985;1,2563;1,0165;0,8635;0,7946;0,7556;0,7406;0,8096;0,9955;1,1094;1,1424;1,1724;1,1814;1,2863;1,3793;1,4033;1,3793;1,3163;1,3043;1,3613;1,6072;1,8111;1,925;1,8081;1,5622;1,8362;1,4856;1,2621;1,1613;1,1043;1,0824;1,1832;1,4549;1,6215;1,6697;1,7135;1,7266;1,88;2,0159;2,0509;2,0159;1,9238;1,9063;1,9896;2,3489;2,6469;2,8135;2,6426;2,2832;1,5831;1,2808;1,0881;1,0012;0,9521;0,9332;1,0201;1,2544;1,3979;1,4395;1,4773;1,4886;1,6208;1,738;1,7682;1,738;1,6586;1,6435;1,7153;2,0251;2,282;2,4256;2,2782;1,9684;1,3171;1,0657;0,9053;0,833;0,7922;0,7764;0,8487;1,0436;1,1631;1,1977;1,2291;1,2385;1,3486;1,446;1,4712;1,446;1,38;1,3674;1,4272;1,6849;1,8987;2,0181;1,8955;1,6378;1,1094;0,8665;0,726;0,6674;0,6411;0,6469;0,7552;1,0743;1,1475;1,1475;1,1504;1,1504;1,2441;1,3173;1,3348;1,3231;1,2616;1,2968;1,4256;1,771;1,9671;1,9934;1,7827;1,4665;1,2864;1,0047;0,8417;0,7739;0,7433;0,7501;0,8757;1,2456;1,3305;1,3305;1,3339;1,3339;1,4425;1,5274;1,5477;1,5341;1,4629;1,5036;1,6529;2,0534;2,2808;2,3114;2,067;1,7005;1,4658;1,1197;0,9284;0,8429;0,8062;0,8306;0,9813;1,478;1,5636;1,6043;1,6206;1,6287;1,7468;1,8323;1,8486;1,8445;1,7997;1,9544;2,2069;2,6466;2,781;2,7321;2,4145;2,0359
226;173,59;34983,3935;3571,8045;3190,4855;2966,5918;2735,7014;2459,3326;2385,8674;3603,2895;3106,5253;2501,3126;2406,8575;2700,718;3347,9108;4,1479;3,1685;2,627;2,385;2,2813;2,3505;2,7768;4,1825;4,4244;4,5396;4,5857;4,6088;4,9429;5,1849;5,231;5,2194;5,0927;5,5305;6,2449;7,4893;7,8695;7,7312;6,8325;5,761;4,1021;3,1335;2,598;2,3587;2,2561;2,3245;2,7461;4,1362;4,3755;4,4895;4,535;4,5578;4,8883;5,1276;5,1731;5,1617;5,0364;5,4694;6,1759;7,4065;7,7825;7,6458;6,757;5,6973;3,6269;2,8326;2,3733;2,1819;2,0958;2,1149;2,469;3,5121;3,7513;3,7513;3,7609;3,7609;4,0671;4,3063;4,3638;4,3255;4,1245;4,2394;4,6604;5,7896;6,4308;6,5169;5,8279;4,7944;3,4561;2,6992;2,2615;2,0791;1,9971;2,0153;2,3527;3,3467;3,5746;3,5746;3,5838;3,5838;3,8756;4,1036;4,1583;4,1218;3,9303;4,0397;4,441;5,517;6,128;6,21;5,5535;4,5686;3,0067;2,3483;1,9675;1,8088;1,7374;1,7533;2,0468;2,9115;3,1099;3,1099;3,1178;3,1178;3,3717;3,57;3,6176;3,5859;3,4193;3,5145;3,8635;4,7997;5,3312;5,4026;4,8314;3,9746;3,3323;2,696;2,2904;2,1075;2,0041;1,9644;2,1473;2,6404;2,9426;3,0301;3,1096;3,1334;3,4118;3,6583;3,722;3,6583;3,4913;3,4595;3,6106;4,2627;4,8035;5,1058;4,7956;4,1435;4,8703;3,9404;3,3476;3,0802;2,9291;2,871;3,1383;3,859;4,3007;4,4286;4,5448;4,5797;4,9865;5,3468;5,4398;5,3468;5,1027;5,0562;5,2771;6,2302;7,0206;7,4623;7,009;6,0559;4,1988;3,3971;2,8861;2,6556;2,5253;2,4752;2,7057;3,327;3,7078;3,818;3,9182;3,9483;4,299;4,6097;4,6899;4,6097;4,3992;4,3592;4,5496;5,3713;6,0527;6,4335;6,0427;5,221;3,4935;2,8265;2,4013;2,2095;2,1011;2,0594;2,2512;2,7681;3,085;3,1767;3,26;3,2851;3,5769;3,8353;3,902;3,8353;3,6603;3,6269;3,7853;4,469;5,036;5,3528;5,0276;4,3439;2,9426;2,2982;1,9255;1,7702;1,7003;1,7159;2,0031;2,8494;3,0435;3,0435;3,0513;3,0513;3,2997;3,4938;3,5404;3,5094;3,3463;3,4395;3,7811;4,6973;5,2174;5,2873;4,7283;3,8898;3,4119;2,6647;2,2326;2,0525;1,9715;1,9895;2,3226;3,3039;3,5289;3,5289;3,5379;3,5379;3,826;4,0511;4,1051;4,0691;3,88;3,9881;4,3842;5,4464;6,0496;6,1306;5,4825;4,5102;3,8879;2,9699;2,4623;2,2355;2,1383;2,2031;2,6027;3,9203;4,1471;4,2551;4,2983;4,3199;4,6331;4,8599;4,9031;4,8923;4,7735;5,1839;5,8534;7,0198;7,3762;7,2466;6,4042;5,3999
227;173,59;36440,886;3720,6145;3323,4088;3090,1871;2849,6773;2561,7943;2485,2684;3753,4113;3235,9507;2605,5234;2507,133;2813,2364;3487,3928;4,3207;3,3005;2,7365;2,4844;2,3764;2,4484;2,8925;4,3567;4,6088;4,7288;4,7768;4,8008;5,1489;5,4009;5,4489;5,4369;5,3049;5,761;6,5051;7,8013;8,1974;8,0533;7,1172;6,001;4,273;3,2641;2,7062;2,4569;2,3501;2,4213;2,8605;4,3086;4,5578;4,6765;4,724;4,7477;5,0919;5,3412;5,3887;5,3768;5,2462;5,6973;6,4332;7,7151;8,1067;7,9643;7,0385;5,9347;3,778;2,9506;2,4721;2,2728;2,1831;2,203;2,5718;3,6584;3,9076;3,9076;3,9176;3,9176;4,2365;4,4858;4,5456;4,5057;4,2964;4,416;4,8546;6,0308;6,6987;6,7884;6,0707;4,9941;3,6001;2,8117;2,3557;2,1658;2,0803;2,0993;2,4507;3,4861;3,7236;3,7236;3,7331;3,7331;4,037;4,2745;4,3315;4,2935;4,094;4,208;4,626;5,7468;6,3833;6,4688;5,7848;4,759;3,132;2,4461;2,0494;1,8842;1,8098;1,8263;2,1321;3,0328;3,2394;3,2394;3,2477;3,2477;3,5121;3,7187;3,7683;3,7353;3,5617;3,6609;4,0245;4,9996;5,5533;5,6277;5,0327;4,1402;3,4711;2,8084;2,3859;2,1953;2,0876;2,0462;2,2367;2,7504;3,0652;3,1563;3,2391;3,264;3,5539;3,8107;3,877;3,8107;3,6368;3,6036;3,761;4,4403;5,0037;5,3185;4,9954;4,3161;5,0732;4,1045;3,487;3,2086;3,0512;2,9906;3,2691;4,0198;4,4799;4,6131;4,7341;4,7705;5,1942;5,5696;5,6664;5,5696;5,3153;5,2669;5,4969;6,4898;7,3131;7,7732;7,301;6,3082;4,3738;3,5387;3,0063;2,7662;2,6305;2,5783;2,8184;3,4656;3,8623;3,9771;4,0815;4,1128;4,4781;4,8017;4,8852;4,8017;4,5825;4,5408;4,7391;5,5951;6,3049;6,7015;6,2944;5,4385;3,639;2,9442;2,5013;2,3015;2,1886;2,1452;2,345;2,8834;3,2135;3,309;3,3959;3,4219;3,7259;3,9951;4,0646;3,9951;3,8127;3,778;3,943;4,6552;5,2458;5,5758;5,2371;4,5249;3,0652;2,3939;2,0057;1,844;1,7712;1,7873;2,0866;2,9681;3,1703;3,1703;3,1784;3,1784;3,4372;3,6394;3,6879;3,6556;3,4857;3,5828;3,9386;4,893;5,4348;5,5076;4,9253;4,0519;3,5541;2,7757;2,3256;2,1381;2,0537;2,0724;2,4194;3,4415;3,676;3,676;3,6853;3,6853;3,9854;4,2199;4,2761;4,2386;4,0417;4,1542;4,5668;5,6734;6,3016;6,386;5,7109;4,6981;4,0499;3,0937;2,5649;2,3287;2,2274;2,2949;2,7112;4,0836;4,3199;4,4324;4,4774;4,4999;4,8261;5,0623;5,1073;5,0961;4,9723;5,3998;6,0973;7,3123;7,6835;7,5485;6,671;5,6248
228;173,59;16667,1551;1701,7165;1520,0445;1413,3747;1303,3715;1171,701;1136,7;1716,717;1480,0434;1191,7016;1146,7003;1286,7044;1595,0467;1,9762;1,5096;1,2516;1,1363;1,0869;1,1198;1,3229;1,9927;2,1079;2,1628;2,1848;2,1958;2,355;2,4702;2,4922;2,4867;2,4263;2,6349;2,9753;3,5681;3,7493;3,6834;3,2552;2,7447;1,9543;1,4929;1,2378;1,1237;1,0749;1,1075;1,3083;1,9706;2,0846;2,1389;2,1606;2,1715;2,3289;2,4429;2,4646;2,4592;2,3995;2,6058;2,9424;3,5287;3,7078;3,6427;3,2192;2,7144;1,728;1,3495;1,1307;1,0395;0,9985;1,0076;1,1763;1,6733;1,7872;1,7872;1,7918;1,7918;1,9377;2,0517;2,079;2,0608;1,965;2,0198;2,2204;2,7584;3,0638;3,1049;2,7766;2,2842;1,6466;1,286;1,0775;0,9906;0,9515;0,9602;1,1209;1,5945;1,7031;1,7031;1,7074;1,7074;1,8464;1,9551;1,9811;1,9637;1,8725;1,9246;2,1158;2,6285;2,9196;2,9587;2,6458;2,1766;1,4325;1,1188;0,9374;0,8618;0,8278;0,8353;0,9752;1,3871;1,4816;1,4816;1,4854;1,4854;1,6064;1,7009;1,7235;1,7084;1,629;1,6744;1,8407;2,2867;2,5399;2,574;2,3018;1,8936;1,5876;1,2845;1,0912;1,0041;0,9548;0,9359;1,023;1,2579;1,4019;1,4436;1,4815;1,4929;1,6255;1,7429;1,7733;1,7429;1,6634;1,6482;1,7202;2,0309;2,2886;2,4325;2,2848;1,9741;2,3203;1,8773;1,5949;1,4675;1,3955;1,3678;1,4952;1,8385;2,049;2,1099;2,1653;2,1819;2,3757;2,5474;2,5917;2,5474;2,4311;2,4089;2,5142;2,9683;3,3448;3,5553;3,3393;2,8852;2,0004;1,6185;1,375;1,2652;1,2031;1,1793;1,2891;1,5851;1,7665;1,819;1,8668;1,8811;2,0482;2,1962;2,2344;2,1962;2,0959;2,0768;2,1675;2,559;2,8837;3,0651;2,8789;2,4874;1,6644;1,3466;1,144;1,0527;1,001;0,9812;1,0725;1,3188;1,4698;1,5135;1,5532;1,5651;1,7041;1,8273;1,8591;1,8273;1,7439;1,728;1,8034;2,1292;2,3993;2,5502;2,3953;2,0696;1,4019;1,0949;0,9174;0,8434;0,8101;0,8175;0,9544;1,3575;1,45;1,45;1,4537;1,4537;1,5721;1,6646;1,6868;1,672;1,5943;1,6387;1,8014;2,2379;2,4858;2,519;2,2527;1,8532;1,6255;1,2695;1,0637;0,9779;0,9393;0,9479;1,1066;1,5741;1,6813;1,6813;1,6856;1,6856;1,8228;1,9301;1,9558;1,9386;1,8486;1,9;2,0888;2,5949;2,8822;2,9208;2,612;2,1488;1,8523;1,415;1,1731;1,0651;1,0188;1,0496;1,24;1,8677;1,9758;2,0273;2,0478;2,0581;2,2073;2,3154;2,336;2,3308;2,2742;2,4697;2,7888;3,3445;3,5142;3,4525;3,0512;2,5727
229;168,43;14116,2414;1441,2682;1287,4012;1197,0573;1103,8901;992,3718;962,7277;1453,9729;1253,5222;1009,3113;971,1974;1089,7738;1350,9243;1,6737;1,2785;1,06;0,9624;0,9206;0,9484;1,1205;1,6877;1,7853;1,8318;1,8504;1,8597;1,9945;2,0922;2,1108;2,1061;2,055;2,2316;2,5199;3,022;3,1754;3,1196;2,757;2,3246;1,6552;1,2644;1,0483;0,9518;0,9104;0,938;1,1081;1,669;1,7656;1,8116;1,8299;1,8391;1,9725;2,069;2,0874;2,0828;2,0323;2,207;2,492;2,9886;3,1403;3,0852;2,7265;2,2989;1,4635;1,143;0,9576;0,8804;0,8457;0,8534;0,9963;1,4172;1,5137;1,5137;1,5176;1,5176;1,6411;1,7377;1,7608;1,7454;1,6643;1,7106;1,8805;2,3362;2,5949;2,6297;2,3516;1,9346;1,3946;1,0892;0,9125;0,839;0,8058;0,8132;0,9493;1,3504;1,4424;1,4424;1,4461;1,4461;1,5638;1,6558;1,6779;1,6632;1,5859;1,6301;1,792;2,2262;2,4727;2,5058;2,2409;1,8435;1,2133;0,9476;0,7939;0,7299;0,7011;0,7075;0,8259;1,1748;1,2549;1,2549;1,2581;1,2581;1,3605;1,4405;1,4597;1,4469;1,3797;1,4181;1,559;1,9367;2,1512;2,18;1,9495;1,6038;1,3446;1,0879;0,9242;0,8504;0,8087;0,7926;0,8665;1,0654;1,1874;1,2227;1,2548;1,2644;1,3767;1,4762;1,5019;1,4762;1,4088;1,396;1,4569;1,7201;1,9383;2,0602;1,9351;1,6719;1,9652;1,59;1,3508;1,2429;1,1819;1,1585;1,2664;1,5572;1,7354;1,787;1,8339;1,848;2,0121;2,1575;2,195;2,1575;2,059;2,0403;2,1294;2,514;2,8329;3,0111;2,8282;2,4436;1,6943;1,3708;1,1646;1,0716;1,019;0,9988;1,0918;1,3425;1,4961;1,5406;1,5811;1,5932;1,7347;1,8601;1,8924;1,8601;1,7751;1,759;1,8358;2,1674;2,4423;2,596;2,4383;2,1067;1,4097;1,1405;0,9689;0,8916;0,8478;0,831;0,9084;1,117;1,2448;1,2818;1,3155;1,3256;1,4433;1,5476;1,5745;1,5476;1,477;1,4635;1,5274;1,8033;2,0321;2,1599;2,0287;1,7528;1,1874;0,9273;0,777;0,7143;0,6861;0,6924;0,8083;1,1498;1,2281;1,2281;1,2312;1,2312;1,3315;1,4098;1,4286;1,4161;1,3503;1,3879;1,5257;1,8954;2,1053;2,1335;1,9079;1,5696;1,3767;1,0752;0,9009;0,8282;0,7955;0,8028;0,9372;1,3332;1,424;1,424;1,4276;1,4276;1,5438;1,6347;1,6565;1,6419;1,5656;1,6092;1,7691;2,1977;2,4411;2,4738;2,2122;1,8199;1,5688;1,1984;0,9936;0,9021;0,8628;0,889;1,0502;1,5819;1,6734;1,717;1,7344;1,7431;1,8695;1,961;1,9785;1,9741;1,9262;2,0918;2,3619;2,8326;2,9764;2,9241;2,5842;2,1789
230;173,59;30623,3;3126,6389;2792,845;2596,8558;2394,7421;2152,818;2088,5091;3154,1999;2719,349;2189,5659;2106,883;2364,1188;2930,6498;3,6309;2,7736;2,2996;2,0878;1,997;2,0575;2,4307;3,6612;3,873;3,9739;4,0142;4,0344;4,3269;4,5387;4,579;4,5689;4,458;4,8412;5,4666;6,5559;6,8887;6,7677;5,981;5,043;3,5908;2,743;2,2742;2,0647;1,9749;2,0348;2,4038;3,6207;3,8302;3,9299;3,9698;3,9898;4,279;4,4885;4,5284;4,5184;4,4087;4,7877;5,4061;6,4834;6,8125;6,6929;5,9148;4,9872;3,1749;2,4796;2,0775;1,9099;1,8346;1,8513;2,1613;3,0743;3,2838;3,2838;3,2921;3,2921;3,5602;3,7696;3,8199;3,7864;3,6105;3,711;4,0796;5,0681;5,6293;5,7047;5,1016;4,1969;3,0254;2,3628;1,9797;1,82;1,7482;1,7641;2,0595;2,9296;3,1291;3,1291;3,1371;3,1371;3,3926;3,5921;3,64;3,6081;3,4404;3,5362;3,8875;4,8294;5,3642;5,4361;4,8613;3,9992;2,632;2,0556;1,7223;1,5834;1,5209;1,5348;1,7917;2,5487;2,7223;2,7223;2,7292;2,7292;2,9514;3,1251;3,1667;3,1389;2,9931;3,0764;3,382;4,2015;4,6668;4,7293;4,2292;3,4792;2,917;2,36;2,005;1,8448;1,7543;1,7195;1,8797;2,3113;2,5758;2,6524;2,722;2,7429;2,9866;3,2024;3,2581;3,2024;3,0562;3,0283;3,1606;3,7315;4,2049;4,4694;4,1979;3,627;4,2633;3,4493;2,9304;2,6963;2,5641;2,5132;2,7472;3,378;3,7647;3,8766;3,9784;4,0089;4,365;4,6804;4,7618;4,6804;4,4668;4,4261;4,6194;5,4537;6,1456;6,5322;6,1354;5,3011;3,6755;2,9737;2,5264;2,3246;2,2106;2,1667;2,3685;2,9123;3,2457;3,3422;3,4299;3,4562;3,7632;4,0352;4,1053;4,0352;3,8509;3,8159;3,9825;4,7018;5,2983;5,6317;5,2896;4,5703;3,0581;2,4742;2,102;1,9341;1,8392;1,8027;1,9706;2,4231;2,7005;2,7807;2,8537;2,8756;3,1311;3,3573;3,4157;3,3573;3,2041;3,1749;3,3135;3,912;4,4083;4,6857;4,401;3,8025;2,5758;2,0117;1,6855;1,5496;1,4884;1,502;1,7535;2,4943;2,6642;2,6642;2,671;2,671;2,8885;3,0584;3,0992;3,072;2,9292;3,0108;3,3098;4,1118;4,5672;4,6283;4,139;3,405;2,9867;2,3326;1,9543;1,7967;1,7258;1,7416;2,0331;2,8921;3,0891;3,0891;3,097;3,097;3,3492;3,5462;3,5935;3,5619;3,3965;3,491;3,8378;4,7676;5,2956;5,3665;4,7992;3,9481;3,4033;2,5998;2,1554;1,9569;1,8718;1,9286;2,2783;3,4317;3,6302;3,7248;3,7626;3,7815;4,0556;4,2542;4,292;4,2825;4,1785;4,5378;5,1239;6,1449;6,4569;6,3434;5,606;4,7269
231;168,43;16501,7221;1684,8258;1504,9571;1399,346;1290,4347;1160,0711;1125,4174;1699,6774;1465,3529;1179,8731;1135,3185;1273,9329;1579,2148;1,9566;1,4946;1,2392;1,125;1,0761;1,1087;1,3098;1,9729;2,087;2,1414;2,1631;2,174;2,3316;2,4457;2,4675;2,462;2,4022;2,6088;2,9457;3,5327;3,7121;3,6468;3,2229;2,7175;1,9349;1,4781;1,2255;1,1126;1,0642;1,0965;1,2953;1,9511;2,0639;2,1177;2,1392;2,1499;2,3058;2,4187;2,4402;2,4348;2,3757;2,5799;2,9132;3,4937;3,671;3,6065;3,1873;2,6874;1,7108;1,3361;1,1195;1,0292;0,9886;0,9976;1,1646;1,6566;1,7695;1,7695;1,774;1,774;1,9185;2,0313;2,0584;2,0403;1,9455;1,9997;2,1983;2,731;3,0334;3,074;2,749;2,2615;1,6302;1,2732;1,0668;0,9807;0,942;0,9506;1,1098;1,5786;1,6862;1,6862;1,6905;1,6905;1,8281;1,9357;1,9615;1,9443;1,8539;1,9055;2,0948;2,6024;2,8906;2,9293;2,6196;2,155;1,4183;1,1077;0,9281;0,8532;0,8195;0,827;0,9655;1,3734;1,4669;1,4669;1,4707;1,4707;1,5904;1,684;1,7064;1,6915;1,6129;1,6578;1,8224;2,264;2,5147;2,5484;2,279;1,8748;1,5718;1,2717;1,0804;0,9941;0,9454;0,9266;1,0129;1,2455;1,388;1,4293;1,4668;1,478;1,6093;1,7256;1,7557;1,7256;1,6469;1,6319;1,7031;2,0107;2,2658;2,4084;2,2621;1,9545;2,2973;1,8587;1,5791;1,453;1,3817;1,3543;1,4804;1,8203;2,0286;2,089;2,1438;2,1602;2,3521;2,5221;2,566;2,5221;2,407;2,385;2,4892;2,9388;3,3116;3,52;3,3061;2,8566;1,9806;1,6024;1,3614;1,2526;1,1912;1,1676;1,2763;1,5693;1,749;1,801;1,8482;1,8624;2,0279;2,1744;2,2122;2,1744;2,0751;2,0562;2,146;2,5336;2,8551;3,0347;2,8503;2,4627;1,6479;1,3333;1,1327;1,0422;0,9911;0,9714;1,0619;1,3057;1,4552;1,4984;1,5378;1,5496;1,6872;1,8091;1,8406;1,8091;1,7265;1,7108;1,7855;2,108;2,3755;2,5249;2,3715;2,049;1,388;1,084;0,9083;0,835;0,802;0,8094;0,9449;1,3441;1,4356;1,4356;1,4393;1,4393;1,5565;1,648;1,67;1,6554;1,5785;1,6224;1,7835;2,2157;2,4611;2,494;2,2304;1,8348;1,6094;1,2569;1,0531;0,9682;0,93;0,9385;1,0956;1,5584;1,6646;1,6646;1,6689;1,6689;1,8047;1,9109;1,9364;1,9194;1,8302;1,8812;2,068;2,5691;2,8536;2,8918;2,5861;2,1275;1,8339;1,4009;1,1615;1,0545;1,0087;1,0392;1,2277;1,8492;1,9562;2,0071;2,0275;2,0377;2,1854;2,2924;2,3128;2,3077;2,2517;2,4452;2,7611;3,3113;3,4794;3,4182;3,0209;2,5471
232;173,59;16478,7415;1682,4795;1502,8612;1397,3973;1288,6376;1158,4555;1123,8502;1697,3104;1463,3122;1178,23;1133,7374;1272,1588;1577,0156;1,9538;1,4925;1,2374;1,1235;1,0746;1,1072;1,308;1,9701;2,0841;2,1384;2,1601;2,1709;2,3283;2,4423;2,464;2,4586;2,3989;2,6051;2,9416;3,5278;3,7069;3,6418;3,2184;2,7137;1,9323;1,476;1,2238;1,111;1,0627;1,0949;1,2935;1,9484;2,0611;2,1147;2,1362;2,1469;2,3026;2,4153;2,4368;2,4314;2,3724;2,5763;2,9091;3,4888;3,6659;3,6015;3,1828;2,6837;1,7084;1,3343;1,1179;1,0278;0,9872;0,9962;1,163;1,6543;1,767;1,767;1,7715;1,7715;1,9158;2,0285;2,0555;2,0375;1,9428;1,9969;2,1953;2,7272;3,0292;3,0698;2,7452;2,2584;1,628;1,2715;1,0653;0,9794;0,9407;0,9493;1,1082;1,5764;1,6838;1,6838;1,6881;1,6881;1,8256;1,933;1,9587;1,9415;1,8513;1,9029;2,0919;2,5988;2,8865;2,9252;2,6159;2,152;1,4163;1,1061;0,9268;0,852;0,8184;0,8259;0,9641;1,3715;1,4649;1,4649;1,4686;1,4686;1,5882;1,6816;1,7041;1,6891;1,6106;1,6555;1,8199;2,2609;2,5112;2,5449;2,2758;1,8722;1,5696;1,27;1,0789;0,9927;0,944;0,9253;1,0115;1,2437;1,3861;1,4273;1,4648;1,476;1,6071;1,7232;1,7532;1,7232;1,6446;1,6296;1,7008;2,0079;2,2627;2,405;2,2589;1,9518;2,2941;1,8561;1,5769;1,4509;1,3797;1,3524;1,4783;1,8178;2,0258;2,086;2,1408;2,1572;2,3489;2,5186;2,5624;2,5186;2,4036;2,3817;2,4857;2,9347;3,307;3,5151;3,3015;2,8526;1,9778;1,6002;1,3595;1,2509;1,1895;1,1659;1,2745;1,5672;1,7465;1,7985;1,8457;1,8598;2,025;2,1714;2,2091;2,1714;2,0722;2,0534;2,143;2,5301;2,8511;3,0305;2,8464;2,4593;1,6456;1,3314;1,1311;1,0408;0,9897;0,9701;1,0604;1,3039;1,4532;1,4964;1,5356;1,5474;1,6849;1,8066;1,838;1,8066;1,7241;1,7084;1,7831;2,1051;2,3722;2,5214;2,3682;2,0462;1,3861;1,0825;0,907;0,8338;0,8009;0,8082;0,9436;1,3422;1,4336;1,4336;1,4373;1,4373;1,5543;1,6457;1,6677;1,6531;1,5763;1,6201;1,7811;2,2126;2,4577;2,4906;2,2272;1,8323;1,6072;1,2552;1,0517;0,9668;0,9287;0,9372;1,0941;1,5563;1,6623;1,6623;1,6665;1,6665;1,8022;1,9082;1,9337;1,9167;1,8277;1,8786;2,0651;2,5655;2,8496;2,8878;2,5825;2,1245;1,8314;1,399;1,1599;1,053;1,0073;1,0378;1,226;1,8466;1,9535;2,0043;2,0247;2,0349;2,1824;2,2892;2,3096;2,3045;2,2485;2,4418;2,7572;3,3066;3,4745;3,4135;3,0167;2,5436
233;168,43;43342,0823;4425,2266;3952,7979;3675,4086;3389,3508;3046,9484;2955,93;4464,2345;3848,7769;3098,9589;2981,9353;3346,0088;4147,8373;5,139;3,9256;3,2547;2,9549;2,8264;2,9121;3,4403;5,1818;5,4816;5,6243;5,6814;5,71;6,1239;6,4237;6,4808;6,4665;6,3095;6,852;7,737;9,2787;9,7498;9,5785;8,465;7,1375;5,0822;3,8822;3,2187;2,9222;2,7952;2,8799;3,4022;5,1245;5,421;5,5622;5,6186;5,6469;6,0563;6,3527;6,4092;6,3951;6,2398;6,7762;7,6515;9,1761;9,642;9,4726;8,3715;7,0586;4,4935;3,5094;2,9403;2,7032;2,5965;2,6202;3,0589;4,3512;4,6476;4,6476;4,6595;4,6595;5,0389;5,3353;5,4064;5,359;5,11;5,2523;5,7739;7,173;7,9673;8,074;7,2204;5,9399;4,2819;3,3442;2,8019;2,5759;2,4742;2,4968;2,9148;4,1463;4,4288;4,4288;4,44;4,44;4,8016;5,084;5,1518;5,1066;4,8694;5,0049;5,502;6,8352;7,5921;7,6938;6,8804;5,6602;3,7251;2,9093;2,4376;2,241;2,1525;2,1722;2,5358;3,6072;3,8529;3,8529;3,8627;3,8627;4,1773;4,423;4,482;4,4426;4,2362;4,3542;4,7867;5,9465;6,605;6,6935;5,9858;4,9243;4,1284;3,3402;2,8377;2,6111;2,483;2,4337;2,6603;3,2712;3,6456;3,754;3,8526;3,8821;4,227;4,5324;4,6113;4,5324;4,3255;4,2861;4,4733;5,2813;5,9513;6,3257;5,9414;5,1335;6,0339;4,8819;4,1474;3,8162;3,629;3,557;3,8882;4,7811;5,3283;5,4867;5,6307;5,6739;6,1779;6,6243;6,7396;6,6243;6,3219;6,2643;6,5379;7,7188;8,6981;9,2453;8,6837;7,5028;5,2021;4,2088;3,5756;3,2901;3,1287;3,0666;3,3522;4,1219;4,5937;4,7303;4,8544;4,8917;5,3262;5,7111;5,8104;5,7111;5,4504;5,4007;5,6366;6,6547;7,4989;7,9707;7,4865;6,4684;4,3282;3,5018;2,975;2,7374;2,6031;2,5515;2,7891;3,4295;3,822;3,9357;4,039;4,07;4,4315;4,7517;4,8344;4,7517;4,5348;4,4935;4,6898;5,5368;6,2392;6,6318;6,2289;5,3819;3,6457;2,8473;2,3855;2,1932;2,1066;2,1258;2,4817;3,5302;3,7707;3,7707;3,7803;3,7803;4,0881;4,3286;4,3863;4,3479;4,1459;4,2613;4,6845;5,8196;6,4641;6,5506;5,8581;4,8192;4,2271;3,3014;2,766;2,543;2,4426;2,4649;2,8776;4,0933;4,3721;4,3721;4,3833;4,3833;4,7402;5,019;5,0859;5,0413;4,8071;4,9409;5,4317;6,7478;7,4951;7,5954;6,7924;5,5878;4,8168;3,6795;3,0507;2,7697;2,6493;2,7295;3,2246;4,857;5,138;5,2718;5,3253;5,352;5,7401;6,0211;6,0746;6,0612;5,914;6,4225;7,252;8,6971;9,1386;8,9781;7,9344;6,6901
234;168,43;23487,7949;2398,1039;2142,0869;1991,765;1836,7456;1651,192;1601,8676;2419,2429;2085,7162;1679,3773;1615,9603;1813,2578;2247,782;2,7849;2,1274;1,7638;1,6013;1,5317;1,5781;1,8643;2,8081;2,9706;3,0479;3,0789;3,0943;3,3187;3,4811;3,5121;3,5043;3,4192;3,7132;4,1928;5,0283;5,2836;5,1907;4,5873;3,8679;2,7541;2,1038;1,7443;1,5836;1,5148;1,5607;1,8437;2,7771;2,9377;3,0142;3,0448;3,0601;3,282;3,4426;3,4732;3,4656;3,3814;3,6721;4,1465;4,9727;5,2252;5,1334;4,5366;3,8252;2,4351;1,9018;1,5934;1,4649;1,4071;1,4199;1,6577;2,358;2,5186;2,5186;2,525;2,525;2,7306;2,8913;2,9298;2,9041;2,7692;2,8463;3,129;3,8872;4,3176;4,3755;3,9129;3,2189;2,3204;1,8123;1,5184;1,3959;1,3408;1,3531;1,5796;2,247;2,4;2,4;2,4061;2,4061;2,6021;2,7551;2,7919;2,7674;2,6388;2,7123;2,9817;3,7041;4,1143;4,1694;3,7286;3,0674;2,0187;1,5766;1,321;1,2144;1,1665;1,1771;1,3742;1,9548;2,088;2,088;2,0933;2,0933;2,2637;2,3969;2,4289;2,4075;2,2957;2,3596;2,594;3,2225;3,5794;3,6273;3,2438;2,6685;2,2373;1,8101;1,5378;1,415;1,3456;1,3189;1,4417;1,7727;1,9756;2,0344;2,0878;2,1038;2,2907;2,4562;2,4989;2,4562;2,3441;2,3227;2,4242;2,862;3,2251;3,428;3,2198;2,7819;3,2699;2,6456;2,2476;2,0681;1,9666;1,9276;2,1071;2,5909;2,8875;2,9733;3,0514;3,0748;3,3479;3,5898;3,6523;3,5898;3,426;3,3947;3,543;4,1829;4,7136;5,0102;4,7058;4,0659;2,8191;2,2808;1,9377;1,783;1,6955;1,6618;1,8166;2,2337;2,4894;2,5634;2,6307;2,6509;2,8864;3,0949;3,1488;3,0949;2,9536;2,9267;3,0546;3,6063;4,0638;4,3195;4,0571;3,5053;2,3455;1,8977;1,6122;1,4834;1,4107;1,3827;1,5114;1,8585;2,0712;2,1328;2,1888;2,2056;2,4015;2,575;2,6198;2,575;2,4575;2,4351;2,5415;3,0005;3,3811;3,5939;3,3755;2,9165;1,9756;1,543;1,2928;1,1885;1,1416;1,152;1,3449;1,9131;2,0434;2,0434;2,0486;2,0486;2,2154;2,3457;2,377;2,3562;2,2467;2,3093;2,5386;3,1537;3,503;3,5499;3,1746;2,6116;2,2907;1,7891;1,499;1,3781;1,3237;1,3358;1,5594;2,2182;2,3693;2,3693;2,3754;2,3754;2,5688;2,7199;2,7562;2,732;2,605;2,6776;2,9435;3,6567;4,0617;4,1161;3,6809;3,0281;2,6103;1,994;1,6532;1,5009;1,4357;1,4792;1,7475;2,6321;2,7843;2,8569;2,8859;2,9004;3,1106;3,2629;3,2919;3,2847;3,2049;3,4804;3,93;4,7131;4,9524;4,8654;4,2998;3,6255
235;172,33;7083,9423;723,2705;646,0555;600,7183;553,9643;498,0011;483,1249;729,6461;629,0541;506,5019;487,3752;546,8803;677,9333;0,8399;0,6416;0,532;0,483;0,462;0,476;0,5623;0,8469;0,8959;0,9193;0,9286;0,9333;1,0009;1,0499;1,0592;1,0569;1,0312;1,1199;1,2646;1,5165;1,5935;1,5655;1,3835;1,1666;0,8306;0,6345;0,5261;0,4776;0,4569;0,4707;0,5561;0,8376;0,886;0,9091;0,9183;0,9229;0,9898;1,0383;1,0475;1,0452;1,0198;1,1075;1,2506;1,4998;1,5759;1,5482;1,3683;1,1537;0,7344;0,5736;0,4806;0,4418;0,4244;0,4283;0,5;0,7112;0,7596;0,7596;0,7616;0,7616;0,8236;0,872;0,8836;0,8759;0,8352;0,8584;0,9437;1,1724;1,3022;1,3196;1,1801;0,9708;0,6998;0,5466;0,4579;0,421;0,4044;0,4081;0,4764;0,6777;0,7238;0,7238;0,7257;0,7257;0,7848;0,8309;0,842;0,8346;0,7959;0,818;0,8993;1,1172;1,2409;1,2575;1,1245;0,9251;0,6088;0,4755;0,3984;0,3663;0,3518;0,355;0,4145;0,5896;0,6297;0,6297;0,6313;0,6313;0,6827;0,7229;0,7325;0,7261;0,6924;0,7117;0,7823;0,9719;1,0795;1,094;0,9783;0,8048;0,6748;0,5459;0,4638;0,4268;0,4058;0,3978;0,4348;0,5347;0,5959;0,6136;0,6297;0,6345;0,6909;0,7408;0,7537;0,7408;0,707;0,7005;0,7311;0,8632;0,9727;1,0339;0,9711;0,839;0,9862;0,7979;0,6779;0,6237;0,5931;0,5814;0,6355;0,7814;0,8709;0,8968;0,9203;0,9274;1,0097;1,0827;1,1015;1,0827;1,0333;1,0239;1,0686;1,2616;1,4216;1,5111;1,4193;1,2263;0,8502;0,6879;0,5844;0,5377;0,5114;0,5012;0,5479;0,6737;0,7508;0,7731;0,7934;0,7995;0,8705;0,9334;0,9497;0,9334;0,8908;0,8827;0,9213;1,0877;1,2256;1,3028;1,2236;1,0572;0,7074;0,5723;0,4862;0,4474;0,4255;0,417;0,4559;0,5605;0,6247;0,6433;0,6601;0,6652;0,7243;0,7766;0,7901;0,7766;0,7412;0,7344;0,7665;0,905;1,0198;1,0839;1,0181;0,8796;0,5959;0,4654;0,3899;0,3585;0,3443;0,3475;0,4056;0,577;0,6163;0,6163;0,6179;0,6179;0,6682;0,7075;0,7169;0,7106;0,6776;0,6965;0,7657;0,9512;1,0565;1,0707;0,9575;0,7877;0,6909;0,5396;0,4521;0,4156;0,3992;0,4029;0,4703;0,669;0,7146;0,7146;0,7164;0,7164;0,7747;0,8203;0,8313;0,824;0,7857;0,8076;0,8878;1,1029;1,225;1,2414;1,1102;0,9133;0,7873;0,6014;0,4986;0,4527;0,433;0,4461;0,527;0,7938;0,8398;0,8616;0,8704;0,8748;0,9382;0,9841;0,9928;0,9907;0,9666;1,0497;1,1853;1,4215;1,4936;1,4674;1,2968;1,0934
236;173,59;20196,3933;2062,0518;1841,9111;1712,6542;1579,358;1419,8064;1377,394;2080,2285;1793,4397;1444,0421;1389,5119;1559,1616;1932,7948;2,3946;1,8292;1,5166;1,3769;1,3171;1,357;1,6031;2,4146;2,5543;2,6208;2,6474;2,6607;2,8536;2,9933;3,0199;3,0133;2,9401;3,1929;3,6053;4,3237;4,5432;4,4633;3,9445;3,3259;2,3682;1,809;1,4998;1,3617;1,3025;1,342;1,5854;2,3879;2,526;2,5918;2,6181;2,6313;2,8221;2,9602;2,9865;2,9799;2,9076;3,1576;3,5654;4,2759;4,4929;4,414;3,9009;3,2891;2,0939;1,6353;1,3701;1,2596;1,2099;1,221;1,4254;2,0276;2,1657;2,1657;2,1712;2,1712;2,348;2,4861;2,5193;2,4972;2,3811;2,4474;2,6905;3,3424;3,7126;3,7623;3,3645;2,7679;1,9953;1,5583;1,3056;1,2003;1,1529;1,1635;1,3582;1,9321;2,0637;2,0637;2,069;2,069;2,2374;2,369;2,4006;2,3796;2,269;2,3322;2,5638;3,185;3,5378;3,5851;3,2061;2,6375;1,7358;1,3557;1,1358;1,0442;1,003;1,0122;1,1816;1,6809;1,7954;1,7954;1,7999;1,7999;1,9465;2,061;2,0885;2,0702;1,974;2,0289;2,2305;2,7709;3,0778;3,119;2,7892;2,2946;1,9238;1,5565;1,3223;1,2167;1,157;1,1341;1,2397;1,5243;1,6988;1,7493;1,7952;1,809;1,9697;2,112;2,1487;2,112;2,0156;1,9972;2,0845;2,4609;2,7732;2,9476;2,7686;2,3921;2,8117;2,2748;1,9326;1,7783;1,691;1,6575;1,8118;2,2279;2,4829;2,5567;2,6238;2,6439;2,8788;3,0868;3,1405;3,0868;2,9459;2,919;3,0465;3,5968;4,0531;4,3081;4,0464;3,4961;2,424;1,9612;1,6662;1,5331;1,4579;1,429;1,562;1,9207;2,1406;2,2042;2,262;2,2794;2,4819;2,6612;2,7075;2,6612;2,5397;2,5166;2,6265;3,1009;3,4943;3,7142;3,4885;3,0141;2,0168;1,6318;1,3863;1,2756;1,213;1,1889;1,2996;1,5981;1,781;1,8339;1,8821;1,8965;2,065;2,2142;2,2527;2,2142;2,1131;2,0939;2,1853;2,58;2,9073;3,0903;2,9025;2,5078;1,6988;1,3268;1,1116;1,022;0,9816;0,9906;1,1564;1,645;1,7571;1,7571;1,7615;1,7615;1,905;2,017;2,0439;2,026;1,9319;1,9857;2,1829;2,7118;3,0121;3,0524;2,7297;2,2456;1,9697;1,5384;1,2889;1,185;1,1382;1,1486;1,3409;1,9074;2,0373;2,0373;2,0425;2,0425;2,2088;2,3387;2,3699;2,3491;2,24;2,3024;2,531;3,1443;3,4925;3,5393;3,1651;2,6038;2,2445;1,7146;1,4215;1,2906;1,2345;1,2719;1,5026;2,2632;2,3942;2,4565;2,4815;2,4939;2,6747;2,8057;2,8306;2,8244;2,7558;2,9927;3,3793;4,0526;4,2584;4,1836;3,6972;3,1174
237;172,33;28379,7374;2897,5712;2588,232;2406,6017;2219,2955;1995,0955;1935,4981;2923,113;2520,1207;2029,1512;1952,5259;2190,9157;2715,9409;3,3649;2,5704;2,1311;1,9348;1,8507;1,9068;2,2526;3,393;3,5892;3,6827;3,7201;3,7388;4,0099;4,2062;4,2435;4,2342;4,1314;4,4866;5,0661;6,0756;6,384;6,2718;5,5428;4,6735;3,3277;2,542;2,1076;1,9134;1,8302;1,8857;2,2277;3,3555;3,5496;3,642;3,679;3,6975;3,9655;4,1597;4,1966;4,1874;4,0857;4,437;5,0101;6,0084;6,3134;6,2025;5,4815;4,6218;2,9423;2,2979;1,9253;1,77;1,7001;1,7157;2,0029;2,8491;3,0432;3,0432;3,0509;3,0509;3,2994;3,4935;3,54;3,509;3,346;3,4391;3,7807;4,6968;5,2169;5,2868;4,7278;3,8894;2,8037;2,1897;1,8346;1,6867;1,6201;1,6349;1,9086;2,7149;2,8999;2,8999;2,9073;2,9073;3,144;3,3289;3,3733;3,3437;3,1884;3,2772;3,6027;4,4756;4,9712;5,0378;4,5052;3,7062;2,4392;1,905;1,5961;1,4674;1,4094;1,4223;1,6604;2,3619;2,5228;2,5228;2,5293;2,5293;2,7352;2,8961;2,9347;2,909;2,7738;2,8511;3,1342;3,8937;4,3249;4,3828;3,9194;3,2243;2,7032;2,1871;1,8581;1,7097;1,6258;1,5936;1,7419;2,142;2,3871;2,4581;2,5226;2,542;2,7678;2,9678;3,0194;2,9678;2,8323;2,8065;2,9291;3,4581;3,8968;4,142;3,8904;3,3613;3,9509;3,1966;2,7157;2,4988;2,3762;2,3291;2,5459;3,1306;3,4889;3,5926;3,6869;3,7152;4,0452;4,3375;4,413;4,3375;4,1395;4,1018;4,2809;5,0542;5,6954;6,0537;5,6859;4,9127;3,4062;2,7559;2,3413;2,1543;2,0486;2,008;2,1949;2,699;3,0079;3,0973;3,1786;3,203;3,4875;3,7395;3,8046;3,7395;3,5688;3,5363;3,6908;4,3574;4,9102;5,2191;4,902;4,2354;2,834;2,2929;1,948;1,7924;1,7045;1,6707;1,8262;2,2456;2,5026;2,577;2,6447;2,665;2,9017;3,1114;3,1655;3,1114;2,9693;2,9423;3,0708;3,6254;4,0854;4,3424;4,0786;3,524;2,3871;1,8643;1,562;1,4361;1,3794;1,392;1,625;2,3115;2,469;2,469;2,4753;2,4753;2,6769;2,8343;2,8721;2,8469;2,7146;2,7902;3,0674;3,8106;4,2326;4,2893;3,8358;3,1555;2,7679;2,1617;1,8112;1,6651;1,5994;1,614;1,8842;2,6802;2,8628;2,8628;2,8701;2,8701;3,1038;3,2864;3,3302;3,301;3,1476;3,2353;3,5566;4,4183;4,9077;4,9734;4,4476;3,6588;3,154;2,4093;1,9975;1,8135;1,7347;1,7873;2,1114;3,1803;3,3643;3,4519;3,4869;3,5044;3,7585;3,9425;3,9775;3,9688;3,8724;4,2053;4,7485;5,6947;5,9838;5,8787;5,1953;4,3805
238;168,43;24364,6078;2487,6265;2222,0522;2066,1187;1905,3123;1712,8319;1661,6663;2509,5546;2163,5772;1742,0695;1676,285;1880,9477;2331,693;2,8889;2,2068;1,8296;1,6611;1,5889;1,637;1,9339;2,9129;3,0814;3,1617;3,1938;3,2098;3,4426;3,6111;3,6432;3,6351;3,5469;3,8518;4,3493;5,216;5,4808;5,3845;4,7586;4,0123;2,8569;2,1824;1,8094;1,6427;1,5713;1,6189;1,9126;2,8807;3,0474;3,1267;3,1585;3,1744;3,4045;3,5712;3,6029;3,595;3,5077;3,8092;4,3013;5,1583;5,4202;5,325;4,706;3,968;2,526;1,9728;1,6529;1,5196;1,4596;1,4729;1,7195;2,446;2,6126;2,6126;2,6193;2,6193;2,8326;2,9992;3,0392;3,0125;2,8726;2,9526;3,2458;4,0323;4,4788;4,5388;4,0589;3,3391;2,407;1,8799;1,5751;1,448;1,3909;1,4036;1,6386;2,3308;2,4896;2,4896;2,496;2,496;2,6992;2,858;2,8961;2,8707;2,7373;2,8135;3,093;3,8424;4,2679;4,3251;3,8678;3,1819;2,0941;1,6355;1,3703;1,2598;1,21;1,2211;1,4255;2,0278;2,1659;2,1659;2,1714;2,1714;2,3482;2,4864;2,5195;2,4974;2,3814;2,4477;2,6908;3,3428;3,713;3,7627;3,3649;2,7682;2,3208;1,8777;1,5952;1,4678;1,3958;1,3681;1,4955;1,8389;2,0494;2,1103;2,1657;2,1823;2,3762;2,5479;2,5922;2,5479;2,4316;2,4094;2,5147;2,9688;3,3455;3,556;3,3399;2,8858;3,3919;2,7443;2,3315;2,1453;2,04;1,9995;2,1857;2,6877;2,9953;3,0843;3,1653;3,1896;3,4729;3,7239;3,7886;3,7239;3,5539;3,5215;3,6753;4,3391;4,8896;5,1972;4,8815;4,2177;2,9243;2,366;2,01;1,8495;1,7588;1,7239;1,8844;2,3171;2,5823;2,6591;2,7289;2,7498;2,9941;3,2105;3,2663;3,2105;3,0639;3,036;3,1686;3,7409;4,2155;4,4807;4,2085;3,6362;2,4331;1,9685;1,6724;1,5388;1,4633;1,4343;1,5679;1,9279;2,1486;2,2124;2,2705;2,2879;2,4912;2,6712;2,7176;2,6712;2,5492;2,526;2,6363;3,1125;3,5074;3,728;3,5016;3,0254;2,0494;1,6006;1,341;1,2329;1,1842;1,195;1,3951;1,9845;2,1197;2,1197;2,1251;2,1251;2,2981;2,4333;2,4658;2,4441;2,3306;2,3955;2,6334;3,2715;3,6338;3,6824;3,2931;2,7091;2,3763;1,8559;1,5549;1,4295;1,3731;1,3856;1,6176;2,301;2,4578;2,4578;2,464;2,464;2,6647;2,8214;2,859;2,834;2,7023;2,7775;3,0534;3,7932;4,2133;4,2698;3,8183;3,1412;2,7078;2,0684;1,7149;1,557;1,4893;1,5344;1,8127;2,7303;2,8883;2,9635;2,9936;3,0086;3,2268;3,3847;3,4148;3,4073;3,3245;3,6104;4,0767;4,889;5,1372;5,047;4,4603;3,7608
239;173,59;26733,076;2729,4471;2438,0565;2266,9648;2090,5265;1879,3352;1823,1958;2753,5068;2373,8972;1911,4149;1839,2356;2063,7935;2558,3554;3,1697;2,4213;2,0075;1,8226;1,7433;1,7962;2,1219;3,1961;3,381;3,469;3,5043;3,5219;3,7772;3,9621;3,9973;3,9885;3,8917;4,2262;4,7721;5,723;6,0136;5,9079;5,2212;4,4023;3,1346;2,3945;1,9853;1,8024;1,7241;1,7763;2,0985;3,1608;3,3436;3,4307;3,4655;3,4829;3,7355;3,9183;3,9531;3,9444;3,8486;4,1795;4,7194;5,6598;5,9471;5,8426;5,1635;4,3537;2,7715;2,1646;1,8136;1,6673;1,6015;1,6161;1,8867;2,6838;2,8666;2,8666;2,8739;2,8739;3,1079;3,2908;3,3346;3,3054;3,1518;3,2396;3,5613;4,4242;4,9142;4,98;4,4535;3,6637;2,641;2,0627;1,7282;1,5888;1,5261;1,54;1,7979;2,5574;2,7316;2,7316;2,7386;2,7386;2,9616;3,1358;3,1776;3,1497;3,0034;3,087;3,3936;4,2159;4,6828;4,7455;4,2438;3,4912;2,2976;1,7945;1,5035;1,3822;1,3277;1,3398;1,5641;2,2249;2,3764;2,3764;2,3825;2,3825;2,5765;2,7281;2,7644;2,7402;2,6129;2,6856;2,9524;3,6677;4,0739;4,1285;3,692;3,0372;2,5464;2,0602;1,7503;1,6105;1,5315;1,5011;1,6409;2,0177;2,2486;2,3155;2,3762;2,3945;2,6072;2,7956;2,8442;2,7956;2,6679;2,6436;2,7591;3,2574;3,6707;3,9016;3,6646;3,1663;3,7217;3,0111;2,5581;2,3538;2,2383;2,1939;2,3982;2,9489;3,2864;3,3841;3,473;3,4996;3,8105;4,0858;4,1569;4,0858;3,8993;3,8638;4,0326;4,7609;5,3649;5,7024;5,356;4,6277;3,2086;2,596;2,2054;2,0293;1,9297;1,8915;2,0676;2,5424;2,8334;2,9176;2,9942;3,0171;3,2852;3,5226;3,5838;3,5226;3,3617;3,3311;3,4766;4,1045;4,6253;4,9163;4,6176;3,9897;2,6696;2,1599;1,835;1,6884;1,6056;1,5737;1,7203;2,1153;2,3574;2,4275;2,4912;2,5103;2,7333;2,9308;2,9818;2,9308;2,797;2,7716;2,8926;3,4151;3,8483;4,0904;3,8419;3,3195;2,2486;1,7562;1,4714;1,3527;1,2993;1,3112;1,5307;2,1774;2,3257;2,3257;2,3317;2,3317;2,5215;2,6699;2,7055;2,6817;2,5571;2,6283;2,8894;3,5895;3,987;4,0404;3,6132;2,9724;2,6073;2,0363;1,7061;1,5685;1,5066;1,5203;1,7749;2,5247;2,6967;2,6967;2,7036;2,7036;2,9237;3,0957;3,137;3,1094;2,965;3,0475;3,3502;4,162;4,6229;4,6848;4,1895;3,4465;2,971;2,2695;1,8816;1,7083;1,634;1,6836;1,9889;2,9958;3,1691;3,2516;3,2846;3,3011;3,5404;3,7137;3,7468;3,7385;3,6477;3,9613;4,473;5,3643;5,6366;5,5376;4,8939;4,1264
240;173,59;28496,6925;2909,5123;2598,8984;2416,5195;2228,4414;2003,3175;1943,4744;2935,1593;2530,5063;2037,5135;1960,5724;2199,9447;2727,1335;3,3788;2,581;2,1399;1,9428;1,8583;1,9146;2,2619;3,4069;3,604;3,6979;3,7354;3,7542;4,0264;4,2235;4,261;4,2516;4,1484;4,5051;5,087;6,1006;6,4103;6,2977;5,5656;4,6928;3,3414;2,5525;2,1162;1,9213;1,8378;1,8935;2,2369;3,3693;3,5642;3,657;3,6941;3,7127;3,9819;4,1768;4,2139;4,2046;4,1025;4,4553;5,0307;6,0332;6,3395;6,2281;5,5041;4,6409;2,9544;2,3074;1,9332;1,7773;1,7072;1,7227;2,0112;2,8608;3,0557;3,0557;3,0635;3,0635;3,313;3,5079;3,5546;3,5234;3,3597;3,4533;3,7963;4,7161;5,2384;5,3085;4,7473;3,9054;2,8153;2,1987;1,8422;1,6936;1,6268;1,6416;1,9165;2,7261;2,9118;2,9118;2,9193;2,9193;3,157;3,3427;3,3872;3,3575;3,2015;3,2907;3,6175;4,494;4,9917;5,0586;4,5237;3,7215;2,4492;1,9128;1,6027;1,4734;1,4152;1,4282;1,6673;2,3717;2,5332;2,5332;2,5397;2,5397;2,7465;2,908;2,9468;2,921;2,7853;2,8628;3,1471;3,9097;4,3427;4,4008;3,9355;3,2376;2,7144;2,1961;1,8657;1,7167;1,6325;1,6001;1,7491;2,1508;2,397;2,4682;2,533;2,5524;2,7792;2,98;3,0318;2,98;2,844;2,818;2,9411;3,4723;3,9129;4,159;3,9064;3,3752;3,9672;3,2097;2,7269;2,5091;2,386;2,3387;2,5564;3,1435;3,5033;3,6074;3,7021;3,7305;4,0619;4,3554;4,4311;4,3554;4,1566;4,1187;4,2986;5,075;5,7188;6,0786;5,7094;4,933;3,4203;2,7672;2,3509;2,1632;2,0571;2,0162;2,204;2,7101;3,0203;3,1101;3,1917;3,2162;3,5019;3,7549;3,8202;3,7549;3,5835;3,5509;3,706;4,3753;4,9304;5,2406;4,9222;4,2529;2,8457;2,3024;1,956;1,7998;1,7115;1,6776;1,8338;2,2548;2,5129;2,5876;2,6556;2,6759;2,9136;3,1242;3,1785;3,1242;2,9816;2,9544;3,0834;3,6404;4,1022;4,3603;4,0954;3,5385;2,397;1,872;1,5685;1,442;1,385;1,3977;1,6317;2,3211;2,4792;2,4792;2,4855;2,4855;2,6879;2,846;2,8839;2,8586;2,7258;2,8017;3,08;3,8263;4,25;4,3069;3,8516;3,1685;2,7793;2,1706;1,8186;1,672;1,606;1,6206;1,892;2,6913;2,8746;2,8746;2,8819;2,8819;3,1166;3,2999;3,3439;3,3146;3,1606;3,2486;3,5712;4,4366;4,9279;4,9939;4,4659;3,6739;3,167;2,4192;2,0058;1,821;1,7418;1,7946;2,1201;3,1934;3,3781;3,4661;3,5013;3,5189;3,774;3,9587;3,9939;3,9851;3,8884;4,2227;4,7681;5,7182;6,0085;5,9029;5,2167;4,3986
241;173,59;41848,0225;4272,6831;3816,5396;3548,7123;3272,5154;2941,916;2854,0351;4310,3463;3716,1044;2992,1336;2879,1439;3230,6673;4004,8558;4,9618;3,7903;3,1425;2,853;2,729;2,8117;3,3217;5,0032;5,2926;5,4304;5,4856;5,5131;5,9128;6,2023;6,2574;6,2436;6,092;6,6158;7,4703;8,9589;9,4137;9,2483;8,1732;6,8914;4,907;3,7484;3,1078;2,8215;2,6988;2,7806;3,285;4,9479;5,2341;5,3704;5,4249;5,4522;5,8475;6,1337;6,1882;6,1746;6,0247;6,5426;7,3877;8,8598;9,3096;9,1461;8,0829;6,8152;4,3386;3,3884;2,839;2,61;2,507;2,5299;2,9534;4,2012;4,4874;4,4874;4,4989;4,4989;4,8652;5,1514;5,22;5,1743;4,9339;5,0712;5,5749;6,9257;7,6927;7,7957;6,9715;5,7352;4,1343;3,2289;2,7053;2,4871;2,3889;2,4108;2,8144;4,0034;4,2761;4,2761;4,287;4,287;4,6361;4,9088;4,9742;4,9306;4,7015;4,8324;5,3124;6,5996;7,3304;7,4286;6,6432;5,4651;3,5967;2,8091;2,3535;2,1637;2,0783;2,0973;2,4484;3,4828;3,7201;3,7201;3,7296;3,7296;4,0333;4,2705;4,3275;4,2895;4,0902;4,2041;4,6217;5,7415;6,3773;6,4627;5,7794;4,7545;3,9861;3,2251;2,7399;2,5211;2,3974;2,3498;2,5686;3,1585;3,52;3,6246;3,7198;3,7483;4,0813;4,3762;4,4523;4,3762;4,1764;4,1384;4,3191;5,0992;5,7461;6,1076;5,7366;4,9565;5,8259;4,7136;4,0045;3,6847;3,5039;3,4344;3,7542;4,6162;5,1446;5,2976;5,4366;5,4783;5,965;6,396;6,5072;6,396;6,104;6,0484;6,3126;7,4527;8,3982;8,9266;8,3843;7,2442;5,0227;4,0637;3,4524;3,1767;3,0208;2,9609;3,2366;3,9798;4,4354;4,5672;4,6871;4,723;5,1426;5,5142;5,6101;5,5142;5,2625;5,2145;5,4423;6,4253;7,2404;7,6959;7,2284;6,2455;4,179;3,3811;2,8724;2,6431;2,5134;2,4635;2,6929;3,3113;3,6903;3,8;3,8997;3,9297;4,2788;4,5879;4,6677;4,5879;4,3785;4,3386;4,5281;5,3459;6,0242;6,4032;6,0142;5,1963;3,52;2,7491;2,3033;2,1176;2,034;2,0526;2,3962;3,4085;3,6407;3,6407;3,65;3,65;3,9472;4,1794;4,2351;4,198;4,0029;4,1144;4,523;5,619;6,2412;6,3248;5,6561;4,6531;4,0814;3,1876;2,6707;2,4553;2,3584;2,3799;2,7784;3,9522;4,2214;4,2214;4,2322;4,2322;4,5768;4,846;4,9106;4,8675;4,6414;4,7706;5,2444;6,5152;7,2367;7,3336;6,5583;5,3952;4,6508;3,5527;2,9455;2,6742;2,5579;2,6355;3,1135;4,6896;4,9609;5,09;5,1417;5,1676;5,5422;5,8135;5,8652;5,8523;5,7101;6,2011;7,002;8,3973;8,8236;8,6686;7,6609;6,4594
242;168,43;13159,9955;1343,6355;1200,1916;1115,9676;1029,1116;925,1477;897,5117;1355,4795;1168,6076;940,9397;905,4077;1015,9517;1259,4116;1,5604;1,1919;0,9882;0,8972;0,8582;0,8842;1,0446;1,5734;1,6644;1,7077;1,7251;1,7337;1,8594;1,9504;1,9678;1,9634;1,9158;2,0805;2,3492;2,8173;2,9603;2,9083;2,5702;2,1672;1,5431;1,1788;0,9773;0,8873;0,8487;0,8744;1,033;1,556;1,646;1,6888;1,706;1,7146;1,8389;1,9289;1,946;1,9417;1,8946;2,0575;2,3232;2,7862;2,9276;2,8762;2,5418;2,1432;1,3644;1,0656;0,8928;0,8208;0,7884;0,7956;0,9288;1,3212;1,4112;1,4112;1,4148;1,4148;1,53;1,62;1,6416;1,6272;1,5516;1,5948;1,7531;2,1779;2,4191;2,4515;2,1923;1,8035;1,3001;1,0154;0,8507;0,7821;0,7513;0,7581;0,885;1,2589;1,3447;1,3447;1,3481;1,3481;1,4579;1,5437;1,5642;1,5505;1,4785;1,5197;1,6706;2,0754;2,3052;2,3361;2,0891;1,7186;1,1311;0,8834;0,7401;0,6804;0,6536;0,6595;0,77;1,0953;1,1699;1,1699;1,1728;1,1728;1,2683;1,343;1,3609;1,3489;1,2863;1,3221;1,4534;1,8055;2,0055;2,0323;1,8175;1,4952;1,2535;1,0142;0,8616;0,7928;0,7539;0,739;0,8078;0,9932;1,1069;1,1398;1,1698;1,1787;1,2834;1,3762;1,4001;1,3762;1,3134;1,3014;1,3582;1,6036;1,807;1,9207;1,804;1,5587;1,8321;1,4823;1,2593;1,1587;1,1019;1,08;1,1806;1,4517;1,6178;1,6659;1,7097;1,7228;1,8758;2,0114;2,0463;2,0114;1,9195;1,902;1,9851;2,3437;2,641;2,8072;2,6366;2,2781;1,5795;1,2779;1,0857;0,999;0,95;0,9311;1,0178;1,2515;1,3948;1,4363;1,474;1,4853;1,6172;1,7341;1,7642;1,7341;1,6549;1,6398;1,7114;2,0206;2,2769;2,4201;2,2731;1,964;1,3142;1,0633;0,9033;0,8312;0,7904;0,7747;0,8468;1,0413;1,1605;1,195;1,2264;1,2358;1,3455;1,4428;1,4679;1,4428;1,3769;1,3644;1,424;1,6811;1,8944;2,0136;1,8913;1,6341;1,1069;0,8645;0,7243;0,6659;0,6396;0,6455;0,7535;1,0719;1,1449;1,1449;1,1478;1,1478;1,2413;1,3143;1,3318;1,3201;1,2588;1,2939;1,4224;1,767;1,9627;1,989;1,7787;1,4633;1,2835;1,0024;0,8399;0,7721;0,7416;0,7484;0,8737;1,2428;1,3275;1,3275;1,3309;1,3309;1,4393;1,5239;1,5442;1,5307;1,4596;1,5002;1,6492;2,0488;2,2757;2,3062;2,0624;1,6966;1,4625;1,1172;0,9263;0,841;0,8044;0,8288;0,9791;1,4747;1,56;1,6007;1,6169;1,625;1,7429;1,8282;1,8444;1,8404;1,7957;1,9501;2,2019;2,6407;2,7748;2,726;2,4091;2,0313
243;168,43;20650,6359;2108,4299;1883,338;1751,1739;1614,8797;1451,7397;1408,3734;2127,0155;1833,7765;1476,5205;1420,7637;1594,2291;1976,2659;2,4485;1,8704;1,5507;1,4079;1,3467;1,3875;1,6391;2,4689;2,6117;2,6797;2,707;2,7206;2,9178;3,0606;3,0878;3,081;3,0062;3,2647;3,6864;4,4209;4,6453;4,5637;4,0332;3,4007;2,4214;1,8497;1,5336;1,3923;1,3318;1,3721;1,621;2,4416;2,5829;2,6501;2,677;2,6905;2,8855;3,0268;3,0537;3,047;2,973;3,2286;3,6456;4,372;4,594;4,5133;3,9886;3,3631;2,141;1,6721;1,4009;1,288;1,2371;1,2484;1,4574;2,0732;2,2144;2,2144;2,22;2,22;2,4008;2,542;2,5759;2,5533;2,4347;2,5025;2,751;3,4176;3,7961;3,8469;3,4402;2,8301;2,0401;1,5933;1,335;1,2273;1,1789;1,1896;1,3888;1,9755;2,1101;2,1101;2,1155;2,1155;2,2877;2,4223;2,4546;2,4331;2,32;2,3846;2,6215;3,2567;3,6173;3,6658;3,2782;2,6968;1,7749;1,3862;1,1614;1,0677;1,0256;1,0349;1,2082;1,7187;1,8357;1,8357;1,8404;1,8404;1,9903;2,1074;2,1355;2,1167;2,0184;2,0746;2,2806;2,8332;3,147;3,1891;2,852;2,3462;1,967;1,5915;1,352;1,2441;1,183;1,1596;1,2675;1,5586;1,737;1,7886;1,8356;1,8497;2,014;2,1595;2,1971;2,1595;2,0609;2,0421;2,1313;2,5163;2,8355;3,0139;2,8308;2,4459;2,8749;2,326;1,9761;1,8183;1,7291;1,6948;1,8526;2,278;2,5387;2,6142;2,6828;2,7034;2,9435;3,1562;3,2111;3,1562;3,0121;2,9847;3,115;3,6777;4,1442;4,405;4,1374;3,5748;2,4786;2,0053;1,7036;1,5676;1,4907;1,4611;1,5972;1,9639;2,1887;2,2538;2,3129;2,3307;2,5377;2,7211;2,7684;2,7211;2,5969;2,5732;2,6856;3,1707;3,5729;3,7977;3,567;3,0819;2,0622;1,6685;1,4175;1,3043;1,2403;1,2157;1,3289;1,634;1,821;1,8752;1,9244;1,9392;2,1114;2,264;2,3034;2,264;2,1606;2,141;2,2345;2,638;2,9727;3,1598;2,9678;2,5642;1,737;1,3566;1,1366;1,0449;1,0037;1,0129;1,1824;1,682;1,7966;1,7966;1,8012;1,8012;1,9478;2,0624;2,0899;2,0716;1,9753;2,0303;2,232;2,7728;3,0798;3,1211;2,7911;2,2961;2,014;1,573;1,3179;1,2116;1,1638;1,1744;1,371;1,9503;2,0831;2,0831;2,0884;2,0884;2,2585;2,3913;2,4232;2,402;2,2904;2,3541;2,588;3,215;3,5711;3,6189;3,2363;2,6624;2,295;1,7531;1,4535;1,3196;1,2623;1,3005;1,5364;2,3141;2,448;2,5118;2,5373;2,55;2,7349;2,8688;2,8943;2,8879;2,8178;3,06;3,4553;4,1438;4,3542;4,2777;3,7804;3,1875
244;168,43;18687,8277;1908,0272;1704,3299;1584,7278;1461,3881;1313,7543;1274,5098;1924,8463;1659,4791;1336,1797;1285,7225;1442,7003;1788,4251;2,2158;1,6926;1,4033;1,2741;1,2187;1,2556;1,4833;2,2342;2,3635;2,425;2,4497;2,462;2,6405;2,7697;2,7943;2,7882;2,7205;2,9544;3,336;4,0007;4,2038;4,13;3,6499;3,0775;2,1913;1,6739;1,3878;1,26;1,2052;1,2417;1,4669;2,2095;2,3374;2,3982;2,4226;2,4348;2,6113;2,7391;2,7634;2,7574;2,6904;2,9217;3,2991;3,9565;4,1573;4,0843;3,6095;3,0434;1,9375;1,5132;1,2678;1,1655;1,1195;1,1298;1,3189;1,8761;2,0039;2,0039;2,009;2,009;2,1726;2,3004;2,3311;2,3106;2,2033;2,2646;2,4896;3,0928;3,4353;3,4813;3,1132;2,5611;1,8462;1,4419;1,2081;1,1107;1,0668;1,0766;1,2568;1,7878;1,9095;1,9095;1,9144;1,9144;2,0703;2,1921;2,2213;2,2018;2,0995;2,158;2,3723;2,9471;3,2735;3,3174;2,9666;2,4405;1,6062;1,2544;1,051;0,9662;0,9281;0,9366;1,0934;1,5553;1,6613;1,6613;1,6655;1,6655;1,8011;1,9071;1,9325;1,9155;1,8265;1,8774;2,0639;2,5639;2,8479;2,886;2,5809;2,1232;1,7801;1,4402;1,2235;1,1258;1,0706;1,0493;1,1471;1,4105;1,5719;1,6186;1,6611;1,6739;1,8225;1,9542;1,9882;1,9542;1,865;1,848;1,9288;2,2771;2,566;2,7275;2,5618;2,2134;2,6016;2,1049;1,7882;1,6454;1,5647;1,5337;1,6765;2,0614;2,2974;2,3657;2,4278;2,4464;2,6637;2,8562;2,9059;2,8562;2,7258;2,701;2,819;3,3281;3,7503;3,9863;3,7441;3,235;2,243;1,8147;1,5417;1,4186;1,349;1,3222;1,4454;1,7772;1,9807;2,0396;2,0931;2,1091;2,2965;2,4625;2,5053;2,4625;2,35;2,3286;2,4303;2,8693;3,2333;3,4367;3,228;2,789;1,8662;1,5099;1,2827;1,1803;1,1224;1,1001;1,2026;1,4787;1,648;1,6969;1,7415;1,7548;1,9107;2,0488;2,0844;2,0488;1,9553;1,9375;2,0221;2,3873;2,6902;2,8594;2,6857;2,3205;1,5719;1,2277;1,0286;0,9456;0,9083;0,9166;1,0701;1,5221;1,6258;1,6258;1,63;1,63;1,7627;1,8664;1,8913;1,8747;1,7876;1,8373;2,0198;2,5092;2,7871;2,8244;2,5258;2,0779;1,8226;1,4235;1,1926;1,0965;1,0532;1,0628;1,2407;1,7649;1,8851;1,8851;1,8899;1,8899;2,0438;2,1641;2,1929;2,1737;2,0727;2,1304;2,342;2,9094;3,2316;3,2749;2,9287;2,4093;2,0769;1,5865;1,3154;1,1942;1,1423;1,1769;1,3904;2,0942;2,2153;2,273;2,2961;2,3076;2,4749;2,5961;2,6192;2,6134;2,5499;2,7692;3,1269;3,7499;3,9403;3,8711;3,4211;2,8846
245;168,43;13277,4561;1355,6283;1210,904;1125,9283;1038,2971;933,4052;905,5225;1367,578;1179,0381;949,3381;913,489;1025,0196;1270,6525;1,5743;1,2026;0,997;0,9052;0,8659;0,8921;1,0539;1,5874;1,6792;1,723;1,7405;1,7492;1,876;1,9678;1,9853;1,981;1,9329;2,099;2,3702;2,8424;2,9868;2,9343;2,5932;2,1865;1,5569;1,1893;0,986;0,8952;0,8563;0,8822;1,0422;1,5699;1,6607;1,7039;1,7212;1,7299;1,8553;1,9461;1,9634;1,9591;1,9115;2,0758;2,344;2,811;2,9537;2,9018;2,5645;2,1623;1,3765;1,0751;0,9007;0,8281;0,7954;0,8027;0,9371;1,333;1,4238;1,4238;1,4274;1,4274;1,5436;1,6344;1,6562;1,6417;1,5654;1,609;1,7688;2,1974;2,4407;2,4734;2,2119;1,8196;1,3117;1,0245;0,8583;0,7891;0,758;0,7649;0,8929;1,2702;1,3567;1,3567;1,3602;1,3602;1,4709;1,5574;1,5782;1,5644;1,4917;1,5332;1,6855;2,0939;2,3258;2,3569;2,1077;1,734;1,1412;0,8913;0,7467;0,6865;0,6594;0,6654;0,7768;1,105;1,1803;1,1803;1,1833;1,1833;1,2797;1,3549;1,373;1,361;1,2977;1,3339;1,4663;1,8216;2,0234;2,0505;1,8337;1,5085;1,2647;1,0232;0,8693;0,7999;0,7606;0,7455;0,815;1,0021;1,1168;1,15;1,1802;1,1893;1,2949;1,3885;1,4126;1,3885;1,3251;1,313;1,3704;1,6179;1,8231;1,9378;1,8201;1,5726;1,8484;1,4955;1,2705;1,1691;1,1117;1,0897;1,1911;1,4646;1,6323;1,6808;1,7249;1,7381;1,8926;2,0293;2,0646;2,0293;1,9367;1,919;2,0028;2,3646;2,6646;2,8322;2,6602;2,2984;1,5936;1,2893;1,0954;1,0079;0,9584;0,9394;1,0269;1,2627;1,4072;1,4491;1,4871;1,4985;1,6316;1,7495;1,78;1,7495;1,6697;1,6545;1,7267;2,0386;2,2972;2,4417;2,2934;1,9815;1,3259;1,0728;0,9114;0,8386;0,7974;0,7816;0,8544;1,0506;1,1709;1,2057;1,2373;1,2468;1,3576;1,4557;1,481;1,4557;1,3892;1,3765;1,4367;1,6962;1,9113;2,0316;1,9082;1,6487;1,1168;0,8722;0,7308;0,6719;0,6453;0,6512;0,7603;1,0815;1,1551;1,1551;1,1581;1,1581;1,2524;1,326;1,3437;1,3319;1,27;1,3054;1,4351;1,7828;1,9802;2,0067;1,7946;1,4763;1,2949;1,0114;0,8473;0,779;0,7483;0,7551;0,8815;1,2539;1,3394;1,3394;1,3428;1,3428;1,4521;1,5375;1,558;1,5444;1,4726;1,5136;1,6639;2,0671;2,296;2,3268;2,0808;1,7118;1,4756;1,1272;0,9345;0,8485;0,8116;0,8362;0,9878;1,4879;1,574;1,615;1,6314;1,6396;1,7584;1,8445;1,8609;1,8568;1,8117;1,9675;2,2216;2,6643;2,7995;2,7503;2,4306;2,0494
246;173,59;42199,9957;4308,6196;3848,6396;3578,5596;3300,0397;2966,6597;2878,0397;4346,5996;3747,3596;3017,2997;2903,3597;3257,8397;4038,5396;5,0036;3,8222;3,1689;2,877;2,752;2,8353;3,3496;5,0453;5,3371;5,4761;5,5317;5,5595;5,9626;6,2544;6,31;6,2961;6,1433;6,6714;7,5331;9,0342;9,4929;9,3261;8,242;6,9494;4,9483;3,7799;3,1339;2,8452;2,7215;2,804;3,3126;4,9895;5,2781;5,4156;5,4706;5,4981;5,8967;6,1853;6,2403;6,2265;6,0754;6,5977;7,4499;8,9343;9,3879;9,223;8,1509;6,8726;4,3751;3,4169;2,8628;2,632;2,5281;2,5512;2,9783;4,2366;4,5251;4,5251;4,5367;4,5367;4,9061;5,1947;5,2639;5,2178;4,9754;5,1139;5,6218;6,984;7,7574;7,8613;7,0301;5,7834;4,1691;3,256;2,728;2,508;2,409;2,431;2,838;4,037;4,3121;4,3121;4,3231;4,3231;4,6751;4,9501;5,0161;4,9721;4,7411;4,8731;5,3571;6,6551;7,3921;7,4911;6,6991;5,5111;3,627;2,8327;2,3733;2,1819;2,0958;2,1149;2,469;3,5121;3,7514;3,7514;3,761;3,761;4,0672;4,3064;4,3639;4,3256;4,1246;4,2395;4,6605;5,7898;6,431;6,5171;5,8281;4,7945;4,0197;3,2522;2,7629;2,5423;2,4176;2,3696;2,5902;3,185;3,5496;3,6551;3,751;3,7798;4,1156;4,413;4,4897;4,413;4,2115;4,1732;4,3554;5,1421;5,7945;6,159;5,7849;4,9982;5,8749;4,7532;4,0381;3,7156;3,5334;3,4633;3,7857;4,6551;5,1879;5,3421;5,4823;5,5244;6,0151;6,4498;6,562;6,4498;6,1553;6,0993;6,3657;7,5154;8,4689;9,0017;8,4548;7,3051;5,065;4,0979;3,4814;3,2034;3,0462;2,9858;3,2638;4,0133;4,4727;4,6056;4,7265;4,7628;5,1859;5,5606;5,6573;5,5606;5,3067;5,2584;5,4881;6,4793;7,3013;7,7607;7,2892;6,298;4,2142;3,4095;2,8966;2,6653;2,5345;2,4842;2,7156;3,3391;3,7213;3,832;3,9325;3,9627;4,3147;4,6265;4,707;4,6265;4,4153;4,3751;4,5662;5,3909;6,0748;6,457;6,0648;5,24;3,5496;2,7722;2,3227;2,1354;2,0511;2,0698;2,4163;3,4372;3,6713;3,6713;3,6807;3,6807;3,9804;4,2146;4,2707;4,2333;4,0366;4,149;4,5611;5,6662;6,2937;6,378;5,7037;4,6922;4,1157;3,2144;2,6931;2,476;2,3782;2,3999;2,8017;3,9854;4,2569;4,2569;4,2678;4,2678;4,6153;4,8868;4,9519;4,9085;4,6804;4,8107;5,2886;6,57;7,2976;7,3953;6,6134;5,4406;4,6899;3,5826;2,9703;2,6967;2,5795;2,6576;3,1396;4,729;5,0026;5,1329;5,185;5,211;5,5888;5,8624;5,9145;5,9015;5,7582;6,2532;7,0609;8,4679;8,8978;8,7415;7,7253;6,5138
247;168,43;35918,4656;3667,2753;3275,7641;3045,8859;2808,824;2525,0681;2449,6394;3699,602;3189,5597;2568,1703;2471,1904;2772,9055;3437,3972;4,2588;3,2532;2,6972;2,4488;2,3423;2,4133;2,851;4,2943;4,5427;4,661;4,7083;4,732;5,075;5,3235;5,3708;5,359;5,2288;5,6784;6,4118;7,6894;8,0798;7,9379;7,0151;5,915;4,2117;3,2173;2,6674;2,4217;2,3164;2,3866;2,8195;4,2468;4,4925;4,6095;4,6563;4,6797;5,0189;5,2646;5,3114;5,2997;5,171;5,6156;6,3409;7,6045;7,9905;7,8501;6,9376;5,8496;3,7238;2,9083;2,4367;2,2402;2,1518;2,1714;2,535;3,6059;3,8516;3,8516;3,8614;3,8614;4,1758;4,4214;4,4804;4,4411;4,2348;4,3527;4,785;5,9444;6,6027;6,6911;5,9837;4,9225;3,5485;2,7714;2,322;2,1347;2,0504;2,0692;2,4156;3,4361;3,6702;3,6702;3,6796;3,6796;3,9792;4,2132;4,2694;4,232;4,0353;4,1477;4,5597;5,6645;6,2918;6,376;5,7019;4,6907;3,0871;2,411;2,0201;1,8571;1,7838;1,8001;2,1015;2,9894;3,193;3,193;3,2011;3,2011;3,4618;3,6654;3,7143;3,6817;3,5107;3,6084;3,9668;4,928;5,4737;5,547;4,9605;4,0808;3,4213;2,7681;2,3517;2,1638;2,0577;2,0169;2,2047;2,7109;3,0212;3,111;3,1927;3,2172;3,503;3,7561;3,8214;3,7561;3,5846;3,552;3,7071;4,3767;4,9319;5,2422;4,9238;4,2542;5,0004;4,0457;3,437;3,1626;3,0074;2,9477;3,2222;3,9622;4,4157;4,5469;4,6663;4,7021;5,1198;5,4897;5,5852;5,4897;5,2391;5,1914;5,4181;6,3967;7,2083;7,6618;7,1963;6,2177;4,3111;3,4879;2,9632;2,7266;2,5928;2,5414;2,778;3,4159;3,8069;3,9201;4,023;4,0538;4,4139;4,7329;4,8152;4,7329;4,5168;4,4757;4,6712;5,5149;6,2145;6,6055;6,2042;5,3605;3,5869;2,902;2,4654;2,2686;2,1573;2,1145;2,3114;2,8421;3,1674;3,2616;3,3472;3,3729;3,6725;3,9379;4,0063;3,9379;3,7581;3,7238;3,8865;4,5885;5,1706;5,4959;5,162;4,4601;3,0212;2,3596;1,977;1,8175;1,7458;1,7617;2,0567;2,9256;3,1249;3,1249;3,1328;3,1328;3,3879;3,5872;3,635;3,6032;3,4358;3,5314;3,8822;4,8228;5,3569;5,4286;4,8547;3,9938;3,5031;2,7359;2,2923;2,1074;2,0242;2,0427;2,3847;3,3922;3,6233;3,6233;3,6325;3,6325;3,9283;4,1594;4,2148;4,1778;3,9837;4,0947;4,5013;5,592;6,2113;6,2945;5,629;4,6308;3,9918;3,0493;2,5282;2,2953;2,1955;2,262;2,6723;4,0251;4,2579;4,3688;4,4132;4,4354;4,7569;4,9898;5,0341;5,023;4,9011;5,3224;6,0099;7,2074;7,5734;7,4403;6,5754;5,5442
248;168,43;32228,3725;3290,5168;2939,2276;2732,966;2520,2587;2265,6546;2197,975;3319,5224;2861,8795;2304,3286;2217,312;2488,0304;3084,2553;3,8212;2,919;2,4201;2,1972;2,1017;2,1654;2,5581;3,8531;4,076;4,1821;4,2246;4,2458;4,5537;4,7766;4,819;4,8084;4,6916;5,095;5,7531;6,8995;7,2498;7,1224;6,2944;5,3073;3,779;2,8867;2,3934;2,1729;2,0785;2,1414;2,5298;3,8105;4,0309;4,1359;4,1779;4,1989;4,5033;4,7238;4,7657;4,7553;4,6398;5,0387;5,6895;6,8232;7,1696;7,0436;6,2249;5,2486;3,3413;2,6095;2,1864;2,0101;1,9307;1,9483;2,2745;3,2355;3,4559;3,4559;3,4647;3,4647;3,7468;3,9672;4,0201;3,9848;3,7997;3,9055;4,2934;5,3337;5,9244;6,0037;5,369;4,4168;3,1839;2,4867;2,0834;1,9154;1,8398;1,8566;2,1674;3,0831;3,2931;3,2931;3,3015;3,3015;3,5704;3,7804;3,8308;3,7972;3,6208;3,7216;4,0912;5,0825;5,6454;5,721;5,1161;4,2088;2,7699;2,1633;1,8125;1,6664;1,6006;1,6152;1,8856;2,6822;2,865;2,865;2,8723;2,8723;3,1061;3,2889;3,3327;3,3035;3,15;3,2377;3,5593;4,4217;4,9114;4,9771;4,4509;3,6616;3,0698;2,4837;2,1101;1,9415;1,8463;1,8097;1,9782;2,4324;2,7108;2,7914;2,8647;2,8867;3,1431;3,3702;3,4288;3,3702;3,2164;3,1871;3,3263;3,927;4,4253;4,7037;4,4179;3,8171;4,4867;3,6301;3,0839;2,8377;2,6985;2,6449;2,8912;3,5551;3,962;4,0798;4,1869;4,219;4,5938;4,9257;5,0114;4,9257;4,7009;4,658;4,8615;5,7396;6,4677;6,8746;6,457;5,5789;3,8682;3,1296;2,6588;2,4464;2,3264;2,2803;2,4926;3,065;3,4158;3,5173;3,6097;3,6374;3,9605;4,2467;4,3205;4,2467;4,0528;4,0159;4,1913;4,9483;5,576;5,9269;5,5668;4,8098;3,2184;2,6039;2,2122;2,0355;1,9356;1,8972;2,0739;2,5501;2,842;2,9265;3,0033;3,0264;3,2952;3,5333;3,5948;3,5333;3,372;3,3413;3,4872;4,1171;4,6394;4,9313;4,6317;4,0019;2,7108;2,1172;1,7738;1,6308;1,5664;1,5807;1,8454;2,625;2,8038;2,8038;2,811;2,811;3,0399;3,2187;3,2616;3,233;3,0828;3,1686;3,4833;4,3273;4,8066;4,8709;4,3559;3,5835;3,1432;2,4549;2,0568;1,8909;1,8163;1,8328;2,1397;3,0437;3,251;3,251;3,2593;3,2593;3,5247;3,732;3,7818;3,7486;3,5745;3,674;4,0389;5,0175;5,5732;5,6478;5,0507;4,155;3,5817;2,736;2,2684;2,0595;1,9699;2,0296;2,3978;3,6116;3,8205;3,92;3,9598;3,9797;4,2682;4,4771;4,5169;4,507;4,3976;4,7756;5,3925;6,467;6,7953;6,6759;5,8999;4,9746
249;168,43;6049,6336;617,6676;551,7266;513,0089;473,0813;425,2892;412,585;623,1123;537,2075;432,5488;416,2148;467,0317;578,9499;0,7173;0,5479;0,4543;0,4124;0,3945;0,4065;0,4802;0,7233;0,7651;0,785;0,793;0,797;0,8548;0,8966;0,9046;0,9026;0,8807;0,9564;1,0799;1,2951;1,3609;1,337;1,1815;0,9962;0,7094;0,5419;0,4493;0,4079;0,3901;0,402;0,4749;0,7153;0,7567;0,7764;0,7842;0,7882;0,8453;0,8867;0,8946;0,8926;0,8709;0,9458;1,068;1,2808;1,3458;1,3222;1,1685;0,9852;0,6272;0,4898;0,4104;0,3773;0,3624;0,3657;0,427;0,6073;0,6487;0,6487;0,6504;0,6504;0,7033;0,7447;0,7546;0,748;0,7132;0,7331;0,8059;1,0012;1,1121;1,127;1,0078;0,8291;0,5977;0,4668;0,3911;0,3595;0,3453;0,3485;0,4068;0,5787;0,6182;0,6182;0,6197;0,6197;0,6702;0,7096;0,7191;0,7128;0,6797;0,6986;0,768;0,954;1,0597;1,0739;0,9604;0,79;0,52;0,4061;0,3402;0,3128;0,3004;0,3032;0,354;0,5035;0,5378;0,5378;0,5392;0,5392;0,5831;0,6174;0,6256;0,6201;0,5913;0,6078;0,6681;0,83;0,9219;0,9343;0,8355;0,6873;0,5762;0,4662;0,3961;0,3645;0,3466;0,3397;0,3713;0,4566;0,5089;0,524;0,5377;0,5419;0,59;0,6326;0,6436;0,6326;0,6037;0,5982;0,6244;0,7372;0,8307;0,8829;0,8293;0,7165;0,8422;0,6814;0,5789;0,5327;0,5065;0,4965;0,5427;0,6673;0,7437;0,7658;0,7859;0,792;0,8623;0,9246;0,9407;0,9246;0,8824;0,8744;0,9126;1,0774;1,2141;1,2904;1,2121;1,0472;0,7261;0,5875;0,4991;0,4592;0,4367;0,428;0,4679;0,5753;0,6412;0,6602;0,6776;0,6828;0,7434;0,7971;0,811;0,7971;0,7608;0,7538;0,7867;0,9288;1,0467;1,1125;1,045;0,9029;0,6041;0,4888;0,4152;0,3821;0,3633;0,3561;0,3893;0,4787;0,5335;0,5493;0,5638;0,5681;0,6185;0,6632;0,6748;0,6632;0,633;0,6272;0,6546;0,7728;0,8709;0,9257;0,8694;0,7512;0,5089;0,3974;0,333;0,3061;0,294;0,2967;0,3464;0,4927;0,5263;0,5263;0,5277;0,5277;0,5706;0,6042;0,6122;0,6069;0,5787;0,5948;0,6539;0,8123;0,9022;0,9143;0,8177;0,6727;0,59;0,4608;0,3861;0,3549;0,3409;0,344;0,4016;0,5713;0,6103;0,6103;0,6118;0,6118;0,6616;0,7005;0,7099;0,7037;0,671;0,6897;0,7581;0,9418;1,0462;1,0602;0,9481;0,7799;0,6723;0,5136;0,4258;0,3866;0,3698;0,381;0,4501;0,6779;0,7172;0,7358;0,7433;0,747;0,8012;0,8404;0,8479;0,846;0,8255;0,8964;1,0122;1,2139;1,2756;1,2531;1,1075;0,9338
